-0.0028468021481428078,0.013407795891245529,-0.0073650502645979405,0.015437761332856117,0.023319940394337234,-0.6928325719657604,0.7205559541967187,0.05406307219352578,0.2066958709288988,0.02765041413975614,-0.2930131927552215,-2.4174328933632244e-07,-0.07087403616274042,0.0952282929338809,0.049029072810936734,-0.202982824517321,-4.7253097241106575e-19,-0.023443335669663896,-4.0363016221581623e-19,-0.0050248342668559095,-0.023335846891385646,0.0062523558946231995,0.0023375802761590497
-0.00256902479445601,0.01694512844155608,-0.010107537723084254,0.01790954920557808,0.02635057049975008,-0.7007337277341459,0.7127111184045037,0.02451018089986913,0.2612718846305085,0.04755443792541497,-0.3576639748221895,-1.2087164467448559e-08,-0.044994971777161566,0.11945524739684632,0.05796171969011215,-0.27337455224453583,-4.7253097241106575e-19,-0.030869333652586817,0.003562259439556188,-0.0037710442914068226,-0.0315480600888462,0.0062216695447462455,0.0006633378114510584
-0.00204555604027595,0.020033419330339117,-0.012706885656722467,0.021061609438358102,0.02882709534179441,-0.708398892380192,0.704908800098664,0.00122550904499346,0.31819961423808135,0.06809286422817315,-0.4265178636836955,-6.043582203619458e-10,-0.017360463329912555,0.1438392827910052,0.06936148069644144,-0.34381882298621463,-4.7253097241106575e-19,-0.04013338734827013,0.011179922819784197,-0.001625719307132578,-0.04329773461587284,0.009348172753003366,-0.0005864925225022774
-0.0004521637344752454,0.02288344014934561,-0.01533585603169401,0.02513671770178436,0.029913112342522308,-0.7188944136988369,0.6940202973154098,6.127545224964871e-05,0.3736522607413959,0.08582647359690176,-0.5020149709750115,-3.021791431406569e-11,-0.0008680231664956357,0.16699720945547342,0.08261680117254087,-0.4124748063604955,-2.8708609052509066e-18,-0.04877624298779261,0.02241969843624254,0.0010863978873560938,-0.05767065127457497,0.016756931714525067,-0.0006307249185721862
-0.00013136319160820848,0.025620668508943924,-0.01769627320736428,0.027869312757069754,0.0317432890736732,-0.7319358790695436,0.6800628896917755,3.063772612478099e-06,0.422180190834683,0.09930351004318912,-0.5775983872934245,-1.510892964101746e-12,-4.340115832474089e-05,0.18755083324466704,0.0954976769968195,-0.47801420757339647,6.194839392749036e-19,-0.054426341357815676,0.034462175517151084,0.0031311930920715674,-0.07353114613227686,0.030193272059142254,0.0017865784310798112
0.00019289691830453334,0.02853630528320497,-0.019610435039384942,0.030470041041728152,0.033587786107795684,-0.7455845529229396,0.6648662359196716,1.5318863057222848e-07,0.46070374784230694,0.10689492726066359,-0.6489049815872205,-0.005798097720134606,-2.1700579162511216e-06,0.20389496269322444,0.10526934695113702,-0.5397437557203163,1.7091087227883584e-18,-0.055907093137981485,0.045609788539881915,0.004054209975158098,-0.09059375133964992,0.04903272184294256,0.006861471884687702
0.0004565239574975783,0.02858183193541409,-0.023471814772840122,0.02380655595369366,0.028174601524408895,-0.756692227999765,0.6527298919210884,7.659431494875298e-09,0.4807709088394429,0.1100522022221219,-0.7168665263437343,-0.015204960567075893,-1.0850289582891779e-07,0.22088286829547635,0.1164902787696123,-0.6024899841429002,-1.6014179743919404e-18,-0.08240624760562437,0.053637497893001464,0.003587857986765797,-0.10808239368221156,0.06839990874784614,0.010820045292754207
0.0004356285539319698,0.02894620528719163,-0.02758384746643234,0.014504329719329948,0.01957751033344729,-0.7648140788657966,0.6437901601276612,3.82971568083457e-10,0.4952752056512638,0.11269290678424862,-0.7826684104101255,-0.027104287905592356,-5.425144751399556e-09,0.23102824103950545,0.1285487782364683,-0.6587315815849952,1.6728817826777503e-18,-0.13512106563856968,0.054232847539147325,-0.000563724845861206,-0.12542238200653336,0.09188140531461071,0.015163613286960545
5.8054863404061175e-05,0.02906205342847879,-0.03166817749018981,0.002936020891415954,0.009255877658163793,-0.7718151250893746,0.6357728534574082,1.914857725197093e-11,0.5076214214359072,0.11603884723552443,-0.8454622078601198,-0.041459718108904114,-2.712572440915313e-10,0.2366006421966641,0.1426748282348267,-0.7062651920476063,1.6728817826777503e-18,-0.21325769398995956,0.04676524379613845,-0.009263859883375622,-0.1410644579320741,0.12275518483473641,0.020953231418438308
-0.00034109215331131604,0.02783185629333499,-0.035572008168293326,-0.008279292742347287,-0.001570001615158865,-0.7761029984636824,0.6305498586014401,9.575070822710908e-13,0.5231079161308928,0.12356648986781538,-0.9029575157508205,-0.05867608279139322,-1.3562841424112698e-11,0.2435893161199512,0.15871559550651396,-0.751543357840877,-2.543914902499908e-18,-0.3132704178742196,0.031069345477620296,-0.023899044217266706,-0.15397115671849235,0.1647683212088114,0.028742859527775
-0.0005504989197878335,0.01979343120216512,-0.04005713979701818,-0.02252959861460348,-0.01448649377312418,-0.7769159104282322,0.6290343605939958,2.3540285984455886e-15,0.5762233311309607,0.16129435364643382,-0.9974613118291291,-0.088418918764241,-3.39420988617442e-14,0.26782669151575067,0.19821457607872234,-0.8464675716757123,-4.71755768415316e-18,-0.5206014342258865,0.0005789904009523162,-0.06504276636910178,-0.16450284254552203,0.26302311505019615,0.036137500282125694
-0.0012706571093315383,0.004854857881951019,-0.044737513900252227,-0.038102980103059576,-0.025892303646662382,-0.7775241941791092,0.6271633590901668,-2.1672132582609644e-17,0.6638556142380146,0.2560911257237735,-1.1242694422188757,-0.13535674302056938,-2.4611441368544495e-17,0.3031763437434123,0.2974726965159624,-1.0058701938306636,-6.006643583578965e-19,-0.8345208662415324,3.618690007796397e-09,-0.17252906292993797,-0.1529770023989768,0.41138731581530996,-0.018557009659030135
-0.0010976716526261113,-0.0030827260966443076,-0.04607476360090527,-0.04865170160570317,-0.030504574744607157,-0.7810711342993315,0.6217960807329648,2.5925117869363914e-17,0.6447057010980666,0.4512696816631727,-1.2431062618400632,-0.24542567563323484,-6.873888151880863e-18,0.21056479723451335,0.6238339574765789,-1.202888371032379,5.031595785525742e-19,-1.2476189596326577,-2.521489121446996e-18,-0.49552794100660896,-0.13805471274449513,0.6164418157993066,-0.2854976405561959
1.7086245589991684e-05,-0.005630151415905802,-0.04563258731460805,-0.04963841672020916,-0.03400975170131095,-0.7824087031711301,0.6198515835075328,6.299754154040436e-18,0.5985914038120529,0.5933966965640053,-1.2999426149501399,-0.3448811911123487,-0.020502321844026502,0.02095747999265534,0.9766296880352145,-1.2444718952292806,1.617945913278304e-18,-1.5762024124348708,-3.4368147432475153e-18,-0.8130499078840725,-0.14577575494490366,0.7016365263826204,-0.5457310647639048
0.002995714317900135,-0.006273745123739191,-0.041715130958789856,-0.040743774498563735,-0.038317526229988436,-0.783671658789634,0.6186521181028372,-2.8801642889432314e-18,0.5338562558471812,0.7665626536621396,-1.301666570455576,-0.35,-0.016799624778179725,-0.14355284394584883,1.2256045522311054,-1.189135840753626,1.1587088745744707e-19,-1.9014310820452802,9.112904095851701e-18,-1.0851021003526824,-0.19442497202117992,0.702532882360367,-0.7766969499713926
-0.004002646004094251,-0.004569765968170207,-0.03492703128264828,-0.040227851360826405,-0.02732601778875908,-0.7835270388993404,0.6194516833783968,1.5861743762957304e-16,0.3777544720474916,0.9835609934511643,-1.2803449691821076,-0.35,-0.05553674672654699,-0.2454341459571091,1.3040477236629977,-1.083151041029176,-2.106797054920506e-19,-2.1531754736251663,4.430515805887651e-18,-1.1863856945475613,-0.2547637461481911,0.6895215436214298,-0.9515119809258225
-0.007791777313493958,-0.01000170438083795,-0.0316910806827279,-0.04429335669266833,-0.029197859299258104,-0.777931285437039,0.6261058206912881,0.058314350286367146,0.3284461217985625,0.9916694075451081,-1.2676214972401059,-0.35,-0.06044937854199182,-0.22534111599434054,1.3161383625746435,-1.0737988998928942,2.9211072774484e-20,-2.169328943548941,7.035690695705118e-19,-1.1704376370824103,-0.2530807394903117,0.6723580405013552,-0.9707276748528377
-0.008824288151463378,-0.014999010880047032,-0.029759699200819813,-0.045351780470649986,-0.035193095759658836,-0.7680204827178692,0.6378473172670739,0.13702469330878136,0.2511424696136537,0.99084610968921,-1.2342223800499166,-0.35,-0.04970000365463512,-0.1958938213741072,1.329418287296924,-1.0719415323341386,4.992725514893003e-19,-2.176794641730286,0.009433833618570153,-1.129189862322902,-0.2512937283178916,0.6449421327069276,-0.9936406625704097
-0.006071384369261211,-0.017988042352853614,-0.02917663624298977,-0.03879119101465448,-0.04216085135920972,-0.7566978539950563,0.6512496171757848,0.21737220515910247,0.16570012709637733,0.9895769664719369,-1.1775915945253663,-0.35,-0.018579076638984754,-0.1647821339829783,1.3407408706503616,-1.0773346290168124,-4.850093323347978e-19,-2.1724737974096437,0.03555529400300282,-1.0673304081745218,-0.25051932067732463,0.6140278683762799,-1.0179422072356146
-0.004604425328159231,-0.016801503157803994,-0.030148462846650504,-0.030389838132141245,-0.04234567732050639,-0.7400135331494562,0.6705693641274011,0.2720805186899107,0.0886602915315223,0.9883818110937498,-1.1151304676338587,-0.35,-0.0009289538319492349,-0.1447495556806245,1.3438502201069442,-1.0874049509090515,-4.850093323347978e-19,-2.1707550389705332,0.07235067772490414,-0.9918420759953862,-0.25213991270121683,0.588543220734031,-1.0400836826695656
-0.005659814027141133,-0.012287112359756373,-0.03195015465154528,-0.02141392234018054,-0.034132902635919234,-0.7232661172060153,0.689392857947766,0.29423558670696015,0.02572809857037779,0.9842299192068102,-1.0697255864629296,-0.35,-4.6447691597471916e-05,-0.13549611982844184,1.3391596609078513,-1.0946910426528942,4.7005997694828494e-05,-2.1909461329618027,0.11324217168933257,-0.9115664751959994,-0.2647887807686035,0.5741735190089943,-1.0593859786380222
-0.007152442529205733,-0.008083683031540875,-0.03214637161973257,-0.012270585066828214,-0.02364916501513533,-0.7110201410277145,0.7026667124527334,0.29594970255683006,-0.02189882421572896,0.9806277894940335,-1.0414831766088144,-0.35,-2.3223845798290175e-06,-0.1308765342562443,1.3316468347946735,-1.094263966829138,2.3502998847411743e-06,-2.232340321147143,0.14914566157774178,-0.8355889184347258,-0.2857303913546454,0.5685896459522038,-1.0784546311201726
-0.0063714854319193446,-0.00538361660577685,-0.028839681762267762,-0.003366909112342621,-0.016441446982299174,-0.7092657083762041,0.7047414402926493,0.3050084888674607,-0.059548417981280855,0.9821723777006032,-1.0373936340753154,-0.35,-1.1611922898824045e-07,-0.14634491512122078,1.3047765129289874,-1.0669963550412678,0.0002136111272829462,-2.287529894991236,0.17337095083099502,-0.7670971782003073,-0.31219796353404133,0.5732312642193439,-1.0964681822035978
-0.005821397826750642,0.011882996846733215,-0.02413790091261315,0.021435683282361524,0.0034551203726257314,-0.7104479416487081,0.70341473956162,0.30096640500611965,-0.26487149218275774,1.0754557295350395,-0.9094941362305942,-0.33137058280273135,-1.0179908148925992e-17,-0.2250580433335276,1.1460236306821998,-0.9315546887526098,8.27571164262998e-16,-2.532656206002834,0.04998137388759339,-0.397599818302895,-0.4576369258793168,0.6358063281350086,-1.2309741383017918
-0.004588422774419962,0.016513012350285423,-0.024435766305710496,0.02525322685287121,0.0007827182032820522,-0.7076206511445303,0.7061406913353185,0.3136861039483569,-0.2866791719385757,1.070552157335936,-0.9080120344921101,-0.3262517359116337,1.5487811421584303e-17,-0.2476416196817322,1.1310058689513358,-0.9285140701199356,4.235277653014332e-17,-2.5407349957515346,0.032003569684292674,-0.3810248562811833,-0.46114998564725523,0.6355525269461985,-1.2391729607672262
-0.004962987297178279,0.018474933251685418,-0.023581984934826637,0.03265327704723404,0.007624005183934045,-0.7144833483097869,0.6988484692914959,0.2993223290886132,-0.3320458321443929,1.0925775891335072,-0.8933185398166719,-0.3137960693449569,-6.7968862002008494e-18,-0.2553773299182482,1.1141313680190077,-0.913564140627505,-2.291718194586674e-19,-2.562246279158464,3.778273261728854e-05,-0.33174597656866756,-0.4794408947218758,0.6535443016834015,-1.2498052270588318
-0.005515608230029146,0.018008716202175243,-0.02397376784683293,0.03279133523113551,0.010697436485721001,-0.71590998664082,0.6973400778775971,0.29448225021506796,-0.3491721903094615,1.1126720687746068,-0.8885092994806447,-0.30697631918274293,-3.006367765213137e-17,-0.25030943143301154,1.1132735575107569,-0.9200722990872906,4.1902447088778695e-19,-2.54956728381783,9.445683154072498e-08,-0.3067538649812834,-0.48542034934836087,0.6599390235852461,-1.2564475313648158
-0.005598050219979418,0.01740190895063965,-0.02446087326212834,0.031198075535377415,0.011300983537649453,-0.7154296347211945,0.6978964146753212,0.29788557548463823,-0.3516075748486431,1.1237305406407812,-0.887780762784088,-0.30452818269147086,-1.259496802852665e-17,-0.24590891320651387,1.1178053615979784,-0.9274773388302862,1.0754104906355704e-18,-2.530126201918856,4.722841573592277e-09,-0.29407158493579555,-0.4955923792871302,0.6659776581402773,-1.255106530775567
-0.00559869136935972,0.01554158281306641,-0.025063068515012575,0.02750214123123388,0.008838319349633026,-0.7160074763101618,0.6974946667944659,0.2991775216068213,-0.3481742284605358,1.1365160171494568,-0.8888323457850769,-0.30213005742943255,-1.331611530494518e-19,-0.2348233451887143,1.128859991599309,-0.9369422962914755,4.12163690541855e-19,-2.4909346053631167,2.361420825725877e-10,-0.277154835568844,-0.5164939402444974,0.6769525965885433,-1.246401341475984
-0.005445578941911612,0.012784647399123633,-0.02619852419891742,0.021492729348099912,0.0037498020801263227,-0.7183831098272668,0.6953054789690881,0.2998225342177931,-0.34305869008277845,1.1490822577289659,-0.8934790895409606,-0.2981637386459147,-1.0433407721899184e-17,-0.2188003215784986,1.1427573282254437,-0.9530251430345994,1.7469251220069787e-18,-2.427444566818634,0.0049211371880761075,-0.25336783833090815,-0.550106986694494,0.693349287097799,-1.2283022780745319
-0.005579586616138724,0.009502541170531339,-0.027695812774119866,0.012393860327881801,-0.0023830233448092555,-0.7207244956861788,0.6931067123782695,0.30011292422011715,-0.33496651003827294,1.1631576219530402,-0.8999949003052388,-0.2926950865503391,-4.158206388334079e-18,-0.1990225947746635,1.1575351149636677,-0.9752027999499245,4.220627297029268e-19,-2.3305368846555075,0.027951771490532795,-0.22368921527438396,-0.590236943131439,0.7192827354057724,-1.1970595900892393
-0.006634976565173135,0.0016848293921128527,-0.030179684701274093,-0.002502879564188676,-0.007312918064609347,-0.7223760017961715,0.6914572791230446,0.29718439894677573,-0.30587449604913336,1.2146643200241867,-0.9300278503776135,-0.26911587874976733,-1.2426089223356995e-17,-0.14309070370569132,1.1984374637776092,-1.0437769912934414,5.00924719337065e-19,-2.0040209448069466,0.11119381750295024,-0.14630823300064114,-0.6844191961445415,0.7918570968887843,-1.0914686764356991
-0.007273133612813337,-0.004417441454666311,-0.03279412316042772,-0.01211304499659837,-0.006284170495224966,-0.7327196717645743,0.6803937580190682,0.29115933607183336,-0.3004170433305946,1.2697671571941804,-0.9612749373191432,-0.24735665704608747,-4.778424693878342e-19,-0.08613886058358419,1.2326810965273227,-1.114637406760467,5.00924719337065e-19,-1.711545756369857,0.21780512432899551,-0.08063327870489577,-0.7596651777722015,0.8647911457174329,-0.9787171609036093
-0.00817117587913221,-0.0028923662498911047,-0.03489825538920193,-0.013302058856641584,-0.002460674332114273,-0.7329591061800429,0.6801381837389786,0.28624241676191875,-0.3199787517471299,1.3068269789706455,-0.983423722315876,-0.23833369306759816,2.0090462637507916e-18,-0.08322747045132818,1.2456375554482484,-1.1590949619522117,5.00924719337065e-19,-1.493245048895937,0.32442697039519075,-0.03592402074149101,-0.8052143655181908,0.9232313218455549,-0.8892980108467662
-0.008597887460877019,0.003579853493948468,-0.036341628597488504,-0.008998947439433946,0.003671144862369021,-0.730589830494961,0.682747421245752,0.28843271115621893,-0.3534253458061225,1.3190596991090293,-0.9940930928818278,-0.23961968745947268,-0.005219131374600377,-0.11438253845661403,1.2457860494252193,-1.185952091383887,5.00924719337065e-19,-1.3697534316773814,0.397935824939169,-0.011854040326993553,-0.8310922610992337,0.966258096657774,-0.8311692959776054
-0.017972677153855948,0.016212996272662605,-0.039019726093233516,-0.008692537163164456,0.030073750646115355,-0.736731522529809,0.6754603415676237,0.24207823701280742,-0.6088728653041853,1.6843986767039862,-1.0616876971969502,-0.30375064024247234,-0.06303737317673484,-0.25053907862560215,1.3963390494599648,-1.2549558304624757,-1.1409427929695738e-19,-0.9712367429546456,0.6674415620408726,-0.023117615675639955,-0.9506521107076873,1.0503581904353012,-0.49930182224945496
-0.025163866910752255,0.025349431888992704,-0.039728417414018384,-0.01003308893340577,0.050926938090026706,-0.7457649123846565,0.6641840705400377,0.21621888126608718,-0.7884380531612349,2.0511116005317755,-1.1553211934783365,-0.3492619900149018,-0.11349163948741439,-0.3462306719831827,1.5051456455729169,-1.2799790717451782,-4.49659262019974e-21,-0.84915834637818,0.7503911829134633,-0.03476344748021956,-0.9878780596127893,1.0799349075543507,-0.31559259804428336
-0.026257430775760333,0.03381076023210168,-0.03879613357624204,-0.006531424652226817,0.06368037246809076,-0.7549663270485587,0.6526315926134322,0.2278335354975187,-0.909079107816898,2.379971788973124,-1.2624491337302604,-0.34924654923490345,-0.13726793739896365,-0.4194740543144,1.5432559262382295,-1.2645525502599588,5.568511979929035e-13,-0.7794821725336293,0.8426787158178057,-0.009578619647561924,-1.0441812942691244,1.0823552715658156,-0.20704190376910644
-0.024558563743828303,0.038974742215661363,-0.031183704976851048,-0.013811289605682765,0.08230502317938045,-0.7636978531715335,0.6401567936842185,0.24952893443468474,-0.8676795737165715,2.379998589448656,-1.269628682274034,-0.3336678238557965,-0.12975014377613395,-0.4413970299820374,1.5232998663530182,-1.2114196425292145,0.005931559016280533,-0.7628667708456667,0.8575755512357341,-0.003776244980493463,-1.0556537175938114,1.0947296547380003,-0.19163552547230048
-0.017656684537801958,0.03736877458144223,-0.020986010415037247,-0.015336756336732458,0.08579787102901723,-0.7672131714258281,0.6354427266266232,0.28966118993733325,-0.6366717554518956,2.379999999999559,-1.4052606793782823,-0.21887849841870127,-0.09250291600231715,-0.46495216141436885,1.4109960588090213,-0.9657218744470348,0.03538290196914806,-0.6897629912658221,0.943352864887122,0.02654870447313832,-1.1165533583285547,1.1169848685258907,-0.14252012322900165
-0.014051860642954932,0.023840853729725577,-0.014612842520794676,-0.02153092700698237,0.0751993915001703,-0.7633154534518178,0.6412729444018891,0.3057583481581985,-0.32830280919024885,2.38,-1.4499999980946408,-0.028010374387670598,-0.05843276805495801,-0.3737636984729164,1.2956929542075877,-0.8059406908118428,0.05050943947514562,-0.6735482687525716,1.0450485942008383,0.049525428569300645,-1.1313957278467583,1.1017395948441744,-0.11445825219840447
-0.012310329059197113,0.008968582309333685,-0.013176320632956538,-0.02251999895608852,0.05864931290068514,-0.7538918558100748,0.6539879031652918,0.3136982973564656,-0.030371482584607888,2.38,-1.45,-5.470797471186682e-14,-0.03490932733703021,-0.23202724085992116,1.1785336588585633,-0.7586071197640851,0.04632135782904308,-0.7200629100613626,1.173148162529308,0.050955629557807317,-1.0962894147899824,1.0517590561836871,-0.10677908069386347
-0.01225410701011817,0.008892682960086782,-0.012445357024493836,-0.016068430422294208,0.05566636996615174,-0.7483309231273626,0.6607903527518414,0.2988200943884576,0.07399134489811215,2.38,-1.45,1.742955577432935e-18,-0.033076351368886155,-0.19516558068520484,1.1091703475450514,-0.7563980533730711,0.041167498726870394,-0.7560666195767947,1.2289921232960348,0.030523605925938675,-1.068439115162796,1.0169859858906765,-0.11231803469901745
-0.01314790843436238,0.013271122302157112,-0.012500216713190975,-0.010697361752920007,0.05346252592921363,-0.7442389577779545,0.6656843835470213,0.2840056046137998,0.06388473107427871,2.38,-1.45,-7.684971111760657e-19,-0.03925390266388958,-0.2086743708035223,1.0874169559933164,-0.7671824606997532,0.03855543707641425,-0.7568977730201067,1.2338443906577465,0.020709898464143398,-1.0597309655517437,1.0108869338760353,-0.11503892919849595
-0.014632792150233923,0.020452924678055196,-0.014398028880613426,-0.0006165748431798514,0.04944782803479694,-0.7362662472350257,0.674882615956697,0.2520818062147997,-0.0026918907666719644,2.38,-1.45,-1.8065624578158124e-19,-0.048279259428713826,-0.23883246058681884,1.0639602719585646,-0.7936487922661345,0.03333997039911486,-0.7485488117074751,1.2304234923570385,0.00566547698142115,-1.0517143160558657,1.0054146778912638,-0.12056998533772101
-0.015536358356790207,0.02904681678301678,-0.018246853091272695,0.011505178891075966,0.04512822495225567,-0.7245164139022504,0.6876823686539917,0.21777591452517603,-0.12483514064256414,2.3241189843074577,-1.45,-9.328215029434e-19,-0.05251344864354959,-0.2815588698834302,1.044293726143784,-0.8356357643143848,0.02589293173544124,-0.7323309564639264,1.2182152882961517,-0.0112163952534439,-1.0509542955156854,1.0007440330905135,-0.12886603642018818
-0.0157162314546156,0.03813802632044722,-0.024253487405842714,0.027553775355684054,0.04029954932296179,-0.7191060364015398,0.6931834131013815,0.1941164985566801,-0.2636107623111385,2.2157899938369088,-1.45,-0.002551541226505278,-0.059658239455594016,-0.32259691978138605,1.0422377547505188,-0.8996835759364255,0.013897634373493103,-0.7078745985609214,1.1992420383000695,-0.02788497636101154,-1.057346153128931,0.9988588096662732,-0.13916768616764785
-0.0140072651011348,0.045821972315817736,-0.03409534590821843,0.04289354981426489,0.0343215246630201,-0.71520815370864,0.6967492182972391,0.1822469700825955,-0.37978517156123615,2.0874385453969095,-1.3794203017809352,-0.017021188064095683,-0.06301860781689735,-0.3629381349002564,1.048911207860541,-1.0004690778199214,0.0006948817186746559,-0.6757260305738592,1.1723931250554804,-0.045179688506730514,-1.0745570469350572,1.002334655296656,-0.14924708948764037
-0.015249241350808676,0.053651263226345246,-0.03547988783779186,0.0432522608494573,0.049570039788208335,-0.71634778342512,0.6946350885671713,0.17994588481949111,-0.46027893135688824,1.9714332765785016,-1.3039082019678496,-0.03553380445178512,-0.07301092708868921,-0.40691425354333255,1.063837141721387,-1.075249603007271,3.474408593373329e-05,-0.6300104402436808,1.12089437884432,-0.07262326926298793,-1.1083609286638543,1.0191638982911142,-0.16071299248804644
-0.0182436892334808,0.06615216316264814,-0.03541307931426653,0.045630622639722916,0.06152796837033158,-0.7094157656457155,0.7006150346938271,0.17477789021736564,-0.5342541746407066,1.874122808904899,-1.2626897016828855,-0.04841292822421161,-0.08971568494346864,-0.3926363326553241,1.1089363498775486,-1.1317938537734076,1.7372042966859192e-06,-0.5936093337054898,1.0667499434182046,-0.09927997668765742,-1.1460322237362282,1.03295612636641,-0.17295984146108984
-0.025117294029028917,0.07798458671977389,-0.03365748260156112,0.04582505761820389,0.08505492024886732,-0.7045709337732176,0.7030259767019157,0.15130679874678918,-0.6035253874630936,1.752234400274541,-1.1730797284659802,-0.0623434779774971,-0.1150486892232313,-0.3406951589907233,1.1983654229236231,-1.2450987351710683,4.343010742309444e-09,-0.5567063116898355,0.9461523008747159,-0.1515948356125017,-1.2110015895856725,1.054713188684353,-0.20463804551257886
-0.026947161737718717,0.08542665866680599,-0.0331313527099383,0.04470662379895703,0.09096832544847742,-0.6957506214635875,0.7110957419972571,0.1521576901255436,-0.6348761349182815,1.7176864474349374,-1.1438845606987713,-0.06757568646432958,-0.10612354699988849,-0.2871883829500879,1.2457682090906765,-1.2820586617535314,2.171505378491945e-10,-0.5491341921459643,0.8930747680871445,-0.1723127252484421,-1.2109568906172137,1.0628135661431464,-0.21869390819402557
-0.0313504544599256,0.08887345356725372,-0.022173111307393252,0.02895691050062176,0.10569309862240975,-0.7049672909058797,0.700722188167805,0.13368125308135795,-0.6597311861935399,1.7500505561762028,-1.177440938396619,-0.06281400113278277,-0.10211984845963688,-0.26416055102853253,1.2505479756516609,-1.2121318888823625,1.0857526668023962e-11,-0.5583152832168464,0.8321535794786984,-0.19379664274616007,-1.1850392995046248,1.0772264900309576,-0.22472429717184383
-0.028035527625669077,0.09333664819554377,-0.016947360577715488,0.03445269285310379,0.10143679419057593,-0.7163525939230861,0.6894654087908794,0.14756111709252193,-0.8667757606863514,2.132454737357185,-1.1596094702701818,-0.08502310567047391,-0.08650370699954049,-0.29222870087682795,1.1321695357561585,-1.0363665011418521,6.8764881526853466e-15,-0.6029069990624375,0.6374550142892588,-0.15123444763671437,-1.017683386030581,1.0776474632126554,-0.27987441202725993
-0.022904138028065676,0.0927906243375607,-0.014405375797648109,0.03320929705686211,0.09325820247294735,-0.7262195858336487,0.6802978490426878,0.19841378916887853,-0.966762247842497,2.379828555074298,-1.1557785280785051,-0.0841716157961797,-0.05789643569569327,-0.2888881538243974,1.0862973705854448,-0.9474649723384048,2.417492020508116e-10,-0.6176714390375229,0.6404162193271803,-0.10115842449283402,-0.9251584341109031,1.0462325568024864,-0.28482152785216586
-0.021364913815600257,0.09596145589940287,-0.007045339378773607,0.024908908355250028,0.1052453022591689,-0.7323598055597286,0.6722738190926687,0.24045878287778183,-0.9377262982060743,2.3799914277537146,-1.1527528149283344,-0.06619570879064204,-0.05039387120393236,-0.30891961024287073,1.0643567121643531,-0.8845772869137003,0.005436372699358795,-0.6277132178753535,0.6420024890980799,-0.09382090191418571,-0.9138745914828706,1.0380616716442252,-0.28555180012496495
-0.01889255526060652,0.09722285925758392,-0.0019293174423179746,0.020171433556033562,0.11249863586275498,-0.7356206926925877,0.667682085037326,0.29075469722477987,-0.9037922820164715,2.379999571387686,-1.1580733660987121,-0.03891785519783052,-0.04158965867646529,-0.32629397969965757,1.038334526544248,-0.806660391517644,0.013719398554259946,-0.633396407045233,0.6488740641488899,-0.08496094649208781,-0.9036057287979822,1.0249471639941046,-0.2884261728292289
-0.016511096102131688,0.09819174275356118,-0.0009407330281075157,0.01990475473914051,0.11310583224246376,-0.7316335206450179,0.6719548072006705,0.3308479731789689,-0.8729592925495954,2.3799999785693844,-1.1663069214235835,-0.013257090486051164,-0.02715506503617786,-0.34293515555027826,1.0099362697014966,-0.7472028427999281,0.018888996274333866,-0.6296436817017876,0.6594270004510937,-0.07737292108680413,-0.8981924756240799,1.0068776464998859,-0.29366763655375794
-0.016074372437637714,0.09758215633200894,-0.0037552543104273873,0.025960762563743335,0.10680102728847794,-0.7211797363603591,0.6839732211427851,0.34212166602950056,-0.869453828660236,2.379999998928469,-1.1863474817222373,-0.0006628545243025606,-0.01673977533263689,-0.34651950298686224,0.9924897071006089,-0.7309308703331504,0.016931133130960316,-0.6112776899208514,0.6761416625251904,-0.07092497040231702,-0.9005860496779038,0.9803491602762562,-0.30367125167988873
-0.01838762271838655,0.09562433243313725,-0.008732554791052522,0.032397258806897755,0.09758878051311731,-0.7063795584880347,0.7003247581586777,0.3183738010287355,-0.8797614701070376,2.379999999946423,-1.19187710598189,-3.314272621512699e-05,-0.015970000076239374,-0.33708505841742353,0.9914410706774673,-0.7634921493241597,0.007072050202607021,-0.5730014591717406,0.6944725066376541,-0.06719105420192802,-0.9094109517191871,0.9550548792864981,-0.31475704086705053
-0.02045259339339776,0.09275783680312456,-0.014709839597176998,0.03892376198175255,0.08841104716553327,-0.6916705969147265,0.7157235589638692,0.28537630071864967,-0.8975498595774216,2.359304280743631,-1.1782050254789955,-1.6571363107566626e-06,-0.02131875999329893,-0.31577556893293734,1.0052240864364244,-0.8392128100631961,0.0003536025101303526,-0.5268060671400591,0.7130426130567613,-0.06317177672603322,-0.9296397485497901,0.9361866848988651,-0.3250668540597585
-0.01899633785852616,0.08970387852301569,-0.021902830223994287,0.04798059545755792,0.07887540487812958,-0.6797167211316149,0.7276411972799063,0.254170436382707,-0.897213301689235,2.281075746191177,-1.1297290489038962,-0.0005784071756809549,-0.016130937373724397,-0.283790740472053,1.0304297906662656,-0.9413617119743293,1.7680125506518163e-05,-0.48258053162053105,0.7324496748834312,-0.057300239553804165,-0.9584131983679979,0.9310420752397268,-0.33134065800460083
-0.016751465091408395,0.08581783916810473,-0.02784434698547447,0.05402663665208531,0.07198819619496545,-0.6748843262070515,0.7324137958700071,0.2327243425162702,-0.8946808929378075,2.1598929974835097,-1.0656255287967136,-0.004524684839005763,-0.007620966272229874,-0.24127316586065672,1.060667583647629,-1.055836739617916,8.840062753244275e-07,-0.44181005287898023,0.750137639610209,-0.050875818456579874,-0.9888149558214241,0.939969900587357,-0.3338111351502059
-0.01626422428038265,0.08380809995966343,-0.029647424762076217,0.05191156849386169,0.07462929021365268,-0.674928951307469,0.7322612708492191,0.21630499058238403,-0.8939100614876845,2.045723397825639,-1.0043254652290445,-0.013795662058024391,-0.005030972416406047,-0.20688336313249853,1.0859050998390758,-1.1447614588329469,4.4200313769344894e-08,-0.4066370917784222,0.7532567128767867,-0.05086878564786393,-1.0227813725114023,0.9671716687812344,-0.3299135979739949
-0.017096766642665392,0.08344562345710939,-0.029882228392939154,0.04876777457964686,0.07899149018071666,-0.6750062686551486,0.7319484858361494,0.19894922583814198,-0.8912456406133415,1.9553280867701177,-0.941732928315035,-0.028600781792228885,-0.004922122550456989,-0.19203319372584773,1.1020150138202536,-1.1945502600861322,2.2100156871204584e-09,-0.3816648732251786,0.7356094957053056,-0.060071306916896154,-1.0473164161347073,0.9971313674180686,-0.3243300769928761
-0.023085612043310846,0.08676859578704532,-0.022212815963409013,0.02994140407481076,0.08817282533078202,-0.6777893008448608,0.7293358135011958,0.1611109491850055,-0.8906663763793375,1.7195209782493377,-0.6940208669133665,-0.14972443353290632,-0.030832535740744852,-0.26976002852934666,1.1398775244544506,-1.0909593899346675,2.1089508932058608e-19,-0.2824758597944097,0.5856495872203206,-0.09306743389136159,-1.0634694278756756,1.1243866012542314,-0.33353337183525666
-0.02501207514042564,0.08975003433948558,-0.01879632568415993,0.02319809944501956,0.09080933002358224,-0.6914440522539225,0.71632439325035,0.1492296801983032,-0.9562173218242798,1.8050245256983302,-0.7145301483017448,-0.19638816333395873,-0.048422499856575395,-0.2890896983225693,1.1160003378057637,-1.0213308138212285,-7.608540589052636e-19,-0.3201204133681238,0.5167469183504295,-0.08455673898211474,-0.9694482652392711,1.0968249438113897,-0.323305884512622
-0.023897398608351654,0.09078834382899045,-0.016152984163398623,0.02010612137232742,0.09082122797624914,-0.7043878832546312,0.7036937958773744,0.16364436091839796,-1.0037699799910598,1.949442979000735,-0.7964761464990994,-0.1838186049249027,-0.051633622895458434,-0.2911545814775638,1.0947519085956343,-0.9646287045171812,-8.020254933655711e-21,-0.3808691519271682,0.5044659525666028,-0.07672168597210786,-0.8960386415134308,1.0623383875157215,-0.3184340407304986
-0.02216896213826567,0.09322504269562076,-0.01266295532283557,0.014476925600801684,0.09419807636836605,-0.7163019375894677,0.6912515282002804,0.1965029567087368,-1.0208966967041537,2.0276303396068043,-0.8385515868669156,-0.16749232087065177,-0.04843884758403248,-0.3009615720270045,1.0837171797051433,-0.9272095131366069,-3.3867997437271904e-22,-0.408848883126278,0.5134584603905266,-0.0667248567540856,-0.8684433277817595,1.0433670507612487,-0.32255117945902123
-0.014631314467921621,0.09218766882487281,-0.013268947145028243,0.0233940749001889,0.08049954531446876,-0.7263451740334356,0.6821988189831956,0.27167362492230007,-1.1063649109410616,2.3623194677717216,-1.0030837301188338,-0.09791703335983529,-0.019584887087980313,-0.29546473862818945,1.0516982186481096,-0.8601118228241368,3.3050771247221713e-07,-0.48698600396157077,0.5880422726584978,-0.02760626829818079,-0.746198886548894,0.9617413677167792,-0.3352412495811833
-0.012542350275454143,0.09622530735583355,-0.009500566993382305,0.018903575912784576,0.08864689919322381,-0.7315509918636204,0.6757348062550054,0.2945310238852537,-1.0696345567991987,2.379115973388586,-1.0038037465091671,-0.07450074585323999,-0.009705139756891575,-0.31596193780370463,1.0323428573954219,-0.8278479142838403,0.00021584883221648524,-0.5034828488621252,0.6060284983277642,-0.02113795994001891,-0.723656061287965,0.9440511491963817,-0.33675454137848604
-0.011507204151214288,0.09431192258532443,-0.005966189427943419,0.02226576406556421,0.08662385858910165,-0.7236600955753215,0.6843366196146665,0.29637736610257265,-0.9274878182863339,2.379999999986187,-1.0649843680584608,-9.451421427045233e-07,-1.5164281032272784e-10,-0.3119534146145656,0.9576077942962561,-0.7081230956064762,1.970069772003592e-09,-0.5391716980571906,0.6829686031597036,-0.026224050408702855,-0.6504922349991847,0.8663122729252524,-0.32539175924355673
-0.012452031783852327,0.09684523827861438,-0.0077845008164352265,0.025297815083341748,0.08436036964008328,-0.7188272203827442,0.689587395348128,0.27888319189111366,-0.9105153285099093,2.3799999999993093,-1.0665067197167912,-4.7257107134002626e-08,-7.582140633441299e-12,-0.3206274849398295,0.9440218644647727,-0.7283545846581841,9.850348886785574e-11,-0.5321739791664359,0.692561347144186,-0.03230493493771407,-0.6494555624870251,0.8522134516852091,-0.3250029513465349
-0.014271445300047744,0.09643645547509312,-0.013021112632338237,0.03309351393636662,0.07838816791597727,-0.7073386035954002,0.7017351454286933,0.2473010308262644,-0.9207964643583286,2.3799999999999653,-1.0597624003308528,-2.3628553571206077e-09,-3.7910728611871666e-13,-0.3116656933464216,0.9501168277693023,-0.7823871309966293,4.92517308852098e-12,-0.5089133403846743,0.702355984533487,-0.04074729832614628,-0.6565704717571834,0.8351714716328101,-0.32811096162906755
-0.015484013549922885,0.09571045006509438,-0.01877777245058254,0.04064675689041796,0.07257035231927567,-0.6961042467540679,0.7131060669840774,0.21453146311506216,-0.9355120483935528,2.2876137466944835,-1.0347976316694798,-0.0013949211106297982,-0.0009487210342809583,-0.29854620104977775,0.9644575888363109,-0.869639867368812,2.4626172776366817e-13,-0.47534962319402313,0.7081102794998767,-0.04902572893066747,-0.6782470261099275,0.8241559046435477,-0.33173792311746564
-0.016167390366679708,0.09531291936855703,-0.025620214259262388,0.04835833869848528,0.0685867525667194,-0.6845137133173309,0.7241535090926461,0.19637079051811585,-0.9312462180358715,2.1433805374905477,-0.9722196741350262,-0.011520445472312391,-4.7436051714047525e-05,-0.28369873920639344,0.9834238569318366,-0.9817359114315712,1.2314332170378484e-14,-0.43478269355763094,0.7129595662972708,-0.053962573156265604,-0.7167081947098932,0.8221058200489538,-0.3351795926240385
-0.017331362787906018,0.0945978217060554,-0.028094368279167923,0.046325871904376176,0.07338621575380033,-0.6767938002356306,0.7310393483884773,0.19735687279920663,-0.8953472119156601,2.023259934908732,-0.8945891576268225,-0.02962976276410357,-0.00021503576981048793,-0.2691255877199449,1.0071716762723848,-1.0740072865888188,6.186582330132215e-16,-0.3769591245088127,0.7104867614352414,-0.06006015987250441,-0.7770700703886237,0.8427586559320687,-0.33369903882816565
-0.018153767554060906,0.09397857398728748,-0.02906762098490143,0.03899605960864941,0.07838833825934208,-0.6767602835083494,0.7309788604505852,0.19570955389602818,-0.868562348776289,1.9287622995682083,-0.855801800623734,-0.0363106199972016,-1.0751788490524208e-05,-0.2612096760696691,1.031647800412014,-1.1267279772438572,2.8613889193170397e-17,-0.31472337877441114,0.6967011752337691,-0.06830088718123044,-0.8478073337713562,0.8872888414487238,-0.3274120421031289
-0.019101635730356257,0.09488261134702594,-0.02946076186725008,0.0366346402601592,0.08395192712084779,-0.6766987447556444,0.7305400645493989,0.19417465346285437,-0.8473822026864872,1.8574145199550103,-0.84074913777732,-0.03630378703741679,-0.0018745180149591335,-0.26777133968137046,1.0529134622222922,-1.1580405240317593,1.0781020092580187e-18,-0.27177213719099463,0.6722887673739726,-0.07958931900543104,-0.9209854211119087,0.9391735073077077,-0.32232825653360125
-0.027345112353624846,0.09559869144467512,-0.02590193121274081,0.020627970289365354,0.10397450233037552,-0.6872342131042989,0.718660508199669,0.13532294911394488,-0.7208363897565037,1.6102461936482637,-0.8269817029371535,-0.0010064275922412,-0.051228809070650076,-0.3541731889928615,1.2367236660050085,-1.1722197950612407,-1.5102044708406406e-19,-0.17114394569522842,0.49410682419383645,-0.11226559300446563,-1.1793040392672105,1.2685292560160606,-0.4858227400915907
-0.028837249177666554,0.09850817802401206,-0.02419808367186702,0.013966312026951174,0.10578592131993113,-0.6930134793120476,0.7129842904795786,0.1150317161610799,-0.7246222416172952,1.6822619367022198,-0.8696982088970397,-1.9654891321267687e-15,-0.059961862053535146,-0.4167388973929526,1.294669854394477,-1.126012135093486,-1.5102044708406406e-19,-0.21071439732155234,0.3995188462686272,-0.1179118385685989,-1.112576555146512,1.3432304424666361,-0.564102242005934
-0.03011669363026451,0.10043699414318522,-0.020341235123824155,0.011585650535435383,0.10922757694918318,-0.7055062232664849,0.7001400417543195,0.10364233637985575,-0.7705873905891433,1.8341652244570665,-0.9430653997695881,-0.001275325106518378,-0.07941105381382137,-0.42546910722659625,1.2727822208393793,-1.082257688882686,1.5085364324055604e-19,-0.28476461312280144,0.34162886631818346,-0.12179920763013316,-1.0072654612514806,1.3177067004471963,-0.5535298258058188
-0.026222104314672704,0.10315638674983696,-0.01657221075912233,0.014507170133132826,0.10840286524263382,-0.7171329031069739,0.688301358492977,0.13495681163556641,-0.8076579742350556,1.9933881250592225,-1.0249042526849046,-1.59415638315288e-07,-0.06957034175654046,-0.43139875510644166,1.232804386580518,-1.03431784931052,3.639847474696722e-07,-0.34638879308668596,0.3338209529584135,-0.10704883345683538,-0.9005526728581613,1.2692144924647475,-0.5332746747992232
-0.017665040301303517,0.10482773062996827,-0.014310415319811023,0.025745224128816864,0.0988768868354212,-0.7282419393830455,0.677660846152344,0.20952021026760953,-0.8714298290908452,2.2414713597271976,-1.1401733896528667,-9.96347364479289e-13,-0.034525727280003,-0.4265149556574343,1.1718484590044036,-0.9594578690388487,2.490336685155536e-07,-0.4291484093290183,0.3809162282139125,-0.062409659253243564,-0.7501974383125988,1.1641896518046355,-0.502946339271029
-0.010162759871647603,0.10599506610299748,-0.012430686490003121,0.03363127531303756,0.09413932909774078,-0.7368065129549235,0.6686724807445364,0.29586308378564574,-0.8807591283776575,2.3798642874515967,-1.185703798297542,-1.2495957779126247e-16,-0.0005760661511083932,-0.42557008910370075,1.1296503735677266,-0.8886260666378595,2.703831495359734e-07,-0.4876740353697037,0.4423739750280512,-0.024328206925616,-0.6485983375798823,1.0792713231257938,-0.47593908284882974
-0.00841792368681031,0.11013969230639198,-0.008590384952106183,0.044046030486748655,0.09430791098133168,-0.7362306068331126,0.6686781428212261,0.30982311723526845,-0.8312080510666319,2.38,-1.2218182395065709,-1.3885628776150568e-19,-4.9459144822880586e-17,-0.4299083334492,1.0164686781171104,-0.7519414283501584,7.343454908881933e-16,-0.6097718035871773,0.569517822259321,0.004609309759865303,-0.5266355518600107,0.8918858222156036,-0.3520109364932186
-0.008832009273497681,0.11266214137430469,-0.008881170679032142,0.049013007721918606,0.09670764702266052,-0.7345006918750492,0.6698911028790169,0.29142225304020075,-0.8209960979301127,2.38,-1.2002132128900962,-1.0455738499879127e-18,3.65805800147676e-18,-0.43324408536549913,0.9969638216842787,-0.7620136955341031,2.4374740786040727e-19,-0.6164076296376404,0.6011009184350252,-0.0012201002472819597,-0.5331845302809297,0.8650818682714746,-0.3155646512106231
-0.009718314602404727,0.11550864627872386,-0.011677655673250154,0.05667418180642973,0.09759866596707983,-0.7283407434063953,0.6758567148532573,0.24358216926029305,-0.8439433850019868,2.3623998287196226,-1.1786885750839498,3.862832249759178e-20,3.647939025520405e-19,-0.4415023512297068,0.9970046834336502,-0.8126435742109626,2.4374740786040727e-19,-0.6045797238057133,0.6240677088255423,-0.008555001755544482,-0.5681187185777624,0.8534066515574806,-0.2947085405203056
-0.010929016071771873,0.11974933168486912,-0.016770164110505414,0.06289148608686379,0.10190064058916118,-0.7214501585682656,0.6820341553962883,0.1610414909257352,-0.8547834132604036,2.226542774254696,-1.123952036559703,-0.005272307128042331,1.883379492020053e-18,-0.4595919142758192,1.0152077137418534,-0.9085176258421572,2.4441246233769303e-18,-0.5693195618358133,0.6407562008802729,-0.019773530955130247,-0.6344438814734564,0.8576097996737623,-0.2756619098829828
-0.012956310487829121,0.12197420744380487,-0.024381757316877837,0.06704128853497962,0.10551965728970379,-0.7098395400838391,0.6931802758955252,0.07969158805748768,-0.8283825381640174,2.020331992945031,-1.0082724284157156,-0.021142107004430026,-2.8929757754628776e-18,-0.4730980694962089,1.057178305737092,-1.0465830638015048,3.93593182328946e-19,-0.5152611633439976,0.6563443853191454,-0.026423143864178777,-0.7276126443281572,0.8751907332048537,-0.26030783334983365
-0.01481418245493067,0.12106477512190074,-0.025120697621471427,0.06394281400878055,0.11308578025298073,-0.7068124409432213,0.695369755000243,0.06932968818054294,-0.8051761760643515,1.9513096987456793,-0.9824730939180473,-0.02300025652859474,-5.251262069108781e-19,-0.4736760085880264,1.0880113620846255,-1.07970268673163,-1.986259696369507e-18,-0.4770092859024605,0.6547114912344328,-0.03198619029848262,-0.806314825887597,0.9040749461565107,-0.24667894022547623
-0.01772589111611449,0.12153851201325655,-0.025752569566792265,0.05826410740798189,0.1187046407900564,-0.700360559290538,0.7014339520105219,0.060567100180273024,-0.7834386144247711,1.893915668013154,-0.9764173302654228,-0.020024854561331077,-0.009205815208404007,-0.48620957429331346,1.1133676355349043,-1.110115845593955,-1.986259696369507e-18,-0.43424608022215944,0.6454097452951241,-0.03778830684795574,-0.898657811429237,0.9403236705167344,-0.23416881234227774
-0.02141741822551729,0.12304170297994176,-0.024895218320371587,0.05333193112267839,0.12118521733864605,-0.6873341903958742,0.7141719393354508,0.05232479807151488,-0.758710583020013,1.8543417212211355,-0.9721185757719223,-0.0175185097399492,-0.01633141805138081,-0.5144902740366525,1.1274055722705563,-1.1293792118073822,3.850949643693902e-19,-0.39764126643774417,0.6224084462044869,-0.04790975503240988,-0.9925768891871575,0.9783849734324226,-0.22467098907293503
-0.029459145180826343,0.12114710313371334,-0.018601598473699105,0.04502428866835879,0.13658414625716483,-0.6773189987434756,0.7214960556803094,0.009950315254845098,-0.6882639995280965,1.7616515647983926,-0.9109427130365887,-0.03365611025623051,-0.05233447432074852,-0.610808808458071,1.2861657708712955,-1.0364752963827342,7.270745432936969e-19,-0.3091450135969498,0.44349991344303374,-0.07128962245813095,-1.3472937297477265,1.2304453457182074,-0.3301891797405186
-0.03067829718255937,0.11994115834208781,-0.014306501061394536,0.03761767208766569,0.13187869258608861,-0.6738735208917415,0.7260078505288045,0.03012610158955399,-0.6915622855411107,1.9095449238286868,-0.9959229959840591,-0.010360932983001886,-0.05407762032171901,-0.6264322280017139,1.26070510988302,-0.9244195144032948,5.528912405756894e-05,-0.32671259769756,0.3644173331177132,-0.08448728293404335,-1.2986880770557354,1.2295697209648804,-0.3760893926548731
-0.030884438318043526,0.1148007189897951,-0.012312702514646914,0.02907916240683019,0.12356727523445805,-0.6714463707995322,0.7300995150970753,0.07217647634356718,-0.7147853742690784,2.1384277426589913,-1.0902380628548471,-6.475583114422088e-08,-0.054198778401283516,-0.5970147250458439,1.2274879523527373,-0.856881572297179,6.213582920660136e-06,-0.3699292446124363,0.28375411878055373,-0.09470715299598198,-1.188423053141113,1.1880576007105172,-0.3961836558095271
-0.03498773500631694,0.10971449469555604,-0.0047770690195707765,0.012203835766633841,0.13093913607935212,-0.6707455399419487,0.7299359079284674,0.12989771231522623,-0.7047835829840273,2.2666020686900845,-1.1409356950916518,-3.237791556968634e-09,-0.07246014494785943,-0.5713589719684775,1.2145071573915718,-0.7940449449402862,0.007061559078860568,-0.39502394734053425,0.2564177180673679,-0.10195200606327456,-1.1550175218032188,1.1740279764842296,-0.39874767733852456
-0.03701960005516072,0.10272831569713806,-0.00033448785449263167,-0.004208020735487941,0.13304696495625523,-0.6697449181939051,0.7305631678580959,0.2088628012104416,-0.7028051414151677,2.374330103434504,-1.2009460160189593,-1.618895719746076e-10,-0.08387665054612421,-0.5397007109136684,1.1981173760183568,-0.7290704584937929,0.015380719769658224,-0.42916858150858395,0.23192430689233556,-0.10568972957395657,-1.111152840564011,1.1498424979918767,-0.40641601731394217
-0.036329830199151515,0.09825563936975296,0.0009111866900467407,-0.015192824859130618,0.12933252938777653,-0.6679236738782401,0.732748415752605,0.2820983606947575,-0.6864392573848486,2.379716505171725,-1.2428846824753885,-8.094481172874095e-12,-0.08047151378658861,-0.5159999369211694,1.1741633300143122,-0.6785805713670948,0.02221683723947552,-0.4703348938103055,0.2189235838403104,-0.10070427015318771,-1.0613899492865178,1.1164154921852045,-0.4193342334068473
-0.034777587223171494,0.09336762596712977,-0.0012430641577427437,-0.019254453064805076,0.11769820646771476,-0.6603946199365375,0.7413874453956804,0.3256700751961715,-0.6730547654623964,2.379985825258586,-1.276112766987748,-4.047205429593418e-13,-0.06409519129652799,-0.4920224517542836,1.156355022641458,-0.6525710718095462,0.02388642510069264,-0.5119177957262315,0.22548916004081165,-0.0849022739973441,-1.0145060523731293,1.075011847541824,-0.4366392841880485
-0.03320317668062428,0.08805312050834682,-0.0054490719525066185,-0.015165852274845782,0.09980497037648882,-0.6443376859891934,0.7580487525397134,0.3296036622429481,-0.6660097964385153,2.379999291262929,-1.2851160546578644,-2.0235679578585095e-14,-0.04323410650006103,-0.4664144947836984,1.1530457800851013,-0.656168401132463,0.020068802859792966,-0.5499685604876798,0.2552500626335657,-0.05978267382878597,-0.9772163824290815,1.0276908686641277,-0.45642940700888307
-0.03343706673961393,0.0809627648494687,-0.012017310617177913,-0.0036722056535695956,0.07938990782746014,-0.6162140390114034,0.7835585591173363,0.3002060140957272,-0.6839740754869089,2.3799999645631464,-1.2620201497005261,-0.00501699237172327,-0.02756725661786058,-0.43864949045403034,1.173555648509237,-0.6992699002612587,0.009211276708095765,-0.5762857860429693,0.30599907953645245,-0.029566426207081706,-0.9560442819182088,0.9804729290933978,-0.4759631634654636
-0.03246399091240393,0.07537586259729147,-0.020320238441991496,0.012452084831343435,0.0626046113897915,-0.5901597073016291,0.8047590497122353,0.27116837705364144,-0.7288152443971658,2.2925670960864077,-1.2185930645354888,-0.009594339794788777,-0.020049314864007746,-0.4150548253654739,1.2091384032275037,-0.783141362587521,0.0004605638354047911,-0.5916969701072399,0.367109222172691,0.0013611699925296893,-0.9529297472139817,0.9430199952629926,-0.49095048248595524
-0.030762478178053523,0.07092715783524935,-0.029763319565380808,0.02887513660530149,0.05021614014427221,-0.5696543170958919,0.8198405483806271,0.25623478238684944,-0.7767195534911814,2.150699298721067,-1.1392751899614815,-0.01657218026940809,-0.023260255213196128,-0.3910990376725587,1.2537210105699186,-0.9023891371556885,2.3028191770242505e-05,-0.5975245415242176,0.4310401357558479,0.030862864001876107,-0.9628797067556361,0.9187868983225206,-0.49983326021054353
-0.03200222527470216,0.07233074325821316,-0.032000679110145314,0.03021383829827609,0.05763041259472011,-0.5599835833715306,0.8259444568939406,0.2611516384563536,-0.7973119243710332,2.002502722541224,-1.0396529158152732,-0.040123941278775235,-0.027161707640850314,-0.3828404907355976,1.287957679066391,-1.0348315635209955,1.151409588512683e-06,-0.599233431650954,0.5067833051795605,0.06244016543180296,-0.9932615304842842,0.9131488837674551,-0.4989872323187765
-0.0333925168473624,0.07638735380901533,-0.03379432664859319,0.028059960827157285,0.06374638004128966,-0.5601429374894636,0.8254628563482934,0.2643036251191772,-0.8106266505782496,1.876452623845391,-0.9760788935072854,-0.05672286802231176,-0.01985288285360865,-0.3879159044347721,1.310318448709958,-1.1305215804044124,5.757047942688094e-08,-0.6004465887363969,0.5693567166155409,0.08472336095486845,-1.0406030516453628,0.933004717635092,-0.4866420557421808
-0.03350179950967499,0.07921917247636595,-0.0341934876738244,0.028057108035345175,0.06957190940536166,-0.5664575686472366,0.8206694651518631,0.2656431113306552,-0.8137644967923582,1.7871406601578583,-0.9338085974872353,-0.06717708371332579,-0.01632382540664306,-0.39221118743912503,1.328225035110789,-1.1848967449887928,2.878523970318658e-09,-0.6094413368132758,0.6069231549831605,0.09324624718214851,-1.0953907263848255,0.9684722543725376,-0.4692826045267138
-0.03164876217299762,0.0811503722393924,-0.03321480729523149,0.028352781591549435,0.07223614281416002,-0.5704360529474571,0.8176678842568533,0.27295135689060607,-0.8053084819577667,1.736974066850444,-0.8956866432719502,-0.07632003333652,-0.0011999704101721288,-0.3956610981307333,1.341310170663413,-1.1999596442636085,1.439261982769389e-10,-0.6265458157783604,0.6204264473025826,0.08927185022248289,-1.1377797374450034,0.99919204971415,-0.4572621225170416
-0.03200521305684994,0.08375306682296232,-0.028450563414896463,0.025095416469143178,0.07888446132158805,-0.5758242843744774,0.8133719047021868,0.26481640060007583,-0.8295277723008427,1.6487386887146913,-0.7414340950249665,-0.1464814235932296,-7.335750735001366e-18,-0.44743358936720007,1.3631809898284273,-1.1177926845583683,7.691790261769047e-20,-0.7281127925623931,0.6171773536324869,0.007992903333551092,-1.2334775792430066,1.1000149292484835,-0.46666271633397316
-0.030885013222293766,0.0811960009477628,-0.027579989897054857,0.017903199080296733,0.0722401835133516,-0.5829415795840838,0.8090982302172345,0.2575623384136791,-0.9001950973609559,1.8144410029365856,-0.750726775392078,-0.2107866298062811,-2.1006838941395974e-18,-0.4272154164207504,1.3487663452223633,-1.0860951768434852,2.0267277076283115e-17,-0.76990487089619,0.5486431897765479,-0.04161459988631775,-1.117721797772083,1.0599035542124406,-0.4776571437813867
-0.030482951181084104,0.07499049379136702,-0.027700973548367425,0.007782225330722457,0.0638616829059937,-0.5824102430833756,0.8103452543063843,0.25165935470652545,-0.9459167125342031,2.0188406943784147,-0.8091492702538259,-0.2329692451705588,-0.015283414284053408,-0.3822558587770039,1.344035594485194,-1.0758774067067136,6.693961153681896e-11,-0.8259932630005008,0.4911822547653746,-0.05992573042992779,-0.9870352636846424,0.9808628749317561,-0.4842363328452717
-0.029670765583299553,0.06858653103626515,-0.02761869583948415,-0.0010078000997808553,0.05443811629264551,-0.5739929537886582,0.8170480798792915,0.2634676018183627,-0.9948095660952841,2.258281321544836,-0.8765938143002111,-0.23019180092632313,-0.03014730103380602,-0.33464701789275586,1.331256471689987,-1.0749314390093516,2.1538498915995283e-10,-0.8916032917050812,0.48130517355882424,-0.04585360366752288,-0.8596133611283033,0.8672181797966536,-0.5057276541128891
-0.029556319000126563,0.06653616985461423,-0.024132217587752133,-0.011413417837016934,0.05562298861748333,-0.5672468392802578,0.8215879991559596,0.28148953564562,-1.0007226051219222,2.351087782839546,-0.8943958505605563,-0.22147151000916768,-0.03662524057827359,-0.3251993680049331,1.3206665171432743,-1.0581635397266331,1.0769249279685745e-11,-0.9104350177750288,0.4830854071701163,-0.04065502161618216,-0.8343512325904155,0.8348714750747925,-0.5167486135227252
-0.029284518354531715,0.06554984197981675,-0.021046561447850234,-0.01742671872562505,0.05792854641264137,-0.5570591501183578,0.8282666818449164,0.3109958024793711,-0.9800803476619969,2.378554389141977,-0.8984736461102876,-0.20555359848102814,-0.04144581320005134,-0.319528411706774,1.3013999358279742,-1.0229585306560787,0.0009424894158986813,-0.9277267736989191,0.4907905196018897,-0.03287658649193058,-0.8128021831215756,0.7952607226178433,-0.5325108924098944
-0.027949991159604375,0.06558792792316996,-0.020644720336338417,-0.013925246551618971,0.057397090103722036,-0.5438324036850338,0.837112882625909,0.33366506848688765,-0.9532411253086804,2.3799277194570987,-0.89393439771531,-0.19228966858911756,-0.04081297644904012,-0.3148018031743251,1.2833706844798674,-0.9889883909408806,0.0004106734341966069,-0.9305539985328078,0.5122068042210352,-0.020874215274415298,-0.8000094233023318,0.7540937696815904,-0.5487765368124955
-0.02673980356260496,0.06615401939479143,-0.023360312000120936,-0.0007370311166898958,0.05361346747030988,-0.5269058718012711,0.848230661525675,0.3369473476906733,-0.945932184756743,2.379996385972855,-0.8898388047378645,-0.18934528309629536,-0.03071703061641969,-0.31814277475579145,1.2712710343566143,-0.9981334190402312,2.0533671709830107e-05,-0.916523175974699,0.5561974196559114,-0.0014664021725629313,-0.8048484662368578,0.7144816430089216,-0.5629875106028754
-0.026351468297432845,0.0685930290515522,-0.028144656648078838,0.016899378624509926,0.05019722856028013,-0.5051539133098848,0.8614024455007547,0.32582916931105377,-0.9423940410590332,2.318819911756025,-0.873837233394419,-0.19320774747208005,-0.01919627419621632,-0.32966947217146897,1.269315444550121,-1.0470332595449874,1.0266835854930849e-06,-0.8927008890371597,0.6163654238013251,0.022826171741405967,-0.8280600897972842,0.6841903929932058,-0.5710320311558292
-0.026026842050015587,0.07220043698564904,-0.03064271442073222,0.026611891524660067,0.05256038539125348,-0.49569807920215075,0.8664944474099645,0.3215078152280826,-0.9408803803730338,2.22255558004473,-0.8596608367250853,-0.19748614714706322,-0.004822782508680755,-0.3414361812812936,1.2722410398282211,-1.0966521065411075,5.13341792772767e-08,-0.8581881834954229,0.6753290058808539,0.04454863345667768,-0.8657196488149127,0.6777818968471935,-0.5654966195831549
-0.027070609423677873,0.07501375266021805,-0.03302276908070103,0.034577236680804785,0.05617103968849223,-0.48887289715014126,0.8698577581627124,0.3149447087028129,-0.9380111179064468,2.1149652752617403,-0.8438225489825715,-0.20087666946757618,-0.00024113912543403948,-0.35461428371782877,1.2786739527051516,-1.1435878151833847,2.5667089624868255e-09,-0.8242972085815718,0.7227826461734216,0.060521158433567854,-0.9165440233664768,0.6904202623367257,-0.549762337388916
-0.02831891167953939,0.07688579998405137,-0.03366438108314458,0.03836066989953549,0.06318261950219556,-0.4883298286137908,0.8695230842730539,0.30425984266216666,-0.9320612314037712,2.0166585538511566,-0.832873696513024,-0.20093939969551972,-1.2056956271703107e-05,-0.3638057643472733,1.28737275482969,-1.1763102368231926,1.2833544885408042e-10,-0.7954790301290642,0.7547957432330702,0.06893355481806931,-0.975393349175175,0.7163477912559791,-0.5282778007958917
-0.028841607742197885,0.08011282213484154,-0.03304027513281357,0.03950732372429842,0.0727942530219864,-0.5046898245323082,0.8593185376288944,0.29756289471990677,-0.9064129222756424,1.8836397012340707,-0.8332667996574039,-0.19275767681961148,-3.0142390681052253e-08,-0.3745529852037751,1.3049165602075958,-1.199496847271995,3.2083690064329075e-13,-0.7639633866995755,0.7725987490728,0.0631778363439518,-1.0812977785282245,0.773132127248314,-0.4879884410990013
-0.02722170733242412,0.0810953314354385,-0.03182984665484791,0.03669576580614193,0.07586437859937754,-0.5228322800182619,0.8482596440963911,0.29058957393402385,-0.861528293947085,1.7677413675839135,-0.8305120197848307,-0.17627581968408754,-3.767798403724315e-12,-0.37894559500323677,1.3276779725557304,-1.196583903407121,4.014928109327336e-17,-0.7454362990636285,0.7305153913711784,0.025030681906178204,-1.1734230092711442,0.8502668903904425,-0.4455893761454435
-0.02597472524182207,0.07928211535932385,-0.028999407410690355,0.02947788301064075,0.0719668721512689,-0.53902152266376,0.8386939977317203,0.2696155290500469,-0.8258292564565829,1.6815249302538968,-0.7817424056089999,-0.16562352593229335,-0.013546504689460748,-0.3748743654535957,1.3367255307509758,-1.1483980502251379,4.000268824766708e-19,-0.7502684085570878,0.6456209570748604,-0.02934953723096408,-1.1655668003748068,0.8963717584090473,-0.4361959803078099
-0.025523713718682933,0.07535339458741588,-0.027071416054825784,0.019393081110841627,0.0638653074635604,-0.5506101111788866,0.8320899208470118,0.25370285863639336,-0.8975058769771964,1.7536525156877072,-0.6693803041901712,-0.2290699446993695,-0.024960387962345742,-0.33797370494366924,1.2985464783923282,-1.101325570489861,-2.4080242220133424e-19,-0.8060523982012158,0.5726933886359313,-0.05230295348773258,-1.0137708086123745,0.8533158775330562,-0.4353348490265603
-0.027479881171052926,0.07282314204001508,-0.024971506278424954,0.012504129125098773,0.06235487687871906,-0.5564008491055735,0.8284766811436874,0.256404921066583,-1.0099735029338865,1.9448247689232832,-0.6838223920927162,-0.29370817085554074,-0.04390887943755215,-0.3068009082704325,1.2451272351401792,-1.0631942518784816,-6.56442406724005e-19,-0.9149109179040839,0.5422340788765676,-0.041065139889051895,-0.8607282389096345,0.7772179481626812,-0.42260361853040823
-0.02786868957140588,0.07098525794736481,-0.02143028775513233,0.0016684643797123025,0.06602385810003848,-0.5608729517528397,0.8252633509251797,0.2709263523311734,-1.0242311918914657,2.009208999204984,-0.7025694665025063,-0.2936655355801446,-0.04656231564301369,-0.29791334271081404,1.2389501737861783,-1.030463961103935,-5.935489831663904e-20,-0.9438396553148978,0.54633926728086,-0.03413375776765463,-0.8288774345845465,0.7607121380942282,-0.42804658128034134
-0.027142540277315486,0.06895599295224385,-0.019124189824030656,-0.007752273086148568,0.06480798821404046,-0.5623660239236744,0.8243083658813148,0.3011140425546888,-1.0425171990942514,2.1074045090485902,-0.7255042424139965,-0.2877184226379282,-0.0448212994513171,-0.28984416285419223,1.2286399223788673,-0.9903960508950496,0.0011025236675408527,-0.9732436167077613,0.5598158957776506,-0.02229580491168779,-0.78969483956699,0.7389005453714264,-0.43702297127145906
-0.022653584633596853,0.0667558022236118,-0.022218063331006933,0.0020534551569493355,0.04980520634521058,-0.5553644525602945,0.8301117693270187,0.37437417490729064,-1.1155628327112261,2.3565443271166946,-0.7834981219980407,-0.28103031907894815,-0.03054320690013871,-0.2589233925360957,1.202184857433359,-0.9832726249055473,1.8857352737685627e-08,-1.0512691466821056,0.6466744149706004,0.02052729727212675,-0.6883517762610638,0.658794400854239,-0.463145790187479
-0.022749533889199043,0.06820861604701839,-0.023730522556341244,0.0063773282298581115,0.04944990896881541,-0.5473365645556195,0.8354260717071716,0.39430425403774694,-1.1068721801141457,2.378827216355835,-0.776853979658841,-0.28460830034578616,-0.02556164035912016,-0.2639759216474087,1.1969839871069523,-1.0021263916736616,9.428676385748215e-10,-1.057042702076776,0.6768743583633399,0.028644944120620394,-0.6827551512226631,0.6435056528244281,-0.4657214574679763
-0.022602717193766563,0.0711102629845032,-0.026970975854692256,0.015275627629342797,0.049679445137710325,-0.5338633863093212,0.8439718553895521,0.39700660384041336,-1.0908045746102504,2.367460364129484,-0.7642115522938768,-0.290400636033335,-0.013379448748199338,-0.2776214156369372,1.1959223525185096,-1.0404437203262253,4.7143380665468836e-11,-1.045793931451845,0.7193692500824735,0.037679794770124675,-0.6952531594962401,0.6321032101032527,-0.4657325303370488
-0.022749913982603388,0.07421787515148043,-0.031516802188512834,0.0285988109824247,0.0507591822233563,-0.5205308222536439,0.85185284909681,0.38249057240472273,-1.0722548930651954,2.2890321904456354,-0.7499831722745754,-0.2945236315982429,-0.003907998803168597,-0.2912040134788647,1.203254724299511,-1.1018893481930545,2.3571698152944855e-12,-1.0156770365768224,0.771224230819824,0.04912585278789875,-0.7274186946236065,0.6266473020014545,-0.4631108011828409
-0.024255778916095157,0.07739926570551399,-0.03484441287576309,0.03487692988387084,0.05502152908719655,-0.5130402030021503,0.8558890005148415,0.36716607040940064,-1.04960014720558,2.181532468931465,-0.739999658002725,-0.29647010310136973,-0.00019539994015843002,-0.3062343367107354,1.2169440525394697,-1.1689686131079036,1.1785903215832642e-13,-0.9665164572685978,0.8225204773219705,0.059775085243787385,-0.7801440476491438,0.6368535675697299,-0.4516343319082007
-0.02545172719912904,0.07960982257396704,-0.037065277798220476,0.039706643652379754,0.05950411015150941,-0.5096327847591959,0.8574130090123001,0.3591188298019381,-1.0286958083841533,2.0730947801839923,-0.736251545243232,-0.2962003615479057,-9.769997007921718e-06,-0.3188028593420381,1.2338107559025884,-1.2218302787821247,5.893009937033149e-15,-0.9121161595846596,0.8662165601119615,0.06910246888493894,-0.8498454051898688,0.662039854949554,-0.43162847984778757
-0.02579085051415688,0.08211663970470438,-0.03736743201874474,0.03907960798035557,0.0637465376501363,-0.5152197368201498,0.85379024705644,0.3603467193818312,-1.0077501800333657,1.9838302154967202,-0.7452071699820495,-0.29251852945393697,-4.884998503978003e-07,-0.3343513445108103,1.2503684188132564,-1.2460997748687892,2.949367411808394e-16,-0.8599419879753074,0.8927327578908683,0.07166946494129273,-0.9234240803957313,0.7009727147584442,-0.4049019897184938
-0.026429309698981582,0.08370707531744621,-0.036336497292585423,0.037594950542342374,0.06862660241462372,-0.5223764611722295,0.8491170955456745,0.357377718723435,-0.9823503892147644,1.9130419626567405,-0.7528160610330782,-0.28870667924665294,-2.442499251983588e-08,-0.347696170419708,1.2666533159862563,-1.2506935243340216,1.5310868727568827e-17,-0.8179988778771581,0.8947718664270581,0.06263324774400174,-0.988915998364844,0.7451901779686884,-0.3761784055919725
-0.02914220495803115,0.08305945861135776,-0.029338072240328115,0.025406105130560564,0.0802035413364597,-0.5401386391998163,0.8373602404118287,0.3190753807274889,-0.814978477091377,1.6230735002344339,-0.7494569664945189,-0.2925450353893634,-0.02161022094219376,-0.40520996555738403,1.3414682033450789,-1.1595263724367868,-1.2733564577059808e-20,-0.6927693788856742,0.7901664818038713,-0.03197743929020225,-1.2091376675368641,0.9273594432417044,-0.3008840841393862
-0.027983152869350665,0.08089125574350006,-0.025417235612104808,0.017340685993484477,0.07533652076293189,-0.5429402400191901,0.8362054801402076,0.3160520073701865,-0.8562590046951942,1.6553669968512914,-0.6298399829457233,-0.3499999999918588,-0.018065677789114425,-0.3942691985563171,1.3026145174975872,-1.0774550486327004,-1.2582992629472702e-20,-0.7024063342862287,0.7041136135514817,-0.057629005562394454,-1.0886719395443787,0.8852159145889678,-0.2967807031023297
-0.02938780040501767,0.07595695308041076,-0.022585878730371815,0.008038405670862435,0.07195131033461315,-0.5549103613382816,0.8287538137799549,0.29596761864992965,-0.9446993749067848,1.8114896739551383,-0.6414219388440747,-0.35,-0.04469868672648852,-0.3470790901158004,1.2550080187057349,-1.0309435201594477,8.378799460148987e-13,-0.7562726924418157,0.6383520814379829,-0.06733938931236043,-0.9556422409024071,0.805544745277868,-0.28482894715034446
-0.030275402320432552,0.07201973831414953,-0.01982924606041962,-0.0065492529060914295,0.07245941970248002,-0.5583549199345003,0.8264057860202151,0.2986991843872336,-0.9599964619323819,1.8750630626671776,-0.663968262925629,-0.35,-0.053945851509902186,-0.329868980106167,1.2507519277363819,-1.002409053342715,4.1894126498530166e-14,-0.7750211135967922,0.6163776788922503,-0.07291048341620748,-0.9192903224493092,0.7880042153532465,-0.28706089201209983
-0.029914458641406825,0.06676062655782472,-0.01755601790046408,-0.019851504555083534,0.07008403867689837,-0.5599462936811256,0.8253207215879201,0.3166611713517655,-0.9811025126387279,1.9721481401776273,-0.7028717808663952,-0.3444875221961661,-0.06068742905362443,-0.3057216996030694,1.2457733931600374,-0.966105464069132,0.0006251096895673938,-0.7957145320116773,0.6000671573439642,-0.07406014350151612,-0.8730312998985518,0.759538372552439,-0.2977636349599928
-0.025437116261748636,0.05863484368104863,-0.020417686338168574,-0.01830402320227238,0.04982423803726946,-0.5574443682844302,0.828515711562906,0.37799660547279107,-1.0819597799981278,2.3781197601497377,-0.843274712034849,-0.3009629888767644,-0.05945063386752834,-0.22705531232835743,1.2061920599991252,-0.9584394651958723,1.7301901580005748e-08,-0.8356235473851378,0.618709724068761,-0.042018223141242546,-0.702017741191928,0.6264029370481308,-0.3488752184922029
-0.025446126204236388,0.059545587393899764,-0.0184718186773057,-0.022007695556959535,0.054004339821251114,-0.5574090181732334,0.8281874057699108,0.4013554639426829,-1.0629167516705558,2.379905988007487,-0.8386252326217178,-0.2925349094252735,-0.054470242892547475,-0.22686299569489574,1.1920479237313937,-0.9504085251901659,8.650950791260248e-10,-0.834368097698223,0.6325902723825834,-0.034937953203067834,-0.6842684450385473,0.6014737762962035,-0.3595838517924844
-0.024854487664724454,0.06022796229955867,-0.018624639360222666,-0.020551746932523252,0.05453285052795106,-0.5538887882405547,0.830548616381201,0.40994304384862873,-1.046108691804804,2.3799952994003744,-0.830732768217095,-0.28752208503294713,-0.046492753521681404,-0.22671434801219842,1.1789474089799232,-0.9472446538635766,4.3254753534455795e-11,-0.811694616264593,0.6522452200352917,-0.030395179679925808,-0.6715117367574703,0.5751794051210418,-0.37302978077558785
-0.02533328184543699,0.05850109124255642,-0.021121205286311288,-0.010660029198108068,0.052335315962958644,-0.5396578020280213,0.840188571209367,0.38748009434632064,-1.0522719862037817,2.379999988248501,-0.8291263922119845,-0.28972259818279006,-0.05336078869494589,-0.20963156675313385,1.1707105839959375,-0.9858735753051155,1.0813783148088451e-13,-0.7310622665910531,0.7004338385549308,-0.024655615496280637,-0.6645514352984162,0.5230534404119352,-0.4015052476833352
-0.024306811760175486,0.060208556641841715,-0.026013134509951664,0.004263890841229011,0.04994365564267736,-0.5304050776037093,0.846261132362903,0.33619450218723357,-1.0646570332012304,2.3025138453761773,-0.8237274832536681,-0.2904804666833694,-0.046142779680726394,-0.20686015188513318,1.172616040201652,-1.0402863929083084,5.4094073257501e-15,-0.6723182123905719,0.7252628304863846,-0.02262120413664075,-0.6722187035294059,0.5044946445911267,-0.41115319765213115
-0.02247358734178421,0.06324020802498391,-0.03206613100190801,0.023088787731400072,0.0501971276295656,-0.5198844949033588,0.8524478096739501,0.27929541056637563,-1.0693576380612682,2.158453014890054,-0.802038015711266,-0.288919867958294,-0.03426907240092516,-0.20317689182162565,1.1806670745314183,-1.122646489781204,2.705098865601473e-16,-0.6065715674181527,0.7547023871317563,-0.0150537006125332,-0.6881276531738149,0.48752808645086887,-0.4182492502136944
-0.02470616798755639,0.06616311874376483,-0.03249783302756963,0.021968234467575457,0.05892118163016154,-0.5138813309170175,0.8555534283518699,0.2681751140675771,-1.039877635741204,2.029568280896038,-0.7608229991533021,-0.3052989640407766,-0.030763855013922495,-0.21212160109134964,1.1869565206528452,-1.1837850691391687,1.3429800920181683e-17,-0.5060130383431811,0.7791019108561602,-0.008738275998245601,-0.7085104718326181,0.48601870014672527,-0.41384411596725657
-0.02625125560097767,0.06701841887552878,-0.03290057602746085,0.018270065350042698,0.06161907210908446,-0.5164103495978121,0.8539260187468154,0.261803589498387,-1.0135285148018536,1.9299290285419426,-0.7412549015280324,-0.318359411731871,-0.03589849288914174,-0.21798104909120727,1.1985840192180228,-1.212442899250429,1.6861252903472426e-18,-0.4026532274049825,0.7817769087481089,-0.009199151703916988,-0.7233715884179739,0.49874779110839196,-0.3994841974683141
-0.02615279972767088,0.0658245127439151,-0.03410112766857403,0.012649951112143547,0.0600960885220804,-0.5221142603297105,0.8506615884366511,0.25629642649508916,-0.9831082259290556,1.86369621254778,-0.7372293211732972,-0.3252554088688006,-0.03959109309416787,-0.2125063845589057,1.2182987233043887,-1.2310659864668891,-1.0242500372695622e-18,-0.3095557814724903,0.76026112125499,-0.018777219544452623,-0.72223737399332,0.5199811436096818,-0.3777421610041266
-0.02432955224533109,0.059405458040568786,-0.035962531504605155,-0.007392992200117579,0.0482602385189243,-0.5352316000248678,0.8432932036837755,0.23654223411162018,-0.8801237227154821,1.7631033881145886,-0.7649689611602785,-0.33280794310581513,-0.04655438671234771,-0.1841091403402708,1.296807287661862,-1.2702742416225086,3.431202518648732e-19,-0.13006773139584607,0.6470651722178558,-0.059169039248706916,-0.66199271733344,0.5598571787713776,-0.3141398173695611
-0.022715254333648436,0.05380995293661573,-0.037174005374585366,-0.02225145978706879,0.036716285971876636,-0.5484368479114055,0.8350891034702692,0.21609059728063082,-0.8479694596836885,1.801986532366572,-0.8246459793589805,-0.31857967065332427,-0.05652780580487592,-0.15176594923280726,1.3430922287224842,-1.28672096508766,-1.1093582867188761e-18,-0.14776358726993422,0.5485253336795458,-0.09848843225392837,-0.5891224964388102,0.5588914514369299,-0.2934626412426917
-0.02154280164038392,0.05420940499977841,-0.03860819920875186,-0.03068651520950537,0.03102179478588814,-0.5557622586374814,0.8301953371988573,0.20516797919920626,-0.8429359810079613,1.8460155159402862,-0.8553788027326751,-0.30738618788405847,-0.048209400372517794,-0.15243079516682714,1.3555204445695146,-1.2936003858658183,2.5360645221037423e-19,-0.20782088282944228,0.5029737933135523,-0.12259822266575736,-0.575710357628482,0.5548535983053196,-0.2945025720927492
-0.023058570326395182,0.04740919959054028,-0.03894452027704844,-0.043731128630761694,0.025221773119241467,-0.5674874344463315,0.8218329892958314,0.1734483375606158,-0.8597527358946947,2.053253240699928,-1.0090953244558094,-0.24218305531704734,-0.07353308854335494,-0.11379235273611898,1.3932393120009139,-1.3111368516714863,-3.7343381702923404e-19,-0.480221328959512,0.35721132119455384,-0.2198542339890704,-0.5805788798040585,0.5463561575057575,-0.32286260335966005
-0.025171176478189377,0.04475201669621942,-0.03787527777555599,-0.0504478728109695,0.023155876387184863,-0.5732643473858012,0.8174881072736908,0.15953564340403667,-0.8830485845875132,2.254428270673676,-1.135893514306608,-0.1693292428040794,-0.08853453403527767,-0.1048515127725647,1.4004879612159735,-1.2994778316183868,1.5379663326824703e-18,-0.7428269545648423,0.2701127446306484,-0.30756646965110435,-0.6745095880127164,0.5501336900801557,-0.3716540004334783
-0.026416549378449776,0.04384905442735587,-0.0322350981009125,-0.061522116380080684,0.02217480289482038,-0.5749368469597294,0.8155801182720781,0.1620648182794682,-0.8833750304034244,2.338358004463615,-1.1775527745160654,-0.14534436316173863,-0.0864073592377106,-0.11545964902463782,1.3896202352362792,-1.2499546370327206,0.0006182255248086618,-0.8257656617759006,0.25228983020897255,-0.33070415126309377,-0.7228898147130813,0.5505427468400106,-0.3876672878729026
-0.030671953981127067,0.046568373839999615,-0.026020851594680816,-0.0483121870013439,0.03696859041998174,-0.5667043986510591,0.8216723072241444,0.13470299822040063,-0.798758353042815,2.379999999349344,-1.2392120048385933,-0.03126940996981492,-0.10351475337630213,-0.15925195766586422,1.2998607574627563,-1.098018798208196,3.7211238763930847e-06,-1.29767204984142,0.21135365262475966,-0.45534750423619474,-1.073875520658117,0.5099133512041789,-0.523317412361532
-0.03795679545494945,0.05208927027852829,-0.019854769896232544,-0.038532305728463,0.05501286018759464,-0.5473976257176394,0.8341730551797513,0.11080400119269229,-0.7451627602104013,2.38,-1.239704250969655,-2.355596927176341e-10,-0.12152673681508715,-0.2151487553544747,1.1954572165907753,-0.9867475678965449,1.744768440853598e-07,-1.651439176925426,0.250416982021657,-0.5515402570888902,-1.4296441012295444,0.43707117030313714,-0.6470069891708502
-0.04523983679044547,0.0551038637616198,-0.01628457557315504,-0.03309351411677775,0.06892404000177654,-0.5252884548677246,0.8474823509760627,0.10109838565333365,-0.7695222875903015,2.379999999975517,-1.1466414951325279,5.144184801519141e-19,-0.1383796532070911,-0.2668317434173843,1.1568565281452092,-0.9290554384804807,-2.7173769948621535e-19,-1.9259427472817119,0.3166682718785877,-0.6393806661429888,-1.7468429068104772,0.32763501734024414,-0.6943590754256519
-0.0479489379860287,0.05372128298707103,-0.016745073716528423,-0.031110101771985716,0.06665402672475226,-0.5120563506598784,0.8557965272411429,0.10876405396198208,-0.7482757922291741,2.33085675542887,-1.1062874799682427,-0.003717688801327191,-0.14871550560562824,-0.2731618810025607,1.1669268716364336,-0.9367258610512426,-2.7173769948621535e-19,-1.9794489797090202,0.3228966503028693,-0.6352700216912204,-1.8019821751927414,0.3054612963043079,-0.6893280908653816
-0.05004016459861352,0.0555362204050859,-0.011052753768870263,-0.027552085851228134,0.07984090450236922,-0.49519038956603645,0.8646691798687669,0.11715096649915958,-0.6364264398862767,1.906876852436423,-0.8792864615488979,-4.021994907455785e-08,-0.1415847812115963,-0.37006095431440794,1.2373715541667796,-0.8417943045574803,-1.9501717898906805e-19,-2.2423302251006976,0.27225497520375813,-0.5771961257206016,-2.107539137157478,0.09426585275995902,-0.5404586749351101
-0.04828577721619885,0.05504385156996324,-0.012646311141021205,-0.022989035484759744,0.07484178373242015,-0.49098894407015803,0.8676405179889309,0.10984598742405574,-0.6229997062712295,1.8246288122716976,-0.8516641118635493,-1.0054987357890163e-10,-0.13356964003047758,-0.3708003023908201,1.2541041259829702,-0.8535438974736634,4.89371972499848e-19,-2.291844251669501,0.2457971614734098,-0.5588149159572995,-2.1608652577865537,0.057612316054179775,-0.5160917432142439
-0.04601101641946957,0.05439951344591322,-0.01634105498357588,-0.01642367822027191,0.06875242076012038,-0.4829656208817204,0.8727815170360068,0.10208035902882787,-0.6153485567614274,1.7668019771787644,-0.8355955663777965,-5.027493537233466e-12,-0.12083694262972962,-0.3703992779724324,1.2623183326233967,-0.8805823373717829,1.777981096899999e-18,-2.3160411759060775,0.22404501547977626,-0.5493100502643823,-2.190982125249806,0.0422236937809308,-0.5038204576804606
-0.04351821943904309,0.05509401874375948,-0.019868733961004994,-0.011069060621154956,0.0636496435146118,-0.48174849128769515,0.8739248193749027,0.09130578864726975,-0.6087521272773083,1.705891833407627,-0.8330990913028706,-2.513729511687481e-13,-0.10761979473286457,-0.36736408540093757,1.2669447848131212,-0.9191781878432255,-7.485508850953206e-19,-2.332300993922124,0.20209396505038127,-0.5409723539639892,-2.213983481084737,0.03240400879521155,-0.49117491380555534
-0.04274014680501558,0.05725700792225881,-0.023520175000406294,-0.0076197822282401744,0.061957494858312874,-0.4874702244545127,0.8709052692571921,0.07284967555357492,-0.5806755423188673,1.6235167046711407,-0.8669737623824196,-6.312476966957257e-16,-0.10400923679171487,-0.3591210911790648,1.2648247351927793,-0.9909111433504298,-7.820236203300126e-19,-2.351743911328217,0.1690505876967798,-0.5311084193027762,-2.242891011841188,0.04597989172054493,-0.4637621290684111
-0.04028072102873461,0.057857250440730944,-0.02661429175281885,-0.0031188143229083564,0.057896754360683,-0.4943359721868383,0.867335105615938,0.06298330364664279,-0.5431904954862741,1.579235647061975,-0.9161789327249692,-3.066983308646616e-18,-0.09961795156042526,-0.3359786432853149,1.2797926897166625,-1.0449139630678466,4.62474350160525e-19,-2.33733692762127,0.15256254034043687,-0.5338739756481626,-2.2508475256217464,0.10281200780749558,-0.4385344928729799
-0.040999629858391486,0.06262666548893016,-0.029043350355816504,0.0009237009192825261,0.05796076534008003,-0.5089237033338334,0.8588575904320688,0.0385053040067423,-0.5059106722088313,1.5567039067112773,-1.0040853007649955,2.7513363249856215e-20,-0.10778536688186577,-0.34354712056716735,1.2925721776336696,-1.0907484909460055,-7.001609330803947e-19,-2.274461380962287,0.17356602140503277,-0.5485290520374634,-2.2422418269697397,0.20555196276255094,-0.4259831721858719
-0.042563564478126266,0.06924931622882824,-0.030508961188022467,0.005337441546890384,0.05946602508989976,-0.5222441389029123,0.850703451832244,0.0158074260615843,-0.4748360519142383,1.5208427684998522,-1.0988329369365861,-1.0583895206052015e-18,-0.11364505867934732,-0.38860481366567423,1.3487662835045757,-1.1132986469993778,-1.73827306158613e-19,-2.1437811864295404,0.2333149374144042,-0.598255980799632,-2.178217302170842,0.3518556754355011,-0.45087879313393137
-0.04297037256954045,0.07803123469555827,-0.03167380829399055,0.010695220202612895,0.06482889523629444,-0.5341551268690963,0.8428292395537295,7.584187420175453e-17,-0.4618702603115731,1.462065256297372,-1.160075857569082,1.0956464238010368e-18,-0.10339607390888174,-0.5223552514048049,1.5368666529612733,-1.1106562505810205,-2.0149737267640566e-19,-1.9408036581396717,0.3548498716189022,-0.7266562995921779,-2.0768278625169008,0.5182781917616351,-0.5769504007583575
-0.04016762614426067,0.09128000467209323,-0.0316710100238684,0.02290304007288211,0.0749868845448372,-0.547488478736733,0.8331319124557738,1.5911150120479224e-18,-0.5187432162682301,1.436148757089255,-1.1462604312716564,-9.536812501164152e-20,-0.06752069056101594,-0.7122304440988284,1.7508583199490175,-1.0498165597029165,2.7415420775653516e-19,-1.7743218746387666,0.46684608040055225,-0.8300444964827092,-1.9474429855603466,0.568436438877801,-0.692520837595656
-0.03645847877872246,0.09867610058027754,-0.026650782454024587,0.0343248820287549,0.07533925443673545,-0.5569582729726031,0.8264038246414416,1.2617880620411401e-18,-0.5618081487816582,1.3892586404068732,-1.0551892652602994,-0.007427164873782461,-0.05634180406880595,-0.7452421128811945,1.8846905173679434,-1.1400084942679174,1.9586796984960454e-19,-1.6621091283693161,0.5032176309464991,-0.8505426082831873,-1.8350515527719866,0.5560056557422375,-0.7253229683736521
-0.034631540844488794,0.10078334233679932,-0.023534223727429845,0.0348624834291495,0.07017216386623078,-0.5697976639076601,0.8180410117303745,-9.254871846942837e-18,-0.5917802745884939,1.3345382983726237,-0.9302352361286869,-0.025277068581876033,-0.06237279261634915,-0.748249069989754,2.12524093933196,-1.3083766512536044,2.1127467161832804e-18,-1.4490390756405476,0.5706476199127528,-0.8550972428335362,-1.605323711050115,0.4897495510953785,-0.7748019817488171
-0.03127449838363537,0.09609744304230809,-0.020859587940129577,0.03027809619995893,0.055394161592264866,-0.5804185911740226,0.8118675894328811,-1.119773602650764e-17,-0.5703987110335883,1.2935997385425941,-0.84134404424248,-0.03226195591139124,-0.03880882923060836,-0.6277754680874448,2.3799759517900587,-1.433129731688333,4.38017197508818e-18,-1.1423904459761247,0.6715382141534131,-0.8142884894438984,-1.2598326587692483,0.3622547734274918,-0.825631359370166
-0.026296300823898056,0.08259259178503235,-0.020131268967165012,0.015718714114771437,0.024866253244126526,-0.5897427023614885,0.8070552251782688,-2.9953889211682232e-18,-0.4659751015255795,1.2572688049300293,-0.8192525909044834,-0.028018479903271352,-7.57932247282989e-14,-0.3667089268816996,2.38,-1.4499999999230713,-5.167761603788313e-19,-0.6945789772992713,0.7760219078434893,-0.6702762654007131,-0.763680043520035,0.17054931504523788,-0.8210849941354057
-0.02642640178963907,0.07388502012704574,-0.025577973978712826,0.004025030343341143,0.009730036419198142,-0.6025309528547003,0.7980260499344769,7.547614780924124e-18,-0.3884395330848772,1.3069778906816085,-0.9759638780026363,-0.125592431617842,-3.4762144852323395e-17,-0.25195947702021326,2.38,-1.4499999999998827,5.35488667971244e-17,-0.40338832578720074,0.7443795744103603,-0.4677338403342544,-0.4495621060265985,0.053147516146964315,-0.6924379957144599
-0.030233752764107853,0.0737148179365338,-0.03250183674388453,-0.0038660035537126437,0.01585704955075639,-0.615926547368687,0.7876344940659704,-4.200677257402572e-17,-0.3938584088731928,1.3282839797118107,-1.0494929571972111,-0.14589397986721492,-7.085825357345562e-17,-0.28530457755561456,2.2994787362317193,-1.428843560716397,3.1864438654449695e-18,-0.3671805802477609,0.7302663068299758,-0.4536499331380666,-0.40014891318253626,0.05769363467753507,-0.668510381161633
-0.033553425686841644,0.07380410445661537,-0.04096728258582839,-0.01470507324929627,0.02626810750418094,-0.6372753251036717,0.7700479902985867,2.1446159570688426e-17,-0.3994642446186689,1.3621681081939176,-1.1622325829431825,-0.16659551917864648,6.173967212152158e-17,-0.32340695961013505,2.1849449105092877,-1.359683739705983,0.01173093829707562,-0.33316658228078516,0.7099647641005647,-0.4423155861880036,-0.34440387449924126,0.0671665026259836,-0.6380415534277176
-0.030824317036799487,0.06200254303323973,-0.039047596658260304,-0.018633867009754092,0.018803214895496717,-0.667127280165852,0.7444732434200508,-2.4473896462177176e-17,-0.3180842994282836,1.502282797222785,-1.321706449736899,-0.34999999131107146,4.4365290933870455e-17,-0.16899784070149781,1.888400382886546,-1.1940909002726958,1.017626408193183e-10,-0.16146617477771097,0.5602677319576128,-0.2935040499144286,-0.044978518290459096,0.0009398053431929759,-0.37715758994918797
-0.02963587384638349,0.05666340485907791,-0.04005482527651523,-0.020008374436601924,0.015767262223089953,-0.6880918707506101,0.7251762791220625,1.0549057650253773e-16,-0.2882454580441864,1.5238455925183223,-1.345091716301828,-0.3499999999999457,2.249812966396164e-17,-0.09885721239186933,1.871435887880317,-1.192278421122118,6.324734371959884e-16,-0.1512521890423778,0.5185661295542169,-0.24648756425536789,-0.0005914483114661737,5.87378338122757e-09,-0.30744058065194824
-0.02991328104491143,0.04900626137134792,-0.04124386828402561,-0.022134901282827198,0.013884008189184041,-0.7045866497963554,0.7091367522492052,9.133693295509589e-18,-0.22208779433630804,1.5353539771319125,-1.3909439439432798,-0.35,2.2925329332421368e-17,-0.06485787409585304,1.9301897515936113,-1.132938581992053,-1.5765253745283118e-18,-0.2129286524710962,0.48427503063841354,-0.19051015241159444,-0.028971628948272984,9.609720312112434e-18,-0.26839851529317255
-0.027889533106981914,0.042003172200634736,-0.03840553421348686,-0.01788301343208124,0.005415097273741514,-0.7223046944691539,0.6913225028161075,2.1615111512095818e-17,-0.17977225698307808,1.5084276116897548,-1.346657937387395,-0.35,2.697101444945823e-17,-0.04658559923786143,2.0543412759645823,-1.1935021567548785,4.386939129939193e-19,-0.30374110379876945,0.4995147781018771,-0.1646622001675965,-0.11399523257204573,-8.550782256462764e-18,-0.29849549638078915
-0.02453371179259518,0.037776267922301564,-0.03513862524349667,-0.011823876365961569,-0.007210511463694738,-0.7340018984238814,0.6790061984858854,-1.2528808965652344e-17,-0.15449179164145815,1.4604787675468083,-1.284822009706538,-0.35,-5.6148465944618e-17,-0.024841281565742744,2.237835459983206,-1.2746478869413447,-1.5669438615630203e-18,-0.44891290099611625,0.5422363784892953,-0.14728267651102125,-0.27642278023985484,-3.2246071022291644e-18,-0.36883449034239985
-0.017606280797339217,0.03270607099288634,-0.031191231832132224,-0.0022005781160154476,-0.01863890124185749,-0.7514294973140879,0.6595464042679258,-1.1236307285834752e-17,-0.12959028070215817,1.400464164241278,-1.2148996990776364,-0.35,-1.2485514431299697e-17,-0.026397062075486512,2.3799493865843786,-1.3753472885084994,-8.563450590978084e-19,-0.6383722998721885,0.5938033637355011,-0.15274056356916219,-0.5168737981253265,-2.9448890496229705e-18,-0.47506781008604043
-0.01038661568909204,0.032510631311183605,-0.02652284718382404,0.00831470356113493,-0.01739647983142524,-0.7705803634986956,0.6370511216412579,-5.1862240955650355e-17,-0.12079243208300407,1.2854817935564955,-1.1289608360301508,-0.35,-6.7806966942674e-18,-0.06307992660548277,2.3799999999999604,-1.4499999957028733,1.1903699554865307e-18,-0.9627328577500223,0.6206441489064226,-0.2577320203685112,-0.9327534266242554,1.898872005655438e-18,-0.6404421747566895
-0.003993631220448085,0.03637328559501913,-0.024242330532074505,0.014029733605913081,-0.013946401913408159,-0.7853651993229512,0.6187165491087494,-8.644279387683594e-18,-0.13847363814601685,1.1989910889259516,-1.083163505726738,-0.35,-0.014983098256940513,-0.17630678606582464,2.38,-1.45,-8.464269466284663e-19,-1.2860466750714314,0.5851287370520518,-0.4213122483443573,-1.2989391219668884,0.0031137498956442288,-0.7556282028389103
-0.0011908892911481799,0.03979582487969245,-0.025113778179240223,0.011907474250512194,-0.009042156941532773,-0.7957063400463711,0.6054980362188044,-5.441995610651403e-20,-0.15459665443250348,1.1641738695376367,-1.095858157956656,-0.35,-0.07382365251147645,-0.33649517889952796,2.37998738568753,-1.45,-8.6410181230095155e-19,-1.539619647487163,0.5366412400844913,-0.5406643829505877,-1.5584672927735468,0.002473174245808623,-0.8212908714174517
0.0002600701356313586,0.037341524743435085,-0.029358335922268965,0.009621801781284918,-0.005289360826723919,-0.8058630881917919,0.5920001069953588,1.8471425406997885e-18,-0.1351393823382303,1.1726193442101924,-1.1595685402474918,-0.35,-0.11497906100957819,-0.43104671251254206,2.3061756139774556,-1.4483432577140416,1.8798702576096143e-06,-1.6753345774024877,0.499859118726786,-0.5802898310775805,-1.6945183712237966,0.008441198049724633,-0.8317676373620115
0.007693629035451525,0.0501228443638329,-0.029440757051206416,0.04467010249080144,0.013354315437006534,-0.8179801765841045,0.5733538827967494,-6.37510746331298e-19,-0.22857564428112032,1.1823818616135664,-1.2134619456463547,-0.35,-0.16483111793766186,-0.5906027576021129,2.0701560980346905,-1.2978634880612019,1.6002022133590639e-12,-2.141263098306406,0.3691652625860066,-0.6665320400041377,-2.156697231310334,0.04669004664384497,-0.8032822210223345
0.006253617502333495,0.048040649780255504,-0.029304659919989776,0.04269109052057456,0.0211160319495143,-0.827451568149755,0.5595136158766681,0.0039350130666517096,-0.23682495471962592,1.1831552619300851,-1.2476943810854768,-0.35,-0.20384957325273048,-0.6249818241782811,2.0019258355392555,-1.2535205294580523,0.009522530595617038,-2.1694972239802826,0.36560716681158173,-0.6569016336652164,-2.190770056826665,0.04398372928037461,-0.7942564547969282
0.00729195693532576,0.04659571916100772,-0.028743750554066954,0.04990076103741571,0.02623103359895334,-0.8404308092806939,0.5389785726130644,0.02797798692743226,-0.2727397782958224,1.173888761845165,-1.2611637884960099,-0.35,-0.19836786811024368,-0.643079107182017,1.9334243089343275,-1.2023210678159015,0.010597241182956057,-2.198250322341291,0.3537204309289314,-0.6386468269736338,-2.232598549879725,0.04614009399202909,-0.7732422157104636
0.009480216331419268,0.043749208517617724,-0.028631721337300027,0.056633366062328314,0.028504329841797373,-0.8517831293460199,0.5200439073676596,0.0608927247383087,-0.31789740596200305,1.1649299037971728,-1.257492236874165,-0.35,-0.17366144273795825,-0.6535937162132678,1.863552404436052,-1.150277952103398,0.009018940803276247,-2.2168921940211055,0.3338929487189236,-0.6156210356312166,-2.2655233241766912,0.05161180776137837,-0.7436686177102129
0.01287661927831517,0.04038468544233757,-0.028444966127335602,0.06343454389446188,0.02759771232307094,-0.8575581559482421,0.5097140709084711,0.0980141591808611,-0.36406365295766147,1.1613849951471038,-1.2402976793844616,-0.35,-0.1353309677303174,-0.661854265037442,1.7912986258522527,-1.1063196263604513,0.005586458014179855,-2.2209773803069313,0.30747296911189304,-0.5908737769199066,-2.2813428056090443,0.0558651541371774,-0.712224462916348
0.016015540127682026,0.03976138589719333,-0.028615404361765823,0.0694835885564097,0.024815302136777045,-0.8604504191398467,0.5041639692632219,0.13820494079477724,-0.4111625780623138,1.1652446554677007,-1.211172585770716,-0.35,-0.09169991373564759,-0.6659329541951327,1.723107873714047,-1.079824673241481,0.0002793229007089929,-2.217083836744781,0.27825805998459785,-0.5689850839976738,-2.2782485363294693,0.06080782025345607,-0.6862704100584284
0.02044926355708748,0.0405931389354888,-0.028854284704598075,0.07833334563108142,0.02028293948810166,-0.8594407333117398,0.5047911600380333,0.18558175856128833,-0.45434745050321923,1.180186007861488,-1.1789215278689174,-0.35,-0.038691892625097,-0.6678577393397149,1.664541516005792,-1.0666638009024803,1.3966145035449384e-05,-2.214792947239018,0.25361862347181063,-0.5535884058123092,-2.2633846694566753,0.07124754834446739,-0.6700433815928748
0.022061153512413504,0.04264592772871978,-0.029120201226304213,0.08281619923016724,0.019078159477617707,-0.8547682585048366,0.5120046144602853,0.2110530460926797,-0.48126416238675146,1.212323488239993,-1.1560601995374096,-0.35,-0.0019345946312548448,-0.6654968843835841,1.6215459562347123,-1.0520578245903391,6.983072517713894e-07,-2.1981138275749137,0.2350869527568996,-0.5456624246635605,-2.222588635373454,0.08877047321926826,-0.6631358869602721
0.019779026314519166,0.04745322435037165,-0.03044884652771785,0.08428307237893931,0.024056648622070863,-0.8482004064875789,0.5223731537911834,0.2022589159530057,-0.5036940627629325,1.2468688613071908,-1.1627410691966893,-0.3484983745667911,-9.672973156272862e-05,-0.6639847545734031,1.5949603603662503,-1.0328258385917226,3.491536258789434e-08,-2.17365237891503,0.22871590152414029,-0.5410806188766744,-2.169494939135614,0.10331019406164177,-0.6678422297105522
0.015110960880880911,0.05072997662148133,-0.02973299730799832,0.07787088617032134,0.020042119881200013,-0.8379620396269888,0.5397722285018882,0.1795125912967926,-0.6784210875071333,1.6586753246713988,-1.2007489089579906,-0.349686367832118,5.536846876049925e-18,-0.6276607698551597,1.466021877703998,-0.9712852583878403,1.2806264278068093e-18,-2.001502614021957,0.22735228460465257,-0.5227560133520268,-1.8635145885681315,0.15569035092753003,-0.811761240953765
0.011847318382880013,0.0518429658827678,-0.031269935499619914,0.07128010169432865,0.01714424946600965,-0.823146252896085,0.5630767870866541,0.14689786237668337,-0.7950968568280804,1.990142068924696,-1.2262453950486125,-0.3244971342079141,1.2875409177534024e-18,-0.6240069866366872,1.4430216366687474,-0.9739442274179136,2.614248707614696e-19,-1.8445920788551755,0.2517474995542445,-0.5234580048793852,-1.6617445420848123,0.17960873164941385,-0.9528283977414281
0.008536231851607212,0.05140943355346696,-0.03179426963649403,0.06511778109664179,0.018545272821043016,-0.8133013208435238,0.5778898761487548,0.10179255057365708,-0.845515256623477,2.1826484947264717,-1.2565319073147878,-0.2872354547155227,1.0460076189368952e-18,-0.6220011247644033,1.4455880920977362,-0.9753441405352543,2.7198564243886064e-19,-1.6779007449354184,0.27633206258820675,-0.5204663326493556,-1.47474874350781,0.19224452354344937,-1.0350072719226973
0.009086750261307668,0.056820682062654886,-0.030624395970568312,0.06648106606001229,0.01947187055716135,-0.8082506906508177,0.5847494635953132,0.07250218006234124,-0.8775767458421859,2.3764649277485277,-1.3111983747222258,-0.228246375823828,-7.155714738126711e-18,-0.6637238279242396,1.4132919221409301,-0.9192785161770547,2.228926966452976e-20,-1.5022411275535723,0.2755876310006867,-0.5161605256548242,-1.2962207561559027,0.23416750123185676,-1.071606100845131
0.007074159477792619,0.05909685683189289,-0.02489631745181917,0.06148132593851222,0.026579403138833956,-0.8067181340366936,0.5871281240972721,0.031961620851751395,-0.795669706786715,2.3799999779057983,-1.3349977452853916,-0.16359662185171014,-1.3178791574357394e-17,-0.6854941710289001,1.3423806254450228,-0.8325921125944833,1.1088426254247102e-06,-1.318737834367822,0.25815071758215763,-0.5058228734191822,-1.1252278643384892,0.2930238921655846,-1.0544333329155007
0.004758716368201584,0.05654586756305792,-0.022108706301563516,0.05336925918908573,0.02919814335486072,-0.8048220707249327,0.5903902311795729,1.9976013033554636e-07,-0.6614815530096463,2.379999999999862,-1.3595971260291928,-0.08621219416562984,5.745724412316591e-18,-0.6653331982012958,1.289793788100294,-0.7487640008622234,7.290934482830427e-05,-1.0792544582478896,0.2159387000638024,-0.48960500230041815,-0.912837704818055,0.37193738423012257,-0.9838744696617399
0.006964648622525796,0.0521266310814043,-0.028233883963989116,0.04830560225653196,0.02373068761734718,-0.8065290910121052,0.5887395422485482,6.237922595951955e-14,-0.5658218711226501,2.38,-1.3313978788223682,-0.08687721045307177,-8.501671904173399e-18,-0.6509184398016602,1.347951319999744,-0.8210771372477588,2.2784170297916815e-11,-0.7915657550852397,0.13904997192336663,-0.4590658871317407,-0.6648209990562385,0.44489056293326845,-0.8370740190960304
0.008767796418836826,0.0468129271159891,-0.03843234180926923,0.043894279402487385,0.017129938386471744,-0.8085041413498268,0.5866011514366403,2.8319935433373967e-17,-0.4070062046455682,2.135996839987918,-1.251864007392866,-0.34891366674782687,-2.376872622458768e-17,-0.659046732919228,1.553655291710689,-1.0431220610013034,-3.2511507969482662e-18,-0.5130797884830575,0.035808271902750245,-0.3593269780311473,-0.4112816128756673,0.4043453650583141,-0.5538747296865935
0.007360735123977691,0.046452403310796225,-0.0398253689601379,0.04778760242985759,0.025404606460683883,-0.8026088362664453,0.59404545867434,-2.242049936171541e-17,-0.39119919152651356,2.1133857748211518,-1.2700229325011516,-0.34994568333739134,-6.19360281788731e-18,-0.6579394404093604,1.5707048542400472,-1.0703521256072992,5.524663843668781e-19,-0.47868110519029067,0.03394567210275242,-0.34510073849275713,-0.3691384274720955,0.41207574058934565,-0.5185907194763516
0.006395725576193583,0.04650531415078394,-0.04138241114189009,0.05260708304375739,0.03255535505832158,-0.7972134699156925,0.6005192145598972,2.810426180711764e-17,-0.3664303654584053,2.093824547594554,-1.2947357938776103,-0.34999728416686954,-2.0734438461564786e-17,-0.6582395166146195,1.5911732024829706,-1.108189648493239,-1.9551104081019273e-18,-0.45418045367885984,0.03716820602167366,-0.3266503726237072,-0.3233226756569404,0.43176216548373203,-0.4774305928353568
0.005727261305212395,0.04555824720303567,-0.04280818171483574,0.05228197219352146,0.03584602527055233,-0.7934698533825962,0.6052993058222197,-9.409133360880816e-18,-0.3326818937582211,2.0905875101000335,-1.3156727720801538,-0.34999986420834345,8.647440412792384e-18,-0.6540880016046053,1.6122841307838645,-1.1402061403159551,-1.9551104081019273e-18,-0.454883895123144,0.03952297298317984,-0.3128633630594776,-0.29096770372470115,0.46732682426757166,-0.437617364123953
0.002799106017198832,0.0404328353394925,-0.04238350311332708,0.037434609964316835,0.03505218004824833,-0.7909733545401513,0.6096975865608999,-1.3070880629817161e-17,-0.22186963049392194,2.152327353493894,-1.3910226550022384,-0.349999999983026,1.6388718675490303e-18,-0.6232090874282891,1.638339556032084,-1.149083829988656,1.708619667800829e-18,-0.5301689214296361,0.016375334248397915,-0.31076517599145764,-0.28683328677044667,0.5850325417024871,-0.3623315109453089
-0.0008138533186842925,0.032243235584761214,-0.040761825963386664,0.01807581148475028,0.028767438633535477,-0.7895232825381159,0.6127794757038401,-1.7647553235443125e-17,-0.11146618478817678,2.2588411363562364,-1.4495278027472855,-0.34999999999999987,-7.306277084034053e-17,-0.5684826561476153,1.6349988870771868,-1.1233178721671224,-4.2733599237611905e-19,-0.6736195489803682,1.5865849728590196e-07,-0.3519206801253849,-0.3586475735244083,0.7217347731005905,-0.34550430207229293
-0.004755105711164697,0.024551909608755813,-0.03624838453218809,-0.0030844067023963733,0.0226642354046608,-0.7879231619126892,0.6153486083435369,4.023096444018619e-17,-0.02913387868180617,2.379991020818735,-1.4499999998524382,-0.35,4.900077863822911e-17,-0.5041091958306798,1.5799597773850889,-1.0529116814777226,5.277405945925707e-19,-0.8697535762960119,4.9587756753540655e-14,-0.45376370214740896,-0.4771858811300971,0.8813375534393921,-0.4013573415639404
-0.009377976057414038,0.013244827789832032,-0.02997083863478074,-0.024582303696138064,0.012844485843027408,-0.7842309231520277,0.6198488434292175,1.4281616797287543e-17,0.10926806418157317,2.3799999999971937,-1.4496217787038237,-0.35,1.2867758341092394e-17,-0.4092011797074292,1.4956124242171698,-0.9543953538403436,-5.569439944941565e-19,-1.0550516386628093,6.192727753663491e-18,-0.5504437880050114,-0.5950289961969049,1.0102940775252058,-0.5168310778966624
-0.012838873228126107,0.011252094861954845,-0.026940623691325983,-0.037405467054742514,0.0035579699005255667,-0.775574146645339,0.6301372191356093,9.40172344914612e-18,0.13540987025840262,2.3799999999998596,-1.4490581337211026,-0.35,-2.036537107138634e-18,-0.39463736438302327,1.4763140375784451,-0.9285600661384615,1.4223185250118093e-18,-1.1130335588986007,-1.3415495296153944e-18,-0.5700111270478235,-0.6371597289833831,1.0326206130191073,-0.5423541547294873
-0.014732459171807932,0.008334217079529567,-0.021960674181710382,-0.041260867196382986,-0.007316865192050572,-0.7593252249190382,0.6493606140840522,2.922394346806805e-17,0.13034872065449984,2.3668621352713117,-1.4499999999999982,-0.3419547560917207,1.149358412390625e-17,-0.3208883367991664,1.3043925732196389,-0.828871671655666,4.115101622662158e-10,-1.4850377079024326,3.2347732827598344e-18,-0.661282581665843,-1.0008005383112883,1.1281262313115261,-0.8372304655579755
-0.017664764633732552,0.005668791559025997,-0.019904245544697177,-0.048478791246616304,-0.01661382444726191,-0.7449674131608434,0.6651295670506202,-5.144537806324204e-18,0.12212465425013577,2.3526729647314433,-1.45,-0.33496158959595707,-3.818478835897766e-18,-0.3071927925542977,1.2926633237092358,-0.812086512680163,2.0575508447223018e-11,-1.5316000060072599,3.4337894356229173e-18,-0.6622472577219544,-1.0581675255920617,1.123663115121281,-0.860440006373084
-0.020776809417640842,0.0013792162124979307,-0.019029731553585096,-0.05831462553886701,-0.02581667833545029,-0.7213211021890348,0.6896584452500987,-7.171485657722208e-18,0.09344817543185108,2.314138929112701,-1.45,-0.3274366746926623,-1.1217707488140444e-18,-0.2913867226984023,1.285446910028192,-0.8008881201591642,1.028775520478164e-12,-1.5972640608870485,7.213860870117544e-19,-0.6598978312244063,-1.1440616396669008,1.1057390638576137,-0.8719325141034342
-0.024204624564654432,-0.002297540237615217,-0.020704104328182434,-0.06556643941599775,-0.03532920187247336,-0.6969739400075763,0.7132182109759111,0.0008283835227156479,0.03106292797792542,2.241784385406285,-1.45,-0.3245998540960749,1.3507673669693537e-18,-0.2819185820865373,1.283335460862526,-0.8134994563994533,5.143913163513147e-14,-1.6702996416074471,0.0019228131930006985,-0.6500334095403152,-1.2472835974495204,1.0614724309217864,-0.8810460280099911
-0.02565913784965341,-0.0027519083762676424,-0.0242853719006165,-0.06769715510241794,-0.041317333739154194,-0.6708429278905714,0.7373464173798727,0.029921379339814626,-0.03180156876731136,2.148070827358609,-1.4378596445414542,-0.33137776160965055,2.9252704898811863e-18,-0.28942560630516123,1.2855350690493892,-0.8503325362262,2.571971788197158e-15,-1.7472175308548445,0.01004549965167378,-0.6360796926678651,-1.3662437319627971,0.9941977781746768,-0.8895091312026099
-0.02694816869046504,-0.00047701678701137255,-0.02733308793958511,-0.06426367244646192,-0.037819899300756285,-0.6497715212956982,0.7564633538603505,0.03457865312954014,-0.06207395862849827,2.050616756894546,-1.3985364606793813,-0.33695295660386665,1.0395688354181989e-17,-0.30970435144163455,1.289542760048002,-0.8942118746982699,1.2869607040334282e-16,-1.8346219701116184,0.020316771271070733,-0.6190330217361825,-1.5035494630019537,0.9018933287152302,-0.8980653534766803
-0.03305765489573414,0.008958821177475717,-0.027578546027014688,-0.050996304496743666,-8.723768329617625e-05,-0.6236402869732475,0.7800462561804837,0.0031992664806306586,-0.008614802329960189,1.6145969275211405,-1.2289657520231223,-0.3040217922070431,-5.053237308761134e-18,-0.3958645371770627,1.3387103449030275,-0.9445551999057357,2.9424029474865806e-19,-2.1719594793791512,0.04440092079126256,-0.5332252657552012,-2.059951048947174,0.46046124162258484,-0.8200705477803002
-0.032246488889465394,0.00826448855902766,-0.02989218133036845,-0.04630425568938922,0.00032792362427691915,-0.6230367728035631,0.780820714444533,7.998166201573012e-06,0.008364700954967639,1.5038236537585616,-1.180209686117656,-0.2940640322374812,-1.5182038957759438e-17,-0.4028423660194324,1.3697577131509462,-0.9701020901225996,2.2386375448086075e-18,-2.2110660009939793,0.03319818935168448,-0.5214860056676885,-2.1273701820457447,0.3945247075498934,-0.7713962135706711
-0.0319639437639935,0.008272583117582177,-0.030813469452315997,-0.04289397515777439,-0.00021270311096847523,-0.6249016058096074,0.779524242541004,1.999541550096812e-08,0.04395754321419194,1.4171490708867525,-1.1826611017303905,-0.2765884477902543,8.798314775797448e-18,-0.41077345349606964,1.3952055109037318,-0.985868114066848,-2.8063365809886276e-19,-2.230308058434556,0.020340673389019105,-0.5199934424631252,-2.177523050654064,0.3787429140171845,-0.7272920327948915
-0.032357761458611405,0.008351239541352553,-0.03061593977786117,-0.040809548953124504,0.0016390469797238913,-0.6269857901708055,0.7779593261624496,9.997707645960233e-10,0.05489306447625225,1.380141748966277,-1.2193797351485343,-0.26150724072478587,-6.597872648938717e-19,-0.4134376960478259,1.403487171871767,-0.9875476975778877,3.177459781130696e-19,-2.226936055330615,0.02127370109553268,-0.5218891644386705,-2.1983074988361757,0.39682904432419625,-0.7070302432929482
-0.033645006041829094,0.01221184666948951,-0.031965662798491556,-0.037941081629391,0.006138068589609311,-0.626637562346725,0.7783624887511837,4.998853533350489e-11,0.0688642227352714,1.3507355618429786,-1.2626700760511387,-0.24637902924528327,5.16808244308606e-18,-0.4367393657289652,1.4047229744626983,-0.9960296359091653,8.738999720270994e-19,-2.2092084117726953,0.031164207879774225,-0.5254493516774688,-2.2026380039618725,0.4375557409877401,-0.6861289210368248
-0.034311339345192496,0.01692850013592774,-0.033643117698146,-0.032462108929231674,0.009739984530121395,-0.6295382745834364,0.7762299305101102,2.499423728423953e-12,0.0754067533774795,1.3254022390760907,-1.3010358310582848,-0.23544978873205497,-1.7991615512800502e-18,-0.4634169427263083,1.406878120333154,-1.0067154717002695,-1.7699671047863097e-19,-2.1702202924719995,0.04320226393085756,-0.5328325601209926,-2.1901989803885424,0.49166032208798593,-0.6695271377401718
-0.03365629356049843,0.025357371887004272,-0.03442583628476141,-0.02242535762041177,0.011111962704984022,-0.6382272525598561,0.7694410969725612,7.907841921518637e-18,0.11117650785101521,1.153487934274285,-1.3285510259978999,-0.19943394718310878,4.517704729479815e-18,-0.6297642900426784,1.6118326592384091,-0.9564383558329211,3.385723353134745e-19,-1.9047922655960237,0.1634662883413879,-0.6455028196346833,-2.0986794757333054,0.7547606024771571,-0.7251171261352615
-0.033718488077673664,0.03675398862762173,-0.02879795369815179,-0.011650391979184209,0.01346709249442186,-0.6339893045786524,0.7731367715135247,1.6798299735899773e-17,0.028702912168700738,1.1111070655937967,-1.2386707557899599,-0.21631776489071364,4.138233969109888e-18,-0.656980348280159,1.688697239844899,-1.0439048828053934,3.385723353134745e-19,-1.826918337964682,0.19267012821780313,-0.6627439665508994,-2.0368387372390853,0.7693600800643086,-0.752807749167587
-0.03611126606072408,0.05068036370533317,-0.02494893501113873,0.0013013276782543942,0.018715366051310058,-0.630574876676938,0.7759016474552076,-6.8341532894056625e-18,-0.08547200914966539,1.0693796355681362,-1.0946704281480737,-0.253269240278639,-1.0938991951262222e-18,-0.6512633374615924,1.8522890571563928,-1.207839371256361,4.099794602156465e-18,-1.670188792104864,0.2560962160417434,-0.6825021707346359,-1.8995411140261342,0.7533479299284078,-0.7992499364621329
-0.03820574633018173,0.05805285106407126,-0.021014047540367575,0.0007252213186742967,0.025934039690806168,-0.6246193777470174,0.7804982591795355,-2.5006894815109214e-18,-0.16058212640866848,1.0400403084749599,-0.9739832774938497,-0.2759731239916531,-0.017593163141198184,-0.5914947122901564,2.1031241770363596,-1.4055003910885444,2.755044131643222e-18,-1.4436410255142995,0.36750083679007106,-0.6905423892881647,-1.677944917513027,0.6652277627961556,-0.8652200653001836
-0.0376384232576509,0.053448832034610594,-0.02081383161081069,-0.012706519670801447,0.004493934638284859,-0.6114450487923558,0.791172105939432,-9.36283102076041e-18,-0.14666389514202796,1.0558006915605183,-0.9374029711605744,-0.28846620627843034,-0.0251884968253121,-0.43197991335653535,2.3799999999644017,-1.449999999999979,-2.6182446945912052e-18,-0.984859219307119,0.5990817987659907,-0.693148468739238,-1.1321124265010134,0.3787754080045974,-0.9602299041446961
-0.036359958259393144,0.050446220811451364,-0.02389945594439845,-0.013307398363524773,-0.006223530337104165,-0.610004207321784,0.7922619818397568,-7.21619120436849e-18,-0.12345370678512275,1.0932696735750327,-1.0048438563309925,-0.28311680303754494,-0.019013785229387944,-0.2186100917675959,2.38,-1.4499999999999755,1.2959389629139513e-18,-0.7076739780320805,0.7184972029895673,-0.6389430274267072,-0.7712702241332191,0.1717388923928762,-0.9453040475772638
-0.03966762824296165,0.05772475913359388,-0.030123504162875916,-0.013453151677538255,0.005339509284094313,-0.6130749626597958,0.7898921397951976,-2.5834866095614936e-18,-0.15671838131685661,1.085965478643424,-1.065210123429323,-0.28190468277334935,-0.0009506892614694028,-0.17651278777326507,2.3630882451688784,-1.4193408101939242,-7.537611863204362e-19,-0.6608366901301675,0.7223349452182037,-0.6274380270715172,-0.7195616714660485,0.16985531202674223,-0.9299616297874558
-0.044170516387818194,0.06368146901764503,-0.03905090905044238,-0.01711640785283816,0.015200088930943186,-0.6160182549143133,0.787399197034789,-4.3317626126943695e-18,-0.18496980554929413,1.0898447521900265,-1.1719585200142975,-0.28170154468747927,-4.7534463073497634e-05,-0.1512596742124731,2.274906408448588,-1.3562807920707287,0.007143647774216134,-0.5930703233701713,0.7201750673222407,-0.608924658209523,-0.6451541785916413,0.17200037994294318,-0.9036656022820208
-0.04482651147438337,0.06335406750986229,-0.04340219647944195,-0.01705097375862068,0.019439547361377284,-0.6223382447811956,0.7823212111242592,-9.017548876905159e-18,-0.1799346863999805,1.11397183303145,-1.2672363509222722,-0.2845700268508354,-2.3767231536446582e-06,-0.14977847913634207,2.161369029511889,-1.322972974936407,0.00942252048460462,-0.5125061831014656,0.7077698510747014,-0.5848790548493059,-0.5535703461044197,0.17468389798478764,-0.863307590714138
-0.04215743558756204,0.04863010985197985,-0.04592897169862158,-0.02328477322143128,0.003317610176531912,-0.6326109457080223,0.7741125268132175,2.5864381276131427e-17,-0.10214031035309407,1.2921652037813498,-1.4392300251786971,-0.34997794058455456,-3.711480339194697e-14,0.11891519098830287,1.7242400109370664,-1.3099104788950529,1.8519295521206153e-09,-0.2496382544009634,0.6004034478821464,-0.4278060401950081,-0.24831057359225484,0.09577416843677783,-0.6246055536986126
-0.04221360695315465,0.04602649037127416,-0.04603813400264013,-0.024763800587139444,0.0008259593510859932,-0.6368595190831562,0.7705816147072299,6.2910139144839965e-18,-0.09964030193742142,1.3295121806701093,-1.4499730750629467,-0.34999994485146135,-1.1104370066280453e-16,0.2008816299779661,1.6074544184089823,-1.3281764342846938,4.629826896482959e-12,-0.2498220588185861,0.5743417172111561,-0.3803220027297407,-0.24063553261210635,0.0604372342100119,-0.5602076001139116
-0.041889481508388976,0.04397785786105209,-0.04531127878071478,-0.029386394365485374,-0.003990489221692658,-0.6451153026377641,0.7635095036242535,9.489385636355697e-20,-0.10853203151333025,1.3742143186456477,-1.449959895648762,-0.34999999999310644,7.179030195140722e-19,0.29146323371905936,1.4902889765713971,-1.3232712584139827,5.732273828042054e-16,-0.3284788795138888,0.5577551637596176,-0.3215847553363362,-0.3116644326940733,0.006998901491224025,-0.49891191897765286
-0.04051302838745289,0.0377772055898866,-0.04214394019819361,-0.03360744260339325,-0.011148548964852343,-0.6541434173064303,0.7555412889129909,4.728165376943629e-17,-0.09550902399566982,1.4132972806935877,-1.4075099954018777,-0.35,1.3747595248945621e-17,0.35632119846348836,1.45375103697082,-1.2229757066139952,1.1152799440195513e-12,-0.5405606210204724,0.5663514232316027,-0.2797831909139788,-0.5188212889760241,2.733865808946639e-13,-0.5244225587789692
-0.037629016074884086,0.029874668207586604,-0.03553439573551222,-0.037706734556980044,-0.023071699884943064,-0.6629626954807822,0.7473462137686419,9.298255889891934e-18,-0.0673657001675549,1.3917702137652503,-1.3002155939403257,-0.35,2.3233632193205544e-17,0.4106672576192846,1.5422348481293886,-1.3183973042168136,1.4069914908740336e-16,-0.6837051284577812,0.5713668583499869,-0.30447834339840946,-0.6632600059429828,3.3872582926396304e-17,-0.5912420642442372
-0.03487174805605988,0.025945250909147406,-0.02746278760837133,-0.03428594688916206,-0.029473045683256757,-0.678308595862687,0.7333847981809113,-1.8047904066218103e-18,-0.017731223317859843,1.2316408441933568,-1.1421033397849238,-0.35,-4.7712965055456914e-17,0.38013075617481595,1.77110395954885,-1.4499999999999884,3.4157235829649524e-18,-1.0535919497603161,0.5794541336006122,-0.506348369070404,-1.0000610748135996,2.6060510391737825e-18,-0.7648478063714845
-0.03150601699028082,0.020840540559778797,-0.01892541873305983,-0.03353792390253892,-0.03979396232586484,-0.7022267443209361,0.7100487643698379,1.4045632667789382e-17,0.02910438408277701,1.0742637245644968,-0.9750977481572238,-0.35,8.851291308094523e-18,0.28280689764857136,2.02272389106386,-1.45,2.1290469436557683e-18,-1.358100783977697,0.5585310185158341,-0.7128040307116641,-1.2552558289867997,0.007883484777777767,-0.8078980143157818
-0.028583675301922754,0.024418317549474027,-0.015764928225399856,-0.02512272310470154,-0.03899545594544681,-0.7206133538372752,0.6917836348677271,-3.971300571970056e-18,0.029259477098096207,0.9634960095893829,-0.9076331233160184,-0.35,-0.014812738090086142,0.1060882322293765,2.242874683519518,-1.45,7.552038626202478e-20,-1.6392311861507012,0.5423594345768921,-0.859727741987823,-1.5107311465372408,0.058760809911439775,-0.8285457454141093
-0.027056761737988662,0.02881288514807444,-0.015549905584406113,-0.01528926808890934,-0.034434462359191204,-0.7309045714468027,0.6814389286807029,-6.176466241718827e-18,0.012847610328051463,0.924967254603043,-0.9067581325372978,-0.35,-0.062477005381491604,-0.03532879025321115,2.2869680421356864,-1.45,4.355797044826583e-18,-1.824983461030609,0.5388910476916127,-0.8951959751272016,-1.7020308059501283,0.08711313579158221,-0.8374883630923027
-0.025494518503350532,0.031047524394023182,-0.017194232454219797,-0.010477493980846072,-0.031156648406119022,-0.7378208468807917,0.6741957306955372,7.07056657781196e-18,0.005938915068281252,0.9146344910696608,-0.935017748388669,-0.35,-0.08893162179034476,-0.12160294045866521,2.2472160878212626,-1.45,-2.2310386097567727e-21,-1.912162459255422,0.5470888914074362,-0.8834764523524338,-1.8026133630549155,0.09121482446438794,-0.836278831078921
-0.02401956041248554,0.03276018527211899,-0.020587423558671002,-0.005974729316060264,-0.02522006575395607,-0.7465017516831486,0.6648784743296747,-7.891423402488002e-18,0.0015208283129800899,0.909324022485359,-0.9767984228308602,-0.35,-0.09637968681723558,-0.18950487074717814,2.1914372496784194,-1.45,-2.2310386097567727e-21,-1.9653287671243904,0.5536612507431831,-0.8641647670760229,-1.8759567883403456,0.09033998601857064,-0.8301380512925068
-0.02157605515534769,0.037142576444765915,-0.025249210335568213,0.0019587739824692488,-0.01168384942213327,-0.7589160664672139,0.6510806823467405,-6.2380150894476075e-18,-0.010407117081609267,0.9007474250071327,-1.0466443484852948,-0.35,-0.0969151905160599,-0.27420600114063676,2.1042517185628724,-1.4171422640591902,0.01060303477321873,-2.0159341422361443,0.5596399352185341,-0.8319865313000989,-1.9582904772356635,0.08212697426511265,-0.8187413009106677
-0.023852189683946867,0.04388002166552332,-0.029661729735444477,0.011121243030744701,0.0066829110262702105,-0.7773456993360043,0.6289398384404377,8.635091403324466e-19,-0.036213329411101586,0.8907911036153792,-1.1235103277347953,-0.3492170209781224,-0.11554640624602991,-0.3462107184001783,2.0008094384929773,-1.3381934710371308,0.024870816194158173,-2.052933134479106,0.556291980194546,-0.7925478776630988,-2.037237139725236,0.071843972529098,-0.7989341274707349
-0.02408099762497349,0.04825297652892889,-0.03188593177052708,0.021803820558156647,0.01732886270329007,-0.7944865109916338,0.6066428008134754,0.022726005942308176,-0.0737880241591694,0.8841455861135947,-1.171360697240221,-0.3499608510489061,-0.11274965549296244,-0.3838670674347844,1.910100086839896,-1.2563727763592571,0.03343475981552599,-2.074768382417932,0.5399146337691111,-0.7483516511803462,-2.1029944965563256,0.0605809193513494,-0.7707396883221302
-0.023175020341402557,0.05016863763915638,-0.0337698618174368,0.027138631897300262,0.02108320154867172,-0.8091888362353862,0.5865427696112377,0.05563761334420458,-0.10475249013810309,0.8924250577579979,-1.1986190651936937,-0.34999804255244527,-0.10031225989871745,-0.3972218204635962,1.8276219480315474,-1.1847998196308427,0.03850755850530703,-2.081896004226487,0.5087145945044389,-0.7072337575491959,-2.140531374489207,0.04789148871263773,-0.7402362230057209
-0.019857464318008482,0.05035744327626171,-0.03402582881911686,0.027191936008760926,0.017506018214223377,-0.8134279678815568,0.580765941675697,0.10813661735566682,-0.1261243064966559,0.9165610690369754,-1.1999647576562127,-0.3499999021276222,-0.08532509332048821,-0.39475518271235416,1.7591886130040275,-1.15092540113687,0.03935319140478721,-2.0751040595516046,0.47008403909312196,-0.6716065088050206,-2.1366098769783908,0.03062356123274702,-0.7162179589733736
-0.015529345675540932,0.051840494032248254,-0.035322685744914845,0.027509708789971776,0.014615728532834688,-0.8110266956660324,0.5841791637150212,0.15800421009776514,-0.13654447397153593,0.945519618906934,-1.2056598716305045,-0.3478062042654165,-0.06642652944052425,-0.40029641163968893,1.7028697914384787,-1.150555607802879,0.034889492640231626,-2.0566051887308565,0.4369663771870994,-0.6459224880752591,-2.1041381791258513,0.01730325741134128,-0.704614200508276
-0.009103337947868781,0.0521466950649063,-0.0365489325371332,0.030801340589639747,0.01196931137447766,-0.8055657998995177,0.5915841064762906,0.20157787457499585,-0.15844853065613126,0.9704450727359144,-1.20585262408401,-0.34470409742658936,-0.035356392697806174,-0.40099325321644985,1.6705693371439367,-1.1628014091912393,0.02859814885679119,-2.0302193868420995,0.4124696567769331,-0.6286874960999044,-2.0400960640214114,0.0151448371332016,-0.7006476614695343
-0.001923851146044416,0.05600560168379811,-0.03791340526469842,0.03640891856678126,0.012201610277987888,-0.8016144246774534,0.5966069271341528,0.23111507424783193,-0.19287048622325934,0.9911831007322436,-1.2022962705547138,-0.3419028867137542,-0.0017678196348903177,-0.4212149134441417,1.6429117508746782,-1.1813476537856917,0.022824657153797952,-1.9954709323629904,0.3957575025738117,-0.6179851308206852,-1.9673198206713407,0.014817743663993911,-0.706110632832445
0.0017619502044904682,0.06500839542411974,-0.03774405391370863,0.04189908854780793,0.010269223985314447,-0.7964237638153626,0.6031983072321846,0.24254256306486707,-0.4368030501952962,1.344297449485393,-1.1862247786875226,-0.329715607195626,-7.579315958967067e-18,-0.4535752027907971,1.542961437736078,-1.1648119502689056,6.402310561877166e-11,-1.7697293800944938,0.2905146462025642,-0.542116859948825,-1.584468028765575,0.0014852903764838302,-0.8410354951754127
0.0035461493679033304,0.07440314706354537,-0.038249720631354726,0.050105776035990535,0.016308471032567377,-0.7929296441022654,0.6070304971616042,0.2162817485653534,-0.647517492620418,1.6695627423213284,-1.1911633461964044,-0.30801711092922346,-6.171674992826032e-18,-0.5254131378146965,1.5301029777828459,-1.1442564500558587,7.917041421486564e-19,-1.6357280696291279,0.2523273487291707,-0.5049344283871317,-1.4115412911574554,0.021114392434185895,-0.9675470953495483
0.006461467863944334,0.08529344254584086,-0.03763327459180857,0.060207545466501367,0.025473982557909284,-0.7925971543380876,0.6062308789699701,0.17552247141423022,-0.8241137008827384,1.9465757332769698,-1.2098240710245904,-0.27016185953573596,-3.173091560828428e-18,-0.6268291192469145,1.540590991689995,-1.1019064811517287,-5.489285185995091e-19,-1.4956148029893748,0.22931024304201278,-0.4853800689600783,-1.2610544135545463,0.08712368202595,-1.0582541173206594
0.009509482188104858,0.09771073979620318,-0.03616323072402181,0.07096247857354143,0.03590850166791979,-0.795912468138854,0.6001651849314337,0.13332902018535236,-0.960390737059877,2.1944204614419176,-1.23518182953767,-0.20523701786589138,6.4480675356710645e-18,-0.7424105345905512,1.5417540835162336,-1.0252752208212703,6.781368415549811e-17,-1.3277211109183273,0.2054187318995553,-0.4612876008632103,-1.108988844576797,0.18349463848907238,-1.0881341138724958
0.011727067878164167,0.10490865480819134,-0.033989797661248204,0.07562634266375391,0.04315410049711268,-0.8004389936429318,0.5930563188782998,0.09691985150573847,-0.9938129361026307,2.378071843526396,-1.269877195743591,-0.13905656217611928,8.504994670946638e-19,-0.8017239142349699,1.5176296058064975,-0.9545523326468239,1.2264670033768706e-18,-1.139906537565093,0.18411045469495774,-0.4434572425078149,-0.9600629270151675,0.2721970092607319,-1.0393474817254236
0.013721189362026874,0.11090927962666292,-0.028948918243999585,0.07731986881419622,0.053167832915756386,-0.8044314360035265,0.5865874906600903,0.05785150073132922,-0.9017363171221198,2.379999987949022,-1.284745456370147,-0.06263164760740844,3.1089703390877434e-18,-0.8392916472573706,1.4587649154057643,-0.8503875598682028,7.259065854130566e-08,-0.9524472827038211,0.16046896148735323,-0.4272245019776513,-0.8244258712566518,0.35767461963199976,-0.9537220179325826
0.013857498084848706,0.10905854502872515,-0.025489037393274835,0.06978608688988593,0.05372857218427875,-0.8079140008466348,0.5826818255648781,0.013643661165031283,-0.717821972100492,2.38,-1.3421371742219057,-5.533830981120586e-08,3.048669767064003e-18,-0.8211603347907677,1.4031389951867246,-0.7625425141905254,8.454133030453433e-11,-0.6725537566032846,0.13276894823194302,-0.3830425150484165,-0.6225626134089458,0.4333363963358915,-0.7930583459786363
0.01679797218831077,0.10951478185819233,-0.029460572231653593,0.06803834022165868,0.05084278628162102,-0.8145074965245284,0.5739018500130034,8.527288229283914e-08,-0.5646509376970814,2.38,-1.3236481368624136,-3.458673422617784e-13,-1.1877775110014204e-18,-0.8333452974515811,1.4300918439045085,-0.8409906136786001,5.325947029006133e-16,-0.48138108051251266,0.129076556467144,-0.3378314231451669,-0.48786032711899824,0.4651607887639133,-0.6533555078003123
0.01929648895752777,0.10864944502352235,-0.037566018849104786,0.06506672893991276,0.04645881170030619,-0.8228728816684759,0.5625727688175753,2.6668166946281864e-14,-0.37607028935847037,2.1747299272033866,-1.2359567726544083,-0.001012977223570459,1.5734804023721665e-17,-0.8637000710753767,1.540435136310841,-1.0015015234974203,6.282284905980108e-19,-0.29568566632154586,0.13523612321941017,-0.26585953894657455,-0.3602177791815444,0.4601993590948048,-0.4762497667881548
0.01862944070635779,0.1085437976610384,-0.04177555536717934,0.06346181689532215,0.04651038289640009,-0.8250869245518749,0.5595006246758826,1.343155760930954e-15,-0.33812718185857443,2.113112390547097,-1.2190477333133825,-0.0075674079570195165,-3.489743743135139e-17,-0.8788286863602346,1.5619497542368292,-1.039638028046762,6.282284905980108e-19,-0.25714067577582395,0.1421713674387345,-0.2459533410478596,-0.33152834718794155,0.46988623485670217,-0.4367463241317589
0.015630146716361537,0.10583773253145765,-0.0437553132095167,0.05815739521098169,0.048518926240066367,-0.8294195551651111,0.5534680051172726,5.2358457851761763e-17,-0.30725982019572673,2.0511168713193997,-1.2333674315755871,-0.0006827248429501498,-9.099719214284068e-18,-0.8709361393317828,1.5934563142534681,-1.0581205272854413,-5.257358454931228e-19,-0.22811557752938935,0.15094728113785602,-0.22499814923485723,-0.3101444777150257,0.4928999148192919,-0.3951910535393375
0.010909240809316583,0.09891043353262356,-0.0469177304910368,0.042527909738491985,0.04474517808131987,-0.8344293153469413,0.5476467507630988,3.2191474272958295e-17,-0.13090529478772442,1.8645715699690264,-1.3393585752889494,-4.267030271470391e-09,1.0424475289585452e-18,-0.8561442490992934,1.6984054917770564,-1.0903239102641626,-5.191468319992711e-19,-0.1851030491954126,0.16851657445586904,-0.16467641276416264,-0.3087156138879155,0.5858239236055945,-0.26379457672231876
0.009872741625294498,0.09684229011499754,-0.04857155904139081,0.03511704895471127,0.04203625079467728,-0.8369455717837574,0.5445382046866848,-9.008208281490873e-18,-0.0916602912434698,1.824069700191227,-1.3694443738233875,-2.1335151451983336e-10,-1.4841114297954095e-17,-0.8518219296159832,1.7230252672397088,-1.1005015741283983,-5.191468319992711e-19,-0.1975983615221274,0.16932257230347228,-0.1555572324455928,-0.32406943596050286,0.6254008384529872,-0.22952701793152716
0.008666981912379556,0.09429317809176956,-0.05056548348428645,0.025170416606251276,0.04017259318359257,-0.8419591957005054,0.5374544870592584,-3.614391462652553e-18,0.017301414744661944,1.7207115424718766,-1.436621861045777,-2.6671757367048378e-14,8.442093622439996e-18,-0.8518024892562134,1.7853356709169776,-1.132412124532227,-5.365441535274621e-19,-0.2868721901497503,0.15833760346030676,-0.1477715692154202,-0.42241694585803186,0.7918656955247277,-0.12084592545611414
0.008430677129670034,0.09487208116847005,-0.050640510723142546,0.021581411332028268,0.04828992695881549,-0.8497756686988918,0.5244841642286071,-3.0884508538984895e-17,0.11951932854768438,1.556044960441039,-1.4499999994871102,1.2587915924794898e-18,-8.176202735824983e-18,-0.8704766085471237,1.860314740521033,-1.1627188131311317,-1.7231742983669324e-18,-0.49742477641370714,0.09151814337680775,-0.1807485259853077,-0.7115160271984308,1.1261478999007892,0.03192449190242652
0.010205582511225124,0.10282492878174115,-0.04650450590816265,0.03313432855409035,0.06627030453421329,-0.8567137411337049,0.5104428751201284,-5.308394391744152e-18,0.09378092742806138,1.4354093847504081,-1.45,3.70086664547829e-18,-0.006777363138605777,-0.912062393810553,1.8480775223560875,-1.1291826379140477,1.1290052239581895e-18,-0.7815607664309357,0.00014150114134271708,-0.2500641896338761,-1.0309421956126588,1.474366084721358,0.08989927631567438
0.014255984021225205,0.11797204440476182,-0.03889272528915056,0.05747806855991806,0.0877766433605451,-0.864102669482416,0.4922581732265495,3.434923628526993e-17,-0.07941863786853107,1.4324588732477774,-1.45,-2.8281130544951987e-18,-0.053075671493668895,-0.9813121520229062,1.7460525454485654,-1.0206161352333836,-3.7151471947568944e-20,-1.1158142955585042,3.7980325512412224e-18,-0.40564945158961696,-1.2645748904513603,1.7682448455260906,0.03161969488260889
0.019093058800232807,0.13460079934481645,-0.031012881734596445,0.08365700594557611,0.10287003285803616,-0.8679148843514433,0.4786888501074883,1.3910653758212856e-17,-0.3301813921627649,1.5342891711708004,-1.45,-1.3093867327270275e-18,-0.10674241981691714,-1.0568203771972926,1.6171808492920876,-0.8802835622713254,-3.7543829326720657e-19,-1.4174875727766854,-2.545748419976639e-18,-0.5412565630085162,-1.355975192898626,1.938096025821991,-0.04703125677083497
0.02449762821034569,0.15084752260925563,-0.023880797532538984,0.10986991690368969,0.11415102240955764,-0.8702027256293408,0.4665247707782465,4.692520036746438e-18,-0.601806481760522,1.6299133167997515,-1.4124327120292426,2.619500978990042e-19,-0.16145892487463118,-1.1313907519844693,1.4947046131733415,-0.7357391572850157,-1.252589732606995e-19,-1.6904818902358754,6.995782898284286e-18,-0.6671258630048195,-1.410871803022906,2.0566534657865723,-0.1050682555698347
0.025458748276457544,0.15149008529608637,-0.023090788812314494,0.11700798466627271,0.10761398933355107,-0.8700849486955781,0.46656247478496277,0.04174757502087813,-0.7034975381039494,1.6042309962762067,-1.3955634376418147,-0.0093377988282166,-0.16471796353124044,-1.132076750144587,1.4845911385386872,-0.7211106157175151,-7.282518743490355e-19,-1.774448290016357,1.4478516764849018e-17,-0.7020385174034613,-1.402619748297119,2.0761350149593607,-0.11236777901609914
0.026675804023046097,0.14984472700432366,-0.02295535270925647,0.12327115040848663,0.09925063091774576,-0.8692219707978377,0.4684086903780938,0.09734511868748999,-0.7785240183045777,1.5725879019365443,-1.3794526060495882,-0.01994894446390051,-0.15730302490311102,-1.1275797927642623,1.4826402377351,-0.714952163122798,-2.166082537069685e-19,-1.8293880700211644,-7.776953763537972e-18,-0.7245842527103181,-1.392598312149529,2.0814162197364814,-0.11798403960443211
0.031297167426346424,0.1479826414276336,-0.022897940038233165,0.13366921330174508,0.08765976318954122,-0.867478510548168,0.4710937709946697,0.17484813442329555,-0.8566472940170212,1.5318039283068803,-1.3533385297890714,-0.0327103279674238,-0.13339018258065616,-1.1294675706139448,1.4748985269267354,-0.7107844651468473,-2.166082537069685e-19,-1.889800040718766,2.3747918467372578e-17,-0.7513229215174198,-1.3771112633417681,2.0819435569226767,-0.12634137251342228
0.03755768447158134,0.14461618491734796,-0.022768017195835922,0.14749677755532095,0.07159637661714098,-0.8632430077422035,0.4774203274372456,0.26931160116633734,-0.9209867633691978,1.490728928762163,-1.3164745171458383,-0.04458746556940596,-0.08815685027897868,-1.1324261670961968,1.4645563549789922,-0.7053203909538238,2.425546037093552e-20,-1.9439269963728272,-3.716346248728927e-17,-0.7796917851875893,-1.3569454012723308,2.0760701156362424,-0.13823774094447056
0.04853630626871551,0.14110614094823165,-0.023389799509185516,0.16512982248164534,0.05098780652631797,-0.8574186101827922,0.48473261931195055,0.3537314760559288,-0.9357937545343482,1.4683917014011936,-1.245391194970292,-0.05228990978726503,-0.013735166275210847,-1.148625268615111,1.4469847653019061,-0.7024061978314289,-9.584898885409393e-20,-1.9913763246962366,1.181600987041606e-17,-0.8112117149560826,-1.337582449322309,2.0670393166302663,-0.15214420104764614
0.06101624550486083,0.14917366993340161,-0.01442769884244399,0.19054746939710743,0.0486874192923201,-0.8558478296402838,0.4783781868031067,0.39583273631737736,-1.0357531600084726,1.2923664293912434,-1.0210101086133285,-0.08731334850730013,-4.822673199136832e-17,-1.1809564963939088,1.2492772197503774,-0.4997293756367823,0.006941592228070595,-2.1557701961917566,-1.0833730548502736e-17,-1.0394517847103255,-1.264122890093088,2.0532617520590253,-0.238818168944838
0.06663602051661546,0.15267585857083676,-0.010273472618664504,0.21013018601884492,0.04710893441407753,-0.8545721870049329,0.47258060732499607,0.3998261375205142,-1.070727366346238,1.196046146709189,-0.9874043840505059,-0.06289060976592703,-8.869295173890791e-18,-1.1903537066444811,1.1657039665954585,-0.43063001646068283,1.1347574941037478e-08,-2.168102516916044,-2.6048654730834608e-17,-1.100906275383761,-1.2773518369913386,2.0725098202039782,-0.26827631377377853
0.06980556584739228,0.15379164653664337,-0.008432096536347864,0.21999149092263642,0.044722771077310354,-0.8549098210708499,0.4676888019884693,0.41104065487868796,-1.0839425407205516,1.1717259884410374,-1.0038630842355212,-0.05304799196918676,-2.5637343593653334e-17,-1.1968605010281106,1.1425853689912162,-0.413928434490376,2.8368937084797672e-11,-2.1709890488245,-1.5891378660029442e-17,-1.111566102478271,-1.2856668052073696,2.085895881419786,-0.2710879907289785
0.07201181428613662,0.1553609879198593,-0.006616743761716882,0.22997752552613726,0.04437371341880798,-0.8537180635212777,0.4650879264480863,0.4209059485546944,-1.0914389020886306,1.1540689463967626,-1.0189193860474377,-0.04170365917174049,1.8021529836412302e-17,-1.205276115716065,1.1210034373626807,-0.3994642964852409,7.092235607699183e-14,-2.1752294496049127,1.3993000741898822e-17,-1.1215790515691102,-1.2974106898551854,2.1023028256704657,-0.27330084556436834
0.07172721783742968,0.1561161499829737,-0.0052031632958917575,0.23569819255814384,0.043819789502976235,-0.8514926901911857,0.4663543573547016,0.41761105055650566,-1.0907069054717764,1.1444905100385938,-1.0011547068532267,-0.0303156269069939,-1.2817887614206181e-17,-1.2039928460000766,1.1043098377738785,-0.38494498561431656,9.057589987786494e-18,-2.182204957687476,1.5470665237839328e-17,-1.1346112620435636,-1.3145355344094687,2.122689904543086,-0.27998111332232145
0.06866747053839085,0.15710003853012428,-0.004700204235954703,0.23390693320663597,0.04544807847226125,-0.8492533421924375,0.47115897480152075,0.401794865721096,-1.084099482397625,1.1443344080184974,-0.9675051232714973,-0.0202487386723993,4.951140690944338e-19,-1.1945722942529768,1.0873155140793993,-0.36794255381169333,-4.098413276615809e-19,-2.187017435658679,7.987443213152235e-19,-1.1442628817148974,-1.3282448754436298,2.1421899647719362,-0.2933269185005016
0.062428706095377706,0.15705244998681522,-0.005870397688552892,0.22305559861698038,0.046522199468721416,-0.8461020563095508,0.48186429125944014,0.376934002283662,-1.0628881623625142,1.1548470760454732,-0.9443431097744415,-0.008784822150470536,-6.337826312684211e-20,-1.1736980405683768,1.0779945096838779,-0.35444556802225546,-4.1313904635174036e-19,-2.180707604486936,1.7793572258295764e-17,-1.1463468736791709,-1.3281686244322837,2.1522297758844227,-0.3101897268433333
0.053873673959137426,0.1543952839006354,-0.007852553469650596,0.2060232949555859,0.047077605994832517,-0.8432014817668833,0.49431706636082406,0.3401194493526863,-1.0307632670656006,1.1751622491734324,-0.9144109225334969,-4.549173762070013e-06,2.2153144960101302e-17,-1.1362754963432309,1.0869754321264828,-0.36212229437958793,6.776524958848851e-19,-2.161658486901638,4.179281057984083e-18,-1.1423760914794518,-1.3164018923488103,2.15512953011368,-0.32656266758127744
0.04221166673895898,0.1510274737099457,-0.009500067130088555,0.18620685521291402,0.04589095296005467,-0.8361401197430393,0.5138975848009316,0.29833275242415536,-0.9772890027257003,1.2056765268761827,-0.8926836818767486,-1.4216170331849122e-12,7.711444005843466e-18,-1.1006086612948807,1.1273359998554555,-0.3677618044662388,1.2430506304324756e-19,-2.1302897726250363,1.5170244941941656e-18,-1.140093721206989,-1.3008790501456629,2.141669753388494,-0.3445664762063946
0.03553383862790273,0.14612776838044716,-0.011314117244426028,0.16832675108854553,0.04366663234234935,-0.8348129846943937,0.5223472127555491,0.2683854037174748,-0.9408261429437572,1.2121380163028876,-0.8788157646934434,-8.4427131302937e-18,-0.0006390462985143158,-1.087939196438588,1.199416652698892,-0.3801648969764903,1.2612965817827386e-19,-2.089706484057703,-1.810033445625193e-17,-1.1436479715178285,-1.2863195980232356,2.124461348484309,-0.35133685738016707
0.017523971840055816,0.1440329186501395,-0.014410474420530409,0.13790208066365664,0.05325473829208702,-0.8391670939571503,0.5233980678389888,0.1503040525464343,-0.8876568339078242,1.1956259929719517,-0.8635636810008838,-6.4531007139342e-20,-0.07328667694022178,-1.0814640739754176,1.3741845460931126,-0.5022913378111146,-1.0649907998635435e-18,-2.025607384554793,-9.516975706684652e-18,-1.1563121869863686,-1.2710853558128632,2.113141836107445,-0.3377784558344564
-0.0008633347827648839,0.1398384371650109,-0.01673265134698692,0.10578240245072192,0.06243285267910148,-0.8400530874535068,0.5284155869180373,0.04669875877255038,-0.8165909460597757,1.1871083942862521,-0.8435349432115123,-2.179013316103842e-18,-0.12785041628630028,-1.0594639438339841,1.5743047599458626,-0.6537923740215477,9.351189951277459e-20,-1.963313990272189,3.0430941573767564e-17,-1.1599870750214283,-1.2593527302998426,2.08827052910013,-0.3194698702392254
-0.01103255533373428,0.13471755043946126,-0.01762304839840898,0.085118655341173,0.06498245424587729,-0.8407077865837183,0.5307942282378344,0.0001167468969313786,-0.7713193620133404,1.1962782629617914,-0.797264690050297,-4.423946197470671e-05,-0.12669930165738266,-1.0219136849901813,1.6962411115151916,-0.7242297178364941,-2.2518370689261156e-18,-1.9305126191660649,-2.5526809846704093e-17,-1.158031401432633,-1.2614488214757764,2.0660902517581676,-0.311684857844673
-0.015276038744397884,0.1305062814945408,-0.018847455398921034,0.07487783356859817,0.0632296657370706,-0.8409484035224924,0.5321664232397819,5.837344846581485e-06,-0.7387135724411222,1.2122598072731947,-0.7635588297140292,-0.01073981537675323,-0.08378465715533273,-0.9833408090730913,1.7702531893580238,-0.7478074347914259,-5.829281365130441e-19,-1.910683125534905,2.4274118700768062e-18,-1.1549198423378744,-1.2671457873130139,2.049017653712811,-0.30873642446126676
-0.020309727158297854,0.1247832284501937,-0.02027381318968642,0.06004906260911963,0.06325560173847629,-0.8428611011609174,0.5310160101901589,2.9186724233483306e-07,-0.707472064035097,1.2313567505939684,-0.7563805944700046,-0.014996921406998785,-0.045539459565320455,-0.9305146206636523,1.8413846316563307,-0.7446793242318467,-5.461881304998574e-20,-1.8888467873337225,1.1378321406528127e-17,-1.151183734779753,-1.2771589886285617,2.0299107049249385,-0.3055417202135426
-0.024788805261648308,0.11938295881728336,-0.023996964187671475,0.04386487700321701,0.061868878337817935,-0.8457230643385549,0.5282050860267414,1.459336210565973e-08,-0.678779051880663,1.2579470757188447,-0.774346841897152,-0.01777024767880162,-0.020957218787947277,-0.8780633649568825,1.8921062906652606,-0.7218833064163607,4.399974802057327e-19,-1.8679356518988057,-3.7159058939097644e-19,-1.1461652524222337,-1.286854493988158,2.014555618739964,-0.3007873462646699
-0.029244525422102725,0.1148029776170958,-0.026662206168018704,0.029029760684383225,0.05621199227386188,-0.8439906257443054,0.5326136578937367,7.296680762533658e-10,-0.648198339839799,1.288005009893684,-0.7984037607613673,-0.019635514072812527,-0.023779559967068792,-0.8551528035559904,1.9177559892192977,-0.728084527292981,1.4118467108170411e-18,-1.8473850692366867,5.649036433224777e-18,-1.1390665165210914,-1.2949865354361152,2.0010153197162825,-0.29486306768168763
-0.03193191758151896,0.1118066903493003,-0.029071123520903644,0.019366527310492057,0.05212525977390255,-0.8440007830397868,0.5334515658817226,3.648337986587217e-11,-0.6283480750991663,1.3139196431511855,-0.8285849747252392,-0.02221627327813257,-0.027911705824306035,-0.8390720338156002,1.934344911325297,-0.7463672188163426,4.702002680002879e-19,-1.832217513959075,6.841894864503281e-18,-1.131110832911065,-1.3038968605993158,1.9896681628631019,-0.2880572220960447
-0.03257050046002091,0.10969574445175154,-0.03140335050230715,0.012930216816175445,0.04783673036249104,-0.8469570838119956,0.5293469135661348,1.824112276682398e-12,-0.6179305074670015,1.3360256701267663,-0.8617259561121376,-0.02639691957637437,-0.02714479548543952,-0.825418476127715,1.9450848810440895,-0.7712928332656676,4.702002680002879e-19,-1.822412462944066,-3.0243449051148094e-18,-1.1214325839126746,-1.3138841055412211,1.979527959876282,-0.2805826621839757
-0.03156110087967144,0.1083295104930661,-0.03323600145055894,0.01040832202901583,0.04350714978204705,-0.8511304031452855,0.5230447701603816,9.11493824033813e-14,-0.6150948348060954,1.3552037693871686,-0.8961200811146044,-0.03128658357114954,-0.020858951488483844,-0.8128290411767148,1.951275573176148,-0.799958427540271,4.702002680002879e-19,-1.817395601043092,2.532191228873401e-18,-1.1099471240873195,-1.3268860733851489,1.9693904786050698,-0.27248724668727153
-0.029933390009802094,0.10867218695119768,-0.03464416738041196,0.012430826979801952,0.03950891786133616,-0.8529661586309469,0.5203203361203469,4.524130809815617e-15,-0.6202307412258653,1.3713913031968747,-0.9294090806175662,-0.03758808219436039,-0.01399305686835358,-0.8049800329717335,1.9495542063808937,-0.8333905979224666,2.3997686363596666e-18,-1.818224153037348,3.8865289318051986e-18,-1.0968493016906864,-1.3449921140869967,1.9562766260303908,-0.2654437836683363
-0.02702896411141547,0.11065077563744202,-0.03566326038222187,0.017772825966074494,0.035443956240165414,-0.8530191438747573,0.520371206742265,2.1583663700996768e-16,-0.6355351098425921,1.3850255496780435,-0.95858338533359,-0.04636122823488094,-0.005503098885390094,-0.8042604663372848,1.936113377274466,-0.8703137037730616,2.3997686363596666e-18,-1.8236965559411569,6.881325229729605e-19,-1.0837637782657654,-1.3660957768535495,1.9409603201915393,-0.25906782338590656
-0.02675390482099122,0.11750862911619782,-0.03581898211731011,0.02570546837789861,0.03860792834925953,-0.8548409064684485,0.5168130042793551,5.167846148384109e-17,-0.6705217440381016,1.3904154908766184,-0.9870551318571045,-0.04873549736864025,-0.023874450068966012,-0.8120118738840377,1.9106533350751678,-0.9106816288655899,3.014446420542331e-19,-1.8368150758284392,-1.8589383035005366e-18,-1.072704594069422,-1.39060744866691,1.9252426354186687,-0.25203541705464505
-0.026455077664609257,0.1285033585431931,-0.035103453731056576,0.038416599646317724,0.04688325980572658,-0.8593559827044048,0.5077730002784215,1.2868706741804625e-17,-0.7289170475855543,1.3838579095512302,-1.0194055422870367,-0.046067384763373895,-0.055575025202053235,-0.8306102518912812,1.8692078428825676,-0.9454744622656022,1.3946296819539027e-18,-1.8600605834424946,5.581256603496271e-18,-1.0651792464607772,-1.4178821258921808,1.911700851900994,-0.24322921156806737
-0.02384928271394423,0.1405718297541777,-0.03339767715707135,0.058322258052129754,0.05708848331736502,-0.8668285032830562,0.4918818610035141,1.5867035375084949e-18,-0.8087208406200035,1.3597890663211318,-1.0503426605095416,-0.044647735848204716,-0.0957645193062453,-0.8553012744089271,1.8215747027257472,-0.9698794518871204,-2.637747561489253e-19,-1.8936975883391225,-1.7984867781172183e-18,-1.0647562272880877,-1.447842799868854,1.9069722621664895,-0.23034668639166456
-0.01174434067404673,0.14850778734460238,-0.03141844796044881,0.08695769553753391,0.056758078367006866,-0.8735488507222858,0.4755305301751507,0.07305475504416749,-0.8938460068919766,1.32689613514094,-1.075414041062249,-0.045385554842819656,-0.08673692619413806,-0.8881178843684437,1.7676477644679383,-0.980570185523324,3.505402197191884e-21,-1.9301257916757868,1.816813254358416e-18,-1.0694684533076675,-1.47423247678207,1.907368934836173,-0.21659061590178147
0.004982242224602595,0.15275029814685487,-0.028839969603754022,0.120236152741971,0.04949345731762838,-0.8787877774454286,0.4591576063500215,0.18226653915964958,-0.9725819308294207,1.2911447889658112,-1.0885308784032128,-0.04791249841800128,-0.0450479824762117,-0.9265916168982418,1.7111114800168425,-0.9796639783010753,0.0009742446001747533,-1.9656976453770054,-4.6844822531735595e-18,-1.0809943342291857,-1.4957813666193998,1.914039988487055,-0.20147671183009416
0.020283467883397393,0.15551951450680027,-0.02570601628978756,0.15123737393541442,0.0401241070703326,-0.8802123831647455,0.44804405283450344,0.3026704693680241,-1.0330735959785209,1.2598880758360762,-1.0866392740305642,-0.05100786103972186,-0.002252399123810589,-0.9671824236214195,1.6537444157414465,-0.9677553973885629,0.0036895024053651645,-1.998650568578459,2.322174286514013e-18,-1.0983233035397406,-1.5111730862292456,1.9252063819324376,-0.18584392764250715
0.03150396281887195,0.16263908925296564,-0.023103725431214445,0.1792726070649782,0.0372461268958411,-0.8771558418087547,0.4439275701825241,0.35367930917228796,-1.0433377096014325,1.2522676553837415,-1.0720732917087825,-0.048027835780515775,-0.00011261995619054254,-1.0233218682653984,1.5909351801874967,-0.9518791238891103,0.008610027359335077,-2.032006485614914,7.547520538125792e-18,-1.1190233593003147,-1.5224839857022223,1.940877638846667,-0.1701790290965732
0.03805581032036086,0.16644428551096555,-0.018979482456528876,0.20021701520622975,0.03856806902393109,-0.8760145945427468,0.4370630172203784,0.3869871991626057,-1.078630557903747,1.2330233813444487,-1.0715611379522003,-0.04608733873077076,-5.630997809534351e-06,-1.054767040027761,1.5411985181338306,-0.9199173449108582,0.012434541236096164,-2.065040438805797,1.6037331768455642e-17,-1.1416010137746198,-1.5279307147103862,1.962736345442255,-0.15416805348697318
0.04205140955563037,0.17105399308381847,-0.015913274821281905,0.21689628906090602,0.040744979827288176,-0.8721107804983407,0.436713444891564,0.40706165282393375,-1.1089383609580135,1.2189479115068829,-1.0643249899283713,-0.044500650660076246,-2.815498905042981e-07,-1.083794165967871,1.4956149944595507,-0.8896530481102163,0.015591140937409318,-2.097424883543381,-8.597774469488429e-18,-1.1612370008297472,-1.53047216155518,1.9877300362421535,-0.1399103919784109
0.044707176203188016,0.17881341888714658,-0.012009933819481598,0.23358336813814845,0.046741909208212314,-0.8642117205596721,0.4431614898658289,0.4223868733560648,-1.1506145242959085,1.2048217230964215,-1.0295272388008803,-0.04335528785571096,-7.038747473110408e-10,-1.124326792527122,1.4223606459686766,-0.827849405346218,0.02084945491688855,-2.1555392820756065,-2.2678850184643917e-17,-1.1929288754086047,-1.5360037966395301,2.0367289809784705,-0.11927700714809505
0.046523473080852425,0.1900379912095046,-0.003553733814931065,0.24896598584346094,0.05627231633311437,-0.8540525969503745,0.4532587847464421,0.4220110817689763,-1.2358381564908625,1.175344602577819,-0.8364272839598055,-0.03183134058613369,-2.3117183491794962e-18,-1.157051402183015,1.221435123591135,-0.6088568561807629,0.02558183178952161,-2.2932722758752075,8.124402914765172e-18,-1.2587297801721944,-1.582439574197577,2.146218919807679,-0.12696746933527261
0.03876734010897826,0.19317942915373543,-0.002692260492410531,0.24221956168813766,0.06056512258078299,-0.8442327595956878,0.4742705952173631,0.38809109646909057,-1.2217289475132331,1.171641865689419,-0.7902429953555762,-0.0048490863623574494,-2.5081128641677564e-17,-1.1399785231622677,1.1636381368627509,-0.5443827638434476,0.016018650080585378,-2.303703100075184,3.028864462320115e-18,-1.2600502203650992,-1.5765163643412503,2.177209607278028,-0.16283396332987943
0.029519863618453508,0.19223634473064388,-0.0042886485888938754,0.22692313189042757,0.05996747417314728,-0.837053050513562,0.4942185598298327,0.3478555738438361,-1.1760756621065884,1.1744926094282038,-0.7814794551753067,-1.8941999339628377e-13,-9.873075590200229e-18,-1.1027397296992036,1.1403188473416652,-0.5184680433690517,7.245340878454343e-05,-2.2770393850337927,-1.9226783890917114e-18,-1.2618040151822818,-1.5394494979869233,2.1939635833296327,-0.214214159381244
0.0158453725235365,0.18891477736625886,-0.006747827555912027,0.20239824751524577,0.057318484397700306,-0.8268267411985605,0.5216388413338079,0.2989011546167055,-1.0865493534820367,1.184692708774771,-0.8148081855074779,5.880053852025944e-19,-1.4906252763496073e-17,-1.0796150079948643,1.1919870758417368,-0.4859226702271389,5.660488085892388e-14,-2.2240411572611256,2.6507908457689495e-17,-1.2702616746222641,-1.4880378667304561,2.190421092450827,-0.2598647140644529
0.0031529394901745286,0.18072551506864018,-0.009460260592998244,0.17466986049292618,0.05215298100505239,-0.8198728259567561,0.5427513755536245,0.25054858820689224,-0.9790941144889377,1.1905156935944883,-0.8497331753043285,1.321222878703682e-19,-1.6632327247093658e-17,-1.069188395371511,1.314967123139316,-0.4697440783943748,9.968170117096469e-19,-2.1511428765864267,6.102720910252222e-18,-1.281057006081107,-1.429128296590215,2.1774110462211187,-0.2952155123283246
-0.00861286366682501,0.17011261956800688,-0.012592478553340811,0.14507454746158088,0.04722728774462427,-0.8141311999141635,0.5602797054127783,0.2094846956471128,-0.8620943332392186,1.1968762838523777,-0.8901183272167502,-9.77023521407428e-19,-7.117896074900506e-18,-1.071290566954059,1.4733949046471855,-0.4630333878362719,-1.4116929293713964e-19,-2.0737433678312733,-1.6706617341165334e-17,-1.2797243536406322,-1.3782321920318552,2.1509567217169114,-0.32319607058383176
-0.01904781810323789,0.16491251339835952,-0.013433572050353242,0.1216007863079829,0.04577402498558824,-0.8047557207765201,0.5792117206025478,0.17385366848264186,-0.7939936206236886,1.201225538649804,-0.8824516915092974,3.1419797601497365e-18,1.4512935256209113e-18,-1.0821727684393778,1.5559640718067191,-0.5255386622397191,-6.657884235781185e-20,-2.018759079201981,1.6121040307149697e-17,-1.2682618559320202,-1.3500110353284773,2.1226629216041926,-0.34009995659181386
-0.026977607840489706,0.16190591756430828,-0.013608199267545399,0.1050230519643026,0.04801476376816315,-0.7969994997713478,0.5928376998644851,0.1426278503332708,-0.7521106363524743,1.2043293934039152,-0.8661643419739232,4.253282811022668e-19,2.822174091389615e-18,-1.087579234374242,1.6110507264447342,-0.5834663557424038,2.2370241864856514e-18,-1.9716066572155473,4.1300211014944644e-18,-1.2516988614086617,-1.3291576595425636,2.0983237068819953,-0.35205697859146334
-0.03936226472106563,0.15628607443196765,-0.016581054677621013,0.07802895492124942,0.056936564725487096,-0.7882772995881898,0.6076912116734208,0.09221729488320708,-0.6874283228887145,1.2089220674909753,-0.83451012130747,8.674671770637122e-19,-5.535283259451e-19,-1.0709941095514155,1.7288313468641365,-0.7045645943504182,-1.4203729736871076e-19,-1.8449901378586735,-2.7103271599249686e-18,-1.1848769424337078,-1.2738886611504432,2.0315711524033597,-0.37740812989073874
-0.05853226011082725,0.14800350128625303,-0.021807636075771523,0.04333284368914432,0.07144811509764087,-0.773439948660927,0.6283375504632764,0.019957335465997685,-0.5946058403322212,1.2536557517735274,-0.8505615752279299,-9.756765161616453e-19,-0.02827975285040376,-0.9952897614248678,1.846803375027104,-0.8810590296063301,-1.4203729736871076e-19,-1.6026095139023697,0.016642873291827454,-1.002219126452266,-1.1484529903091631,1.9119615900708402,-0.39039653709355093
-0.06577019780591013,0.15130557801173464,-0.024884354053993966,0.03493809020613002,0.08293334007175585,-0.7624927302992001,0.6407075988297342,0.000997866773299886,-0.5927279989416684,1.2653336461977784,-0.8850856570949522,1.2469379374336388e-18,-0.011654772957067922,-0.9612399452022594,1.8511047902054762,-0.893723877250935,-1.4203729736871076e-19,-1.5380242648722346,0.053449342137343654,-0.9466480377907762,-1.1088549856607697,1.869403347381564,-0.39464759677864086
-0.07087889375348974,0.15337111057454486,-0.02862582915618612,0.02871409363599285,0.09640651189851583,-0.7520499063893242,0.6513848505991177,4.9893338664995534e-05,-0.5902432088586084,1.2888963305643506,-0.9412446003306535,-1.3867666190505618e-18,-0.0008337412833997332,-0.9266028165139313,1.8358056467578872,-0.8866516327024305,2.0684030934218598e-18,-1.4691541468941358,0.1089647932414275,-0.8832573641464587,-1.0464215663284002,1.8104233420046083,-0.4033568419721773
-0.07604982287344311,0.1418858723906292,-0.03371474485129068,0.013706499426190174,0.08080656895903232,-0.7300862948001305,0.6784220164702548,7.795861260183293e-13,-0.5272795326060586,1.4759197908070216,-1.103197538162958,2.9033939068180895e-18,-0.0003894987982240586,-0.7860825715558503,1.7823198721977507,-1.0171583899060521,-8.647675141269356e-20,-1.236724167100301,0.283199436190527,-0.6207432874843115,-0.61106290538618,1.4631279400131127,-0.4141305147671958
-0.07732977984910559,0.13425208370934463,-0.03580900860500263,0.00671547295483943,0.07044228087729737,-0.7181927384753286,0.6922369376803768,-2.5075618107416305e-18,-0.5220525348372462,1.6398095479508228,-1.143687483207173,-5.665560418602536e-19,-1.2171836964939107e-10,-0.6842032504724612,1.7591916813609538,-1.1111725326784845,4.315052819005094e-21,-1.240109849663891,0.3112809457330635,-0.5113016798516821,-0.3220382624152689,1.2250287733925354,-0.4090772350876008
-0.07771784654084285,0.1276051858107357,-0.03732270609183243,0.00115752817780397,0.058651474779672925,-0.7102449944859275,0.7015060316507423,-1.4775869672003691e-18,-0.5868645949489021,1.8733308821676753,-1.1249397869626825,-0.0037065431989809845,-8.097060402235563e-18,-0.5883940732708525,1.702725223006848,-1.169258595226954,6.172248680551252e-21,-1.3413889106713999,0.3107253465045791,-0.44356588564898103,-0.07636836245972756,0.9898402323075015,-0.41479611155263213
-0.08135798025502786,0.12420417887030488,-0.03651566863200389,-0.007610381294669587,0.057264394156210936,-0.696981484066132,0.7147584781780797,0.024851896124870553,-0.5882375248454689,1.9107225806174681,-1.1101340514461187,-0.003558847952483807,8.8666000029995e-20,-0.5708141055229199,1.7011744113767857,-1.170824055297031,6.172248680551252e-21,-1.3734775500236922,0.2963165808716239,-0.44953269917906036,-0.04115607935797408,0.9423699026280654,-0.4377463036571708
-0.08896257472270067,0.11952712071895928,-0.033311243462190804,-0.024160297178607112,0.06189087384690202,-0.6781851915304572,0.7318815790573674,0.08490440886185109,-0.5861317971955937,1.9530172751691433,-1.1041877267567604,-0.003063655130760419,-0.025016346785785588,-0.5568532081802776,1.6883055064140475,-1.1505943858701182,6.172248680551252e-21,-1.4165295019781712,0.278054119207065,-0.4599188991443151,-0.007493966269179843,0.890483374433854,-0.47505967043542185
-0.09961366902837879,0.11419157560239504,-0.029301219486426125,-0.040675769192127995,0.07060902134100477,-0.649156560121636,0.7562774678363353,0.15102981153358447,-0.5734212398139611,1.986224845601547,-1.0829731870035002,-0.009160529445804817,-0.06381936469697837,-0.5636565199740904,1.665300487554177,-1.1526511444600733,6.172248680551252e-21,-1.4658365497122339,0.26092385991769307,-0.46815702761128475,0.017059339172514336,0.8421924226217473,-0.5170243621588471
-0.1130657920141987,0.10881101559355352,-0.02629837397355335,-0.05609060066983913,0.08335784920953326,-0.6066479505376438,0.7885959533247263,0.21403495665946173,-0.540168727887544,2.0117050525743685,-1.0399330381349283,-0.025055905532315022,-0.10640367648875451,-0.5784332754174935,1.6434059014667786,-1.1732182238610174,6.172248680551252e-21,-1.5134308820898772,0.2447509995399707,-0.4730084228733128,0.03886404735621875,0.7991463873315217,-0.5584455310478373
-0.12656867775090705,0.10348268962266881,-0.024530531688858843,-0.06508405202630324,0.1000859411357364,-0.5551660916294775,0.8231266495890303,0.27190968943538135,-0.49618219013672454,2.028457557903798,-0.9875988367473095,-0.048930049476477284,-0.15033163386367732,-0.6062572370052051,1.6201621654531377,-1.1942383437104551,6.172248680551252e-21,-1.5657065102698227,0.23465504336713883,-0.47127335324063574,0.05430555657468404,0.764811857071361,-0.5943722171855558
-0.13469438625008617,0.09972720350156963,-0.02360436851409437,-0.06641664576424094,0.11645056850925768,-0.5034063543343241,0.8535866310311585,0.279186916967116,-0.4423520605409883,2.037263985343749,-0.9323861907359573,-0.07173798149151797,-0.17293544390052398,-0.6480448996769007,1.5925306304664846,-1.2058233395663935,6.172248680551252e-21,-1.627163759389185,0.23356733205705865,-0.4607585381436024,0.06900636341325457,0.7369891266610329,-0.6266018628632509
-0.14511907164908813,0.09884950789347055,-0.01716114578774762,-0.059968996669074015,0.14733767561523134,-0.43647475820715553,0.8855422712839917,0.17412069121489268,-0.34838442978064055,1.7819272168418705,-0.8227544170788623,-0.2037019573825316,-0.18305535667302367,-0.7756117323020939,1.5205033516979982,-1.0507231423506072,1.6866085058101805e-17,-1.9416340075000111,0.2787048428253201,-0.3578379399076959,0.07767475182870084,0.7105280781646122,-0.7585835639009952
-0.14634960732483027,0.1007930706345407,-0.0221687643696165,-0.04625738925196687,0.15130364299546914,-0.4058381364622024,0.9001460262361761,0.1140958768560659,-0.35437002802393647,1.6972341908329502,-0.788118312970994,-0.22372398562641926,-0.1670876302859664,-0.8221781048973001,1.5307429673677548,-1.0516365144334525,-4.636531984972623e-19,-1.9411193239114575,0.2834813113551886,-0.351586199328179,0.08520578248380986,0.7051631221405171,-0.7506505302446747
-0.14969799453884458,0.09740857311373195,-0.019634421070403963,-0.049304275847366956,0.15999587785858338,-0.38515453056121096,0.907538646581842,0.08120814213620907,-0.23416684746007244,1.5181589513557507,-0.8054102498562692,-0.33429889259688833,-0.17041407894082608,-0.9050315950054408,1.5928252877356497,-0.9780771388032308,1.4480825844733328e-19,-1.9097653929378602,0.29466341926691125,-0.33377005562524587,0.12640691357711498,0.6986907663944913,-0.6418426115492747
-0.14941294785208298,0.09785106445792734,-0.02093158049372439,-0.04645756363095959,0.15961669366822548,-0.38509110622645826,0.9077824881485556,0.08327859870664929,-0.21597635573384413,1.4966252379984184,-0.829056942158442,-0.34958595154695793,-0.17032507985282083,-0.913174676288833,1.6055324760168719,-0.9860358506716312,1.4480825844733328e-19,-1.8855841276845935,0.285208527993099,-0.3402610989386956,0.13615866813427832,0.702502813361375,-0.6168155936586728
-0.14716289470075186,0.09975550756318255,-0.022918109813879112,-0.04421638848486861,0.15742716139798252,-0.3916696346743788,0.9054592741352688,0.09942206347010156,-0.20777824668945882,1.4829990037192902,-0.8462037316708003,-0.34997929757734786,-0.16208890842125356,-0.9123567856282475,1.6211205372747695,-0.9989529166808683,-1.0913822299847413e-18,-1.864677521477547,0.27756618526029997,-0.3484971506329758,0.13986106713430538,0.7150155764712357,-0.5995992171159563
-0.14115666678270203,0.1039907974729106,-0.025452642374565237,-0.038480464918249205,0.1489776252511659,-0.41332646404301954,0.8974888050086717,0.14235940475700634,-0.19549566591007053,1.4704401076977387,-0.880396001528002,-0.34999994824394337,-0.14522845839326554,-0.8960659933564102,1.655968099097549,-1.0251031741453558,1.1541083999201054e-19,-1.8242886114415522,0.25289718575720965,-0.37960782336088383,0.1250073136929378,0.7468795835989271,-0.5700273827291339
-0.13276723546505004,0.10869454523551059,-0.027322565137744156,-0.03506559545471756,0.1384581102533846,-0.45325666705025025,0.8798625742097267,0.1972083925855846,-0.2137871910276179,1.472426227970996,-0.9034640230336574,-0.3499999998706098,-0.13474086180134415,-0.8569377937863549,1.6935472436710668,-1.0527534282606148,1.1541083999201054e-19,-1.774370896820034,0.22717728911130125,-0.4204412079896835,0.09103057960400085,0.7895789554167618,-0.5533999369259287
-0.12002165315513373,0.11450831514763578,-0.028575803079414694,-0.031143196484640655,0.12602240521396837,-0.5104829252831484,0.8500327274235774,0.2428993868995438,-0.2840076010170315,1.50125428698267,-0.9542476092608533,-0.3499999999999838,-0.11047162751638204,-0.7869874636302613,1.7237747290621233,-1.088032635915817,6.700352741021162e-19,-1.6728464486210888,0.19257826784850487,-0.4859122295037295,0.02438698483842341,0.8564206662123826,-0.559127430903625
-0.10590426584039928,0.12057552968302764,-0.0297197879217317,-0.024105925468548197,0.11021850256452595,-0.561519831130048,0.8197354849568376,0.24023270156592152,-0.36669637846059877,1.5406926324326333,-1.0511237569479792,-0.341878498661314,-0.06825061242729302,-0.7259627732343537,1.717159908526279,-1.0961918420896626,4.83073710394942e-19,-1.5122993893198722,0.17341881380478727,-0.5413116423483496,-0.042591637505911856,0.9107315098302692,-0.5976009496083174
-0.0891737719770821,0.12796982019256234,-0.03126988801887064,-0.0003661719548118739,0.09118785525288592,-0.6008284718775453,0.7941598002630031,0.18922091571426372,-0.4872919991197417,1.6346052752471782,-1.1990855069835527,-0.31907886858998147,-1.38218683758527e-10,-0.6775707620575384,1.6775042236173539,-1.0858626457343596,8.235753558753977e-20,-1.164985030757497,0.24341115980734607,-0.6117475684346931,-0.2187577618134562,0.9417029685948899,-0.7603878537528702
-0.08112134080518474,0.130226455652308,-0.030844739317560137,0.014628976433623563,0.07783457340226509,-0.6421478186184,0.7624788202143213,0.022245069180256503,-0.618944965289356,1.7029910717203625,-1.2359156199504002,-0.30786366305150764,2.1863925182716155e-18,-0.6708768752634193,1.7025709390331183,-1.040394257117938,9.72126864911612e-19,-0.7956866856034472,0.37557612425669784,-0.6441533652896366,-0.4841561404091747,0.9113341260777191,-1.0042727661376896
-0.06621110795201146,0.13211939471323753,-0.03181245751331722,0.03399603743669093,0.05779662398615409,-0.6683710487906878,0.7407995415986994,1.0546529777460029e-16,-0.6653014829379608,1.7254193404602873,-1.2360408902355202,-0.34999999999999803,-3.024441772283715e-17,-0.7058238931288787,1.74120375803216,-0.9615228732937928,3.2681322268877125e-20,-0.4620907299462698,0.4459435257067712,-0.6203889360922297,-0.7589418274119193,0.7897510967963052,-1.177620678982606
-0.049480783432181645,0.1310423598407142,-0.03637781016127337,0.054259752786467906,0.03147464841124653,-0.6861313516699485,0.7247682346726503,-2.7856463692364584e-17,-0.6660822804619598,1.6955479621773433,-1.216910345537565,-0.35,2.915036190525124e-17,-0.712051403421343,1.7714482919756802,-0.9992632598212146,1.0392685941412733e-19,-0.18394945805915675,0.4760876000329012,-0.5768780442801204,-1.0024559905083785,0.5955702379512559,-1.2736625720461183
-0.032008235675251885,0.1279785397230599,-0.03500397416129911,0.06962091859914356,0.007831575762874087,-0.7060152789408212,0.7047226546781348,0.02215920537579915,-0.6482074091409425,1.6663567428851607,-1.2256912387794143,-0.31854628996955286,4.103609504584827e-18,-0.6972145833440695,1.7851586990847481,-0.9940945654867169,3.586166543831653e-19,0.037705124954738725,0.489277322191346,-0.5242352421153155,-1.2146500369303272,0.37432929321967934,-1.3175286113658367
-0.004478581968526488,0.11977706746754307,-0.03220957944147928,0.09110561269193344,-0.02666309556361475,-0.7169412738689153,0.6906403235362176,0.17804313802712962,-0.5946618966354458,1.6818842619032652,-1.274854944283434,-0.2724734341689648,-2.8212614161245657e-10,-0.6454505036950159,1.7463601071295274,-0.9221050229785248,0.00010696462253977296,0.25622563474627785,0.5144813753213323,-0.43248657944156743,-1.353458612935735,0.08403427181102008,-1.2632251564966794
0.01181937538212739,0.10946859843896051,-0.032437046164461684,0.10072142181668435,-0.04665109145841128,-0.7342286847287811,0.6697664588305463,0.25757495494543925,-0.550245863644938,1.7019969979904956,-1.3258065314119203,-0.24181086991684214,-0.039772281186366054,-0.5924162203751284,1.7066968362674282,-0.8455677552096242,0.010386611280501754,0.3496789056001084,0.5113513966562817,-0.37521540255110164,-1.3943259051636991,2.0527137420749098e-07,-1.2313469380423683
0.012501139362081788,0.10250269746770992,-0.03313060476892832,0.096404903920436,-0.04916169784643415,-0.7570998988989989,0.6442739829079501,0.2442280064692269,-0.5268293248578453,1.6856070724980579,-1.3448029647773938,-0.22266613473192481,-0.14246725009631048,-0.5196165947794618,1.6626579206678083,-0.765662350234968,0.01691089234175743,0.4100487230528804,0.46281169330552735,-0.3048750405701374,-1.4098292256448404,1.2128360369268907e-17,-1.2498858649567124
0.012065730363499306,0.09969759527547321,-0.033728538432265615,0.0972780795304736,-0.04756559854935787,-0.7765285952056838,0.6207075236416841,0.22294339206207028,-0.5298738038874916,1.669080548086214,-1.355638368077424,-0.22339842045732242,-0.20103892061540937,-0.463212953773269,1.6238011050247902,-0.7130227599126727,0.02150130927097571,0.3808588531340702,0.4338488377713701,-0.2541464475742664,-1.3889348557085397,6.0735537953359044e-18,-1.268827736403274
0.009527033804552543,0.09634855308173947,-0.03551883331241829,0.09059217977916945,-0.04691067275040733,-0.785934418183217,0.6098356631585031,0.20432071709952176,-0.5145389538094334,1.6729040259227048,-1.3735078676204957,-0.22628465278247595,-0.2300306461914623,-0.42536159505312204,1.6055665680841915,-0.7125153439606398,0.016008705338927495,0.3128897641151707,0.42727683771231884,-0.22924212222564516,-1.320408556511672,-1.2912239731116009e-17,-1.2710755157664972
0.007374583451846694,0.09486199590610606,-0.035740522594531476,0.08670908907490837,-0.04924031544294816,-0.7849844228413112,0.6114379617781123,0.19414417711449067,-0.502022944350263,1.6771171502472553,-1.3732281654354135,-0.2265256334627157,-0.22080680587173654,-0.4329632793095711,1.6002003811912486,-0.7227725898524336,0.01183956172910055,0.2698952314331206,0.43150523203182134,-0.2243710910006913,-1.2941684891681529,4.800277987155479e-18,-1.2641201486148825
0.0014980298682119439,0.09242509617241913,-0.03624899348444459,0.0765071845405774,-0.053050678075658,-0.777355275305438,0.6221342718611423,0.169316245218489,-0.471130552275593,1.6883508431028063,-1.3692704342167321,-0.22522341898082834,-0.19208082698591844,-0.4563094617919001,1.594113361482455,-0.7501691557146927,0.004121246899269958,0.19739642132121898,0.43540517877544016,-0.22378169293902306,-1.2364385576987702,-2.4761486200652373e-19,-1.2470196164120892
-0.006685523742065577,0.09266638569878403,-0.036111431530446235,0.06573473035580706,-0.05335514632474555,-0.7657940909130495,0.6374884970792576,0.13348602244116164,-0.4459765996246572,1.6938221702564396,-1.360031330131902,-0.22454924905508733,-0.14491372883395676,-0.48086422410316676,1.5967001366922466,-0.7896852924099759,0.00020606234496349778,0.09497275299078772,0.43470325008303706,-0.22984781141362468,-1.153730589348056,0.0010910430696839623,-1.2256082090082399
-0.0159488356735289,0.0958177501762898,-0.0344879708559541,0.05994271812777583,-0.04906107617828776,-0.7527435425888944,0.6537408052419582,0.08622179321692253,-0.4363437126997847,1.6867225064524907,-1.3394125028665202,-0.2266190688649795,-0.07485983494153688,-0.5070159091053459,1.6068244987237634,-0.8376998316417642,1.0303117248175171e-05,-0.027155133063843415,0.4291527536347542,-0.24161768630487987,-1.0690550962827277,0.028436992326104207,-1.2041839537958212
-0.02483045619094218,0.09723140343881936,-0.03410124775148829,0.053944657863268596,-0.03639187585683642,-0.7445346683566427,0.664404795944987,0.03993639102327234,-0.4294234980131037,1.6757454132716163,-1.3150725647145585,-0.22907963687616403,-0.003742991747076846,-0.5355428738557546,1.6158612604412002,-0.8863584874367169,5.151558624076811e-07,-0.1620728951530374,0.41574441036706866,-0.25926569303244285,-0.9825649744265658,0.07269471574857467,-1.1814250650432345
-0.03879745215185872,0.10864053120110934,-0.03650016542554679,0.03946404447193376,0.009451825821148901,-0.745346087283966,0.6654415544231111,1.6292981326285226e-16,-0.4556589054110146,1.5587050095191748,-1.2756039838251445,-0.349998579102975,-1.0175878102212522e-17,-0.6220263601099246,1.7435034326002499,-1.0624018375899558,-1.265562335864234e-19,-1.1642446332728864,0.24214811896068406,-0.5595458076003793,-0.3856293326723844,0.46619816204225956,-1.1076700555414658
-0.047390897335344996,0.10887548719186389,-0.0394890374454621,0.025969431826165585,0.018358605213664187,-0.7418399032524616,0.6698224452551685,5.937338686951219e-18,-0.4566060127081946,1.5571636134817517,-1.2852811191235216,-0.34999992895514875,-2.206992134444065e-18,-0.6298567456349169,1.7373801723725504,-1.069950582656601,-1.265562335864234e-19,-1.222871969395478,0.2173050349366066,-0.5865574220793072,-0.3360759065604667,0.49679453727029255,-1.1004551947251244
-0.05685733582322067,0.1081805217823092,-0.0397496029702306,0.011771455996758974,0.029124566597804408,-0.7355499515414359,0.6767417980526973,-6.762945652103582e-19,-0.46491462521422816,1.554019302952756,-1.2760733549143357,-0.3499999964477574,-0.008403388158759425,-0.6236875503698067,1.7394338666128293,-1.092237531788838,-1.265562335864234e-19,-1.3009595787126866,0.17903940438824573,-0.611738573470628,-0.2626367202608281,0.5334110132297024,-1.087466118264748
-0.07333176533666469,0.10542767337604461,-0.03985586700373321,-0.004853044400700812,0.04587865889654162,-0.7247356272974612,0.6874808122003516,0.030806166889232416,-0.4734270282214811,1.5489193239690358,-1.2443739384351644,-0.34999999982238783,-0.09385752946753335,-0.6035558960097809,1.7599246177145342,-1.1237911149069797,-1.265562335864234e-19,-1.3784966568076806,0.1364127886302008,-0.6296834947217834,-0.18814852719102404,0.5696156517230796,-1.0706753486054599
-0.09047773576629917,0.10167997468653994,-0.039742663722177766,-0.022092147675887675,0.06442027652003793,-0.7063287424243642,0.7046003637590356,0.08144213750086787,-0.46651490994781886,1.5484107558865485,-1.2021948397029092,-0.34999999999111936,-0.17614834422064712,-0.5891871112930411,1.7794346281320903,-1.1591345087576148,-1.265562335864234e-19,-1.4540314143891877,0.09438456673244949,-0.6397260537220162,-0.1111592179904909,0.6059273751654639,-1.0508278716126913
-0.1036677236657224,0.09761741164130654,-0.03932230538813736,-0.03791574017000447,0.07977401441252294,-0.6861918134829604,0.7220382942620409,0.13587892478737762,-0.44209216679429797,1.5543992121865073,-1.149332938928131,-0.34999999999955594,-0.23758876360031886,-0.5838858798389769,1.7947136990181904,-1.198100353348945,-1.265562335864234e-19,-1.5288871280517096,0.052206564666800105,-0.6426363290362638,-0.032183839047264864,0.6455631142044914,-1.0266310261266842
-0.11162896766742565,0.0946852443854564,-0.03877060348111539,-0.04844138756274766,0.08962828606844728,-0.6680934736380473,0.7370694083935896,0.1856878882160814,-0.40865469461329484,1.5645601518799714,-1.090367372749249,-0.3499999999999778,-0.2730418742557926,-0.5866612853393349,1.8046655125819187,-1.2358900941885858,-1.265562335864234e-19,-1.5961808562945015,0.015992274814582888,-0.6366418200986165,0.041520476592064856,0.6869584935622444,-1.0000980008504585
-0.11471765340930622,0.09031534197259618,-0.0391997009985537,-0.05245017023906274,0.09599505578893405,-0.6546332072978398,0.7479901689253118,0.21912854753706218,-0.39260753655639963,1.5643901546542862,-1.0325254205795367,-0.34999999999999887,-0.28680912877815296,-0.5762274531302872,1.8221833053904197,-1.2759803001841752,2.0801390170013897e-18,-1.648680470322411,0.0007996137407291423,-0.6233884975494965,0.09868233257779807,0.7279989779702901,-0.9745122866554063
-0.11624183125920294,0.09013218904939237,-0.03903578322800418,-0.05459966552793913,0.10102944822229953,-0.6464465147711015,0.7542670817796778,0.236132451370969,-0.384220204021359,1.5561329238855146,-0.9939180881235834,-0.3499999999999999,-0.28905346807559534,-0.5773108154020633,1.8304359499675094,-1.308820545548202,9.289303268550456e-19,-1.6821154198787744,3.998068703645486e-05,-0.6082289879814085,0.12906435169165384,0.7701292130962961,-0.9509424205710514
-0.11631609889172322,0.09060958352720473,-0.039923739860668474,-0.05556639637111469,0.10181912845336005,-0.6462470382151801,0.7542612321161907,0.23899267400016602,-0.389243673953136,1.5367340658112973,-0.9789981794034506,-0.35,-0.28794176466141413,-0.5755227523241015,1.8392944139961938,-1.3341424394958399,-2.5302193752055655e-18,-1.6866548135691513,1.9990343518267004e-06,-0.5948563306130407,0.13444194813485524,0.813174403776147,-0.9313985995088948
-0.11494590008164463,0.09146198220379094,-0.040830657954344804,-0.056351447277678594,0.09886996666563203,-0.6513582923084844,0.7501877225883019,0.24537283710393878,-0.3954178304931723,1.5187150759859567,-0.9746342317767637,-0.35,-0.28230330900037676,-0.5706445230608201,1.847836506413751,-1.350588155220389,-1.3924339037779577e-18,-1.6616384067550694,9.995171758958509e-08,-0.5868028192275805,0.11019026932746281,0.8566801681334714,-0.9161879450647153
-0.11115165065897903,0.09294071159692475,-0.0401531696714474,-0.054432080241723635,0.09697849710588687,-0.6591984063968291,0.7437000610081481,0.23649317057383562,-0.417595610806971,1.496693938149498,-0.9892184580864674,-0.3463520737750666,-0.266637360817808,-0.5618138524989157,1.8521472202148035,-1.355334730428603,-1.3924339037779577e-18,-1.6081055741145724,4.997585880848388e-09,-0.5835969487352117,0.05643085813952497,0.8972927059887105,-0.9074019646211338
-0.1036292851949503,0.09955161297429457,-0.04053438732856896,-0.03973234234254808,0.09829340343641055,-0.6797340814190512,0.7257556933088849,0.20086538525901287,-0.477676015252991,1.4480238699982004,-1.0383987214296053,-0.3338860920504966,-0.23559183749829427,-0.5548037604810873,1.8448951992926852,-1.3716594696001208,-4.564595074621407e-19,-1.378278008992281,3.123491618237753e-14,-0.5907602253327804,-0.18711427507500353,0.9847738063193806,-0.9371060682452843
-0.09146298734841164,0.10624663879968486,-0.0404847396260534,-0.021041543286405364,0.08970406721338389,-0.6962910242816349,0.7118210753316695,0.1422686036834948,-0.5341224499210082,1.4466598466617984,-1.1042982726459132,-0.3210211343941881,-0.17363954925466646,-0.5655817184913312,1.7981977801235964,-1.337951202007314,-5.393627753647104e-19,-1.043313525047498,0.06308355780170107,-0.6311665950569297,-0.5073898995704738,1.0009535637946794,-1.1130457337854627
-0.07421487587147838,0.10869312466373514,-0.04086625118179255,0.002640462327174808,0.06999164571590392,-0.7042474548119257,0.7064911322016734,0.08586137102823685,-0.5778612448265071,1.4877635137054699,-1.1554759590688106,-0.32401487585040495,-0.0775470216222067,-0.5638748803065295,1.740475033452754,-1.2875265729239187,-7.994128762918127e-20,-0.7271118921043517,0.17745514902069004,-0.6641846124736087,-0.7916199972481606,0.8955248328193002,-1.3008734851241104
-0.05964566231268098,0.1112283376926756,-0.038687774948085535,0.02305844990088788,0.0483624041039463,-0.703497855905329,0.7086749272367827,0.027262932875585524,-0.6024550633427113,1.5552450328725502,-1.1909995848964268,-0.3499975406400436,-6.6903113767410564e-15,-0.5928917666936905,1.6766975513693874,-1.1728408559019792,5.173828646337726e-14,-0.36431319247444083,0.3151796859513608,-0.6740740543333315,-1.1037209371527292,0.7096703895563796,-1.4430817476799722
-0.05066581788111107,0.1119272292467004,-0.035744273731164344,0.03919193989013276,0.031966556928847915,-0.7022960290864215,0.7100862050590803,1.2850410222528202e-16,-0.6128407790115943,1.5693953714896003,-1.1751626203693197,-0.35,1.1772051259772531e-17,-0.6128280490775483,1.642267112707209,-1.104552147534702,5.632640729428714e-18,-0.05033835715813409,0.39152386619458224,-0.6219433899361715,-1.3261463010263028,0.4740004629659879,-1.4483127947267995
-0.036571274570278034,0.11314910849166498,-0.0321193228843614,0.0615404902118892,0.016701199070553098,-0.7069262230128003,0.7044069514357035,0.07179314230471655,-0.6173957323878285,1.5415299299691074,-1.1561534474126443,-0.34916943042263204,-1.1937839862617196e-17,-0.6266244170291142,1.6063238331682663,-1.0658947705585142,5.051845149096688e-19,0.1780496766346062,0.4389704677234877,-0.5333241301960627,-1.4747926937409315,0.22852889723912823,-1.3244076767563044
-0.016760635088692202,0.11295402149124284,-0.029161360730930244,0.08411484301158256,0.0018196564563790546,-0.7166879729943838,0.6923003187928761,0.17818812763467695,-0.6251807916039451,1.5296330795280428,-1.1524030900455646,-0.3451290011055431,-0.0008649750561432051,-0.6215537944516111,1.5973757177818615,-1.0506417089627724,0.0016650810304957198,0.23748444285465078,0.45652192204218023,-0.5068795671336297,-1.5074750524080267,0.15457273057590984,-1.3034918541578153
-0.0023432026560778205,0.11009940445233317,-0.026144284181134098,0.10149929296286758,-0.011345795557604057,-0.7393554062439439,0.6655244170645086,0.23867362950445023,-0.6380551177770073,1.4962570676885514,-1.1329004309675053,-0.3494825408755277,-0.05354063586065281,-0.5673476455796522,1.547015419547684,-0.9523143815291788,4.200187891415121e-06,0.4154214944360047,0.49027870601197343,-0.3853122618734711,-1.5615461769438292,1.815464532426338e-11,-1.0847614556591367
0.0009826632791822619,0.10820472452717549,-0.024247180123307198,0.10804442870186506,-0.012191563503689341,-0.7659002328990934,0.6336991403268084,0.22105458912926235,-0.6664144071331444,1.4597998867004636,-1.099288202099156,-0.35,-0.13138627877504216,-0.5059725363788709,1.5465919857015382,-0.8347422645717341,4.7382526904697175e-05,0.473820497861701,0.4709819495459838,-0.306579393953187,-1.5807510221954848,1.8968641109270014e-18,-0.9715119879271886
0.002696759512697349,0.10327729619460477,-0.02474371504021018,0.11152771471143232,-0.010823742792222833,-0.7957866608266878,0.5951201608864564,0.19167646201176375,-0.6831298963260052,1.4558594897245987,-1.1092911105873404,-0.35,-0.17567276623380726,-0.44844187258097473,1.5650003395260956,-0.7151511008755368,0.005476830819995482,0.5094219334316079,0.45237846027757767,-0.2402749313563402,-1.5620982140233282,-1.086464180588592e-17,-0.9081883144652309
0.005955171154113067,0.1007606598119748,-0.02480329037659419,0.1179545683906129,-0.006337840150124148,-0.8210953433765956,0.5584344085595768,0.17293507597233226,-0.7127199601260575,1.4443405597042402,-1.1066634463483578,-0.35,-0.17446769149765548,-0.4098043377762276,1.5800827131934119,-0.7129805102111926,2.6580050010105113e-06,0.5027529344987597,0.45621495529444445,-0.20121860969751584,-1.5569780957297676,3.280292252558663e-18,-0.9024079860832568
0.0065126232482066145,0.1005849373588444,-0.025109476427432113,0.12149891356099758,0.001589925634492552,-0.8388418341481294,0.5306409929726258,0.1428887718579057,-0.7417643088947841,1.4383633040900983,-1.0988078018346403,-0.35,-0.18187384893665764,-0.37886779216485456,1.5925598766491391,-0.7244050522760882,8.306270243708302e-13,0.4701781749677811,0.4662643509572264,-0.15753006230966862,-1.5760413933970006,1.1797541220070778e-18,-0.9219625191383639
0.0065069407431658614,0.09963974541987226,-0.023050485083097497,0.12186196231145957,0.0025781094883288963,-0.8408326756417904,0.5273930479880565,0.14226981254544396,-0.7423467561005319,1.4283953037425088,-1.0666644501161733,-0.35,-0.19450241352069633,-0.3462274271228622,1.642354961166668,-0.7589097314475766,1.0431015264975566e-16,0.43900817243300444,0.4872066899512486,-0.12476967937751564,-1.5856799581751544,8.180959254043995e-18,-0.9505241084489396
0.0026670025263318816,0.10026810563541819,-0.022076596045516077,0.11620002060544404,0.002282055378413813,-0.8404629066585947,0.5292583962163744,0.11934976924886241,-0.7366303616391794,1.414457519153476,-1.0282741667404618,-0.35,-0.216644339795786,-0.2958368637141068,1.7363216952523672,-0.8135022138244236,1.747894051623645e-18,0.3829813771282415,0.5280903147003693,-0.08487072881718856,-1.579849284375369,3.722246349627695e-18,-1.0001555027786468
-0.0022695649524569254,0.1018203059190665,-0.020546144810544637,0.11024648307493208,0.0010416963241940591,-0.8370478549609716,0.5359062570483869,0.09425302288137916,-0.7270361363041427,1.3932646329558467,-0.9822865096479771,-0.35,-0.2476704708826934,-0.24011661873529752,1.8686555730634404,-0.894348374059211,-1.7055237812794406e-19,0.2800645646357145,0.5986495388121057,-0.036092057001242316,-1.5639941390670768,-9.857119695232317e-18,-1.061979362125858
-0.005230714917582997,0.10330138180235456,-0.01649706112621294,0.11434419558861846,-0.0003029814421087705,-0.8266461109079641,0.5509823231812196,0.09195020600235412,-0.7124776831742741,1.3724198885602374,-0.9409387780345358,-0.35,-0.28286946599338386,-0.20081962504648765,1.992037428003184,-0.968819118168095,-1.7055237812794406e-19,0.16713508072330238,0.6657262074938107,0.0031426903371399167,-1.556704691741551,-7.219508855063927e-20,-1.1038506647842994
-0.010697214633499761,0.10292062214424545,-0.012168135462768206,0.1147046739887615,-0.004722019020082126,-0.8124084387819556,0.571675667575042,0.08363727095973282,-0.6791517935923053,1.350363377781937,-0.8894495240356688,-0.35,-0.27234291876511496,-0.15195587308072822,2.1644553014324197,-1.0572918945271594,-1.7055237812794406e-19,0.029019232552269278,0.7486220133028695,0.04754594912330836,-1.5417350925772921,-4.734264430238308e-18,-1.1379857922739303
-0.016474119725951558,0.1029973784183003,-0.00933543958911337,0.11260021743464815,-0.007892914210769186,-0.7992396778394922,0.5903175673363911,0.07234740972754021,-0.6523752826748263,1.3422389105019858,-0.8626668091764234,-0.35,-0.2268666767905475,-0.1397469847680322,2.254136481136507,-1.1116808577713042,-1.7055237812794406e-19,-0.05372643883244792,0.7915325613539278,0.06976518410378851,-1.5303043540511645,4.156193384142828e-18,-1.146661450706933
-0.021574195809282645,0.10197341422793342,-0.008816877516393037,0.10249335746810975,-0.007251344041172472,-0.7818544962194386,0.6149358311449717,0.07588050824179177,-0.6212978374137588,1.3364929289212482,-0.8427809389181635,-0.35,-0.15590508533193675,-0.1661076139004514,2.3172210641796087,-1.1825539935968918,-1.7055237812794406e-19,-0.15122816386511598,0.8329504890481291,0.09172749398045488,-1.5112778939640947,4.0477731668942776e-18,-1.1475729933954633
-0.025341682577257142,0.10280875711929773,-0.010892135703810767,0.08957840310978402,-0.0026755581231655366,-0.7634590437504791,0.6396083486014179,0.0848289131190407,-0.5981716672798847,1.3312496844753714,-0.838412124808364,-0.35,-0.07511150096565072,-0.2365745558760996,2.333546049938263,-1.2583749376118225,-1.7055237812794406e-19,-0.2568372565566134,0.8705935391178679,0.11215997968145601,-1.4853196372105728,7.951666494377643e-19,-1.1399312312418197
-0.02737472269311735,0.10448582165773258,-0.014896808894352404,0.07585697134799133,0.005672074030843901,-0.7420959291936625,0.6659633468504791,0.10033304908434713,-0.5819859488101788,1.3331006073328209,-0.8580436353071935,-0.3440363976376791,-0.015640949355560645,-0.3548046183284755,2.2877956024376176,-1.332828649718163,-1.7055237812794406e-19,-0.36247190689414543,0.9028928874644327,0.12964144580020576,-1.453316051724574,0.021550439605255524,-1.1217307173238624
-0.032821154308510486,0.10611143233264696,-0.021484187695628064,0.06114156169461495,0.01990448222551373,-0.7177974311226404,0.6932765457554543,0.1032430138246913,-0.5631672625929423,1.3523399193233998,-0.9088583655894673,-0.33077549201917,-0.0007820474677780326,-0.49212048173348705,2.1943804990408613,-1.3716384597952367,-1.0261144890105664e-18,-0.4599673677597418,0.9288719868666486,0.1431321087742881,-1.4165546345727116,0.06674625725929113,-1.0925395859662956
-0.040580223235746504,0.10639812630377311,-0.027949749449783092,0.04835141931155708,0.037599513069546085,-0.6929187636061058,0.718409356780711,0.08920393479198724,-0.5359953384079594,1.387565679385804,-0.9842217242630718,-0.3116719701400464,-3.910237338890406e-05,-0.6158963726853935,2.0814362228422403,-1.3526555024958244,0.0018168872118536203,-0.552205625869916,0.9507601473532197,0.15384375267383016,-1.3782304948787716,0.13339686699661712,-1.052919670663881
-0.04895573973560374,0.1074659248457637,-0.030365755715208248,0.042551935652162545,0.05483812198526185,-0.6612527720495804,0.7469450345280619,0.07657442714312374,-0.5045079085343122,1.424818071892364,-1.0635783264442675,-0.28953439581160484,-1.955118669441777e-06,-0.6957285113197671,1.9791130341984904,-1.2904352657132958,0.005203973537513174,-0.6481385270976567,0.9714588208487916,0.16290424999843628,-1.3409230450260625,0.2231116821548671,-1.0018201400431146
-0.057849839741978555,0.10692217833791925,-0.03151500238695789,0.034184596850626754,0.06877146485460703,-0.6218160619051701,0.7793886605004307,0.06689084585137675,-0.46114902258556606,1.4702709928197357,-1.1304748935220312,-0.2670309105820079,-9.775593348350278e-08,-0.7433623391259438,1.8901688940896317,-1.2125158060111894,0.009754078708902589,-0.7353698753818226,0.9911166614488056,0.16995652888752452,-1.308378026673746,0.32296797120298715,-0.9464867605003394
-0.06926357459629875,0.10311108301129522,-0.02604928258281874,0.035711295106199754,0.0738386419420012,-0.5434422474778791,0.8354298785740131,0.06273454322665896,-0.4116206078466133,1.628507756882771,-1.2312444969192318,-0.17226317843156014,5.362809436903236e-18,-0.7385217906900239,1.5438685234900733,-0.9340098079833795,5.589216421664006e-12,-1.2350763893185195,1.2567094394947493,0.16371224364503348,-1.205531733671766,0.780263742256058,-0.7395033426874653
-0.0751971097811817,0.09766210585525001,-0.023572160591237887,0.02229588610431474,0.08052270141572061,-0.49392700968721226,0.8654796919171392,0.06929918787970674,-0.3718412556838355,1.6807122881077168,-1.2304614495562702,-0.1604147024282479,1.4483412450098205e-17,-0.734180817039084,1.517186326200229,-0.9137135256309243,2.7945939567721244e-13,-1.2591010847148436,1.2730253784401633,0.15079533701761932,-1.2081770066214566,0.8155641217301506,-0.7210885503775545
-0.07100859925566926,0.07083325950483291,-0.023920588371572894,-0.0062549244832618145,0.05744905078859314,-0.3926652812334063,0.9178640745759078,0.04255079253775062,-0.2566821838927137,1.9719011336171604,-1.226186400147807,-0.11038081725985499,3.954261097102232e-20,-0.5860113045553292,1.4506022484110064,-0.9040332869393443,1.4937673652542892e-18,-1.3687195459012973,1.4099021094408677,0.08413360079079386,-1.2006753580757183,0.9219351521502798,-0.6771711831076201
-0.07279938508368049,0.06227753634787708,-0.020098022869091417,-0.021318427104555084,0.06097785745895957,-0.33584640862594134,0.9396991089591173,0.0424105717096375,-0.20183033826317062,2.0572467058096047,-1.2293597677038752,-0.09771891574568106,4.658008598694852e-18,-0.5694288112314595,1.42985130275496,-0.8843238524854713,-2.3576636495855793e-18,-1.3826996914550909,1.4175387232838021,0.06836779531495488,-1.2078080580777735,0.9357583832307185,-0.667936523109796
-0.06930222441833109,0.04878419138007899,-0.017419908785144034,-0.04202782189086658,0.05513743405074443,-0.2626512500704255,0.9623969276706216,0.02819366520653222,-0.16587794552532714,2.136250725736181,-1.262419461903601,-0.08557447595169834,-2.4466690417917243e-17,-0.5335600976328393,1.4165166346695637,-0.8520406696425091,3.373485319777625e-19,-1.3987131849019367,1.416201780778414,0.05254475729656078,-1.218326101531974,0.9456785414663943,-0.6592845690374176
-0.05895711301251024,0.03583378075363909,-0.01582744823319953,-0.05929480888653605,0.04132768874703799,-0.190387865916751,0.9790447427434569,0.0014096832603266059,-0.17110716344993984,2.185765122871536,-1.3241272943750126,-0.07728674862057572,-2.8910671854557052e-18,-0.47906552150142734,1.4147061886112675,-0.8218095902590884,3.373485319777625e-19,-1.4135949348220018,1.407538540119426,0.03589062368637641,-1.2255791171234305,0.9507739844856317,-0.6541098361711115
-0.046552665429276836,0.0285847613589444,-0.014649703962407255,-0.07219338530462369,0.02440008246314917,-0.11652865714027268,0.9902594726429703,7.048416301631269e-05,-0.20179938862956964,2.2169668297252625,-1.402451466548373,-0.06235461809746852,-1.2986452446176206e-18,-0.42677924167044373,1.409689085363345,-0.7958947963409615,0.0007027326432443006,-1.4266579831940154,1.392815969214613,0.017625123924087233,-1.228566549904339,0.9509653751270923,-0.6527845510791283
-0.03319875161353903,0.02483780271301862,-0.015303430640243565,-0.08172793904050225,0.007766532802768348,-0.02703828319223163,0.9962575752236122,3.5242081508341633e-06,-0.25728060200530906,2.223776941411844,-1.4476225733274186,-0.04180845940407067,1.4692489766596316e-17,-0.3782060785319998,1.407326415759282,-0.778201985440275,0.0015381410788674083,-1.4348085965810433,1.375540716111636,-0.00036940649874273035,-1.227467437087516,0.9469498340726292,-0.6548192295990695
-0.01685927279675183,0.027882432304700614,-0.01820290566169626,-0.08563203499313596,-0.008126061248553649,0.0786628765520657,0.9931834037900918,1.762104075346064e-07,-0.3473344623233178,2.1945925680781917,-1.4498811286663709,-0.017217715399981157,-1.1334670460625823e-16,-0.32394303592910034,1.4196788862224436,-0.7701839471708011,0.00045938281845824946,-1.436518693650996,1.3585652960839096,-0.015858583239897146,-1.224159670569564,0.9424207826653883,-0.6577461778527134
-0.00371988674583271,0.037704060811360615,-0.023106349916826287,-0.08209577627576153,-0.019303005131285748,0.20027858059111026,0.9761025395249162,8.810520323125167e-09,-0.4418592458292529,2.147578285173167,-1.4499940564333185,-0.0008608857699990632,3.505537357682651e-17,-0.2703920612922092,1.4428506064429163,-0.7705881096766053,2.2969140922912787e-05,-1.4332219342444006,1.3446288304086698,-0.028235168847177698,-1.2198465204407465,0.9373792624515193,-0.6612169895799561
0.004040899489113066,0.0507057873780055,-0.028813363323295184,-0.07366815143639446,-0.022278138968065606,0.3327623097830956,0.9398648483563379,4.405259971383239e-10,-0.5279303043741912,2.0949276254160116,-1.4499997028216658,-4.3044288499948543e-05,-8.753090723173557e-17,-0.21223906980907353,1.476237768773085,-0.7732140110299544,1.1484570461448438e-06,-1.4281832967970767,1.33434007650745,-0.03774442402259378,-1.2164060715284002,0.9314062329483366,-0.665075068494811
0.004040013925352931,0.060345517670013546,-0.03272588981951739,-0.06236825048210018,-0.01776695793689779,0.4670935957739717,0.881826575537623,2.2026353905507878e-11,-0.5857161941536004,2.049184407395273,-1.4386328410113776,-2.1522144249979015e-06,6.0481882591084e-17,-0.16376836134956238,1.5074704418009337,-0.7834437881636451,5.742285230957801e-08,-1.4225860098413772,1.3295256095715244,-0.044682662941916466,-1.2136961899975383,0.9201359371499683,-0.671295289912247
0.005263997282006171,0.06959338270376436,-0.03701106833208271,-0.04931207585609419,-0.011994025133165264,0.5931909988972905,0.8034605785992874,1.101333417370614e-12,-0.6390589332112528,2.0019478537710373,-1.4052990721705803,-1.0761072125290272e-07,3.632564710712428e-17,-0.10171092268502699,1.5468574004468545,-0.7984721096382966,2.8711426113507267e-09,-1.4161593795803147,1.3313658231486227,-0.04888943590938509,-1.2118634923801619,0.902776091378677,-0.679523272471869
0.004920139264153667,0.07890847824259516,-0.040895382995193325,-0.03225153217928273,-0.005958970359757799,0.6969773764696722,0.7163427015289486,5.5048827095104685e-14,-0.6846901538173967,1.9499462950223554,-1.3447185523145422,-5.380536069072041e-09,-6.182582485765762e-17,-0.031827607219342136,1.5894499678454066,-0.8270497954450772,1.4355712856206986e-10,-1.4066020815943125,1.3390479451771482,-0.05224001779311195,-1.2117862706028564,0.8773027468320249,-0.6898376962548609
0.0041852203769970975,0.08324907025635027,-0.040519501790414324,-0.014126645359972528,-0.0035315742160853363,0.7700783844960313,0.637783072530474,2.7832596134316588e-15,-0.7161542455228753,1.8912601354262937,-1.2710875198277904,-0.006296227548613912,-6.5689124281689636e-18,0.023811012345839412,1.611521769903173,-0.8806186313046709,7.177853369010431e-12,-1.3853863488941354,1.3527927847087327,-0.05863719301497193,-1.2139908430628692,0.8392870842435877,-0.7024238752389521
0.004168528265763995,0.08416760136060981,-0.03965013809011284,-0.002781369908188722,0.0009079453305804799,0.8203956670543257,0.5717887626520811,1.3149889936644497e-16,-0.7209696360131715,1.8384807692270044,-1.1970679376629425,-0.021236931282179475,-4.837671885927371e-18,0.0647047106521621,1.6083260141869555,-0.9519750881740179,3.5889164100426386e-13,-1.3492237562596094,1.360377917290061,-0.07583131459774667,-1.2248061315399368,0.8055510276713549,-0.7079796716972901
0.00379256502974982,0.08260231078640859,-0.038520873660024324,0.002091254044691067,0.005503433021340014,0.8651909185541912,0.5014080307821707,0.041890001793859585,-0.6950518626702231,1.8056660647308798,-1.1392595028654269,-0.0355785666299215,-0.011708091671331612,0.08265339529761746,1.5838843889761753,-1.0248391913251402,1.7947251917283357e-14,-1.304675331816186,1.354599340216067,-0.10342388098652405,-1.248689176955377,0.7913751045644316,-0.7014727295603597
0.007588792734869355,0.08192337828752758,-0.037694536106906595,0.003936279013349668,0.004986671731484951,0.9021384157764358,0.4313999508495027,0.06915604448585053,-0.6585570421551437,1.7843041206522818,-1.103891966276098,-0.04399663037960576,-0.04674497251535606,0.08357385121106979,1.5483045010656442,-1.0868760020242176,8.96453951610091e-16,-1.2565004522955212,1.338130595406945,-0.1360770213115391,-1.279950874588855,0.795874779898958,-0.6864361974474664
0.01191838204169774,0.08438326989222698,-0.03654478959900098,0.0016276730725861307,0.002503528229158035,0.9321377381668952,0.3620915907776356,0.08045003966405154,-0.6089939348752793,1.7735019156216738,-1.085485817567416,-0.043808373888977986,-0.08220677389513129,0.07864939458106836,1.5160707155123485,-1.1228666963948175,4.4751983212784565e-17,-1.2074974518024881,1.3118148217073218,-0.1717271075100762,-1.3129955310087515,0.8156202057189027,-0.6667941071831497
0.017060939036602316,0.08630155469240305,-0.03464046976995385,-0.0016208256200684148,0.002466060509217793,0.9553119964774001,0.2955846424566699,0.08309629130425832,-0.564659433737399,1.7545911881337815,-1.0716001212360111,-0.03949065975479643,-0.11273767698068755,0.06837971062029662,1.4939052871878817,-1.1658777557603324,1.5495749349628785e-18,-1.1633495475981022,1.2721633280343836,-0.21106623191418908,-1.3485837558095861,0.8484623424995038,-0.6437212855631657
0.020558607788204317,0.08895260160358907,-0.033599722136183834,-0.005277987871145666,8.142826585938456e-05,0.9738802705960241,0.22700078140236352,0.09111952662807485,-0.5150246633298052,1.7402195028136052,-1.0615668255618587,-0.03046052623162155,-0.13698327089670248,0.04300846489023473,1.473923691750581,-1.2193370180733665,-7.032280807003347e-19,-1.1234104484561434,1.2230414471005324,-0.2533154530130932,-1.382660000075103,0.8873800594375644,-0.6205805902871457
0.023637942729561923,0.09196984200834751,-0.03223427012551267,-0.012075241343151162,-0.001362751650416529,0.9873909827473063,0.15783338887495235,0.09399327730118338,-0.4623344009321412,1.7265629822095785,-1.053165927285618,-0.018447873070370602,-0.15008843299844923,0.0013039723828905808,1.4548557946542569,-1.2809089635803341,1.5005395815230971e-18,-1.0974006917581227,1.1715886006570426,-0.2937075693417177,-1.4214078128485,0.9251377307934612,-0.6002384289021727
0.02650128155758368,0.09327806779435384,-0.03064625657976625,-0.020353037878415713,-0.001689293430927715,0.9959442048976573,0.08762443076902969,0.10259786714452274,-0.4121694454918337,1.7090438053060246,-1.043488469251706,-0.006461664483072215,-0.15477363676457684,-0.05178902321740482,1.438119154297192,-1.339901014295356,1.5005395815230971e-18,-1.084419956101427,1.1213585902872312,-0.33061625884129264,-1.4645976941290297,0.9627624304607966,-0.5812819390159938
0.029212124718502402,0.09428768945468104,-0.029840345830255906,-0.027602593204752782,-0.006097552653898768,0.9994984327632207,0.01427583986569407,0.1137238254756487,-0.35970761646597627,1.6939519842248636,-1.032522718130458,-0.00032308322415361065,-0.15757996906550323,-0.1144719100063681,1.4226718750289427,-1.381522806137135,-5.929020400349613e-19,-1.0805935745881274,1.0702254812939682,-0.3646648119251138,-1.511443720427998,1.0053477510911686,-0.5606881544186159
0.03147263659928264,0.0979872964763652,-0.029727930431485958,-0.03242402942745576,-0.01196689958296716,0.9982382207540204,-0.04822789914464516,0.10235169967707478,-0.31323497452350085,1.6758793942091006,-1.0272348602826136,-1.6154161207677085e-05,-0.15044030366354386,-0.18018144895900728,1.4100572220072634,-1.3990351742342932,-6.902024628362824e-20,-1.0817034018281235,1.0159175977765922,-0.3967062681112791,-1.5614895951247754,1.0607892707326623,-0.5353043315926087
0.03380920723712096,0.10074568270681081,-0.029864237624082225,-0.03812556060341012,-0.018215825049589015,0.9937339698470511,-0.10347667620511461,0.0936892033249552,-0.27481629034863636,1.6552595632805975,-1.0284696657168213,-8.077080603840074e-07,-0.14217287478493734,-0.2465763393904079,1.3965461774089551,-1.3913405418430047,0.00037367385370627113,-1.0891828796524068,0.9666423988955745,-0.42266277069871283,-1.6134262197246578,1.1283913416932365,-0.5062988393611584
0.03478582306287775,0.10438591219340125,-0.030534914689623566,-0.04070040437916156,-0.02605020367307927,0.9873564104370629,-0.15097080095436183,0.07928845008923656,-0.23756092194405537,1.635604856962501,-1.0352485189263294,-4.03854030192744e-08,-0.13240051321107005,-0.3045070394759784,1.3837473139763117,-1.358062917545127,0.002478202830637831,-1.0997836423810614,0.9250403086300979,-0.4418576846533804,-1.6606472930813816,1.2097270201630521,-0.4738093671343335
0.034346656896768114,0.10605816851816527,-0.032168357089268365,-0.04375165827683459,-0.035908187889230954,0.9783915403883124,-0.1988627369245516,0.07174894778539165,-0.1954558168469132,1.6251746588857905,-1.0418621941434416,-0.001471633083005266,-0.12461926615038468,-0.3520373610628891,1.371999176205457,-1.3015476094334644,0.00723459813806328,-1.1120341437437424,0.8963626076512421,-0.4525849738799139,-1.69788658226808,1.2970522706486969,-0.4418070582925202
0.034235411675667134,0.10682178351031095,-0.03296696982388411,-0.04660529767115179,-0.042958000521001974,0.9659661657581341,-0.2507826210700203,0.07201282094923026,-0.14701057579594787,1.6135807782032165,-1.0442858479100692,-7.358165415026203e-05,-0.10632050197295582,-0.4013466920943413,1.3598719638764853,-1.237669942222236,0.01193789635767991,-1.1245604653384271,0.8849043919015583,-0.4530636805484708,-1.7238012615741931,1.3866687370121829,-0.412939432095664
0.034646745432452976,0.10934435523148604,-0.0323773169657781,-0.05178185632506942,-0.04675643181961557,0.947897076690437,-0.31084338088618035,0.06388125787123507,-0.09554110360651427,1.5931434121799228,-1.039520766005691,-3.679082707513896e-06,-0.07276220230424751,-0.469252097730916,1.338403637421596,-1.1931287291417383,0.014090024122305339,-1.1391937384703574,0.8922392747565292,-0.4426859091430234,-1.7424180499705215,1.4717488259079352,-0.39064030497865443
0.03554303693336797,0.11267053853831212,-0.03205823084881336,-0.05857343071274654,-0.04954395746577771,0.9243065035928716,-0.37386098607515705,0.05168591483981658,-0.0480328386127205,1.565417404221821,-1.0361284499070047,-1.8395413537755056e-07,-0.030325178841214176,-0.5385172494059846,1.3164243247454732,-1.151928665883398,0.01632244891499891,-1.15478125424252,0.9145939473005721,-0.4243732936768528,-1.754675052773856,1.5492378537765368,-0.375608311427886
0.035558207934231416,0.11670025038865289,-0.030803214041316394,-0.0655034887710681,-0.05711976236579762,0.9024600559260489,-0.4219152440526955,0.02733422815576475,-0.009040640740239941,1.5296149254075602,-1.0258306074246297,-9.197706769661774e-09,-0.0015162589420607102,-0.5968591306094796,1.3022432311530348,-1.1067201140114868,0.019290667318008686,-1.1733108662193108,0.9472725941325493,-0.39996926057383503,-1.7631887319153017,1.6200297099286993,-0.3681551906733743
0.03235902759405189,0.12042840280213653,-0.02868152258925023,-0.06973550732511057,-0.06867353021557868,0.8853396564759736,-0.4545267846198332,0.0013667114077882334,0.02702925886940645,1.4990346931532867,-0.9990819114942181,-4.598853377034584e-10,-7.581294710303096e-05,-0.6368859227917091,1.2957566532332876,-1.0610642914425314,0.021734157820548907,-1.1930719774572407,0.9772896242139922,-0.37702044482125535,-1.7703383779107749,1.6902336409230698,-0.36324095384191274
0.02485826067679805,0.1219256855186723,-0.02313006788317141,-0.07093749348379895,-0.08145880225235463,0.8619940805082431,-0.4952762266882956,6.83355703894209e-05,0.056584786371079346,1.4790908476099367,-1.0370838112708547,-2.299426700742095e-11,-3.7906473551565297e-06,-0.6491983124301298,1.291020105137368,-0.9993076433230453,0.026991540199621307,-1.207572482750623,1.0060136664831412,-0.35662150907588996,-1.7768423560349853,1.7407198473603256,-0.3624500200811234
0.015714752417408107,0.12064502591491406,-0.016783819235664896,-0.0679555849159881,-0.09626057302914146,0.8382266557941741,-0.5324396811611077,3.4167785195113044e-06,0.10014716282129602,1.4787387733636546,-1.1277138808370009,-1.149716638404718e-12,-1.895323677611644e-07,-0.6451345942628991,1.2815690935740065,-0.928270876919429,0.034962889740002605,-1.213926397334717,1.035488134088894,-0.3369228945211915,-1.7807226261194609,1.777499903237274,-0.3636236117158583
0.008246906390784091,0.11567765740639545,-0.011604995494403102,-0.06173688401687594,-0.10451827422690675,0.8146711949459433,-0.5670761250748125,1.708389259786125e-07,0.16173690600350865,1.509403842476431,-1.2429842791343275,-5.747709903172553e-14,-9.476618398252621e-09,-0.6268905328468538,1.2673889311837867,-0.8532299202681014,0.04671950643980785,-1.2056481958558614,1.068633520679519,-0.31598869294576626,-1.778979958023445,1.8062830103897531,-0.36542792475237973
0.00252577483809621,0.1073960019376135,-0.009099517163732033,-0.05140248821353365,-0.10531946187807455,0.7953434619870573,-0.594722096974387,8.54194633642403e-09,0.18662801257592496,1.528350328997736,-1.37872044845971,-2.871642861517051e-15,-4.738309608377267e-10,-0.5928439126202173,1.2569924942838806,-0.7902962411060482,0.05763846648866522,-1.1863326957291789,1.1003845186933876,-0.2949624454892717,-1.7749936084044229,1.8263635215264726,-0.3673753368170483
-0.0026331779808962405,0.09823678262879282,-0.008582390452166098,-0.035773458006064074,-0.10013787304145838,0.7766043327257958,-0.620949576436398,4.270973699115326e-10,0.15478637029543205,1.5166004475190933,-1.4464360224229855,-1.3602290341719996e-16,-2.369149312486519e-11,-0.5511549335670552,1.2498016843072743,-0.7402168089351087,0.06574711778504487,-1.1561682198204097,1.1262484035473515,-0.27606318892689474,-1.765589960302996,1.8400720816300566,-0.3697649351423494
-0.007369405622144156,0.08890297833472033,-0.009873125952068879,-0.018076537809505168,-0.09126323849169701,0.7528254468963587,-0.6516119294381638,2.1354849363304637e-11,0.06633986969686269,1.4766490526346936,-1.4498218011211492,-3.3759027508412174e-18,-1.1845799419194327e-12,-0.5107146624273258,1.2475229933949994,-0.7076990895340204,0.07099068223100427,-1.1224415424747547,1.1404173675054259,-0.26252524773283076,-1.7504274876102863,1.8427477148403784,-0.3751946253831938
-0.008656480534782377,0.08087338872758948,-0.014351085414997237,-0.007222497792951248,-0.07436886594375801,0.7220778753840827,-0.6877649665290309,1.0677593690136284e-12,-0.05611158083268304,1.4254147933431207,-1.4499910900560573,-7.882700365385333e-20,-5.923309828127147e-14,-0.48015600375892253,1.2528490870069018,-0.7096472596499285,0.0734106113859236,-1.0846498156362196,1.141239876497508,-0.2549645323448239,-1.7244720436899896,1.8336418815444213,-0.38578801898609694
-0.009390602391313448,0.07748367928356406,-0.0227274237985998,-0.005241720904761637,-0.05498365301089371,0.6928253061448216,-0.7189870773726521,5.3359680768968326e-14,-0.18996835275425972,1.38038847102502,-1.4499995545028028,-0.006394988976266311,-2.95129953394274e-15,-0.4667924436434442,1.2746543860783122,-0.767485081917636,0.06625974566962511,-1.0479745154229303,1.1201897705291413,-0.2561556871642821,-1.6873534237922543,1.8083290032304786,-0.40535779135798206
-0.01221173315805992,0.07425353367736687,-0.029875307232038024,-0.0007130223317709794,-0.044763813905678955,0.6748571564656449,-0.7365891059002134,2.671557162233114e-15,-0.3098359625235034,1.3449658025823024,-1.401300877149389,-0.024061853023294055,-1.4566891462053193e-16,-0.45272484123288415,1.3143126522569906,-0.8615995637642666,0.05067045299347458,-1.0133708302860847,1.0610557981881297,-0.27334742648105814,-1.6389283434163895,1.7654727720956762,-0.43580843849075435
-0.01587986075957107,0.07500320301589107,-0.0373521600547964,0.008698210758959593,-0.05045353119776616,0.662752645918774,-0.7470861480759313,1.0335707780633786e-17,-0.41485102653809314,1.3504940200183,-1.2753828734988975,-0.08760293133179294,2.1298219942235755e-17,-0.4377281946439431,1.427211218271607,-1.1193565403465668,0.0003180531818441834,-0.9156868494016016,0.7797946942786032,-0.35003089329839,-1.4750208410325105,1.5817433532359157,-0.5557202958702749
-0.01793705318595786,0.05911305789775519,-0.04902042679159039,0.036671866773653555,-0.03601342290069311,0.6542015606656013,-0.7545717497899074,-6.591340488480075e-17,-0.42290406560190164,1.5977014403171648,-1.357898854702203,-0.26176633840393254,-4.080557369913864e-18,-0.3740951771951277,1.7117453031659935,-1.4056122505913233,1.2204753571783565e-18,-0.7213150292639081,0.25147934186157106,-0.2870738967239959,-1.1816450374207208,1.2406066750197522,-0.6957727672894555
-0.018943308057077387,0.0507537665298624,-0.05247474214703978,0.04775465632307881,-0.025537251781012286,0.6476409425329303,-0.7600187834034071,3.179307311431729e-18,-0.4010364923514144,1.7379980902417516,-1.4470677098208355,-0.3499999998241762,1.0256018933049207e-17,-0.3649496902774356,1.8401918613110482,-1.4499999999979842,6.497995390197294e-20,-0.8342168576130271,0.054155562611321824,-0.2133995181014566,-1.150292541352364,1.0244542309690883,-0.8017785879218424
-0.019868053913358837,0.045829029782960946,-0.05283093351374945,0.052778704947424045,-0.021117868248886826,0.6396356895119327,-0.7665733028532161,-3.992879945494033e-17,-0.384500903681902,1.7828765211541222,-1.4499999999990527,-0.35,-2.156806932218198e-17,-0.35846277174998725,1.906311017836415,-1.45,3.51845027146432e-20,-1.0153504462671386,1.1927381932159537e-11,-0.30133253147476774,-1.1605773927045924,0.8530494584923759,-0.9620142810966322
-0.017444721399529583,0.039118413521195695,-0.052327563799746964,0.05791670327133121,-0.010551058519146082,0.6365205733503171,-0.7690096815698022,3.8741338597824634e-17,-0.3437962089293643,1.8040504588497308,-1.45,-0.35,-9.930658059131511e-18,-0.340282658706535,1.9472931315625017,-1.449999999937861,1.178173397319598e-18,-1.1911965600566672,-2.932168133113714e-18,-0.4825309547702418,-1.1272027000370248,0.711950421037135,-1.151238724478492
-0.01370859455197147,0.0353398712162249,-0.05048375928903612,0.05423031951420919,-0.0033853267433088256,0.6442325933792538,-0.7628970950502223,9.652758471122228e-18,-0.297851123024443,1.7700015289706343,-1.45,-0.35,1.2651136874317054e-18,-0.3583846353066291,1.9632087486558258,-1.407267402502526,-4.302180986851872e-19,-1.3577579180970654,6.955274969971064e-18,-0.689880027017838,-1.062955829665448,0.647028724683878,-1.3229831996006538
-0.010711832847849628,0.03206124834156754,-0.04807097222576811,0.05037033148318895,0.002931534697747919,0.6573549058218296,-0.7518901273474483,-8.429030217000478e-18,-0.24729550889653834,1.703340803855386,-1.4437517607618708,-0.3499999999999987,-0.016964296039432895,-0.389241086286172,1.9456860148764608,-1.3484268607291032,-9.80240466513711e-19,-1.5024603388401165,-5.644099146980506e-18,-0.8898531406907454,-0.9428510696420255,0.6846729748073243,-1.4370455019596995
-0.007145315319243667,0.029192084226746195,-0.0441777907618647,0.046582459951788516,0.010265688326349996,0.6767735171370062,-0.7346443333818289,5.1544895701632205e-18,-0.2132628150107685,1.6134340946524761,-1.3916377142306522,-0.35,-0.022767917910847264,-0.4101211447579517,1.8834606859688465,-1.2633796096707324,4.586941329882064e-19,-1.6283920737928186,1.7411354036325834e-18,-1.037570739500094,-0.7835415716930827,0.7493971449089448,-1.4934729856999558
-0.003578061646708929,0.027191804740375875,-0.038975862261863815,0.04090280098695704,0.016673830507465265,0.689868562476762,-0.7225858500924824,-2.1452403692743398e-18,-0.20162903926209205,1.5647991403990564,-1.3116644742471348,-0.35,-0.013748158843413471,-0.4229558058574176,1.780478728744731,-1.1445065327609887,5.876737129426992e-07,-1.780106241881696,-1.090746547774689e-17,-1.1364140966442886,-0.6175255942046751,0.8115531855401126,-1.476966447237444
-0.010411948255244647,0.027204159447238196,-0.033530170342522814,0.04109854206704209,0.009359189305629007,0.708537049816365,-0.7044136316490668,4.849028110686696e-19,-0.23691822934209897,1.5423753272137388,-1.2176554734963159,-0.35,-0.05775639710080488,-0.42901975446525403,1.6685205864442882,-1.0399568294979242,0.0020440064372813983,-1.9570381321224792,-1.6652706145735043e-18,-1.1359815180739987,-0.49213360861139316,0.8407125230349574,-1.4236817615416328
-0.008701737611648185,0.025760243501700933,-0.03276312482176043,0.03309101167461458,0.011167351056919355,0.7239178646522912,-0.6890015968442956,0.08681254259706808,-0.2568335894797134,1.5375992545590975,-1.1922075339340412,-0.35,-0.05526799619163143,-0.4341741262193601,1.6397564655943242,-1.0262172373147898,0.002837922277361417,-2.000973174139579,0.020188602794146852,-1.0915793565822536,-0.47192062410140856,0.8222284692491488,-1.4206397483850737
-0.005573784817225792,0.022609853719149545,-0.03409567519232334,0.02403139388332197,0.016790472466867577,0.7333266643569367,-0.6792441206852607,0.18452319865846623,-0.27145423478693864,1.5317086814023888,-1.162979993398316,-0.35,-0.05387901689198171,-0.43420588705951885,1.6252009280770823,-1.0295406621413095,0.0021504373794530335,-2.019338852341913,0.05569895302961411,-1.0439290655270663,-0.4590541836064986,0.7999530304155141,-1.424471681738927
0.0012511998371669848,0.022284850739582425,-0.03504334291847986,0.008161140387547193,0.023784204359985996,0.7355171608721258,-0.6770392997996091,0.29835119155797835,-0.2986084013931446,1.515515291122349,-1.124256591933857,-0.35,-0.024065811880213187,-0.4266441158009907,1.6147447779940771,-1.0363820160867685,0.00030844966944614644,-2.044574564814125,0.10513460866618737,-0.9759452057050656,-0.4483208544561381,0.7662721587373262,-1.4310763605927657
0.006942822778771757,0.023324491101480736,-0.03533183019523515,-0.006643145781947208,0.02729165487293727,0.734882966596021,-0.6776120273397219,0.3838046233174045,-0.32512234539697044,1.4934783144509638,-1.0886330717754185,-0.35,-0.0012032905940106524,-0.42502467280397144,1.5985850308209997,-1.0446650615770834,1.542248347230729e-05,-2.0847453176428674,0.15578805702739382,-0.8984122443530196,-0.43762869815090283,0.7229660553248696,-1.4407503360875746
0.008405307607857695,0.0261690840409059,-0.035072575793291684,-0.017639887520729192,0.02488569750814358,0.7313632109983073,-0.6813056509570687,0.42198974777867393,-0.3391824487102409,1.4715158989705992,-1.070168886734425,-0.35,-6.016452970052902e-05,-0.4323725732186649,1.5738167965522443,-1.0487037398718646,7.711241736151378e-07,-2.1475608746364014,0.18974736030523265,-0.82373009700353,-0.4309066224996013,0.6789071199508228,-1.448044384390131
0.010011811389038828,0.03528811668104437,-0.03133215094123031,-0.04190801828236679,0.011256690667420948,0.7286067446110956,-0.6835563009921601,0.4265742042739986,-0.3453852028296173,1.345030103780699,-1.0204804180824805,-0.34072709293290376,3.2619441080259896e-18,-0.4157536655964279,1.3958751463055528,-0.9982917192024378,-3.6916522131194733e-19,-2.468776780183229,0.0397353374411859,-0.4086653019723073,-0.47317272768368274,0.5013139144540595,-1.3763151631422483
0.010298987002702313,0.03566991428561065,-0.030446401339031613,-0.04633199275702526,0.009107619572979848,0.7286875714046946,-0.6832165257026537,0.4229972522010843,-0.3421509630561273,1.3280420243230888,-1.0157071866136236,-0.32817101100842,2.803167810854478e-18,-0.40791579870011396,1.372471769009197,-0.9904460870134119,2.6198661318171146e-19,-2.5155711518048576,0.009815480863080858,-0.3642427769849877,-0.48214174691498435,0.4879903911974011,-1.3617171329092597
0.010946076267509998,0.036138280975234895,-0.02970611424174966,-0.04976848100836978,0.008981537547224068,0.7288381449983002,-0.682815779458006,0.4203295946183098,-0.34114779848961224,1.3060649764122845,-1.007621342336832,-0.31001079721098135,1.0715497808652591e-17,-0.40104649524016833,1.3480757530855494,-0.9821371311748084,-3.6967577341023867e-19,-2.5577249282518433,2.4538702157701937e-05,-0.33148328816089495,-0.4924453294877784,0.4733932770091014,-1.3502848805531182
0.010616771010221,0.03652367310280145,-0.02915186947663087,-0.052509657554846205,0.00815674277938866,0.72665072368108,-0.6849488515097072,0.41982398345141614,-0.33503546219703545,1.2986010497117833,-1.006426742261136,-0.2997624190355099,-2.2583061413808463e-17,-0.3990188837922127,1.3346054994832515,-0.9756556184165694,-3.6967577341023867e-19,-2.5747164255170687,1.226935107881378e-06,-0.3177566280490574,-0.4996662612853029,0.46738782875019924,-1.346427554696341
0.010983184242804776,0.036914322779208635,-0.028428833618979667,-0.05491120499926407,0.009285504757367665,0.726361306920625,-0.6850531298924863,0.42144396689706093,-0.32773096712705463,1.2818848860844507,-1.00272382916178,-0.28123895909602203,-1.127405395533144e-17,-0.39290275847015244,1.3086355928054805,-0.9613532930525603,-5.1143769021740205e-20,-2.598262313233823,3.067337779022146e-09,-0.2998252063436888,-0.5134837368488958,0.45851637035961673,-1.34063333475019
0.010969529083557932,0.037108177765826166,-0.028056248496934794,-0.05548473420745727,0.009798843310651865,0.7246730601625447,-0.6867855435391417,0.422197619078392,-0.3218830123566441,1.2749188002272278,-0.9995030377662816,-0.27208670910689886,-1.4940012551048052e-17,-0.3902510275585352,1.2960581681204648,-0.9542982082990512,-5.1143769021740205e-20,-2.60612149117282,1.533668892834195e-10,-0.2933380941480241,-0.5182172243117978,0.4536035477290312,-1.3389758918173131
0.011095894982091752,0.03696810415247349,-0.02767243694206072,-0.0568013764398778,0.009569757287206836,0.7240321527942625,-0.6873568688098673,0.42350634345906496,-0.3160211416974374,1.2678608232510638,-0.9965703254267827,-0.2629088376882306,3.151494853782451e-18,-0.3855074204708573,1.2845002614270957,-0.9484288958383124,5.818905163893104e-19,-2.612592026888221,7.668358148352213e-12,-0.28865983239633697,-0.5206274687147865,0.4477277998420656,-1.3384350678053576
0.010934818738696402,0.03695781963864049,-0.027511855459786225,-0.05693786948986319,0.008658917187443117,0.723268883948417,-0.6881607542450439,0.42310827619850444,-0.31060532334789626,1.260908244865661,-0.9929010331269843,-0.25396200447872247,2.2759762679869597e-17,-0.38101767925735885,1.274019547635384,-0.9451745089998485,-5.1553274933043203e-20,-2.617391509023521,3.833979231680508e-13,-0.28405557750698157,-0.5205388060555545,0.4415985692092035,-1.3387018569832103
0.0104475673107896,0.038930315530051544,-0.02755264747202948,-0.05869471248090697,0.005755530394562428,0.7197042055211464,-0.6917713937073695,0.418339582155315,-0.31210805212466963,1.252469664950814,-0.9908845385161568,-0.24504496241626697,-1.9303893480778958e-17,-0.38766829098003325,1.2609790458677863,-0.9440187628649894,-5.1553274933043203e-20,-2.6271668557451378,1.9170083113842347e-14,-0.2794512274065024,-0.5257076369246202,0.43368476249853544,-1.3401304944356414
0.009909886125390364,0.04115492472157554,-0.027713051408664723,-0.05976303007957351,0.0017668264398364491,0.7180525381137387,-0.6934160447151895,0.41290981138004584,-0.31983437053495073,1.2429497567842165,-0.9872636530858998,-0.2373592215631585,2.0918031528431766e-17,-0.39683882250003855,1.2503428669548844,-0.9440219687132957,1.2056362030261896e-18,-2.638921813041458,9.391937207999147e-16,-0.2752365843264465,-0.5327750065816361,0.42764887584555933,-1.3408001573999428
0.009788544262137586,0.042271007677159536,-0.02758503893057215,-0.06110022283814004,-0.0006120472538405499,0.7177708148816925,-0.6935931411651647,0.41264116053856154,-0.32453160970310047,1.2362353115992957,-0.9819525340534978,-0.2299155333201066,6.428914273921784e-18,-0.4012226237715436,1.2434121580911812,-0.9426282415661155,-6.812421043531458e-19,-2.6500212348974985,5.1888271036086025e-17,-0.2725903027634567,-0.5386267928867565,0.4197350833866752,-1.342815423891446
0.00950868487001503,0.04279010019225549,-0.027490047454605055,-0.06171662935622524,-0.0015107998970638734,0.7169705241710038,-0.6943644883017375,0.41057435416678406,-0.3260386714345722,1.2323577484300308,-0.9777143932390021,-0.22201325167330566,-7.880352595450255e-18,-0.4032568764663993,1.2385045602324272,-0.9400024366122178,5.764274678436078e-19,-2.6599000504163244,8.518715936642481e-18,-0.2719449286334406,-0.5421883357402296,0.4111676928470055,-1.3450662105345255
0.009241736765321334,0.042882908181289904,-0.027391529654758422,-0.06168863122078147,-0.002219781094693446,0.7168411353642367,-0.6944986479466397,0.4093079352599443,-0.32589704355622073,1.22956851017464,-0.9735433068922933,-0.21411552960029323,-2.2029353679630405e-19,-0.40276859353981465,1.235324735370835,-0.9378194512574296,-6.843312099288649e-19,-2.6688432976811556,3.03822419583099e-18,-0.27248455117077225,-0.5437248133339533,0.40300115732817376,-1.3474162290299523
0.008969287199035617,0.0431700118484581,-0.02734086525361141,-0.0614385929796917,-0.003173345923158506,0.7164532183574723,-0.6949172721076577,0.40772396111202674,-0.3263446188152767,1.2266213740765284,-0.9692494947887506,-0.20636883980770104,-2.137470878114494e-17,-0.40328150253571726,1.2322348815640711,-0.9365416256664052,-5.3271861170086095e-20,-2.677923086779105,-4.96192922914094e-18,-0.27423485105718354,-0.5444446565200041,0.3957744629687163,-1.349229580325619
0.008797091539917912,0.043490980904327535,-0.02728189568793077,-0.06151275485028856,-0.00414194768356711,0.7162214307849684,-0.6951445082459102,0.40628496890041577,-0.327532604051864,1.2235084765450646,-0.9651226949811613,-0.1987518713151176,-1.0897758256556499e-17,-0.4040559362593792,1.2295054883031211,-0.9357484059932986,-5.3271861170086095e-20,-2.6855371685386737,1.5854752482580745e-17,-0.2763922661803164,-0.5432803506070056,0.38924437543736623,-1.350942857599242
0.008557049527850389,0.044010972701419585,-0.027297368923604647,-0.06176234217912661,-0.005417075365535474,0.7163789638198339,-0.6949512562615126,0.40354867126850247,-0.33079106726961527,1.2200862364468,-0.9619567113453483,-0.19138742464085798,-4.5321388991208075e-17,-0.40562724159001445,1.227167105628787,-0.9355085330823946,-5.3271861170086095e-20,-2.6918116190666943,-2.7558319180171145e-18,-0.2793573455934823,-0.5410479497990435,0.38328472976704553,-1.3524023271070365
0.008574933867058996,0.04473358384579042,-0.027249546941543957,-0.06271128638388415,-0.00641482798762799,0.7171265327934347,-0.6940862197923507,0.40258912871721114,-0.33610489097149454,1.2165411914743798,-0.9592942408889397,-0.18442339205484098,-2.2684221717600085e-17,-0.4083068101633495,1.2247728566337925,-0.9351829855408371,-5.3271861170086095e-20,-2.697199242000173,1.1831769499596446e-17,-0.2832841489448321,-0.5388250679099673,0.3777787546832007,-1.3536643407721585
0.008772366389432752,0.04522828407132074,-0.02717445043470234,-0.0635504928747757,-0.006925521008876668,0.7181326821125976,-0.6929637962375066,0.40317710470265195,-0.3410838364233165,1.2138988652575007,-0.956105482973258,-0.17771310657319442,3.392503963626994e-17,-0.4102326049310758,1.223021568858533,-0.934626793578323,5.801619084611373e-19,-2.7009710008523555,-1.9180995173905774e-18,-0.28735047693099686,-0.536529749676647,0.3728283230529592,-1.3549971785672643
0.008926567027431295,0.0453618346168173,-0.027213153499198388,-0.06390307266774944,-0.00691118006382213,0.7194313659085668,-0.6915830699494319,0.40166933719770387,-0.3455102516164929,1.2124205532201158,-0.9537367724602821,-0.17103388800103364,4.048670917150832e-17,-0.4102440111226295,1.2226238815707804,-0.9342301293694231,-5.25435178674177e-20,-2.702810952332421,-1.5585008662308595e-17,-0.29176222198920265,-0.5343421491239905,0.36759356359233086,-1.3570698510659411
0.00912107946037009,0.045289848651272176,-0.027262313195399804,-0.06450906505135569,-0.006887595639490419,0.7212162252042722,-0.6896653522213572,0.3989759708180336,-0.3512653399442606,1.2124647871262553,-0.9511526404520791,-0.15748193300218316,-2.3308847800370192e-17,-0.40839066955314335,1.22295247977643,-0.9351025448938016,-5.25435178674177e-20,-2.7037194905794455,-6.3565847019729924e-18,-0.30032111084197044,-0.5310920069589347,0.3585782813798436,-1.361480022363022
0.009730777242070327,0.045396092918371475,-0.027152544613849475,-0.065391750777997,-0.006352538317696996,0.7237182162711627,-0.6869610670368436,0.40112822726566055,-0.35852971181867394,1.2121683045279874,-0.9470159618549201,-0.14522439261077968,-2.266008291731609e-18,-0.40712238642765153,1.2218889098888037,-0.9353873956331974,-5.25435178674177e-20,-2.7038642065052407,-8.001099169067217e-18,-0.3076665377041817,-0.5285683044833924,0.3525500827682287,-1.3652721531766487
0.009923658730766201,0.04545807697626009,-0.027088734736606977,-0.06593316182047256,-0.006442163927680789,0.7250463482179608,-0.6855064621373641,0.40113297583029367,-0.3624203953619811,1.2120428114630755,-0.9451378619301412,-0.13927490558310016,2.4272953898860625e-18,-0.4063123574194348,1.221252236639311,-0.9355125219190902,-5.25435178674177e-20,-2.7040580256469755,-7.155972045944238e-18,-0.31090063468982976,-0.5269682710791029,0.3495946989078179,-1.3674921351037546
0.009976893282330378,0.04555463657925778,-0.02707226936027459,-0.066103026291145,-0.0064995489843521865,0.725311154866613,-0.6852093653798188,0.40109057137538234,-0.36493246515401595,1.2127715266261598,-0.9430834375287868,-0.13322940945300932,-2.6944681058808603e-17,-0.40624530757538824,1.220271934638049,-0.9355311681398449,5.798281085855976e-19,-2.704299452158217,1.1442442445103649e-17,-0.31362891522037634,-0.5260296534603696,0.3477481759367413,-1.3687830877188436
0.009995628920355692,0.04561368974433141,-0.027056587510607643,-0.06618575111717247,-0.00653606820675906,0.7253834552266796,-0.6851244916399192,0.4010019367118424,-0.3668327782772535,1.2138375192288122,-0.941148335676385,-0.127197130229333,2.7750989202480146e-17,-0.4061701525241438,1.2193538593568165,-0.9353377670731242,5.798281085855976e-19,-2.704508219163094,2.3597081516957864e-18,-0.3159073907456311,-0.5254912515668868,0.34657797572449156,-1.3696117208527236
0.010004981587711624,0.04564808458578701,-0.027041376509704285,-0.06623556729488313,-0.006552538446231729,0.7254116713296773,-0.6850896444726933,0.40089726414586824,-0.36844926072019246,1.2150250380574312,-0.9393566513191332,-0.12122139059860843,1.6456016609080865e-17,-0.40603309503016816,1.2185213141469546,-0.9350446142254053,5.798281085855976e-19,-2.704670618161636,6.250130478434788e-18,-0.3178052571125443,-0.5251892424566771,0.3458315231278962,-1.3701652995467284
0.0100110272762458,0.045669780883964464,-0.027027483441609605,-0.06627078665333241,-0.006557838798373047,0.7254267703306782,-0.6850701996687973,0.4007893930727621,-0.3699124959262193,1.2162479415746978,-0.9376830454922926,-0.11532123538056575,-3.5916030519652525e-17,-0.4058598051208601,1.217757575253128,-0.934730321327585,5.798281085855976e-19,-2.7047909328134785,2.8484461622615177e-18,-0.3193852990129652,-0.5250265661078739,0.34535336954817386,-1.3705444749496218
0.010015541418995726,0.04568504882290924,-0.027015171018466327,-0.06629865952130574,-0.0065582413940983575,0.7254368414208373,-0.6850568343756998,0.4006829335671562,-0.3712798560062183,1.2174698263996637,-0.9361009396271767,-0.10950626871562912,1.0367755542453767e-17,-0.40566971025681325,1.2170504818786718,-0.9344325154900849,5.798281085855976e-19,-2.7048780580637195,2.5977244098742448e-18,-0.3207009325682363,-0.5249459985042004,0.34504643306278654,-1.370809816849078
0.010019163900111086,0.04569682001753365,-0.027004391644432708,-0.0663221516666508,-0.006556875695863127,0.7254445446315462,-0.6850464161235681,0.4005794138985046,-0.3725789505585884,1.2186749013109226,-0.9345901647133954,-0.10378161540087674,7.215522429246889e-18,-0.40547310205557857,1.216392976466017,-0.9341654803884492,5.798281085855976e-19,-2.704940674567538,-3.605097862868997e-18,-0.32179679886169327,-0.5249134647113454,0.34484942473700253,-1.3709994477167131
0.010022175489983572,0.04570644838645406,-0.02699498434835768,-0.06634253916438276,-0.00655508054087986,0.7254509242553289,-0.6850377032787432,0.4004792473751122,-0.3738243029677737,1.2198564046408995,-0.9331365451846816,-0.09814996924672512,-3.913008190016923e-18,-0.40527536866025,1.215780480446064,-0.9339322193141026,5.798281085855976e-19,-2.70498580423153,-3.7626459910582965e-18,-0.32271000523100546,-0.5249084839733277,0.3447232951842677,-1.3711379039445897
0.010024724029958363,0.045714590660580985,-0.02698676230706817,-0.06636044929513381,-0.006553355843967374,0.7254564422077523,-0.6850301414943739,0.40038245576366616,-0.37502435638605497,1.2210116504253048,-0.931730268844848,-0.09261261709146859,1.7664754313545998e-17,-0.4050795948453267,1.2152094568442338,-0.933730824987171,-5.2761570156450434e-20,-2.70501868308975,-4.536896847543667e-18,-0.32347135323037646,-0.5249187017791164,0.3446429802588404,-1.371241213954687
0.010026901459160985,0.04572160075994503,-0.026979547617655558,-0.06637626469047266,-0.006551846601692945,0.7254613250930451,-0.6850234525810726,0.4002889352900211,-0.37618457943666767,1.222139823511585,-0.9303644704665285,-0.087170001505259,-1.2811279370426914e-17,-0.4048877508760063,1.2146768300978268,-0.9335575816055284,-5.2761570156450434e-20,-2.7050430562971677,1.1494048712191221e-17,-0.32410640905892274,-0.5249366947859718,0.344592300973012,-1.371319977339552
0.010028773034373018,0.04572769862078938,-0.026973183148634606,-0.06639027183999999,-0.0065505625623480295,0.7254656991586032,-0.6850174751635527,0.4001985519969619,-0.3773088896557023,1.2232409768794053,-0.929034229688315,-0.08182204206461471,-1.5307591345103744e-17,-0.4047011966508372,1.2141797869226125,-0.9334083976862596,-5.2761570156450434e-20,-2.7050615427244917,7.227120240397683e-18,-0.324636401744291,-0.5249580600505777,0.34456077014590475,-1.3713812845100075
0.010030389253308522,0.04573304084892115,-0.026967534807548522,-0.0664027117217979,-0.006549471161698655,0.7254696464608673,-0.6850120994314188,0.40011117330806684,-0.37840032524162565,1.2243155690764198,-0.9277359125090027,-0.07656832258048185,2.672811272828542e-17,-0.4045208992076872,1.2137157178474678,-0.9332794207231037,-5.2761570156450434e-20,-2.705075951349202,6.4321798193995226e-18,-0.3250789673271594,-0.5249802504803776,0.3445415705243269,-1.3714299338606677
0.010671442784071943,0.04511449174518147,-0.026959345650740308,-0.06571979406782764,-0.0054834384999720735,0.7262171553178769,-0.6842948808020648,0.398558627619979,-0.3795104068051946,1.2248704539593482,-0.9275932184026296,-0.07082785418338966,-5.067499695039059e-18,-0.40206511281132684,1.214104151656758,-0.9330907111481984,-6.951667326036233e-19,-2.70693315121409,4.9617501836662466e-18,-0.3156897005435645,-0.5290320543947006,0.34841562664808184,-1.363158388575639
0.011267811279601235,0.044488956542741334,-0.02695464736839602,-0.06504594609903434,-0.004576812228328239,0.7270706050706935,-0.683459152347853,0.3964350124343684,-0.38022247768160194,1.2250227860774603,-0.9281743726432623,-0.06467904043430579,-2.2908667718313e-17,-0.39898925756198345,1.2144556276688354,-0.9336527482048342,-4.460112155996486e-20,-2.7078869598897413,4.698985113253356e-19,-0.2978385358457347,-0.5348566115812007,0.353851325780827,-1.3480502399999374
0.011783002666040703,0.04392907215214973,-0.02695370987646886,-0.06437499907278231,-0.004030694665112241,0.7278230096966765,-0.6827248930213176,0.3937467626813349,-0.38056104099008453,1.224742310895659,-0.9291199345507261,-0.058203252159306516,5.0854726579558115e-18,-0.395833737112025,1.214574098538279,-0.9350616181796251,-7.013020375911555e-19,-2.705882188774894,0.007629309596230755,-0.2743222430512218,-0.5410118584113394,0.3594309888683783,-1.3273821903584833
0.012199032523109327,0.04344110683784166,-0.02695721117659211,-0.06364202143180307,-0.0038743403487809355,0.7283899616512344,-0.6821896703708222,0.3904542601787485,-0.3804908815871704,1.224030639974877,-0.9301180283358061,-0.05148428387565333,4.767558697209733e-18,-0.3927702512144302,1.2144886628639149,-0.9372359567814513,6.207937351870211e-19,-2.699201376757866,0.027340204120672007,-0.24844762376153964,-0.5465691075910831,0.36430116821928055,-1.302242851702149
0.012527184851384746,0.04301345680616614,-0.02696042526970051,-0.06285630975024747,-0.004032456603233729,0.7287797081387049,-0.6818452614952972,0.386587167662058,-0.38002905502541046,1.222904600771935,-0.9310805520606679,-0.04457861403026934,-1.9511066404113773e-18,-0.3898347229998601,1.21425640933269,-0.9399626019694132,6.207937351870211e-19,-2.6863308842230214,0.05525592310295778,-0.2222962551857774,-0.5509478908455048,0.36796144861956903,-1.2735506659109572
0.012775869859404432,0.042631519510919286,-0.026960839308507706,-0.062015372026919965,-0.004430294390363853,0.7289940171927216,-0.6816906842705092,0.3821720093309641,-0.3791540186871284,1.2214243607873592,-0.9320080667031744,-0.0375193554402083,-1.3287842925216945e-18,-0.3870420543062441,1.2139183809935288,-0.9430262265616699,-4.5316758990823256e-20,-2.6662171287035514,0.08878907022178263,-0.19708942928742562,-0.5537931728898988,0.37014623835827093,-1.2420648119563233
0.012948896953858972,0.042280923732451486,-0.026957376166958466,-0.061107702427161854,-0.005007484626730882,0.7290205900656698,-0.6817402386995276,0.3772262545499738,-0.3778088856451269,1.2196737849974566,-0.9329329788564206,-0.03032263521550998,9.272052456667267e-18,-0.38439872977649275,1.213505253521133,-0.946247862099739,6.221050455030705e-19,-2.638265291513179,0.12622983648059136,-0.17347057701555796,-0.5548948568886282,0.37074068816136374,-1.2084111654309113
0.013047300258238703,0.041948310285344896,-0.026949797131357724,-0.06011837097880116,-0.005715874396936465,0.728838678774704,-0.6820170749861598,0.3717619854456091,-0.37591845787740097,1.2177416584206433,-0.9338992958330038,-0.02299188250011757,1.5538882412860828e-18,-0.38190463944966996,1.2130427920835092,-0.9494900379002,6.221050455030705e-19,-2.6022738031407076,0.16642536042755438,-0.1517223467904896,-0.5541346199773113,0.3697223412405596,-1.173099348282882
0.013071229867331642,0.04162148450854169,-0.02693830388951993,-0.05903354777103114,-0.006514738700297581,0.7284250535502209,-0.6825463645625764,0.36578976982722694,-0.37340310074977456,1.2157106729428393,-0.9349579735268242,-0.015520381450187937,-8.577628418908118e-18,-0.37955433622379914,1.2125537838697626,-0.9526491290534012,-4.709464728589782e-20,-2.558353210493678,0.20853942657214583,-0.13192811325433168,-0.5514498449368239,0.3671205861315977,-1.13653515749277
0.013021424461948077,0.04128920220243804,-0.026923286501047364,-0.05784345223850545,-0.007366172100228217,0.727758850972641,-0.6833497855218089,0.35932133252608406,-0.37018810204163477,1.2136526185251766,-0.9361677744743845,-0.007893389713102977,4.771537872403529e-19,-0.37733725295816517,1.212058393057138,-0.9556442661708693,-4.709464728589782e-20,-2.506857539714938,0.2518790298934931,-0.11408615810872012,-0.5468092085078624,0.3629897495144468,-1.0990325362730933
0.01261035416779747,0.04049555700139604,-0.027026881460049605,-0.05497457464174181,-0.008033309888732403,0.7261294756016144,-0.6853095991869038,0.35130699019201367,-0.3608443345811797,1.2097999860073136,-0.9376745920906726,-1.9733474282757188e-05,-5.0971700386401976e-18,-0.37226502107972453,1.2119091323916125,-0.9608386196098485,-4.709464728589782e-20,-2.4032995155915806,0.3292901366491728,-0.08826986842348017,-0.5346950793615999,0.34848891799255927,-1.0275724781567437
0.012257327862008451,0.03961535566606521,-0.02707940512736366,-0.05230158249726318,-0.008315503825291986,0.724364032219822,-0.6873806410502503,0.3435404942159967,-0.3498704719062855,1.2054781530742646,-0.9408448881553543,-4.9333685705624296e-08,-9.321711051281534e-18,-0.36725654929673895,1.2119962231479728,-0.9645753981368405,-7.326948000798786e-19,-2.3074801724662284,0.393510555216891,-0.07307204807356538,-0.5206679184613109,0.328937187741865,-0.9620748695363432
0.01191840659796993,0.03876696302151286,-0.027107600853745212,-0.049929956442844155,-0.00844864119861938,0.7224524229781014,-0.6895637145649285,0.33556241705926304,-0.33814770556414625,1.2008154915643514,-0.9454819277714311,-1.233342152622544e-10,-7.124189948748659e-18,-0.3627515129376426,1.2118875920079153,-0.967286902557321,-7.326948000798786e-19,-2.216051816100207,0.4491478260300386,-0.06436164939050491,-0.5050165551794683,0.30745135552276026,-0.9006134590419318
0.0115853115185243,0.03795156245911004,-0.027119390340301096,-0.047783718134634445,-0.00847358146768328,0.7204226557895154,-0.6918353212459747,0.3273190205630675,-0.325975568943193,1.1959504784860882,-0.9512097353351413,-3.083372209902047e-13,-5.922297983514496e-19,-0.35867124810468626,1.2115672389431116,-0.969223943318926,-4.38588390821033e-20,-2.1274212720215964,0.497651209944258,-0.06012355544413549,-0.4878519653367948,0.2853881341683025,-0.8422400032698424
0.011256844459579052,0.03715555483112418,-0.02711852169473417,-0.04580602248455141,-0.008393439501659982,0.7183171777718572,-0.6941554513186151,0.31877611072938944,-0.3135384166441001,1.1910174855321598,-0.9577383458025547,-7.711912446075026e-16,-1.4377819496311543e-18,-0.3548668975740513,1.2110640416718887,-0.9705342280944766,-1.4547410447700847e-18,-2.0411543306609867,0.5390536939361137,-0.05931971344495992,-0.46921076212980795,0.2633628198385993,-0.7864626500025211
0.010935204386674675,0.03637013657550194,-0.02710730479434305,-0.043963576046029774,-0.008212517458365202,0.7161871613357306,-0.696473767256247,0.30991283160435107,-0.30101143063028346,1.1861155967594348,-0.9648536997301085,-1.6522308468668756e-18,9.712326120914865e-21,-0.35121054515554345,1.210389761491943,-0.9713340953940645,6.730281717268351e-19,-1.9574609330023476,0.5728341595469016,-0.06134191889243135,-0.4491310898147526,0.2416957921551799,-0.732998135423194
0.009931105591266283,0.03472243827089361,-0.0272198037625815,-0.040093878267840215,-0.007129469765274391,0.7135705068577088,-0.6993988728394844,0.29721163299679637,-0.2777527556037124,1.1761352162818985,-0.976097272161812,-2.109881593048943e-18,-0.003646982707978971,-0.34207031225961054,1.2100164558819726,-0.9733149324943007,-4.329355724442555e-20,-1.8372840749162895,0.617560602858875,-0.07044837571489017,-0.41583228041785,0.20015386446118136,-0.6412059439891792
0.008723832496653584,0.03363477084614609,-0.027248216323344423,-0.037158686368318435,-0.007229036777796036,0.7116352127548443,-0.7015285432696325,0.2826118004871178,-0.2597558250294781,1.1659770456001706,-0.9861656900691361,-6.810109973649096e-19,-0.009290940368687313,-0.33524363882975533,1.2081701471425808,-0.9749781031141629,-4.573440408280735e-20,-1.7531920999519606,0.6380910862231436,-0.08241098650965216,-0.38895076750276336,0.16665266748187635,-0.5667719641482558
0.007588861616880893,0.03278331064396699,-0.027231594547064093,-0.0347045673859948,-0.007622161448776379,0.7099627177129084,-0.7033423313828763,0.26790131601903605,-0.24499134520286,1.1570273652503362,-0.9949761172589321,-1.6158559127171445e-18,-0.01467170825475872,-0.32974195080438345,1.2056918316890084,-0.9758381311739137,-7.794090449662477e-19,-1.6816037686251064,0.6430459595052316,-0.09357329144871154,-0.36356990435716824,0.14022809191870378,-0.5042809286797504
0.006471265141385382,0.0320258593312212,-0.02719306665411066,-0.0324030260779928,-0.008147520487286907,0.7084362910942988,-0.7049834631191362,0.2528749996425946,-0.2322852261153135,1.1495107339135442,-1.0028514608441947,-9.255889247147877e-19,-0.01995099723092142,-0.3248542218775455,1.2030726107625058,-0.9762739467922211,-4.6882993846131357e-20,-1.616270359056942,0.6360397125749255,-0.10315055639236904,-0.3380495608025603,0.11912559530922343,-0.45029330729518363
0.005338051990500676,0.031312382173918726,-0.02714449147139399,-0.030125736722295876,-0.008777459903411635,0.7070121385044146,-0.7065049413783291,0.2373967973755289,-0.22102038403047863,1.1432684133578173,-1.010034686376135,-9.813951906764811e-19,-0.025259077141784537,-0.3202861467214096,1.2005299846995854,-0.9766030457512466,6.9320532619704e-19,-1.5555623333710205,0.6188030497981464,-0.11127822150223617,-0.3119168098438233,0.10204549141049453,-0.4023829293859383
0.004166354098257161,0.030623567802347273,-0.027090683323239988,-0.02780895610698857,-0.009520512165070476,0.7056629583799409,-0.7079377168782738,0.22136960319621943,-0.21083001854425687,1.1380661325601793,-1.016625487178785,2.2299890617896794e-18,-0.030693051324736875,-0.3159293379057058,1.198175772621117,-0.9769983236065615,1.4423536340046449e-18,-1.4991404869899887,0.5925280345861386,-0.11825584884924487,-0.2850729599246809,0.08809442295169773,-0.3588316411020504
0.0029391653969666636,0.029950348220426373,-0.027032922613074422,-0.025413385508184463,-0.010391373586384183,0.7043633361111867,-0.7093084448491496,0.20472272443184616,-0.2014612853948131,1.1336796510596554,-1.022645083321455,-3.2537506835721252e-21,-0.03632476916365,-0.3117545377975496,1.196079763057908,-0.9775408215603432,-4.5373543395314085e-20,-1.4470811479826469,0.5582652164391843,-0.12435691814663792,-0.2575318052560181,0.07667311139526947,-0.31842871624193336
0.0016447142450749833,0.029287191910691686,-0.02697085715895599,-0.022913359554374364,-0.011401025797601175,0.7030878283795728,-0.7106423151974486,0.18741110537348077,-0.19272033551012432,1.12991444196508,-1.0280850714376295,1.5320788407913479e-18,-0.04220192640787805,-0.30776544727932426,1.1942925143487468,-0.9782628681827893,1.4525277809787905e-18,-1.3996483243604785,0.5170208998197957,-0.1298026789522053,-0.22933959098464604,0.06738426066890651,-0.28032399118516704
0.0002762968400340148,0.02862997179302921,-0.026903391329373402,-0.02029367909839295,-0.012554024807493217,0.7018122946258477,-0.7119621241061809,0.1694144362201793,-0.18445196385672827,1.1266076055526668,-1.032930973750528,-1.7307503985901368e-18,-0.04834946093330543,-0.3039786490520893,1.1928526593581297,-0.9791710962444438,7.108018079357774e-19,-1.3572241683290358,0.469771182707386,-0.13477143823769627,-0.2005519121776505,0.05996515977572486,-0.24392045371232404
-0.0011680658806969726,0.027975331622155944,-0.026829099383506808,-0.017548152342325433,-0.013848393883951935,0.7005157790521073,-0.7132867078778511,0.15073464723287616,-0.17653263934521396,1.1236258699681914,-1.0371713145659514,-4.551053695162552e-19,-0.05477217306570691,-0.30041409359818144,1.1917885788000213,-0.9802576417905937,-3.739403968042357e-20,-1.32027065647115,0.41745258072342134,-0.1394100779442131,-0.17122765610551977,0.05424021323304276,-0.20879737547207963
-0.0026862012919035548,0.027320521242655403,-0.026746446271392634,-0.014678300681999903,-0.015276490649295732,0.6991821829530162,-0.7146295903218561,0.13139220498431364,-0.16886791009763316,1.120863237635324,-1.0408001226081383,1.3880381765678069e-18,-0.06145828647475429,-0.2970897461260095,1.191118314910127,-0.981506029966151,-3.7604480150005145e-20,-1.2892932534881993,0.36094548536289695,-0.14384092925259595,-0.14142782880635826,0.05008830011480945,-0.17465653579064197
-0.004344332053153499,0.026552598792444683,-0.026666916082054768,-0.011416949232374811,-0.016767112427017675,0.6979034451537454,-0.7159045316616022,0.11097788617348374,-0.16028080490068414,1.117346971959211,-1.043877096030456,1.3565766344413897e-18,-0.06883882935854982,-0.29301544541006935,1.190899461822969,-0.9834874853669308,7.094904460676882e-19,-1.2632720006883276,0.2957705002466279,-0.14502949391263217,-0.10866229864273218,0.04542818733666458,-0.13590273050095117
-0.006000997728067616,0.02587374458490169,-0.02656372356350127,-0.00829296276455688,-0.01842603569729196,0.6964922504524264,-0.7172797592549105,0.09035843007802345,-0.15242517678195425,1.1140310918865437,-1.0462652313154428,-2.2453494639750887e-18,-0.0760389459623512,-0.2898983997250438,1.1908504571819212,-0.9851525063780048,-3.111423561017671e-20,-1.2461476047971085,0.23098614638621776,-0.1465424177537707,-0.07772443555989168,0.04269878545799374,-0.10043969467766271
-0.007704099686972376,0.025209833854748728,-0.026444046142829185,-0.0051138053214925825,-0.020194063769663352,0.6950257707235782,-0.7186829807458203,0.06923076414615995,-0.14495230239442214,1.1109527396197352,-1.0479683445137284,-2.6088625837572645e-18,-0.08338238640614504,-0.2872571898553084,1.191232778752542,-0.9867558172314534,-7.772534665382075e-19,-1.2367097054853222,0.16492447012616535,-0.14900342666752414,-0.04684363562700738,0.04201074877437174,-0.06677604697851634
-0.009444699332357582,0.02454632962381836,-0.02631060217518047,-0.001873786041285696,-0.0220367168938827,0.6935197974022225,-0.7200980229424262,0.04763416526153164,-0.13772633495330483,1.108060435785713,-1.0490692547656182,5.602738680355223e-19,-0.0908460078748737,-0.2849501847036341,1.1920480370518627,-0.9883907179317719,-4.894594329371361e-20,-1.2350821021680862,0.09774614975630555,-0.15210898938363462,-0.015820680514730803,0.04303842398915417,-0.0342632254791016
-0.00932753534470667,0.024838940479623917,-0.026296278507674773,-0.0028129361403100915,-0.02248583848032099,0.6938383631598937,-0.7197741314229813,0.0480864117889612,-0.13865030912992873,1.1065771755952836,-1.0496744798483455,1.7681428508201548e-18,-0.09047978122290717,-0.2857227953223909,1.1914067513063624,-0.9887822263873182,-4.894594329371361e-20,-1.2156767028560327,0.09535161291546196,-0.14732266245615908,-0.015075419439904404,0.04133621721807251,-0.030693064155094207
-0.009124852869904942,0.025162969761942114,-0.026286396445498742,-0.0038292020170045153,-0.022765996857553202,0.6940594464000637,-0.7195474490690883,0.049029955767881335,-0.13988615323212608,1.1052665826627468,-1.0503604618052353,1.638970326363874e-18,-0.08959147515707755,-0.2869451139823888,1.1905278750314259,-0.9887018894003541,-4.894594329371361e-20,-1.1832872233959775,0.09548271752813958,-0.14115882907236402,-0.01526645110490003,0.03929907836538199,-0.027712338683625732
-0.008743484549833903,0.025304001901763615,-0.026290641612328688,-0.004578040501617758,-0.022232701560480215,0.6940543863201066,-0.7195646304233613,0.05094942190341086,-0.14024756022448145,1.1044094698079794,-1.0509998980822965,-4.510275725609187e-19,-0.08763444321777783,-0.28790337611373557,1.1896262191949352,-0.987324374741459,-1.5359874761092723e-18,-1.1155765449561614,0.09872762400345761,-0.1280985919979874,-0.015871022393730866,0.035030306765636524,-0.022884010165181507
-0.008390581848768642,0.025282777410367028,-0.02628817100796007,-0.005109911828423131,-0.021553224072427626,0.6940228082211816,-0.7196121795814566,0.05270217633786986,-0.13973975276408643,1.104246510345974,-1.0516106889760046,-1.125741642360746e-18,-0.08584151600540608,-0.28790243828244466,1.18904297256188,-0.9858859960827674,-4.5550581186681505e-20,-1.0533696831653274,0.10229947166256825,-0.11625588096928004,-0.015955007365335568,0.031083582993702966,-0.019044121919721373
-0.008052731262692648,0.025261729168251333,-0.02628799442100425,-0.005638854028083184,-0.02092472142301236,0.6940341925238424,-0.7196157995530653,0.05436489864514385,-0.13928359217488223,1.1042305037732754,-1.0523365757144072,6.568893871886463e-19,-0.08415474982433845,-0.28769959139827234,1.188362060185909,-0.9846796848883796,-1.5388234598318867e-18,-0.9934322752607372,0.10531017121042045,-0.10581309212207315,-0.015848520921050893,0.027542337440417047,-0.01593694312923942
-0.007732303332567465,0.025250642973199497,-0.026289372986008412,-0.006157689426972019,-0.020351867442431365,0.6940861527469407,-0.7195778602190851,0.055929058686817495,-0.1389718212440889,1.1043123905673349,-1.0530942769158764,-1.1777444518743019e-19,-0.0825793911547976,-0.2874001468901795,1.18757564855241,-0.9836529825459245,-4.5710829038775e-20,-0.9344820112323282,0.10751986398911366,-0.09662402639799517,-0.015710601218613954,0.02439543136336825,-0.013400001565092865
-0.0074316185843131604,0.02524581714864899,-0.02629115494236522,-0.006652495019449045,-0.01982822585300561,0.6941724674355028,-0.7195048097296115,0.057384117951308634,-0.1387956966412092,1.1044865269535669,-1.0538302296217898,-2.7583536209861055e-18,-0.081122919248728,-0.28702477773278867,1.1867131272307812,-0.9827572802762379,-1.5434825512570148e-18,-0.875965649798907,0.1088375419089751,-0.08850430855449022,-0.015588080363531697,0.021608786949272398,-0.011315938850401917
-0.007152535402095003,0.025244391862178577,-0.02629278187015557,-0.007114542855630221,-0.019350592018430476,0.6942868096975081,-0.7194030607027941,0.05872237144040961,-0.13873659646451456,1.1047441565025018,-1.0545182813171807,1.829173241247425e-18,-0.07979089291495324,-0.2865857917488748,1.185799932658676,-0.9819678892838387,-1.5459981050680106e-18,-0.8176287887748562,0.10920584307337014,-0.0812920466333058,-0.015488097740405226,0.01914563591285437,-0.00959473590343932
-0.006896672764179984,0.025244803809795897,-0.026294047159295873,-0.007538507229812298,-0.01891830938084513,0.694422888215087,-0.7192788894454875,0.05993776949581751,-0.13877646142046648,1.1050725243799957,-1.055145829464446,2.1980815981128568e-20,-0.07858769477601099,-0.28609565030945905,1.1848566838884462,-0.98127353967431,-4.74599220901838e-20,-0.75934478229959,0.10857777075223217,-0.07485426483483734,-0.015407508187732892,0.01697308866490449,-0.00816515848109371
-0.0066654257802530115,0.02524621668140719,-0.02629490411696903,-0.007920979370957619,-0.018531813616248404,0.6945742372975722,-0.7191386923621853,0.06102567958796211,-0.13889818868843895,1.1054571401307194,-1.0557066463309392,1.3873979269550607e-18,-0.07751647723264393,-0.28556759688625094,1.183900997278314,-0.9806687306725215,-4.74599220901838e-20,-0.701043404306332,0.10691399265840705,-0.06908221596684931,-0.015342068185248414,0.015063540020827229,-0.006970087408882728
-0.00645987867345409,0.025248157658662344,-0.02629537210829172,-0.008259837050436798,-0.01819167845287415,0.6947340759062435,-0.718989152700975,0.061983243391386646,-0.13908508387372417,1.1058831953796107,-1.0561978965194485,-3.350057347038241e-18,-0.07657866566176713,-0.28501553099742927,1.1829485514194658,-0.9801497132080415,-4.74599220901838e-20,-0.6426807291480658,0.10418352827259397,-0.06388576724869857,-0.01528854312718408,0.013394113085747093,-0.005963623217274953
-0.0062806961765345505,0.025250333766892296,-0.026295494679050332,-0.00855405075232988,-0.017898044177907687,0.6948952620011427,-0.718837299448697,0.06280987735539742,-0.13932045386891084,1.1063363012444396,-1.0566190463173788,4.1246300466536102e-19,-0.07577340224386526,-0.2844538509085733,1.182013559006933,-0.9797124969411943,-4.74599220901838e-20,-0.5842266148824905,0.10036431160777705,-0.059188776878040514,-0.015244761091158349,0.011945482135062236,-0.005109051083395012
-0.006128020380639126,0.02525254255922613,-0.026295321355597385,-0.008803677254585189,-0.01765026321087921,0.6950503117049524,-0.7186904950493174,0.06350775411561843,-0.1395873972069813,1.1068028841439328,-1.056971557431868,8.508534622334134e-19,-0.07509704905403981,-0.2838973062594652,1.1811089204794665,-0.9793518522434137,-1.552275159730714e-18,-0.5256598445070624,0.09544330106712413,-0.054925491917965134,-0.015209248939777336,0.010700604403861808,-0.0043772747531256396
-0.006001377800495547,0.025254628663542084,-0.026294899975697096,-0.009009929492767332,-0.01744666215049085,0.6951914582082938,-0.718556380240666,0.06408223072276335,-0.1398687400420058,1.107270431546794,-1.0572588903180555,-7.643821935908941e-20,-0.07454276165720816,-0.2833608506464017,1.1802462100147326,-0.9790607828715819,-4.950798778553577e-20,-0.46696664906877233,0.08941635253865206,-0.05103770445099888,-0.015180896377903062,0.009643542781400425,-0.0037455513310125136
-0.0058995955140125865,0.02525646263362914,-0.0262942738856082,-0.009175275346539434,-0.01728436683145081,0.6953107363755352,-0.7184427916448619,0.064542225817982,-0.1401470729807452,1.107727680369089,-1.0574866198365689,-7.590882376705547e-20,-0.07410012007426381,-0.28285948557036583,1.179435568452552,-0.9788302196706061,-4.950798778553577e-20,-0.4081407521808418,0.08228804465403919,-0.04747244509320968,-0.015158724384429202,0.008758424782199965,-0.0031964482366810404
-0.005820724958183134,0.025257931071975107,-0.026293481634556023,-0.009303544358930492,-0.017159163964435214,0.6954000860347573,-0.7183576598723338,0.0649005516286545,-0.14040485920706514,1.1081647903343381,-1.0576625816527443,-9.674110007522066e-19,-0.07375480617545796,-0.2824080890022122,1.178685540518109,-0.9786488218545367,-4.950798778553577e-20,-0.3491841187673767,0.07407154918633604,-0.044180069004100375,-0.015141740748944667,0.008028536642957261,-0.002716977492770727
-0.0057675819192526045,0.025418724672767828,-0.02627755565080234,-0.009812780966685641,-0.01745739262539523,0.6954286535039976,-0.7183160423226256,0.06517604883965054,-0.14113310011812114,1.1080473226899359,-1.057962676635683,2.385145404480314e-18,-0.07350871936612531,-0.2828217261771626,1.1779917063518925,-0.9787155667159911,-4.950798778553577e-20,-0.31316758244931936,0.06853517286487966,-0.042977717127761904,-0.015396524781336803,0.007681747875289897,-0.0025169114327046414
-0.005711616920943521,0.02542857202617444,-0.026281925872304757,-0.009800592853819894,-0.017288792578020934,0.6954476345532628,-0.7183019098019858,0.0654577548693555,-0.14160671041966216,1.108496569716819,-1.0579386606387726,6.778895238076173e-19,-0.07321644350901355,-0.28277162269322415,1.1773282670774194,-0.978334537872272,1.4558450842825512e-18,-0.24065599546996166,0.05656157943515964,-0.040331503468077054,-0.01581561094325258,0.007075389821410358,-0.0021518829101014533
-0.005684240001975871,0.025356291571020522,-0.026281956161792533,-0.009698294050219087,-0.017093886121600833,0.695404221892755,-0.7183499915246815,0.06559964096948825,-0.14145014361806357,1.1090919797714243,-1.0578933777482522,-2.197863200238633e-18,-0.07305694090374688,-0.28226117793060984,1.1769719828300185,-0.9780669434813433,-1.5528600483424741e-18,-0.17586180146400948,0.04455822348550462,-0.03734667918881818,-0.01570437247035146,0.006653633479688381,-0.0018001234186495942
-0.0056502222985795655,0.02549052449706752,-0.026266793165730645,-0.010139561996205384,-0.017367155458486286,0.6953023311420855,-0.7184359675727463,0.06582571136791734,-0.14192212593337314,1.109025181748349,-1.0581640857661319,-2.446796091484503e-19,-0.07283627658394276,-0.28271852850888124,1.1764263172707725,-0.9781156371273008,-4.966226424296352e-20,-0.13830810422617162,0.036977397696630644,-0.036350725818646595,-0.015861463348762546,0.006441217474653952,-0.0016601855031054555
-0.005621428218913742,0.025464891193397902,-0.026273410040875484,-0.010034549031058906,-0.01717049782201488,0.6951186487744431,-0.7186198897583341,0.06605027334196978,-0.14194437068688817,1.1094640963335447,-1.058168480562385,-2.1568564875750333e-18,-0.07256528796956492,-0.2828161987251711,1.1760447040348168,-0.9776919256621377,-4.966226424296352e-20,-0.06417220398574136,0.02121334240996349,-0.03389459051409321,-0.01609585500368662,0.006050707944274682,-0.0014147900119261762
