HIERARCHY
ROOT hips
{
	OFFSET 0.000000 29.995300 -0.000000
	CHANNELS 6 Xposition Yposition Zposition Zrotation Yrotation Xrotation 
	JOINT Chest
	{
		OFFSET 0.000000 10.123600 0.695200
		CHANNELS 3 Zrotation Yrotation Xrotation
		JOINT Chest2
		{
			OFFSET 0.000000 15.405600 0.012300
			CHANNELS 3 Zrotation Yrotation Xrotation
			JOINT Chest3
			{
				OFFSET 0.000000 11.482400 -0.009100
				CHANNELS 3 Zrotation Yrotation Xrotation
				JOINT Neck
				{
					OFFSET 0.000000 25.678300 -0.023300
					CHANNELS 3 Zrotation Yrotation Xrotation
					JOINT Head
					{
						OFFSET 0.000000 13.458800 0.864200
						CHANNELS 3 Zrotation Yrotation Xrotation
						JOINT Head_End
						{
							OFFSET 0.000000 11.713200 -0.000000
							CHANNELS 3 Zrotation Yrotation Xrotation
							End Site
							{
								OFFSET 0.005000 0.000000 0.000000
							}
						}
					}
				}
				JOINT LeftCollar
				{
					OFFSET 12.227600 21.516500 -0.711700
					CHANNELS 3 Zrotation Yrotation Xrotation
					JOINT LeftShoulder
					{
						OFFSET 10.451400 0.021300 -0.002200
						CHANNELS 3 Zrotation Yrotation Xrotation
						JOINT LeftElbow
						{
							OFFSET 26.123400 0.000000 0.000000
							CHANNELS 3 Zrotation Yrotation Xrotation
							JOINT LeftWrist
							{
								OFFSET 25.245600 0.035600 0.002400
								CHANNELS 3 Zrotation Yrotation Xrotation
								JOINT Middle_00_L
								{
									OFFSET 11.653500 0.000000 0.000000
									CHANNELS 3 Zrotation Yrotation Xrotation
									JOINT Middle_01_L
									{
										OFFSET 4.384300 0.000000 0.000000
										CHANNELS 3 Zrotation Yrotation Xrotation
										JOINT Middle_02_L
										{
											OFFSET 3.470400 -0.000300 0.000000
											CHANNELS 3 Zrotation Yrotation Xrotation
											JOINT Middle_03_L
											{
												OFFSET 2.422200 0.000300 0.000000
												CHANNELS 3 Zrotation Yrotation Xrotation
												End Site
												{
													OFFSET 0.005000 0.000000 0.000000
												}
											}
										}
									}
								}
								JOINT Index_00_L
								{
									OFFSET 11.320700 0.000000 3.214800
									CHANNELS 3 Zrotation Yrotation Xrotation
									JOINT Index_01_L
									{
										OFFSET 3.752500 0.000000 0.000000
										CHANNELS 3 Zrotation Yrotation Xrotation
										JOINT Index_02_L
										{
											OFFSET 2.704900 0.000000 0.000300
											CHANNELS 3 Zrotation Yrotation Xrotation
											JOINT Index_03_L
											{
												OFFSET 2.288400 0.000000 -0.000300
												CHANNELS 3 Zrotation Yrotation Xrotation
												End Site
												{
													OFFSET 0.005000 0.000000 0.000000
												}
											}
										}
									}
								}
								JOINT Thumb_00_L
								{
									OFFSET 2.189000 0.000000 5.112700
									CHANNELS 3 Zrotation Yrotation Xrotation
									JOINT Thumb_01_L
									{
										OFFSET 5.672300 0.000000 0.000000
										CHANNELS 3 Zrotation Yrotation Xrotation
										JOINT Thumb_02_L
										{
											OFFSET 3.353600 0.000000 0.000400
											CHANNELS 3 Zrotation Yrotation Xrotation
											JOINT Thumb_03_L
											{
												OFFSET 3.066600 0.000000 -0.000400
												CHANNELS 3 Zrotation Yrotation Xrotation
												End Site
												{
													OFFSET 0.005000 0.000000 0.000000
												}
											}
										}
									}
								}
								JOINT Ring_00_L
								{
									OFFSET 11.421100 0.000000 -3.087400
									CHANNELS 3 Zrotation Yrotation Xrotation
									JOINT Ring_01_L
									{
										OFFSET 4.107700 0.000000 0.000000
										CHANNELS 3 Zrotation Yrotation Xrotation
										JOINT Ring_02_L
										{
											OFFSET 2.971800 0.000000 0.000500
											CHANNELS 3 Zrotation Yrotation Xrotation
											JOINT Ring_03_L
											{
												OFFSET 2.159200 0.000000 -0.000500
												CHANNELS 3 Zrotation Yrotation Xrotation
												End Site
												{
													OFFSET 0.005000 0.000000 0.000000
												}
											}
										}
									}
								}
								JOINT Little_00_L
								{
									OFFSET 10.838200 0.000000 -5.836000
									CHANNELS 3 Zrotation Yrotation Xrotation
									JOINT Little_01_L
									{
										OFFSET 3.568800 0.000000 0.000000
										CHANNELS 3 Zrotation Yrotation Xrotation
										JOINT Little_02_L
										{
											OFFSET 2.336100 0.000000 0.000200
											CHANNELS 3 Zrotation Yrotation Xrotation
											JOINT Little_03_L
											{
												OFFSET 1.912900 0.000000 -0.000200
												CHANNELS 3 Zrotation Yrotation Xrotation
												End Site
												{
													OFFSET 0.005000 0.000000 0.000000
												}
											}
										}
									}
								}
							}
						}
					}
				}
				JOINT RightCollar
				{
					OFFSET -12.227600 21.516500 -0.711700
					CHANNELS 3 Zrotation Yrotation Xrotation
					JOINT RightShoulder
					{
						OFFSET -10.451300 0.021300 -0.002200
						CHANNELS 3 Zrotation Yrotation Xrotation
						JOINT RightElbow
						{
							OFFSET -26.123400 0.000000 0.000000
							CHANNELS 3 Zrotation Yrotation Xrotation
							JOINT RightWrist
							{
								OFFSET -25.245800 0.035400 0.002000
								CHANNELS 3 Zrotation Yrotation Xrotation
								JOINT Middle_00_R
								{
									OFFSET -11.654000 0.000000 0.000000
									CHANNELS 3 Zrotation Yrotation Xrotation
									JOINT Middle_01_R
									{
										OFFSET -4.408600 0.000000 0.000000
										CHANNELS 3 Zrotation Yrotation Xrotation
										JOINT Middle_02_R
										{
											OFFSET -3.470400 0.000000 0.000000
											CHANNELS 3 Zrotation Yrotation Xrotation
											JOINT Middle_03_R
											{
												OFFSET -2.422200 0.000000 0.000000
												CHANNELS 3 Zrotation Yrotation Xrotation
												End Site
												{
													OFFSET 0.005000 0.000000 0.000000
												}
											}
										}
									}
								}
								JOINT Ring_00_R
								{
									OFFSET -11.459300 0.000000 -3.067300
									CHANNELS 3 Zrotation Yrotation Xrotation
									JOINT Ring_01_R
									{
										OFFSET -4.107700 0.000000 0.000000
										CHANNELS 3 Zrotation Yrotation Xrotation
										JOINT Ring_02_R
										{
											OFFSET -2.971800 0.000000 0.000000
											CHANNELS 3 Zrotation Yrotation Xrotation
											JOINT Ring_03_R
											{
												OFFSET -2.159200 0.000000 0.000000
												CHANNELS 3 Zrotation Yrotation Xrotation
												End Site
												{
													OFFSET 0.005000 0.000000 0.000000
												}
											}
										}
									}
								}
								JOINT Little_00_R
								{
									OFFSET -10.887000 0.000000 -5.818300
									CHANNELS 3 Zrotation Yrotation Xrotation
									JOINT Little_01_R
									{
										OFFSET -3.568800 0.000000 0.000000
										CHANNELS 3 Zrotation Yrotation Xrotation
										JOINT Little_02_R
										{
											OFFSET -2.336100 0.000000 0.000000
											CHANNELS 3 Zrotation Yrotation Xrotation
											JOINT Little_03_R
											{
												OFFSET -1.912900 0.000000 0.000000
												CHANNELS 3 Zrotation Yrotation Xrotation
												End Site
												{
													OFFSET 0.005000 0.000000 0.000000
												}
											}
										}
									}
								}
								JOINT Index_00_R
								{
									OFFSET -11.333200 0.000000 3.234400
									CHANNELS 3 Zrotation Yrotation Xrotation
									JOINT Index_01_R
									{
										OFFSET -3.752500 0.000000 0.000000
										CHANNELS 3 Zrotation Yrotation Xrotation
										JOINT Index_02_R
										{
											OFFSET -2.704900 0.000000 0.000000
											CHANNELS 3 Zrotation Yrotation Xrotation
											JOINT Index_03_R
											{
												OFFSET -2.288400 0.000000 0.000000
												CHANNELS 3 Zrotation Yrotation Xrotation
												End Site
												{
													OFFSET 0.005000 0.000000 0.000000
												}
											}
										}
									}
								}
								JOINT Thumb_00_R
								{
									OFFSET -2.193600 -0.231700 5.095700
									CHANNELS 3 Zrotation Yrotation Xrotation
									JOINT Thumb_01_R
									{
										OFFSET -5.672200 0.231700 0.000000
										CHANNELS 3 Zrotation Yrotation Xrotation
										JOINT Thumb_02_R
										{
											OFFSET -3.353600 0.000000 0.000000
											CHANNELS 3 Zrotation Yrotation Xrotation
											JOINT Thumb_03_R
											{
												OFFSET -3.066500 0.000000 0.000000
												CHANNELS 3 Zrotation Yrotation Xrotation
												End Site
												{
													OFFSET 0.005000 0.000000 0.000000
												}
											}
										}
									}
								}
							}
						}
					}
				}
			}
		}
	}
	JOINT LeftHip
	{
		OFFSET 6.356900 0.000000 0.000000
		CHANNELS 3 Zrotation Yrotation Xrotation
		JOINT LeftKnee
		{
			OFFSET -0.000100 -37.930500 0.000000
			CHANNELS 3 Zrotation Yrotation Xrotation
			JOINT LeftAnkle
			{
				OFFSET -0.000100 -42.440200 -0.085400
				CHANNELS 3 Zrotation Yrotation Xrotation
				JOINT LeftToe
				{
					OFFSET 0.135400 -9.338000 13.882500
					CHANNELS 3 Zrotation Yrotation Xrotation
					End Site
					{
						OFFSET 0.005000 0.000000 0.000000
					}
				}
			}
		}
	}
	JOINT RightHip
	{
		OFFSET -6.356900 0.000000 0.000000
		CHANNELS 3 Zrotation Yrotation Xrotation
		JOINT RightKnee
		{
			OFFSET 0.000100 -37.930500 0.000000
			CHANNELS 3 Zrotation Yrotation Xrotation
			JOINT RightAnkle
			{
				OFFSET 0.000100 -42.440200 -0.085400
				CHANNELS 3 Zrotation Yrotation Xrotation
				JOINT RightToe
				{
					OFFSET -0.135400 -9.338000 13.882500
					CHANNELS 3 Zrotation Yrotation Xrotation
					End Site
					{
						OFFSET 0.005000 0.000000 0.000000
					}
				}
			}
		}
	}
}
MOTION
Frames: 464
Frame Time: 0.041667
0.000000 89.700000 0.000000 0.000000 0.000000 0.000000 0.000000 0.000000 0.000000 0.000000 0.000000 0.000000 0.000000 0.000000 0.000000 0.000000 0.000000 0.000000 0.000000 0.000000 0.000000 0.000000 0.000000 0.000000 0.000000 0.000000 0.000000 0.000000 0.000000 0.000000 0.000000 0.000000 0.000000 0.000000 0.000000 0.000000 0.000000 0.000000 0.000000 0.000000 0.000000 0.000000 0.000000 0.000000 0.000000 0.000000 0.000000 0.000000 0.000000 0.000000 0.000000 0.000000 0.000000 0.000000 0.000000 0.000000 0.000000 0.000000 0.000000 0.000000 0.000000 0.000000 0.000000 0.000000 0.000000 0.000000 0.000000 0.000000 0.000000 0.000000 0.000000 0.000000 0.000000 0.000000 0.000000 0.000000 0.000000 0.000000 0.000000 0.000000 0.000000 0.000000 0.000000 0.000000 0.000000 0.000000 0.000000 0.000000 0.000000 0.000000 0.000000 0.000000 0.000000 0.000000 0.000000 0.000000 0.000000 0.000000 0.000000 0.000000 0.000000 0.000000 0.000000 0.000000 0.000000 0.000000 0.000000 0.000000 0.000000 0.000000 0.000000 0.000000 0.000000 0.000000 0.000000 0.000000 0.000000 0.000000 0.000000 0.000000 0.000000 0.000000 0.000000 0.000000 0.000000 0.000000 0.000000 0.000000 0.000000 0.000000 0.000000 0.000000 0.000000 0.000000 0.000000 0.000000 0.000000 0.000000 0.000000 0.000000 0.000000 0.000000 0.000000 0.000000 0.000000 0.000000 0.000000 0.000000 0.000000 0.000000 0.000000 0.000000 0.000000 0.000000 0.000000 0.000000 0.000000 0.000000 0.000000 0.000000 0.000000 0.000000 0.000000 0.000000 0.000000 0.000000 0.000000 0.000000 0.000000 0.000000 0.000000 0.000000 0.000000 0.000000 0.000000 0.000000 0.000000 0.000000 0.000000 0.000000 0.000000 0.000000 0.000000 0.000000 0.000000 0.000000 0.000000 0.000000 0.000000 0.000000 0.000000 0.000000 
-0.033300 82.051400 -1.644100 -0.966585 -9.044147 8.361669 0.202580 -0.110828 -1.771436 -0.008417 -0.104090 -0.453884 0.853155 -14.317988 -2.813400 -5.839179 2.337847 18.270759 0.640656 19.304506 2.208698 0.000000 0.000000 0.000000 -32.641574 31.104349 -0.044297 -45.367901 -8.847097 1.456679 -0.000000 -21.826120 0.000000 0.080479 -0.005239 -0.988820 0.000000 0.000000 0.607176 0.005215 0.000010 -0.110703 -0.012689 0.000454 -0.146434 0.022390 -0.001199 4.934506 0.000000 0.000000 0.746397 0.000014 0.006565 0.122572 -0.000022 -0.014325 0.164521 2.447046 -0.079831 2.056764 0.000000 0.000000 0.740482 -0.000002 0.007173 -0.014980 -0.000004 -0.015017 0.027776 4.260386 -0.094452 1.375350 0.000000 0.000000 0.754839 0.000000 0.009448 0.000229 -0.000006 -0.022452 0.026332 -6.917769 0.291382 2.291170 0.000000 0.000000 0.754038 -0.000001 0.004175 -0.008146 -0.000001 -0.009275 0.012467 0.441624 -0.014543 2.538997 26.216155 3.728260 -0.043202 47.360156 -2.360592 36.459048 -0.000000 22.136869 -0.000000 -0.080308 0.004629 -0.724563 0.000000 0.000000 0.472622 0.000000 0.000000 0.008252 0.000000 0.000000 -0.001366 -7.969741 -5.107087 -8.050663 0.000000 0.000000 0.467721 0.000000 0.000000 -0.015015 0.000000 0.000000 0.025121 6.271931 -1.933901 -4.817211 0.000000 0.000000 0.481966 0.000000 0.000000 -0.004083 0.000000 0.000000 -0.000628 -1.013052 -2.505694 -6.799366 0.000000 0.000000 0.479930 0.000000 0.000000 0.003389 0.000000 0.000000 -0.007978 -3.109834 -2.403556 -3.139792 0.000035 0.004242 0.480870 0.000001 -0.004242 0.042897 0.000000 0.000000 0.013196 -4.610124 -2.491975 -2.359596 -1.886228 4.543211 -29.938914 0.000000 0.000000 49.873751 0.751090 8.346072 -28.257924 0.000000 0.000000 0.000000 1.370459 10.204559 -15.594834 0.000000 0.000000 41.054869 -2.975321 -14.050944 -32.455156 0.000000 0.000000 -0.000003 
-0.037400 80.551600 -4.174900 -1.220461 -10.855925 7.646332 -0.051786 0.040574 -1.296234 0.285659 0.052910 0.061974 0.582089 -14.980597 -1.716247 -6.429157 2.504237 17.857200 -0.560274 22.241575 -0.891066 0.000000 0.000000 0.000000 -32.128417 31.038597 -0.040130 -44.851470 -9.479783 -0.348496 -0.000000 -24.726120 0.000000 0.080479 -0.005239 -0.988820 0.000000 0.000000 0.607176 0.005215 0.000010 -0.110703 -0.012689 0.000454 -0.146434 0.022390 -0.001199 4.934506 0.000000 0.000000 0.746397 0.000014 0.006565 0.122572 -0.000022 -0.014325 0.164521 2.447046 -0.079831 2.056764 0.000000 0.000000 0.740482 -0.000002 0.007173 -0.014980 -0.000004 -0.015017 0.027776 4.260386 -0.094452 1.375350 0.000000 0.000000 0.754839 0.000000 0.009448 0.000229 -0.000006 -0.022452 0.026332 -6.917769 0.291382 2.291170 0.000000 0.000000 0.754038 -0.000001 0.004175 -0.008146 -0.000001 -0.009275 0.012467 0.441624 -0.014543 2.538997 26.750710 3.910769 -0.041569 49.082442 2.837187 28.693104 -0.000000 23.979441 -0.000000 -0.080308 0.004629 -0.724563 0.000000 0.000000 0.472622 0.000000 0.000000 0.008252 0.000000 0.000000 -0.001366 -7.969741 -5.107087 -8.050663 0.000000 0.000000 0.467721 0.000000 0.000000 -0.015015 0.000000 0.000000 0.025121 6.271931 -1.933901 -4.817211 0.000000 0.000000 0.481966 0.000000 0.000000 -0.004083 0.000000 0.000000 -0.000628 -1.013052 -2.505694 -6.799366 0.000000 0.000000 0.479930 0.000000 0.000000 0.003389 0.000000 0.000000 -0.007978 -3.109834 -2.403556 -3.139792 0.000035 0.004242 0.480870 0.000001 -0.004242 0.042897 0.000000 0.000000 0.013196 -4.610124 -2.491975 -2.359596 -1.644271 6.852375 -33.880687 0.000000 0.000000 55.348678 -0.063217 7.456210 -29.172797 0.000000 0.000000 0.000000 1.383366 10.361370 -20.691694 0.000000 0.000000 48.743252 -3.407802 -12.775240 -34.327747 0.000000 0.000000 -0.000003 
0.028500 78.624300 -7.442000 -1.409533 -11.894087 6.910550 -0.068640 0.186148 -1.116546 0.292944 0.197274 1.075232 0.477327 -16.726432 -0.959525 -7.278821 2.781044 17.108167 -1.693758 25.038478 -2.560279 0.000000 0.000000 0.000000 -30.913124 30.745494 -0.022741 -43.587299 -10.012841 -0.783920 -0.000000 -27.813400 0.000000 0.080479 -0.005239 -0.988820 0.000000 0.000000 0.607176 0.005215 0.000010 -0.110703 -0.012689 0.000454 -0.146434 0.022390 -0.001199 4.934506 0.000000 0.000000 0.746397 0.000014 0.006565 0.122572 -0.000022 -0.014325 0.164521 2.447046 -0.079831 2.056764 0.000000 0.000000 0.740482 -0.000002 0.007173 -0.014980 -0.000004 -0.015017 0.027776 4.260386 -0.094452 1.375350 0.000000 0.000000 0.754839 0.000000 0.009448 0.000229 -0.000006 -0.022452 0.026332 -6.917769 0.291382 2.291170 0.000000 0.000000 0.754038 -0.000001 0.004175 -0.008146 -0.000001 -0.009275 0.012467 0.441624 -0.014543 2.538997 27.150514 3.844274 -0.040379 51.958840 9.778518 23.714260 -0.000000 28.110340 -0.000000 -0.080308 0.004629 -0.724563 0.000000 0.000000 0.472622 0.000000 0.000000 0.008252 0.000000 0.000000 -0.001366 -7.969741 -5.107087 -8.050663 0.000000 0.000000 0.467721 0.000000 0.000000 -0.015015 0.000000 0.000000 0.025121 6.271931 -1.933901 -4.817211 0.000000 0.000000 0.481966 0.000000 0.000000 -0.004083 0.000000 0.000000 -0.000628 -1.013052 -2.505694 -6.799366 0.000000 0.000000 0.479930 0.000000 0.000000 0.003389 0.000000 0.000000 -0.007978 -3.109834 -2.403556 -3.139792 0.000035 0.004242 0.480870 0.000001 -0.004242 0.042897 0.000000 0.000000 0.013196 -4.610124 -2.491975 -2.359596 -1.260839 8.459968 -38.829541 0.000000 0.000000 61.403062 -1.485190 6.103488 -29.663789 0.000000 0.000000 0.000000 1.590542 10.108209 -26.561767 0.000000 0.000000 56.834578 -4.247820 -12.121096 -35.720387 0.000000 0.000000 -0.000003 
0.192600 76.577400 -11.010700 -1.736575 -12.838250 5.639918 0.043590 0.212903 -0.789843 0.256631 0.220232 2.561217 0.331450 -17.383088 -0.111362 -8.103906 2.978543 16.613256 -2.308394 29.445307 -4.390653 0.000000 0.000000 0.000000 -29.014828 29.878393 0.010998 -40.972761 -10.431360 0.540014 -0.000000 -30.974180 0.000000 0.080479 -0.005239 -0.988820 0.000000 0.000000 0.607176 0.005215 0.000010 -0.110703 -0.012689 0.000454 -0.146434 0.022390 -0.001199 4.934506 0.000000 0.000000 0.746397 0.000014 0.006565 0.122572 -0.000022 -0.014325 0.164521 2.447046 -0.079831 2.056764 0.000000 0.000000 0.740482 -0.000002 0.007173 -0.014980 -0.000004 -0.015017 0.027776 4.260386 -0.094452 1.375350 0.000000 0.000000 0.754839 0.000000 0.009448 0.000229 -0.000006 -0.022452 0.026332 -6.917769 0.291382 2.291170 0.000000 0.000000 0.754038 -0.000001 0.004175 -0.008146 -0.000001 -0.009275 0.012467 0.441624 -0.014543 2.538997 27.260304 3.603578 -0.040878 55.884431 18.451063 22.193160 -0.000000 34.733440 -0.000000 -0.080308 0.004629 -0.724563 0.000000 0.000000 0.472622 0.000000 0.000000 0.008252 0.000000 0.000000 -0.001366 -7.969741 -5.107087 -8.050663 0.000000 0.000000 0.467721 0.000000 0.000000 -0.015015 0.000000 0.000000 0.025121 6.271931 -1.933901 -4.817211 0.000000 0.000000 0.481966 0.000000 0.000000 -0.004083 0.000000 0.000000 -0.000628 -1.013052 -2.505694 -6.799366 0.000000 0.000000 0.479930 0.000000 0.000000 0.003389 0.000000 0.000000 -0.007978 -3.109834 -2.403556 -3.139792 0.000035 0.004242 0.480870 0.000001 -0.004242 0.042897 0.000000 0.000000 0.013196 -4.610124 -2.491975 -2.359596 -0.428664 9.943669 -43.257876 0.000000 0.000000 66.900274 -4.599419 3.818973 -29.574497 0.000000 0.000000 0.000000 2.131850 10.251744 -31.771980 0.000000 0.000000 64.010651 -5.318756 -12.053756 -36.182439 0.000000 0.000000 -0.000003 
0.045500 74.277000 -13.724000 -2.778753 -13.527381 4.296318 0.195614 0.542736 -0.618586 0.798928 0.517675 4.223066 0.637516 -17.101439 1.350930 -7.936564 2.915816 16.522568 -3.883452 28.792245 -6.643619 0.000000 0.000000 0.000000 -26.910784 28.207112 0.049100 -36.402307 -10.682833 3.740256 -0.000000 -35.105209 0.000000 0.080479 -0.005239 -0.988820 0.000000 0.000000 0.607176 0.005215 0.000010 -0.110703 -0.012689 0.000454 -0.146434 0.022390 -0.001199 4.934506 0.000000 0.000000 0.746397 0.000014 0.006565 0.122572 -0.000022 -0.014325 0.164521 2.447046 -0.079831 2.056764 0.000000 0.000000 0.740482 -0.000002 0.007173 -0.014980 -0.000004 -0.015017 0.027776 4.260386 -0.094452 1.375350 0.000000 0.000000 0.754839 0.000000 0.009448 0.000229 -0.000006 -0.022452 0.026332 -6.917769 0.291382 2.291170 0.000000 0.000000 0.754038 -0.000001 0.004175 -0.008146 -0.000001 -0.009275 0.012467 0.441624 -0.014543 2.538997 26.938663 3.361522 -0.041612 60.016487 28.393452 24.254913 -0.000000 43.037979 -0.000000 -0.080308 0.004629 -0.724563 0.000000 0.000000 0.472622 0.000000 0.000000 0.008252 0.000000 0.000000 -0.001366 -7.969741 -5.107087 -8.050663 0.000000 0.000000 0.467721 0.000000 0.000000 -0.015015 0.000000 0.000000 0.025121 6.271931 -1.933901 -4.817211 0.000000 0.000000 0.481966 0.000000 0.000000 -0.004083 0.000000 0.000000 -0.000628 -1.013052 -2.505694 -6.799366 0.000000 0.000000 0.479930 0.000000 0.000000 0.003389 0.000000 0.000000 -0.007978 -3.109834 -2.403556 -3.139792 0.000035 0.004242 0.480870 0.000001 -0.004242 0.042897 0.000000 0.000000 0.013196 -4.610124 -2.491975 -2.359596 1.831606 10.392086 -46.747785 0.000000 0.000000 72.419142 -5.355338 0.830534 -29.899032 0.000000 0.000000 0.000000 3.614620 10.394610 -35.699371 0.000000 0.000000 70.421941 -5.503012 -11.701275 -37.056271 0.000000 0.000000 -0.000003 
-0.234400 72.589400 -14.382900 -4.229809 -13.975401 2.033472 0.447430 0.749312 -0.450504 1.923655 0.584328 7.112462 0.662391 -14.717576 3.447335 -6.886386 2.461682 15.656620 -4.306039 26.381278 -7.830043 0.000000 0.000000 0.000000 -24.825008 25.780020 0.079418 -29.802769 -10.436957 8.510004 -0.000000 -42.491570 0.000000 0.080479 -0.005239 -0.988820 0.000000 0.000000 0.607176 0.005215 0.000010 -0.110703 -0.012689 0.000454 -0.146434 0.022390 -0.001199 4.934506 0.000000 0.000000 0.746397 0.000014 0.006565 0.122572 -0.000022 -0.014325 0.164521 2.447046 -0.079831 2.056764 0.000000 0.000000 0.740482 -0.000002 0.007173 -0.014980 -0.000004 -0.015017 0.027776 4.260386 -0.094452 1.375350 0.000000 0.000000 0.754839 0.000000 0.009448 0.000229 -0.000006 -0.022452 0.026332 -6.917769 0.291382 2.291170 0.000000 0.000000 0.754038 -0.000001 0.004175 -0.008146 -0.000001 -0.009275 0.012467 0.441624 -0.014543 2.538997 26.090213 3.205356 -0.043338 62.510219 39.633664 29.187247 -0.000000 51.016121 -0.000000 -0.080308 0.004629 -0.724563 0.000000 0.000000 0.472622 0.000000 0.000000 0.008252 0.000000 0.000000 -0.001366 -7.969741 -5.107087 -8.050663 0.000000 0.000000 0.467721 0.000000 0.000000 -0.015015 0.000000 0.000000 0.025121 6.271931 -1.933901 -4.817211 0.000000 0.000000 0.481966 0.000000 0.000000 -0.004083 0.000000 0.000000 -0.000628 -1.013052 -2.505694 -6.799366 0.000000 0.000000 0.479930 0.000000 0.000000 0.003389 0.000000 0.000000 -0.007978 -3.109834 -2.403556 -3.139792 0.000035 0.004242 0.480870 0.000001 -0.004242 0.042897 0.000000 0.000000 0.013196 -4.610124 -2.491975 -2.359596 5.312414 9.818970 -47.675236 0.000000 0.000000 76.122364 -7.118996 1.525194 -30.705977 0.000000 0.000000 0.000000 5.727198 10.303563 -35.541162 0.000000 0.000000 74.269245 -5.443041 -11.474094 -38.419844 0.000000 0.000000 -0.000003 
-0.545500 71.887300 -13.207900 -5.295302 -14.332018 -0.259879 0.939336 0.491864 -0.313530 2.795430 0.066358 9.650877 -0.473066 -10.296400 5.477372 -4.916044 1.724782 15.550267 -2.794760 21.247162 -8.665930 0.000000 0.000000 0.000000 -22.830483 22.882726 0.083047 -21.805586 -10.073206 14.516879 -0.000000 -54.626518 0.000000 0.080479 -0.005239 -0.988820 0.000000 0.000000 0.607176 0.005215 0.000010 -0.110703 -0.012689 0.000454 -0.146434 0.022390 -0.001199 4.934506 0.000000 0.000000 0.746397 0.000014 0.006565 0.122572 -0.000022 -0.014325 0.164521 2.447046 -0.079831 2.056764 0.000000 0.000000 0.740482 -0.000002 0.007173 -0.014980 -0.000004 -0.015017 0.027776 4.260386 -0.094452 1.375350 0.000000 0.000000 0.754839 0.000000 0.009448 0.000229 -0.000006 -0.022452 0.026332 -6.917769 0.291382 2.291170 0.000000 0.000000 0.754038 -0.000001 0.004175 -0.008146 -0.000001 -0.009275 0.012467 0.441624 -0.014543 2.538997 24.766132 2.956114 -0.047997 59.498294 52.777621 34.027258 -0.000000 58.169010 -0.000000 -0.080308 0.004629 -0.724563 0.000000 0.000000 0.472622 0.000000 0.000000 0.008252 0.000000 0.000000 -0.001366 -7.969741 -5.107087 -8.050663 0.000000 0.000000 0.467721 0.000000 0.000000 -0.015015 0.000000 0.000000 0.025121 6.271931 -1.933901 -4.817211 0.000000 0.000000 0.481966 0.000000 0.000000 -0.004083 0.000000 0.000000 -0.000628 -1.013052 -2.505694 -6.799366 0.000000 0.000000 0.479930 0.000000 0.000000 0.003389 0.000000 0.000000 -0.007978 -3.109834 -2.403556 -3.139792 0.000035 0.004242 0.480870 0.000001 -0.004242 0.042897 0.000000 0.000000 0.013196 -4.610124 -2.491975 -2.359596 8.657337 8.647161 -46.705846 0.000000 0.000000 76.990022 -6.960562 3.237408 -30.835420 0.000000 0.000000 0.000000 7.246049 9.467189 -32.449008 0.000000 0.000000 75.410080 -5.375425 -10.659179 -40.189134 0.000000 0.000000 -0.000003 
-0.645700 73.017700 -12.791800 -4.837185 -14.496596 -1.946067 0.648763 0.082915 0.138659 2.515981 -0.356887 10.801939 -0.780507 -3.719298 5.493119 -2.222410 0.799873 17.763256 -1.147795 12.489816 -7.805697 0.000000 0.000000 0.000000 -21.151725 20.118103 0.042357 -14.253281 -11.148060 21.441963 -0.000000 -69.552101 0.000000 0.080479 -0.005239 -0.988820 0.000000 0.000000 0.607176 0.005215 0.000010 -0.110703 -0.012689 0.000454 -0.146434 0.022390 -0.001199 4.934506 0.000000 0.000000 0.746397 0.000014 0.006565 0.122572 -0.000022 -0.014325 0.164521 2.447046 -0.079831 2.056764 0.000000 0.000000 0.740482 -0.000002 0.007173 -0.014980 -0.000004 -0.015017 0.027776 4.260386 -0.094452 1.375350 0.000000 0.000000 0.754839 0.000000 0.009448 0.000229 -0.000006 -0.022452 0.026332 -6.917769 0.291382 2.291170 0.000000 0.000000 0.754038 -0.000001 0.004175 -0.008146 -0.000001 -0.009275 0.012467 0.441624 -0.014543 2.538997 22.998831 2.572287 -0.049769 43.826462 66.465912 29.901856 -0.000000 66.248917 -0.000000 -0.080308 0.004629 -0.724563 0.000000 0.000000 0.472622 0.000000 0.000000 0.008252 0.000000 0.000000 -0.001366 -7.969741 -5.107087 -8.050663 0.000000 0.000000 0.467721 0.000000 0.000000 -0.015015 0.000000 0.000000 0.025121 6.271931 -1.933901 -4.817211 0.000000 0.000000 0.481966 0.000000 0.000000 -0.004083 0.000000 0.000000 -0.000628 -1.013052 -2.505694 -6.799366 0.000000 0.000000 0.479930 0.000000 0.000000 0.003389 0.000000 0.000000 -0.007978 -3.109834 -2.403556 -3.139792 0.000035 0.004242 0.480870 0.000001 -0.004242 0.042897 0.000000 0.000000 0.013196 -4.610124 -2.491975 -2.359596 10.523601 7.003436 -44.758616 0.000000 0.000000 74.669575 -8.043760 3.460021 -27.958114 0.000000 0.000000 0.000000 6.391350 7.380664 -29.290966 0.000000 0.000000 72.896492 -4.507662 -7.039900 -39.811628 0.000000 0.000000 -0.000003 
-0.405600 74.300400 -11.310200 -1.791829 -13.293201 -2.472555 -0.067860 -0.099746 -0.779374 0.424584 -0.170740 11.210078 -1.040645 0.758480 5.631402 -1.956941 0.841999 19.245421 1.674634 8.054565 -7.859093 0.000000 0.000000 0.000000 -20.031616 18.283082 -0.009652 -10.019173 -14.277915 28.795054 -0.000000 -83.244232 0.000000 0.080479 -0.005239 -0.988820 0.000000 0.000000 0.607176 0.005215 0.000010 -0.110703 -0.012689 0.000454 -0.146434 0.022390 -0.001199 4.934506 0.000000 0.000000 0.746397 0.000014 0.006565 0.122572 -0.000022 -0.014325 0.164521 2.447046 -0.079831 2.056764 0.000000 0.000000 0.740482 -0.000002 0.007173 -0.014980 -0.000004 -0.015017 0.027776 4.260386 -0.094452 1.375350 0.000000 0.000000 0.754839 0.000000 0.009448 0.000229 -0.000006 -0.022452 0.026332 -6.917769 0.291382 2.291170 0.000000 0.000000 0.754038 -0.000001 0.004175 -0.008146 -0.000001 -0.009275 0.012467 0.441624 -0.014543 2.538997 20.610899 2.332015 -0.042383 4.694558 75.184834 1.499724 -0.000000 74.155457 -0.000000 -0.080308 0.004629 -0.724563 0.000000 0.000000 0.472622 0.000000 0.000000 0.008252 0.000000 0.000000 -0.001366 -7.969741 -5.107087 -8.050663 0.000000 0.000000 0.467721 0.000000 0.000000 -0.015015 0.000000 0.000000 0.025121 6.271931 -1.933901 -4.817211 0.000000 0.000000 0.481966 0.000000 0.000000 -0.004083 0.000000 0.000000 -0.000628 -1.013052 -2.505694 -6.799366 0.000000 0.000000 0.479930 0.000000 0.000000 0.003389 0.000000 0.000000 -0.007978 -3.109834 -2.403556 -3.139792 0.000035 0.004242 0.480870 0.000001 -0.004242 0.042897 0.000000 0.000000 0.013196 -4.610124 -2.491975 -2.359596 9.148002 4.632346 -42.854826 0.000000 0.000000 69.175992 -8.911043 1.594344 -22.674299 0.000000 0.000000 0.000000 1.682670 2.697489 -27.016638 0.000000 0.000000 70.271790 -2.228038 -0.285954 -40.390789 0.000000 0.000000 -0.000003 
-0.112500 76.785200 -10.423700 1.410353 -12.506226 -2.854231 0.185297 -0.478398 -0.571205 -1.828041 -0.143364 10.718949 -1.864269 4.446883 4.617170 -2.583922 1.201325 22.270921 2.133641 4.560860 -8.275087 0.000000 0.000000 0.000000 -19.585281 17.592232 -0.031905 -10.841674 -17.427088 35.884692 -180.000000 -86.261940 180.000000 0.080479 -0.005239 -0.988820 0.000000 0.000000 0.607176 0.005215 0.000010 -0.110703 -0.012689 0.000454 -0.146434 0.022390 -0.001199 4.934506 0.000000 0.000000 0.746397 0.000014 0.006565 0.122572 -0.000022 -0.014325 0.164521 2.447046 -0.079831 2.056764 0.000000 0.000000 0.740482 -0.000002 0.007173 -0.014980 -0.000004 -0.015017 0.027776 4.260386 -0.094452 1.375350 0.000000 0.000000 0.754839 0.000000 0.009448 0.000229 -0.000006 -0.022452 0.026332 -6.917769 0.291382 2.291170 0.000000 0.000000 0.754038 -0.000001 0.004175 -0.008146 -0.000001 -0.009275 0.012467 0.441624 -0.014543 2.538997 17.958313 2.368347 -0.026694 -44.494315 73.577250 -40.407333 -0.000000 77.874992 -0.000000 -0.080308 0.004629 -0.724563 0.000000 0.000000 0.472622 0.000000 0.000000 0.008252 0.000000 0.000000 -0.001366 -7.969741 -5.107087 -8.050663 0.000000 0.000000 0.467721 0.000000 0.000000 -0.015015 0.000000 0.000000 0.025121 6.271931 -1.933901 -4.817211 0.000000 0.000000 0.481966 0.000000 0.000000 -0.004083 0.000000 0.000000 -0.000628 -1.013052 -2.505694 -6.799366 0.000000 0.000000 0.479930 0.000000 0.000000 0.003389 0.000000 0.000000 -0.007978 -3.109834 -2.403556 -3.139792 0.000035 0.004242 0.480870 0.000001 -0.004242 0.042897 0.000000 0.000000 0.013196 -4.610124 -2.491975 -2.359596 6.890949 3.342840 -38.942694 0.000000 0.000000 61.140883 -10.908565 -1.350529 -18.937854 0.000000 0.000000 0.000000 -4.622236 -1.080068 -28.972598 0.000000 0.000000 71.118586 0.100656 13.501453 -28.666120 0.000000 0.000000 -0.000003 
-0.052400 80.313800 -9.176300 4.197339 -11.874062 -2.892833 -0.739383 -0.205339 -0.266265 -2.309066 0.178852 10.018795 -1.580214 5.522537 3.184061 -3.895257 2.190817 26.371096 2.121321 2.743729 -7.632181 0.000000 0.000000 0.000000 -19.859979 18.126026 -0.019658 -15.734656 -19.265771 42.377527 -180.000000 -79.368202 180.000000 0.080479 -0.005239 -0.988820 0.000000 0.000000 0.607176 0.005215 0.000010 -0.110703 -0.012689 0.000454 -0.146434 0.022390 -0.001199 4.934506 0.000000 0.000000 0.746397 0.000014 0.006565 0.122572 -0.000022 -0.014325 0.164521 2.447046 -0.079831 2.056764 0.000000 0.000000 0.740482 -0.000002 0.007173 -0.014980 -0.000004 -0.015017 0.027776 4.260386 -0.094452 1.375350 0.000000 0.000000 0.754839 0.000000 0.009448 0.000229 -0.000006 -0.022452 0.026332 -6.917769 0.291382 2.291170 0.000000 0.000000 0.754038 -0.000001 0.004175 -0.008146 -0.000001 -0.009275 0.012467 0.441624 -0.014543 2.538997 15.211336 2.696851 -0.018447 -66.156377 66.667844 -59.758377 -0.000000 74.692863 -0.000000 -0.080308 0.004629 -0.724563 0.000000 0.000000 0.472622 0.000000 0.000000 0.008252 0.000000 0.000000 -0.001366 -7.969741 -5.107087 -8.050663 0.000000 0.000000 0.467721 0.000000 0.000000 -0.015015 0.000000 0.000000 0.025121 6.271931 -1.933901 -4.817211 0.000000 0.000000 0.481966 0.000000 0.000000 -0.004083 0.000000 0.000000 -0.000628 -1.013052 -2.505694 -6.799366 0.000000 0.000000 0.479930 0.000000 0.000000 0.003389 0.000000 0.000000 -0.007978 -3.109834 -2.403556 -3.139792 0.000035 0.004242 0.480870 0.000001 -0.004242 0.042897 0.000000 0.000000 0.013196 -4.610124 -2.491975 -2.359596 3.868625 3.501500 -32.637144 0.000000 0.000000 49.397179 -11.041777 -3.472549 -15.984814 0.000000 0.000000 0.000000 -10.924843 -4.286961 -31.711600 0.000000 0.000000 68.901828 8.245840 14.270827 -13.196551 0.000000 0.000000 -0.000003 
-0.033400 83.000700 -8.022400 6.138750 -10.299421 -3.518108 -1.270017 0.005030 -0.223605 -2.784955 0.454973 10.419102 -0.493092 4.569763 3.968730 -4.856892 2.959912 27.555962 2.555831 1.058387 -6.964417 0.000000 0.000000 0.000000 -20.816364 19.675785 0.004553 -21.744243 -20.271608 47.959965 -180.000000 -75.704102 180.000000 0.080479 -0.005239 -0.988820 0.000000 0.000000 0.607176 0.005215 0.000010 -0.110703 -0.012689 0.000454 -0.146434 0.022390 -0.001199 4.934506 0.000000 0.000000 0.746397 0.000014 0.006565 0.122572 -0.000022 -0.014325 0.164521 2.447046 -0.079831 2.056764 0.000000 0.000000 0.740482 -0.000002 0.007173 -0.014980 -0.000004 -0.015017 0.027776 4.260386 -0.094452 1.375350 0.000000 0.000000 0.754839 0.000000 0.009448 0.000229 -0.000006 -0.022452 0.026332 -6.917769 0.291382 2.291170 0.000000 0.000000 0.754038 -0.000001 0.004175 -0.008146 -0.000001 -0.009275 0.012467 0.441624 -0.014543 2.538997 12.715470 3.063675 -0.027002 -73.033824 61.042092 -70.392077 -0.000000 63.846790 -0.000000 -0.080308 0.004629 -0.724563 0.000000 0.000000 0.472622 0.000000 0.000000 0.008252 0.000000 0.000000 -0.001366 -7.969741 -5.107087 -8.050663 0.000000 0.000000 0.467721 0.000000 0.000000 -0.015015 0.000000 0.000000 0.025121 6.271931 -1.933901 -4.817211 0.000000 0.000000 0.481966 0.000000 0.000000 -0.004083 0.000000 0.000000 -0.000628 -1.013052 -2.505694 -6.799366 0.000000 0.000000 0.479930 0.000000 0.000000 0.003389 0.000000 0.000000 -0.007978 -3.109834 -2.403556 -3.139792 0.000035 0.004242 0.480870 0.000001 -0.004242 0.042897 0.000000 0.000000 0.013196 -4.610124 -2.491975 -2.359596 1.147179 3.652599 -26.834788 0.000000 0.000000 40.555664 -10.089283 -5.385548 -13.195215 0.000000 0.000000 0.000000 -16.806296 -6.820753 -31.203398 0.000000 0.000000 62.446615 13.988075 11.219784 -4.255913 0.000000 0.000000 -0.000003 
-0.053200 84.878000 -6.962200 6.362046 -8.167726 -3.738632 -0.601189 0.085428 -0.202740 -2.461251 0.488468 10.376216 -0.438706 3.887484 4.241172 -3.351183 2.224962 30.769430 2.946791 -1.562786 -5.553345 0.000000 0.000000 0.000000 -22.285904 21.451778 0.013695 -25.775612 -21.207707 51.958174 -180.000000 -74.074997 180.000000 0.080479 -0.005239 -0.988820 0.000000 0.000000 0.607176 0.005215 0.000010 -0.110703 -0.012689 0.000454 -0.146434 0.022390 -0.001199 4.934506 0.000000 0.000000 0.746397 0.000014 0.006565 0.122572 -0.000022 -0.014325 0.164521 2.447046 -0.079831 2.056764 0.000000 0.000000 0.740482 -0.000002 0.007173 -0.014980 -0.000004 -0.015017 0.027776 4.260386 -0.094452 1.375350 0.000000 0.000000 0.754839 0.000000 0.009448 0.000229 -0.000006 -0.022452 0.026332 -6.917769 0.291382 2.291170 0.000000 0.000000 0.754038 -0.000001 0.004175 -0.008146 -0.000001 -0.009275 0.012467 0.441624 -0.014543 2.538997 10.729876 3.276473 -0.039497 -75.369032 58.503878 -82.144474 -0.000000 48.572842 -0.000000 -0.080308 0.004629 -0.724563 0.000000 0.000000 0.472622 0.000000 0.000000 0.008252 0.000000 0.000000 -0.001366 -7.969741 -5.107087 -8.050663 0.000000 0.000000 0.467721 0.000000 0.000000 -0.015015 0.000000 0.000000 0.025121 6.271931 -1.933901 -4.817211 0.000000 0.000000 0.481966 0.000000 0.000000 -0.004083 0.000000 0.000000 -0.000628 -1.013052 -2.505694 -6.799366 0.000000 0.000000 0.479930 0.000000 0.000000 0.003389 0.000000 0.000000 -0.007978 -3.109834 -2.403556 -3.139792 0.000035 0.004242 0.480870 0.000001 -0.004242 0.042897 0.000000 0.000000 0.013196 -4.610124 -2.491975 -2.359596 0.011020 3.060660 -22.467121 0.000000 0.000000 35.283210 -9.557654 -6.531639 -12.167723 0.000000 0.000000 0.000000 -20.778691 -8.402551 -27.539967 0.000000 0.000000 51.746163 15.988173 9.954380 0.768514 0.000000 0.000000 -0.000003 
-0.093800 85.951000 -5.746000 5.623065 -6.035412 -4.059909 0.938384 -0.215343 0.411306 -2.186115 0.161330 10.563574 -0.452825 4.319005 3.838957 -2.514129 1.802001 32.675732 3.646599 -3.659940 -4.144044 0.000000 0.000000 0.000000 -23.783436 23.246792 0.009914 -27.076582 -22.998256 54.634635 -180.000000 -73.832199 180.000000 0.080479 -0.005239 -0.988820 0.000000 0.000000 0.607176 0.005215 0.000010 -0.110703 -0.012689 0.000454 -0.146434 0.022390 -0.001199 4.934506 0.000000 0.000000 0.746397 0.000014 0.006565 0.122572 -0.000022 -0.014325 0.164521 2.447046 -0.079831 2.056764 0.000000 0.000000 0.740482 -0.000002 0.007173 -0.014980 -0.000004 -0.015017 0.027776 4.260386 -0.094452 1.375350 0.000000 0.000000 0.754839 0.000000 0.009448 0.000229 -0.000006 -0.022452 0.026332 -6.917769 0.291382 2.291170 0.000000 0.000000 0.754038 -0.000001 0.004175 -0.008146 -0.000001 -0.009275 0.012467 0.441624 -0.014543 2.538997 9.221118 3.251243 -0.048173 -78.322089 57.353822 -96.927495 -0.000000 36.135891 -0.000000 -0.080308 0.004629 -0.724563 0.000000 0.000000 0.472622 0.000000 0.000000 0.008252 0.000000 0.000000 -0.001366 -7.969741 -5.107087 -8.050663 0.000000 0.000000 0.467721 0.000000 0.000000 -0.015015 0.000000 0.000000 0.025121 6.271931 -1.933901 -4.817211 0.000000 0.000000 0.481966 0.000000 0.000000 -0.004083 0.000000 0.000000 -0.000628 -1.013052 -2.505694 -6.799366 0.000000 0.000000 0.479930 0.000000 0.000000 0.003389 0.000000 0.000000 -0.007978 -3.109834 -2.403556 -3.139792 0.000035 0.004242 0.480870 0.000001 -0.004242 0.042897 0.000000 0.000000 0.013196 -4.610124 -2.491975 -2.359596 0.091714 1.551457 -18.927893 0.000000 0.000000 33.037691 -10.681825 -7.373489 -12.468914 0.000000 0.000000 0.000000 -23.412076 -6.761380 -21.084455 0.000000 0.000000 37.951386 20.254470 6.003343 5.722744 0.000000 0.000000 -0.000003 
-0.157600 86.011600 -4.434200 5.558615 -2.625312 -2.461736 1.380620 -0.148621 -0.348187 -1.441768 0.033162 9.739504 -0.152905 3.038961 3.873304 -2.929320 2.110590 32.630069 4.260607 -5.132287 -4.227109 0.000000 0.000000 0.000000 -24.979343 25.196648 0.001273 -26.229804 -25.388691 56.127194 -180.000000 -73.818901 180.000000 0.080479 -0.005239 -0.988820 0.000000 0.000000 0.607176 0.005215 0.000010 -0.110703 -0.012689 0.000454 -0.146434 0.022390 -0.001199 4.934506 0.000000 0.000000 0.746397 0.000014 0.006565 0.122572 -0.000022 -0.014325 0.164521 2.447046 -0.079831 2.056764 0.000000 0.000000 0.740482 -0.000002 0.007173 -0.014980 -0.000004 -0.015017 0.027776 4.260386 -0.094452 1.375350 0.000000 0.000000 0.754839 0.000000 0.009448 0.000229 -0.000006 -0.022452 0.026332 -6.917769 0.291382 2.291170 0.000000 0.000000 0.754038 -0.000001 0.004175 -0.008146 -0.000001 -0.009275 0.012467 0.441624 -0.014543 2.538997 8.108983 3.077331 -0.049374 -82.550611 54.469507 -111.941547 -0.000000 31.291750 -0.000000 -0.080308 0.004629 -0.724563 0.000000 0.000000 0.472622 0.000000 0.000000 0.008252 0.000000 0.000000 -0.001366 -7.969741 -5.107087 -8.050663 0.000000 0.000000 0.467721 0.000000 0.000000 -0.015015 0.000000 0.000000 0.025121 6.271931 -1.933901 -4.817211 0.000000 0.000000 0.481966 0.000000 0.000000 -0.004083 0.000000 0.000000 -0.000628 -1.013052 -2.505694 -6.799366 0.000000 0.000000 0.479930 0.000000 0.000000 0.003389 0.000000 0.000000 -0.007978 -3.109834 -2.403556 -3.139792 0.000035 0.004242 0.480870 0.000001 -0.004242 0.042897 0.000000 0.000000 0.013196 -4.610124 -2.491975 -2.359596 -0.342637 -1.372516 -17.867550 0.000000 0.000000 32.351356 -11.560532 -9.358454 -13.695782 0.000000 0.000000 0.000000 -25.769192 -6.109588 -15.114550 0.000000 0.000000 24.896398 21.681223 2.562091 8.570278 0.000000 0.000000 -0.000003 
-0.193500 85.436700 -2.989500 6.464931 0.518968 0.064882 1.077544 -0.294269 -0.891644 -1.188610 -0.246436 8.217731 -0.365448 1.444115 1.946402 -3.657078 2.686323 33.264869 4.781532 -6.135919 -4.391852 0.000000 0.000000 0.000000 -25.942461 27.271859 0.002994 -23.811056 -27.351656 56.151740 -180.000000 -72.779701 180.000000 0.080479 -0.005239 -0.988820 0.000000 0.000000 0.607176 0.005215 0.000010 -0.110703 -0.012689 0.000454 -0.146434 0.022390 -0.001199 4.934506 0.000000 0.000000 0.746397 0.000014 0.006565 0.122572 -0.000022 -0.014325 0.164521 2.447046 -0.079831 2.056764 0.000000 0.000000 0.740482 -0.000002 0.007173 -0.014980 -0.000004 -0.015017 0.027776 4.260386 -0.094452 1.375350 0.000000 0.000000 0.754839 0.000000 0.009448 0.000229 -0.000006 -0.022452 0.026332 -6.917769 0.291382 2.291170 0.000000 0.000000 0.754038 -0.000001 0.004175 -0.008146 -0.000001 -0.009275 0.012467 0.441624 -0.014543 2.538997 7.395261 2.972073 -0.046500 -86.057849 50.684127 -124.183924 -0.000000 31.244360 -0.000000 -0.080308 0.004629 -0.724563 0.000000 0.000000 0.472622 0.000000 0.000000 0.008252 0.000000 0.000000 -0.001366 -7.969741 -5.107087 -8.050663 0.000000 0.000000 0.467721 0.000000 0.000000 -0.015015 0.000000 0.000000 0.025121 6.271931 -1.933901 -4.817211 0.000000 0.000000 0.481966 0.000000 0.000000 -0.004083 0.000000 0.000000 -0.000628 -1.013052 -2.505694 -6.799366 0.000000 0.000000 0.479930 0.000000 0.000000 0.003389 0.000000 0.000000 -0.007978 -3.109834 -2.403556 -3.139792 0.000035 0.004242 0.480870 0.000001 -0.004242 0.042897 0.000000 0.000000 0.013196 -4.610124 -2.491975 -2.359596 -1.205742 -4.158633 -17.640280 0.000000 0.000000 31.766884 -14.040022 -11.687743 -14.345997 0.000000 0.000000 0.000000 -27.975245 -4.678709 -11.614542 0.000000 0.000000 16.767581 20.112749 0.766132 7.832968 0.000000 0.000000 -0.000003 
-0.248400 85.389500 -1.297100 8.449086 2.610151 2.702191 -0.164819 -0.475338 -1.542119 -1.705667 -0.411741 6.699451 -0.480689 -0.795923 0.484497 -4.541613 3.280836 32.773140 4.923371 -5.197915 -4.166840 0.000000 0.000000 0.000000 -27.096243 29.326712 0.011810 -20.389750 -28.660807 55.044972 -180.000000 -70.988602 180.000000 0.080479 -0.005239 -0.988820 0.000000 0.000000 0.607176 0.005215 0.000010 -0.110703 -0.012689 0.000454 -0.146434 0.022390 -0.001199 4.934506 0.000000 0.000000 0.746397 0.000014 0.006565 0.122572 -0.000022 -0.014325 0.164521 2.447046 -0.079831 2.056764 0.000000 0.000000 0.740482 -0.000002 0.007173 -0.014980 -0.000004 -0.015017 0.027776 4.260386 -0.094452 1.375350 0.000000 0.000000 0.754839 0.000000 0.009448 0.000229 -0.000006 -0.022452 0.026332 -6.917769 0.291382 2.291170 0.000000 0.000000 0.754038 -0.000001 0.004175 -0.008146 -0.000001 -0.009275 0.012467 0.441624 -0.014543 2.538997 7.019951 3.023686 -0.044837 -88.787523 47.033531 -133.770706 -0.000000 32.034920 -0.000000 -0.080308 0.004629 -0.724563 0.000000 0.000000 0.472622 0.000000 0.000000 0.008252 0.000000 0.000000 -0.001366 -7.969741 -5.107087 -8.050663 0.000000 0.000000 0.467721 0.000000 0.000000 -0.015015 0.000000 0.000000 0.025121 6.271931 -1.933901 -4.817211 0.000000 0.000000 0.481966 0.000000 0.000000 -0.004083 0.000000 0.000000 -0.000628 -1.013052 -2.505694 -6.799366 0.000000 0.000000 0.479930 0.000000 0.000000 0.003389 0.000000 0.000000 -0.007978 -3.109834 -2.403556 -3.139792 0.000035 0.004242 0.480870 0.000001 -0.004242 0.042897 0.000000 0.000000 0.013196 -4.610124 -2.491975 -2.359596 -2.593842 -7.544348 -17.075532 0.000000 0.000000 29.794501 -18.801999 -12.374377 -13.197542 0.000000 0.000000 0.000000 -30.011478 -5.119766 -10.519840 0.000000 0.000000 13.298834 18.599249 -0.762975 5.995037 0.000000 0.000000 -0.000003 
-0.422500 87.306800 0.125100 6.026263 2.487461 5.466577 2.822605 -0.100389 -2.726596 -1.029070 -0.151023 5.349026 -0.967526 -2.229404 -0.982541 -5.573986 4.007640 32.557172 5.051981 -3.718450 -3.032840 0.000000 0.000000 0.000000 -28.422355 31.008488 -0.004195 -17.003660 -29.569013 53.378087 -180.000000 -69.697098 180.000000 0.080479 -0.005239 -0.988820 0.000000 0.000000 0.607176 0.005215 0.000010 -0.110703 -0.012689 0.000454 -0.146434 0.022390 -0.001199 4.934506 0.000000 0.000000 0.746397 0.000014 0.006565 0.122572 -0.000022 -0.014325 0.164521 2.447046 -0.079831 2.056764 0.000000 0.000000 0.740482 -0.000002 0.007173 -0.014980 -0.000004 -0.015017 0.027776 4.260386 -0.094452 1.375350 0.000000 0.000000 0.754839 0.000000 0.009448 0.000229 -0.000006 -0.022452 0.026332 -6.917769 0.291382 2.291170 0.000000 0.000000 0.754038 -0.000001 0.004175 -0.008146 -0.000001 -0.009275 0.012467 0.441624 -0.014543 2.538997 6.982516 3.130315 -0.044789 -91.378569 44.312446 -141.388454 -0.000000 32.547611 -0.000000 -0.080308 0.004629 -0.724563 0.000000 0.000000 0.472622 0.000000 0.000000 0.008252 0.000000 0.000000 -0.001366 -7.969741 -5.107087 -8.050663 0.000000 0.000000 0.467721 0.000000 0.000000 -0.015015 0.000000 0.000000 0.025121 6.271931 -1.933901 -4.817211 0.000000 0.000000 0.481966 0.000000 0.000000 -0.004083 0.000000 0.000000 -0.000628 -1.013052 -2.505694 -6.799366 0.000000 0.000000 0.479930 0.000000 0.000000 0.003389 0.000000 0.000000 -0.007978 -3.109834 -2.403556 -3.139792 0.000035 0.004242 0.480870 0.000001 -0.004242 0.042897 0.000000 0.000000 0.013196 -4.610124 -2.491975 -2.359596 -0.124955 -9.020459 -13.633484 0.000000 0.000000 19.695623 -14.288456 -9.896153 -10.650199 0.000000 0.000000 0.000000 -25.582773 -10.626727 -11.587932 0.000000 0.000000 10.083159 15.410482 -3.224127 7.672430 0.000000 0.000000 -0.000003 
-0.622600 87.547800 0.019400 8.794226 2.760851 7.708370 0.687470 -0.057482 -3.606072 -1.910784 -0.037500 4.852655 -1.249212 -3.640001 -2.046824 -6.373321 4.569614 32.158000 4.613647 -2.465105 -2.818893 0.000000 0.000000 0.000000 -29.539804 31.950579 -0.032737 -14.504515 -30.254558 51.456456 -180.000000 -69.726303 180.000000 0.080479 -0.005239 -0.988820 0.000000 0.000000 0.607176 0.005215 0.000010 -0.110703 -0.012689 0.000454 -0.146434 0.022390 -0.001199 4.934506 0.000000 0.000000 0.746397 0.000014 0.006565 0.122572 -0.000022 -0.014325 0.164521 2.447046 -0.079831 2.056764 0.000000 0.000000 0.740482 -0.000002 0.007173 -0.014980 -0.000004 -0.015017 0.027776 4.260386 -0.094452 1.375350 0.000000 0.000000 0.754839 0.000000 0.009448 0.000229 -0.000006 -0.022452 0.026332 -6.917769 0.291382 2.291170 0.000000 0.000000 0.754038 -0.000001 0.004175 -0.008146 -0.000001 -0.009275 0.012467 0.441624 -0.014543 2.538997 7.337675 3.169816 -0.044934 -94.112682 42.517551 -147.425770 -0.000000 32.819500 -0.000000 -0.080308 0.004629 -0.724563 0.000000 0.000000 0.472622 0.000000 0.000000 0.008252 0.000000 0.000000 -0.001366 -7.969741 -5.107087 -8.050663 0.000000 0.000000 0.467721 0.000000 0.000000 -0.015015 0.000000 0.000000 0.025121 6.271931 -1.933901 -4.817211 0.000000 0.000000 0.481966 0.000000 0.000000 -0.004083 0.000000 0.000000 -0.000628 -1.013052 -2.505694 -6.799366 0.000000 0.000000 0.479930 0.000000 0.000000 0.003389 0.000000 0.000000 -0.007978 -3.109834 -2.403556 -3.139792 0.000035 0.004242 0.480870 0.000001 -0.004242 0.042897 0.000000 0.000000 0.013196 -4.610124 -2.491975 -2.359596 -2.095066 -9.879546 -12.868529 0.000000 0.000000 13.951373 -16.998815 -9.171173 -7.695497 0.000000 0.000000 0.000000 -25.384339 -19.580873 -12.002791 0.000000 0.000000 6.436104 12.611067 -5.644070 9.900624 0.000000 0.000000 -0.000003 
-1.612800 87.555400 -1.708000 12.709135 3.244521 9.695748 -3.098215 -0.211635 -4.687668 -2.904743 0.081044 4.871312 -1.150471 -5.599446 -1.816100 -6.864616 4.798524 31.539904 4.354871 -0.151010 -3.611817 0.000000 0.000000 0.000000 -30.770857 32.155317 -0.051861 -12.794704 -30.917439 49.381615 -180.000000 -70.788803 180.000000 0.080479 -0.005239 -0.988820 0.000000 0.000000 0.607176 0.005215 0.000010 -0.110703 -0.012689 0.000454 -0.146434 0.022390 -0.001199 4.934506 0.000000 0.000000 0.746397 0.000014 0.006565 0.122572 -0.000022 -0.014325 0.164521 2.447046 -0.079831 2.056764 0.000000 0.000000 0.740482 -0.000002 0.007173 -0.014980 -0.000004 -0.015017 0.027776 4.260386 -0.094452 1.375350 0.000000 0.000000 0.754839 0.000000 0.009448 0.000229 -0.000006 -0.022452 0.026332 -6.917769 0.291382 2.291170 0.000000 0.000000 0.754038 -0.000001 0.004175 -0.008146 -0.000001 -0.009275 0.012467 0.441624 -0.014543 2.538997 7.904450 3.176132 -0.045374 -96.743829 41.241482 -151.815327 -0.000000 32.756100 -0.000000 -0.080308 0.004629 -0.724563 0.000000 0.000000 0.472622 0.000000 0.000000 0.008252 0.000000 0.000000 -0.001366 -7.969741 -5.107087 -8.050663 0.000000 0.000000 0.467721 0.000000 0.000000 -0.015015 0.000000 0.000000 0.025121 6.271931 -1.933901 -4.817211 0.000000 0.000000 0.481966 0.000000 0.000000 -0.004083 0.000000 0.000000 -0.000628 -1.013052 -2.505694 -6.799366 0.000000 0.000000 0.479930 0.000000 0.000000 0.003389 0.000000 0.000000 -0.007978 -3.109834 -2.403556 -3.139792 0.000035 0.004242 0.480870 0.000001 -0.004242 0.042897 0.000000 0.000000 0.013196 -4.610124 -2.491975 -2.359596 -5.167366 -11.263722 -13.821454 0.000000 0.000000 10.428496 -13.067922 -7.620918 -5.685832 0.000000 0.000000 0.000000 -27.342189 -22.223850 -12.223101 0.000000 0.000000 3.320770 11.020589 -7.162022 7.226739 0.000000 0.000000 -0.000003 
-1.744800 87.633200 -0.388100 8.100075 1.231531 9.844195 0.671777 0.620630 -4.667556 -1.457540 0.626013 5.351682 -0.941267 -4.963009 -1.597837 -7.655262 5.153165 30.336146 4.006224 1.002559 -4.052621 0.000000 0.000000 0.000000 -32.555435 31.869290 -0.062734 -11.233208 -31.616871 46.981713 -180.000000 -71.809898 180.000000 0.080479 -0.005239 -0.988820 0.000000 0.000000 0.607176 0.005215 0.000010 -0.110703 -0.012689 0.000454 -0.146434 0.022390 -0.001199 4.934506 0.000000 0.000000 0.746397 0.000014 0.006565 0.122572 -0.000022 -0.014325 0.164521 2.447046 -0.079831 2.056764 0.000000 0.000000 0.740482 -0.000002 0.007173 -0.014980 -0.000004 -0.015017 0.027776 4.260386 -0.094452 1.375350 0.000000 0.000000 0.754839 0.000000 0.009448 0.000229 -0.000006 -0.022452 0.026332 -6.917769 0.291382 2.291170 0.000000 0.000000 0.754038 -0.000001 0.004175 -0.008146 -0.000001 -0.009275 0.012467 0.441624 -0.014543 2.538997 8.439181 3.209056 -0.045867 -98.827812 40.280198 -154.293169 -0.000000 32.270741 -0.000000 -0.080308 0.004629 -0.724563 0.000000 0.000000 0.472622 0.000000 0.000000 0.008252 0.000000 0.000000 -0.001366 -7.969741 -5.107087 -8.050663 0.000000 0.000000 0.467721 0.000000 0.000000 -0.015015 0.000000 0.000000 0.025121 6.271931 -1.933901 -4.817211 0.000000 0.000000 0.481966 0.000000 0.000000 -0.004083 0.000000 0.000000 -0.000628 -1.013052 -2.505694 -6.799366 0.000000 0.000000 0.479930 0.000000 0.000000 0.003389 0.000000 0.000000 -0.007978 -3.109834 -2.403556 -3.139792 0.000035 0.004242 0.480870 0.000001 -0.004242 0.042897 0.000000 0.000000 0.013196 -4.610124 -2.491975 -2.359596 -0.719589 -8.908434 -15.128339 0.000000 0.000000 13.816256 -14.597012 -8.147081 -8.175889 0.000000 0.000000 0.000000 -23.604981 -16.325983 -14.663043 0.000000 0.000000 5.910406 14.158652 -10.190334 8.147366 0.000000 0.000000 -0.000003 
-1.816400 87.192200 0.203800 6.432163 0.750737 9.498281 1.546686 0.617976 -4.622520 -1.192641 0.648932 6.265195 -0.330977 -5.261635 0.053937 -7.887967 4.841024 27.838194 4.246131 2.416688 -4.586643 0.000000 0.000000 0.000000 -34.376905 31.299595 -0.060496 -9.696866 -32.256035 44.052833 -180.000000 -72.181198 180.000000 0.080479 -0.005239 -0.988820 0.000000 0.000000 0.607176 0.005215 0.000010 -0.110703 -0.012689 0.000454 -0.146434 0.022390 -0.001199 4.934506 0.000000 0.000000 0.746397 0.000014 0.006565 0.122572 -0.000022 -0.014325 0.164521 2.447046 -0.079831 2.056764 0.000000 0.000000 0.740482 -0.000002 0.007173 -0.014980 -0.000004 -0.015017 0.027776 4.260386 -0.094452 1.375350 0.000000 0.000000 0.754839 0.000000 0.009448 0.000229 -0.000006 -0.022452 0.026332 -6.917769 0.291382 2.291170 0.000000 0.000000 0.754038 -0.000001 0.004175 -0.008146 -0.000001 -0.009275 0.012467 0.441624 -0.014543 2.538997 8.915612 3.240155 -0.045626 -99.761782 39.846804 -154.820298 -0.000000 31.186529 -0.000000 -0.080308 0.004629 -0.724563 0.000000 0.000000 0.472622 0.000000 0.000000 0.008252 0.000000 0.000000 -0.001366 -7.969741 -5.107087 -8.050663 0.000000 0.000000 0.467721 0.000000 0.000000 -0.015015 0.000000 0.000000 0.025121 6.271931 -1.933901 -4.817211 0.000000 0.000000 0.481966 0.000000 0.000000 -0.004083 0.000000 0.000000 -0.000628 -1.013052 -2.505694 -6.799366 0.000000 0.000000 0.479930 0.000000 0.000000 0.003389 0.000000 0.000000 -0.007978 -3.109834 -2.403556 -3.139792 0.000035 0.004242 0.480870 0.000001 -0.004242 0.042897 0.000000 0.000000 0.013196 -4.610124 -2.491975 -2.359596 0.886815 -8.511728 -17.222576 0.000000 0.000000 19.187955 -14.699751 -8.655213 -11.144693 0.000000 0.000000 0.000000 -24.139715 -8.201393 -15.967438 0.000000 0.000000 9.708945 16.201002 -12.039701 5.226939 0.000000 0.000000 -0.000003 
-1.859000 86.784600 0.153500 5.698921 0.867899 8.597539 1.440633 0.102723 -4.049813 -0.973697 0.150665 7.096653 0.030977 -3.505528 0.959217 -6.957835 4.209805 27.497536 4.473701 0.609889 -5.182091 0.000000 0.000000 0.000000 -35.311564 30.546801 -0.045798 -9.147107 -32.961841 40.662976 -180.000000 -72.524597 180.000000 0.080479 -0.005239 -0.988820 0.000000 0.000000 0.607176 0.005215 0.000010 -0.110703 -0.012689 0.000454 -0.146434 0.022390 -0.001199 4.934506 0.000000 0.000000 0.746397 0.000014 0.006565 0.122572 -0.000022 -0.014325 0.164521 2.447046 -0.079831 2.056764 0.000000 0.000000 0.740482 -0.000002 0.007173 -0.014980 -0.000004 -0.015017 0.027776 4.260386 -0.094452 1.375350 0.000000 0.000000 0.754839 0.000000 0.009448 0.000229 -0.000006 -0.022452 0.026332 -6.917769 0.291382 2.291170 0.000000 0.000000 0.754038 -0.000001 0.004175 -0.008146 -0.000001 -0.009275 0.012467 0.441624 -0.014543 2.538997 9.356687 3.225563 -0.045302 -98.931257 40.303665 -153.699131 -0.000000 29.249439 -0.000000 -0.080308 0.004629 -0.724563 0.000000 0.000000 0.472622 0.000000 0.000000 0.008252 0.000000 0.000000 -0.001366 -7.969741 -5.107087 -8.050663 0.000000 0.000000 0.467721 0.000000 0.000000 -0.015015 0.000000 0.000000 0.025121 6.271931 -1.933901 -4.817211 0.000000 0.000000 0.481966 0.000000 0.000000 -0.004083 0.000000 0.000000 -0.000628 -1.013052 -2.505694 -6.799366 0.000000 0.000000 0.479930 0.000000 0.000000 0.003389 0.000000 0.000000 -0.007978 -3.109834 -2.403556 -3.139792 0.000035 0.004242 0.480870 0.000001 -0.004242 0.042897 0.000000 0.000000 0.013196 -4.610124 -2.491975 -2.359596 1.424290 -8.884517 -19.124225 0.000000 0.000000 24.368142 -13.009014 -8.416201 -13.108725 0.000000 0.000000 0.000000 -25.241667 -1.427163 -16.338903 0.000000 0.000000 12.407849 17.444226 -13.745061 2.568277 0.000000 0.000000 -0.000003 
-1.998100 86.382000 -0.070500 4.826279 0.651196 7.138271 1.581012 -0.265024 -3.448942 -0.908268 -0.158846 8.167978 0.207346 -1.067317 1.793584 -5.676782 3.450633 27.920383 5.381948 -1.411779 -5.320847 0.000000 0.000000 0.000000 -35.139849 29.587707 -0.025594 -10.133026 -33.815263 36.758319 -180.000000 -73.507103 180.000000 0.080479 -0.005239 -0.988820 0.000000 0.000000 0.607176 0.005215 0.000010 -0.110703 -0.012689 0.000454 -0.146434 0.022390 -0.001199 4.934506 0.000000 0.000000 0.746397 0.000014 0.006565 0.122572 -0.000022 -0.014325 0.164521 2.447046 -0.079831 2.056764 0.000000 0.000000 0.740482 -0.000002 0.007173 -0.014980 -0.000004 -0.015017 0.027776 4.260386 -0.094452 1.375350 0.000000 0.000000 0.754839 0.000000 0.009448 0.000229 -0.000006 -0.022452 0.026332 -6.917769 0.291382 2.291170 0.000000 0.000000 0.754038 -0.000001 0.004175 -0.008146 -0.000001 -0.009275 0.012467 0.441624 -0.014543 2.538997 9.922657 3.215705 -0.044751 -95.959210 41.876566 -150.729682 -0.000000 26.620850 -0.000000 -0.080308 0.004629 -0.724563 0.000000 0.000000 0.472622 0.000000 0.000000 0.008252 0.000000 0.000000 -0.001366 -7.969741 -5.107087 -8.050663 0.000000 0.000000 0.467721 0.000000 0.000000 -0.015015 0.000000 0.000000 0.025121 6.271931 -1.933901 -4.817211 0.000000 0.000000 0.481966 0.000000 0.000000 -0.004083 0.000000 0.000000 -0.000628 -1.013052 -2.505694 -6.799366 0.000000 0.000000 0.479930 0.000000 0.000000 0.003389 0.000000 0.000000 -0.007978 -3.109834 -2.403556 -3.139792 0.000035 0.004242 0.480870 0.000001 -0.004242 0.042897 0.000000 0.000000 0.013196 -4.610124 -2.491975 -2.359596 1.852827 -8.157975 -20.233095 0.000000 0.000000 28.988855 -11.514455 -7.985579 -14.481955 0.000000 0.000000 0.000000 -25.242090 3.230498 -16.650232 0.000000 0.000000 15.059585 18.721026 -15.454071 0.152573 0.000000 0.000000 -0.000003 
-2.209300 85.735900 -0.481400 4.059182 -0.220783 5.733027 1.438339 -0.207889 -3.293495 -0.555058 -0.099249 9.335164 0.119722 1.198425 2.480717 -4.032901 2.584617 29.118911 5.194293 -3.058781 -4.829863 0.000000 0.000000 0.000000 -34.216880 28.211845 -0.005403 -12.321328 -34.528748 31.974224 -180.000000 -75.302101 180.000000 0.080479 -0.005239 -0.988820 0.000000 0.000000 0.607176 0.005215 0.000010 -0.110703 -0.012689 0.000454 -0.146434 0.022390 -0.001199 4.934506 0.000000 0.000000 0.746397 0.000014 0.006565 0.122572 -0.000022 -0.014325 0.164521 2.447046 -0.079831 2.056764 0.000000 0.000000 0.740482 -0.000002 0.007173 -0.014980 -0.000004 -0.015017 0.027776 4.260386 -0.094452 1.375350 0.000000 0.000000 0.754839 0.000000 0.009448 0.000229 -0.000006 -0.022452 0.026332 -6.917769 0.291382 2.291170 0.000000 0.000000 0.754038 -0.000001 0.004175 -0.008146 -0.000001 -0.009275 0.012467 0.441624 -0.014543 2.538997 10.741138 3.149352 -0.041095 -89.795243 44.763791 -144.828149 -0.000000 24.262541 -0.000000 -0.080308 0.004629 -0.724563 0.000000 0.000000 0.472622 0.000000 0.000000 0.008252 0.000000 0.000000 -0.001366 -7.969741 -5.107087 -8.050663 0.000000 0.000000 0.467721 0.000000 0.000000 -0.015015 0.000000 0.000000 0.025121 6.271931 -1.933901 -4.817211 0.000000 0.000000 0.481966 0.000000 0.000000 -0.004083 0.000000 0.000000 -0.000628 -1.013052 -2.505694 -6.799366 0.000000 0.000000 0.479930 0.000000 0.000000 0.003389 0.000000 0.000000 -0.007978 -3.109834 -2.403556 -3.139792 0.000035 0.004242 0.480870 0.000001 -0.004242 0.042897 0.000000 0.000000 0.013196 -4.610124 -2.491975 -2.359596 2.129292 -8.133367 -20.909665 0.000000 0.000000 32.870764 -9.768677 -5.602392 -17.034246 0.000000 0.000000 0.000000 -24.317140 5.495462 -18.174246 0.000000 0.000000 19.071474 18.467102 -16.834271 -2.840807 0.000000 0.000000 -0.000003 
-2.237900 84.953600 -1.244200 3.704466 -0.888861 3.945479 0.869232 -0.421034 -3.356049 -0.606042 -0.274157 11.037559 0.350766 4.424429 3.654332 -1.709559 1.073500 29.737747 5.248985 -5.897216 -4.552210 0.000000 0.000000 0.000000 -33.078726 26.415158 -0.000403 -14.865092 -34.882602 25.837151 -180.000000 -78.282799 180.000000 0.080479 -0.005239 -0.988820 0.000000 0.000000 0.607176 0.005215 0.000010 -0.110703 -0.012689 0.000454 -0.146434 0.022390 -0.001199 4.934506 0.000000 0.000000 0.746397 0.000014 0.006565 0.122572 -0.000022 -0.014325 0.164521 2.447046 -0.079831 2.056764 0.000000 0.000000 0.740482 -0.000002 0.007173 -0.014980 -0.000004 -0.015017 0.027776 4.260386 -0.094452 1.375350 0.000000 0.000000 0.754839 0.000000 0.009448 0.000229 -0.000006 -0.022452 0.026332 -6.917769 0.291382 2.291170 0.000000 0.000000 0.754038 -0.000001 0.004175 -0.008146 -0.000001 -0.009275 0.012467 0.441624 -0.014543 2.538997 11.781896 2.893341 -0.036186 -78.505473 48.715624 -134.184654 -0.000000 22.769970 -0.000000 -0.080308 0.004629 -0.724563 0.000000 0.000000 0.472622 0.000000 0.000000 0.008252 0.000000 0.000000 -0.001366 -7.969741 -5.107087 -8.050663 0.000000 0.000000 0.467721 0.000000 0.000000 -0.015015 0.000000 0.000000 0.025121 6.271931 -1.933901 -4.817211 0.000000 0.000000 0.481966 0.000000 0.000000 -0.004083 0.000000 0.000000 -0.000628 -1.013052 -2.505694 -6.799366 0.000000 0.000000 0.479930 0.000000 0.000000 0.003389 0.000000 0.000000 -0.007978 -3.109834 -2.403556 -3.139792 0.000035 0.004242 0.480870 0.000001 -0.004242 0.042897 0.000000 0.000000 0.013196 -4.610124 -2.491975 -2.359596 1.990902 -9.335883 -21.007293 0.000000 0.000000 35.936921 -9.251859 -2.410657 -19.669380 0.000000 0.000000 0.000000 -23.636284 7.187061 -19.737803 0.000000 0.000000 23.462927 17.409389 -18.435002 -5.221288 0.000000 0.000000 -0.000003 
-1.869200 83.967800 -0.810500 3.219579 -1.437233 2.977519 0.671024 -0.586435 -3.817917 -0.792791 -0.363863 11.715889 0.147572 6.732260 5.310528 1.287577 -0.908447 29.795616 4.449998 -8.684972 -4.436063 0.000000 0.000000 0.000000 -32.224985 24.722280 -0.018522 -16.801308 -34.745620 17.879778 -180.000000 -82.970009 180.000000 0.080479 -0.005239 -0.988820 0.000000 0.000000 0.607176 0.005215 0.000010 -0.110703 -0.012689 0.000454 -0.146434 0.022390 -0.001199 4.934506 0.000000 0.000000 0.746397 0.000014 0.006565 0.122572 -0.000022 -0.014325 0.164521 2.447046 -0.079831 2.056764 0.000000 0.000000 0.740482 -0.000002 0.007173 -0.014980 -0.000004 -0.015017 0.027776 4.260386 -0.094452 1.375350 0.000000 0.000000 0.754839 0.000000 0.009448 0.000229 -0.000006 -0.022452 0.026332 -6.917769 0.291382 2.291170 0.000000 0.000000 0.754038 -0.000001 0.004175 -0.008146 -0.000001 -0.009275 0.012467 0.441624 -0.014543 2.538997 13.080284 2.560531 -0.036434 -59.003030 54.218912 -114.959659 -0.000000 21.720140 -0.000000 -0.080308 0.004629 -0.724563 0.000000 0.000000 0.472622 0.000000 0.000000 0.008252 0.000000 0.000000 -0.001366 -7.969741 -5.107087 -8.050663 0.000000 0.000000 0.467721 0.000000 0.000000 -0.015015 0.000000 0.000000 0.025121 6.271931 -1.933901 -4.817211 0.000000 0.000000 0.481966 0.000000 0.000000 -0.004083 0.000000 0.000000 -0.000628 -1.013052 -2.505694 -6.799366 0.000000 0.000000 0.479930 0.000000 0.000000 0.003389 0.000000 0.000000 -0.007978 -3.109834 -2.403556 -3.139792 0.000035 0.004242 0.480870 0.000001 -0.004242 0.042897 0.000000 0.000000 0.013196 -4.610124 -2.491975 -2.359596 2.012297 -10.630411 -22.023326 0.000000 0.000000 40.519725 -9.824771 -0.871802 -22.461841 0.000000 0.000000 0.000000 -22.780720 5.897545 -22.314427 0.000000 0.000000 29.695315 16.694911 -18.053747 -6.899611 0.000000 0.000000 -0.000003 
-1.310400 82.704800 0.227100 2.300622 -3.210976 2.044810 0.407170 -1.462835 -3.356480 -1.070228 -1.232265 12.780953 0.387474 8.829697 4.825989 1.448550 -1.057699 29.967567 3.887802 -10.253238 -4.571154 0.000000 0.000000 0.000000 -31.957345 23.651416 -0.035525 -17.254687 -33.836105 7.779642 -180.000000 -89.560059 180.000000 0.080479 -0.005239 -0.988820 0.000000 0.000000 0.607176 0.005215 0.000010 -0.110703 -0.012689 0.000454 -0.146434 0.022390 -0.001199 4.934506 0.000000 0.000000 0.746397 0.000014 0.006565 0.122572 -0.000022 -0.014325 0.164521 2.447046 -0.079831 2.056764 0.000000 0.000000 0.740482 -0.000002 0.007173 -0.014980 -0.000004 -0.015017 0.027776 4.260386 -0.094452 1.375350 0.000000 0.000000 0.754839 0.000000 0.009448 0.000229 -0.000006 -0.022452 0.026332 -6.917769 0.291382 2.291170 0.000000 0.000000 0.754038 -0.000001 0.004175 -0.008146 -0.000001 -0.009275 0.012467 0.441624 -0.014543 2.538997 14.966796 2.378449 -0.040922 -34.599521 54.229781 -89.964109 -0.000000 21.284519 -0.000000 -0.080308 0.004629 -0.724563 0.000000 0.000000 0.472622 0.000000 0.000000 0.008252 0.000000 0.000000 -0.001366 -7.969741 -5.107087 -8.050663 0.000000 0.000000 0.467721 0.000000 0.000000 -0.015015 0.000000 0.000000 0.025121 6.271931 -1.933901 -4.817211 0.000000 0.000000 0.481966 0.000000 0.000000 -0.004083 0.000000 0.000000 -0.000628 -1.013052 -2.505694 -6.799366 0.000000 0.000000 0.479930 0.000000 0.000000 0.003389 0.000000 0.000000 -0.007978 -3.109834 -2.403556 -3.139792 0.000035 0.004242 0.480870 0.000001 -0.004242 0.042897 0.000000 0.000000 0.013196 -4.610124 -2.491975 -2.359596 2.162905 -9.515971 -22.750093 0.000000 0.000000 45.725696 -9.400154 -0.887355 -25.867604 0.000000 0.000000 0.000000 -22.027690 5.546838 -25.589188 0.000000 0.000000 36.683913 17.746033 -17.224225 -8.129750 0.000000 0.000000 -0.000003 
-1.441500 81.455500 -0.587200 1.264208 -4.279425 2.251927 0.314796 -0.832621 -3.111947 -0.725815 -0.611176 12.456264 0.576170 5.121487 5.348457 0.806736 -0.542821 27.920890 2.538961 -4.996205 -5.278368 0.000000 0.000000 0.000000 -31.825155 23.292500 -0.039910 -16.713806 -31.636243 -4.014101 -0.000000 -81.518639 0.000000 0.080479 -0.005239 -0.988820 0.000000 0.000000 0.607176 0.005215 0.000010 -0.110703 -0.012689 0.000454 -0.146434 0.022390 -0.001199 4.934506 0.000000 0.000000 0.746397 0.000014 0.006565 0.122572 -0.000022 -0.014325 0.164521 2.447046 -0.079831 2.056764 0.000000 0.000000 0.740482 -0.000002 0.007173 -0.014980 -0.000004 -0.015017 0.027776 4.260386 -0.094452 1.375350 0.000000 0.000000 0.754839 0.000000 0.009448 0.000229 -0.000006 -0.022452 0.026332 -6.917769 0.291382 2.291170 0.000000 0.000000 0.754038 -0.000001 0.004175 -0.008146 -0.000001 -0.009275 0.012467 0.441624 -0.014543 2.538997 17.783518 2.380221 -0.050800 -12.336460 49.125765 -66.143717 -0.000000 24.013029 -0.000000 -0.080308 0.004629 -0.724563 0.000000 0.000000 0.472622 0.000000 0.000000 0.008252 0.000000 0.000000 -0.001366 -7.969741 -5.107087 -8.050663 0.000000 0.000000 0.467721 0.000000 0.000000 -0.015015 0.000000 0.000000 0.025121 6.271931 -1.933901 -4.817211 0.000000 0.000000 0.481966 0.000000 0.000000 -0.004083 0.000000 0.000000 -0.000628 -1.013052 -2.505694 -6.799366 0.000000 0.000000 0.479930 0.000000 0.000000 0.003389 0.000000 0.000000 -0.007978 -3.109834 -2.403556 -3.139792 0.000035 0.004242 0.480870 0.000001 -0.004242 0.042897 0.000000 0.000000 0.013196 -4.610124 -2.491975 -2.359596 2.960932 -8.866634 -25.930340 0.000000 0.000000 50.751264 -10.505984 1.636693 -28.052904 0.000000 0.000000 0.000000 -22.070903 5.560940 -29.742287 0.000000 0.000000 41.833213 21.059447 -12.922400 -7.912170 0.000000 0.000000 -0.000003 
-1.906500 80.149800 -3.220200 -0.119913 -4.211717 3.277122 -0.039684 -0.735893 -2.000348 0.095065 -0.711621 10.703416 1.308891 -0.933591 4.858823 0.110402 -0.093401 25.745632 -0.329513 -1.760451 -5.655970 0.000000 0.000000 0.000000 -31.339230 23.726394 -0.049226 -16.112516 -27.747943 -16.551151 -0.000000 -69.657967 0.000000 0.080479 -0.005239 -0.988820 0.000000 0.000000 0.607176 0.005215 0.000010 -0.110703 -0.012689 0.000454 -0.146434 0.022390 -0.001199 4.934506 0.000000 0.000000 0.746397 0.000014 0.006565 0.122572 -0.000022 -0.014325 0.164521 2.447046 -0.079831 2.056764 0.000000 0.000000 0.740482 -0.000002 0.007173 -0.014980 -0.000004 -0.015017 0.027776 4.260386 -0.094452 1.375350 0.000000 0.000000 0.754839 0.000000 0.009448 0.000229 -0.000006 -0.022452 0.026332 -6.917769 0.291382 2.291170 0.000000 0.000000 0.754038 -0.000001 0.004175 -0.008146 -0.000001 -0.009275 0.012467 0.441624 -0.014543 2.538997 21.191571 2.641436 -0.070148 4.753857 40.796736 -47.796228 -0.000000 31.445120 -0.000000 -0.080308 0.004629 -0.724563 0.000000 0.000000 0.472622 0.000000 0.000000 0.008252 0.000000 0.000000 -0.001366 -7.969741 -5.107087 -8.050663 0.000000 0.000000 0.467721 0.000000 0.000000 -0.015015 0.000000 0.000000 0.025121 6.271931 -1.933901 -4.817211 0.000000 0.000000 0.481966 0.000000 0.000000 -0.004083 0.000000 0.000000 -0.000628 -1.013052 -2.505694 -6.799366 0.000000 0.000000 0.479930 0.000000 0.000000 0.003389 0.000000 0.000000 -0.007978 -3.109834 -2.403556 -3.139792 0.000035 0.004242 0.480870 0.000001 -0.004242 0.042897 0.000000 0.000000 0.013196 -4.610124 -2.491975 -2.359596 4.951244 -9.731317 -31.605883 0.000000 0.000000 55.806801 -7.914777 4.060040 -28.337471 0.000000 0.000000 0.000000 -22.270413 5.393514 -34.962475 0.000000 0.000000 45.779935 22.697188 -6.898099 -4.993410 0.000000 0.000000 -0.000003 
-1.607500 79.332500 -3.574600 -4.265597 -4.962378 5.606814 1.335132 -0.345048 -1.562784 3.330048 -0.942549 9.247931 2.112487 -12.020849 3.308338 -4.540109 2.299698 23.390825 -3.992394 9.520486 -7.079913 0.000000 0.000000 0.000000 -30.649216 25.347344 -0.077093 -14.939913 -23.059554 -29.119750 -0.000000 -54.448471 0.000000 0.080479 -0.005239 -0.988820 0.000000 0.000000 0.607176 0.005215 0.000010 -0.110703 -0.012689 0.000454 -0.146434 0.022390 -0.001199 4.934506 0.000000 0.000000 0.746397 0.000014 0.006565 0.122572 -0.000022 -0.014325 0.164521 2.447046 -0.079831 2.056764 0.000000 0.000000 0.740482 -0.000002 0.007173 -0.014980 -0.000004 -0.015017 0.027776 4.260386 -0.094452 1.375350 0.000000 0.000000 0.754839 0.000000 0.009448 0.000229 -0.000006 -0.022452 0.026332 -6.917769 0.291382 2.291170 0.000000 0.000000 0.754038 -0.000001 0.004175 -0.008146 -0.000001 -0.009275 0.012467 0.441624 -0.014543 2.538997 24.437212 3.246468 -0.082264 17.545924 30.542584 -35.016820 -0.000000 40.828629 -0.000000 -0.080308 0.004629 -0.724563 0.000000 0.000000 0.472622 0.000000 0.000000 0.008252 0.000000 0.000000 -0.001366 -7.969741 -5.107087 -8.050663 0.000000 0.000000 0.467721 0.000000 0.000000 -0.015015 0.000000 0.000000 0.025121 6.271931 -1.933901 -4.817211 0.000000 0.000000 0.481966 0.000000 0.000000 -0.004083 0.000000 0.000000 -0.000628 -1.013052 -2.505694 -6.799366 0.000000 0.000000 0.479930 0.000000 0.000000 0.003389 0.000000 0.000000 -0.007978 -3.109834 -2.403556 -3.139792 0.000035 0.004242 0.480870 0.000001 -0.004242 0.042897 0.000000 0.000000 0.013196 -4.610124 -2.491975 -2.359596 9.249190 -8.000867 -35.737338 0.000000 0.000000 59.621949 -8.180533 3.260508 -29.846818 0.000000 0.000000 0.000000 -19.594161 6.149680 -43.247340 0.000000 0.000000 55.240837 21.614747 -2.957659 -2.313653 0.000000 0.000000 -0.000003 
-1.416800 78.564900 -4.070800 -7.285851 -5.981647 6.794736 1.630838 0.289875 -0.882204 6.234304 -0.796312 8.913997 2.723112 -23.898754 2.621632 -8.933245 3.613412 18.190386 -6.237166 23.016899 -9.379269 0.000000 0.000000 0.000000 -29.594182 28.028395 -0.117008 -13.458846 -18.860717 -40.989057 -0.000000 -38.208260 0.000000 0.080479 -0.005239 -0.988820 0.000000 0.000000 0.607176 0.005215 0.000010 -0.110703 -0.012689 0.000454 -0.146434 0.022390 -0.001199 4.934506 0.000000 0.000000 0.746397 0.000014 0.006565 0.122572 -0.000022 -0.014325 0.164521 2.447046 -0.079831 2.056764 0.000000 0.000000 0.740482 -0.000002 0.007173 -0.014980 -0.000004 -0.015017 0.027776 4.260386 -0.094452 1.375350 0.000000 0.000000 0.754839 0.000000 0.009448 0.000229 -0.000006 -0.022452 0.026332 -6.917769 0.291382 2.291170 0.000000 0.000000 0.754038 -0.000001 0.004175 -0.008146 -0.000001 -0.009275 0.012467 0.441624 -0.014543 2.538997 27.181433 3.976754 -0.073188 26.063356 18.964572 -27.433245 -0.000000 48.461609 -0.000000 -0.080308 0.004629 -0.724563 0.000000 0.000000 0.472622 0.000000 0.000000 0.008252 0.000000 0.000000 -0.001366 -7.969741 -5.107087 -8.050663 0.000000 0.000000 0.467721 0.000000 0.000000 -0.015015 0.000000 0.000000 0.025121 6.271931 -1.933901 -4.817211 0.000000 0.000000 0.481966 0.000000 0.000000 -0.004083 0.000000 0.000000 -0.000628 -1.013052 -2.505694 -6.799366 0.000000 0.000000 0.479930 0.000000 0.000000 0.003389 0.000000 0.000000 -0.007978 -3.109834 -2.403556 -3.139792 0.000035 0.004242 0.480870 0.000001 -0.004242 0.042897 0.000000 0.000000 0.013196 -4.610124 -2.491975 -2.359596 12.132373 -6.015480 -38.366873 0.000000 0.000000 62.748621 -7.641724 2.865421 -30.884408 0.000000 0.000000 0.000000 -17.546397 7.600314 -51.525332 0.000000 0.000000 69.078421 16.038472 0.258921 -2.754618 0.000000 0.000000 -0.000003 
-1.457500 77.780800 -4.395100 -7.933849 -7.138011 8.510988 1.122585 1.084624 -1.400301 6.891654 0.029133 8.258087 2.026714 -36.228785 2.491800 -10.892422 3.554138 14.595125 -8.642396 38.209846 -12.486191 0.000000 0.000000 0.000000 -28.150156 30.999818 -0.129895 -12.351405 -15.819674 -51.203053 -0.000000 -25.294920 0.000000 0.080479 -0.005239 -0.988820 0.000000 0.000000 0.607176 0.005215 0.000010 -0.110703 -0.012689 0.000454 -0.146434 0.022390 -0.001199 4.934506 0.000000 0.000000 0.746397 0.000014 0.006565 0.122572 -0.000022 -0.014325 0.164521 2.447046 -0.079831 2.056764 0.000000 0.000000 0.740482 -0.000002 0.007173 -0.014980 -0.000004 -0.015017 0.027776 4.260386 -0.094452 1.375350 0.000000 0.000000 0.754839 0.000000 0.009448 0.000229 -0.000006 -0.022452 0.026332 -6.917769 0.291382 2.291170 0.000000 0.000000 0.754038 -0.000001 0.004175 -0.008146 -0.000001 -0.009275 0.012467 0.441624 -0.014543 2.538997 29.372546 4.421733 -0.050353 30.522609 7.778387 -23.776505 -0.000000 52.995289 -0.000000 -0.080308 0.004629 -0.724563 0.000000 0.000000 0.472622 0.000000 0.000000 0.008252 0.000000 0.000000 -0.001366 -7.969741 -5.107087 -8.050663 0.000000 0.000000 0.467721 0.000000 0.000000 -0.015015 0.000000 0.000000 0.025121 6.271931 -1.933901 -4.817211 0.000000 0.000000 0.481966 0.000000 0.000000 -0.004083 0.000000 0.000000 -0.000628 -1.013052 -2.505694 -6.799366 0.000000 0.000000 0.479930 0.000000 0.000000 0.003389 0.000000 0.000000 -0.007978 -3.109834 -2.403556 -3.139792 0.000035 0.004242 0.480870 0.000001 -0.004242 0.042897 0.000000 0.000000 0.013196 -4.610124 -2.491975 -2.359596 12.653917 -4.142217 -41.062181 0.000000 0.000000 65.086549 -6.870119 4.156722 -32.193024 0.000000 0.000000 0.000000 -17.891787 8.949086 -60.415460 0.000000 0.000000 84.785998 10.092068 1.613974 -5.892941 0.000000 0.000000 -0.000003 
-1.547700 77.380300 -4.237000 -7.688577 -7.106042 7.463029 0.781990 0.750277 0.056356 6.189947 -0.188804 8.361759 0.356456 -42.874219 4.096810 -9.185237 2.529369 11.550793 -11.072679 46.472250 -15.041720 0.000000 0.000000 0.000000 -26.635687 33.345138 -0.108233 -11.803220 -13.645980 -59.067203 -0.000000 -18.029850 0.000000 0.080479 -0.005239 -0.988820 0.000000 0.000000 0.607176 0.005215 0.000010 -0.110703 -0.012689 0.000454 -0.146434 0.022390 -0.001199 4.934506 0.000000 0.000000 0.746397 0.000014 0.006565 0.122572 -0.000022 -0.014325 0.164521 2.447046 -0.079831 2.056764 0.000000 0.000000 0.740482 -0.000002 0.007173 -0.014980 -0.000004 -0.015017 0.027776 4.260386 -0.094452 1.375350 0.000000 0.000000 0.754839 0.000000 0.009448 0.000229 -0.000006 -0.022452 0.026332 -6.917769 0.291382 2.291170 0.000000 0.000000 0.754038 -0.000001 0.004175 -0.008146 -0.000001 -0.009275 0.012467 0.441624 -0.014543 2.538997 30.827294 4.338966 -0.036520 32.199935 -1.019692 -22.245822 -0.000000 55.932751 -0.000000 -0.080308 0.004629 -0.724563 0.000000 0.000000 0.472622 0.000000 0.000000 0.008252 0.000000 0.000000 -0.001366 -7.969741 -5.107087 -8.050663 0.000000 0.000000 0.467721 0.000000 0.000000 -0.015015 0.000000 0.000000 0.025121 6.271931 -1.933901 -4.817211 0.000000 0.000000 0.481966 0.000000 0.000000 -0.004083 0.000000 0.000000 -0.000628 -1.013052 -2.505694 -6.799366 0.000000 0.000000 0.479930 0.000000 0.000000 0.003389 0.000000 0.000000 -0.007978 -3.109834 -2.403556 -3.139792 0.000035 0.004242 0.480870 0.000001 -0.004242 0.042897 0.000000 0.000000 0.013196 -4.610124 -2.491975 -2.359596 12.371820 -4.302496 -40.518042 0.000000 0.000000 66.059579 -7.817338 5.923810 -32.353370 0.000000 0.000000 0.000000 -18.635936 10.082067 -65.292995 0.000000 0.000000 99.653893 8.140051 0.628671 -8.942697 0.000000 0.000000 -0.000003 
-1.965400 76.793800 -4.434700 -6.643542 -6.966235 6.035066 0.699829 0.856147 0.802923 5.091728 0.078960 8.993341 -3.572416 -50.021045 6.716091 -7.283110 1.868256 10.935736 -14.852347 55.051185 -19.728530 0.000000 0.000000 0.000000 -25.354892 34.885319 -0.081699 -11.875539 -11.938384 -64.252219 -0.000000 -15.261000 0.000000 0.080479 -0.005239 -0.988820 0.000000 0.000000 0.607176 0.005215 0.000010 -0.110703 -0.012689 0.000454 -0.146434 0.022390 -0.001199 4.934506 0.000000 0.000000 0.746397 0.000014 0.006565 0.122572 -0.000022 -0.014325 0.164521 2.447046 -0.079831 2.056764 0.000000 0.000000 0.740482 -0.000002 0.007173 -0.014980 -0.000004 -0.015017 0.027776 4.260386 -0.094452 1.375350 0.000000 0.000000 0.754839 0.000000 0.009448 0.000229 -0.000006 -0.022452 0.026332 -6.917769 0.291382 2.291170 0.000000 0.000000 0.754038 -0.000001 0.004175 -0.008146 -0.000001 -0.009275 0.012467 0.441624 -0.014543 2.538997 31.349143 4.052023 -0.037768 32.897647 -7.225591 -21.947408 -0.000000 60.043339 -0.000000 -0.080308 0.004629 -0.724563 0.000000 0.000000 0.472622 0.000000 0.000000 0.008252 0.000000 0.000000 -0.001366 -7.969741 -5.107087 -8.050663 0.000000 0.000000 0.467721 0.000000 0.000000 -0.015015 0.000000 0.000000 0.025121 6.271931 -1.933901 -4.817211 0.000000 0.000000 0.481966 0.000000 0.000000 -0.004083 0.000000 0.000000 -0.000628 -1.013052 -2.505694 -6.799366 0.000000 0.000000 0.479930 0.000000 0.000000 0.003389 0.000000 0.000000 -0.007978 -3.109834 -2.403556 -3.139792 0.000035 0.004242 0.480870 0.000001 -0.004242 0.042897 0.000000 0.000000 0.013196 -4.610124 -2.491975 -2.359596 11.525167 -4.783676 -40.070131 0.000000 0.000000 67.231793 -7.238581 6.259655 -32.656298 0.000000 0.000000 0.000000 -19.201735 11.281684 -68.407195 0.000000 0.000000 114.961189 7.826987 0.633665 -13.842144 0.000000 0.000000 -0.000003 
-2.019100 76.648500 -4.455700 -4.982095 -7.313952 4.022372 0.018192 0.854127 1.729419 3.589493 0.244466 9.937059 -6.510339 -53.526837 9.281384 -6.384298 1.487263 9.618688 -17.786936 60.999868 -23.335670 0.000000 0.000000 0.000000 -24.515265 35.889452 -0.063410 -12.768079 -10.996833 -66.573442 -0.000000 -14.995050 0.000000 0.080479 -0.005239 -0.988820 0.000000 0.000000 0.607176 0.005215 0.000010 -0.110703 -0.012689 0.000454 -0.146434 0.022390 -0.001199 4.934506 0.000000 0.000000 0.746397 0.000014 0.006565 0.122572 -0.000022 -0.014325 0.164521 2.447046 -0.079831 2.056764 0.000000 0.000000 0.740482 -0.000002 0.007173 -0.014980 -0.000004 -0.015017 0.027776 4.260386 -0.094452 1.375350 0.000000 0.000000 0.754839 0.000000 0.009448 0.000229 -0.000006 -0.022452 0.026332 -6.917769 0.291382 2.291170 0.000000 0.000000 0.754038 -0.000001 0.004175 -0.008146 -0.000001 -0.009275 0.012467 0.441624 -0.014543 2.538997 31.146985 3.768385 -0.041429 33.178534 -11.390723 -22.461203 -0.000000 66.310638 -0.000000 -0.080308 0.004629 -0.724563 0.000000 0.000000 0.472622 0.000000 0.000000 0.008252 0.000000 0.000000 -0.001366 -7.969741 -5.107087 -8.050663 0.000000 0.000000 0.467721 0.000000 0.000000 -0.015015 0.000000 0.000000 0.025121 6.271931 -1.933901 -4.817211 0.000000 0.000000 0.481966 0.000000 0.000000 -0.004083 0.000000 0.000000 -0.000628 -1.013052 -2.505694 -6.799366 0.000000 0.000000 0.479930 0.000000 0.000000 0.003389 0.000000 0.000000 -0.007978 -3.109834 -2.403556 -3.139792 0.000035 0.004242 0.480870 0.000001 -0.004242 0.042897 0.000000 0.000000 0.013196 -4.610124 -2.491975 -2.359596 9.720267 -4.523544 -38.172517 0.000000 0.000000 67.123584 -7.116409 5.864362 -32.591777 0.000000 0.000000 0.000000 -19.690952 12.168245 -68.353024 0.000000 0.000000 125.314951 7.563090 1.383364 -16.345564 0.000000 0.000000 -0.000003 
-1.861500 77.276300 -4.444600 -3.421136 -7.445028 3.894427 -0.255612 0.781906 1.482681 2.100704 0.395811 10.084059 -7.824507 -54.224730 9.408258 -5.713871 1.413540 10.254597 -18.458395 62.211849 -24.295037 0.000000 0.000000 0.000000 -24.259767 36.702017 -0.049826 -14.801169 -11.233711 -66.083429 -0.000000 -16.557421 0.000000 0.080479 -0.005239 -0.988820 0.000000 0.000000 0.607176 0.005215 0.000010 -0.110703 -0.012689 0.000454 -0.146434 0.022390 -0.001199 4.934506 0.000000 0.000000 0.746397 0.000014 0.006565 0.122572 -0.000022 -0.014325 0.164521 2.447046 -0.079831 2.056764 0.000000 0.000000 0.740482 -0.000002 0.007173 -0.014980 -0.000004 -0.015017 0.027776 4.260386 -0.094452 1.375350 0.000000 0.000000 0.754839 0.000000 0.009448 0.000229 -0.000006 -0.022452 0.026332 -6.917769 0.291382 2.291170 0.000000 0.000000 0.754038 -0.000001 0.004175 -0.008146 -0.000001 -0.009275 0.012467 0.441624 -0.014543 2.538997 30.654948 3.437349 -0.042651 32.517573 -13.335414 -23.025468 -0.000000 72.575546 -0.000000 -0.080308 0.004629 -0.724563 0.000000 0.000000 0.472622 0.000000 0.000000 0.008252 0.000000 0.000000 -0.001366 -7.969741 -5.107087 -8.050663 0.000000 0.000000 0.467721 0.000000 0.000000 -0.015015 0.000000 0.000000 0.025121 6.271931 -1.933901 -4.817211 0.000000 0.000000 0.481966 0.000000 0.000000 -0.004083 0.000000 0.000000 -0.000628 -1.013052 -2.505694 -6.799366 0.000000 0.000000 0.479930 0.000000 0.000000 0.003389 0.000000 0.000000 -0.007978 -3.109834 -2.403556 -3.139792 0.000035 0.004242 0.480870 0.000001 -0.004242 0.042897 0.000000 0.000000 0.013196 -4.610124 -2.491975 -2.359596 8.027874 -3.944325 -37.123735 0.000000 0.000000 65.056383 -7.117440 5.261852 -31.635738 0.000000 0.000000 0.000000 -19.797530 11.544020 -67.633143 0.000000 0.000000 129.903165 5.751323 1.489427 -15.077505 0.000000 0.000000 -0.000003 
-1.818500 79.183200 -4.659000 -2.641341 -7.208666 5.436531 -0.473272 0.698102 0.590125 1.434602 0.434495 9.238484 -6.515779 -53.047297 7.523656 -6.332865 1.627127 10.789660 -17.358119 61.601081 -23.099557 0.000000 0.000000 0.000000 -24.764751 37.440547 -0.038128 -17.947323 -12.398620 -63.301725 -0.000000 -20.004480 0.000000 0.080479 -0.005239 -0.988820 0.000000 0.000000 0.607176 0.005215 0.000010 -0.110703 -0.012689 0.000454 -0.146434 0.022390 -0.001199 4.934506 0.000000 0.000000 0.746397 0.000014 0.006565 0.122572 -0.000022 -0.014325 0.164521 2.447046 -0.079831 2.056764 0.000000 0.000000 0.740482 -0.000002 0.007173 -0.014980 -0.000004 -0.015017 0.027776 4.260386 -0.094452 1.375350 0.000000 0.000000 0.754839 0.000000 0.009448 0.000229 -0.000006 -0.022452 0.026332 -6.917769 0.291382 2.291170 0.000000 0.000000 0.754038 -0.000001 0.004175 -0.008146 -0.000001 -0.009275 0.012467 0.441624 -0.014543 2.538997 30.283628 3.168581 -0.041189 30.352762 -12.862827 -22.831460 -0.000000 75.387833 -0.000000 -0.080308 0.004629 -0.724563 0.000000 0.000000 0.472622 0.000000 0.000000 0.008252 0.000000 0.000000 -0.001366 -7.969741 -5.107087 -8.050663 0.000000 0.000000 0.467721 0.000000 0.000000 -0.015015 0.000000 0.000000 0.025121 6.271931 -1.933901 -4.817211 0.000000 0.000000 0.481966 0.000000 0.000000 -0.004083 0.000000 0.000000 -0.000628 -1.013052 -2.505694 -6.799366 0.000000 0.000000 0.479930 0.000000 0.000000 0.003389 0.000000 0.000000 -0.007978 -3.109834 -2.403556 -3.139792 0.000035 0.004242 0.480870 0.000001 -0.004242 0.042897 0.000000 0.000000 0.013196 -4.610124 -2.491975 -2.359596 7.348984 -3.638315 -36.053482 0.000000 0.000000 59.561187 -7.418128 4.849188 -28.922078 0.000000 0.000000 0.000000 -19.656887 10.408868 -65.840471 0.000000 0.000000 128.144144 5.248496 2.669118 -13.139074 0.000000 0.000000 -0.000003 
-1.955700 81.931600 -5.003500 -2.830759 -6.327398 7.421687 -0.456818 0.577369 -0.106693 1.591514 0.328057 7.644810 -4.593781 -49.448901 5.858041 -6.607345 1.696298 11.072345 -14.553275 57.815590 -20.090871 0.000000 0.000000 0.000000 -26.059773 38.047366 -0.034199 -21.500355 -13.810477 -59.111850 -0.000000 -25.130569 0.000000 0.080479 -0.005239 -0.988820 0.000000 0.000000 0.607176 0.005215 0.000010 -0.110703 -0.012689 0.000454 -0.146434 0.022390 -0.001199 4.934506 0.000000 0.000000 0.746397 0.000014 0.006565 0.122572 -0.000022 -0.014325 0.164521 2.447046 -0.079831 2.056764 0.000000 0.000000 0.740482 -0.000002 0.007173 -0.014980 -0.000004 -0.015017 0.027776 4.260386 -0.094452 1.375350 0.000000 0.000000 0.754839 0.000000 0.009448 0.000229 -0.000006 -0.022452 0.026332 -6.917769 0.291382 2.291170 0.000000 0.000000 0.754038 -0.000001 0.004175 -0.008146 -0.000001 -0.009275 0.012467 0.441624 -0.014543 2.538997 30.161007 3.156181 -0.039360 26.691024 -11.005145 -21.836082 -0.000000 72.879463 -0.000000 -0.080308 0.004629 -0.724563 0.000000 0.000000 0.472622 0.000000 0.000000 0.008252 0.000000 0.000000 -0.001366 -7.969741 -5.107087 -8.050663 0.000000 0.000000 0.467721 0.000000 0.000000 -0.015015 0.000000 0.000000 0.025121 6.271931 -1.933901 -4.817211 0.000000 0.000000 0.481966 0.000000 0.000000 -0.004083 0.000000 0.000000 -0.000628 -1.013052 -2.505694 -6.799366 0.000000 0.000000 0.479930 0.000000 0.000000 0.003389 0.000000 0.000000 -0.007978 -3.109834 -2.403556 -3.139792 0.000035 0.004242 0.480870 0.000001 -0.004242 0.042897 0.000000 0.000000 0.013196 -4.610124 -2.491975 -2.359596 7.851427 -4.151291 -33.966181 0.000000 0.000000 51.150405 -7.676541 5.034253 -24.731131 0.000000 0.000000 0.000000 -18.107840 9.051029 -62.159683 0.000000 0.000000 120.078850 4.851715 2.019481 -10.342068 0.000000 0.000000 -0.000003 
-2.031100 84.683500 -5.404100 -3.644947 -4.492804 9.034890 0.565709 0.185786 0.073657 1.778999 0.005971 5.877249 -2.468586 -44.086696 3.305730 -6.203845 1.834413 12.303337 -10.422210 50.953645 -16.135535 0.000000 0.000000 0.000000 -28.074024 38.425991 -0.040580 -24.474357 -14.703723 -54.515298 -0.000000 -31.772779 0.000000 0.080479 -0.005239 -0.988820 0.000000 0.000000 0.607176 0.005215 0.000010 -0.110703 -0.012689 0.000454 -0.146434 0.022390 -0.001199 4.934506 0.000000 0.000000 0.746397 0.000014 0.006565 0.122572 -0.000022 -0.014325 0.164521 2.447046 -0.079831 2.056764 0.000000 0.000000 0.740482 -0.000002 0.007173 -0.014980 -0.000004 -0.015017 0.027776 4.260386 -0.094452 1.375350 0.000000 0.000000 0.754839 0.000000 0.009448 0.000229 -0.000006 -0.022452 0.026332 -6.917769 0.291382 2.291170 0.000000 0.000000 0.754038 -0.000001 0.004175 -0.008146 -0.000001 -0.009275 0.012467 0.441624 -0.014543 2.538997 29.913355 3.412725 -0.037549 22.445053 -9.362495 -20.411097 -0.000000 66.007347 -0.000000 -0.080308 0.004629 -0.724563 0.000000 0.000000 0.472622 0.000000 0.000000 0.008252 0.000000 0.000000 -0.001366 -7.969741 -5.107087 -8.050663 0.000000 0.000000 0.467721 0.000000 0.000000 -0.015015 0.000000 0.000000 0.025121 6.271931 -1.933901 -4.817211 0.000000 0.000000 0.481966 0.000000 0.000000 -0.004083 0.000000 0.000000 -0.000628 -1.013052 -2.505694 -6.799366 0.000000 0.000000 0.479930 0.000000 0.000000 0.003389 0.000000 0.000000 -0.007978 -3.109834 -2.403556 -3.139792 0.000035 0.004242 0.480870 0.000001 -0.004242 0.042897 0.000000 0.000000 0.013196 -4.610124 -2.491975 -2.359596 8.633752 -4.998166 -31.140350 0.000000 0.000000 41.643919 -8.131455 6.877829 -19.930745 0.000000 0.000000 0.000000 -15.562461 7.218216 -56.461003 0.000000 0.000000 106.593467 6.366477 -1.813842 -5.651603 0.000000 0.000000 -0.000003 
-2.098300 86.416400 -5.978500 -3.732338 -2.667973 12.536382 0.988300 0.509623 -1.752677 2.056361 0.355601 3.607576 -0.402630 -38.844537 0.773727 -6.449374 2.032581 14.215027 -8.692678 43.100954 -13.994005 0.000000 0.000000 0.000000 -30.739756 38.512118 -0.054481 -26.177545 -14.897826 -50.229521 -0.000000 -40.088100 0.000000 0.080479 -0.005239 -0.988820 0.000000 0.000000 0.607176 0.005215 0.000010 -0.110703 -0.012689 0.000454 -0.146434 0.022390 -0.001199 4.934506 0.000000 0.000000 0.746397 0.000014 0.006565 0.122572 -0.000022 -0.014325 0.164521 2.447046 -0.079831 2.056764 0.000000 0.000000 0.740482 -0.000002 0.007173 -0.014980 -0.000004 -0.015017 0.027776 4.260386 -0.094452 1.375350 0.000000 0.000000 0.754839 0.000000 0.009448 0.000229 -0.000006 -0.022452 0.026332 -6.917769 0.291382 2.291170 0.000000 0.000000 0.754038 -0.000001 0.004175 -0.008146 -0.000001 -0.009275 0.012467 0.441624 -0.014543 2.538997 29.049335 3.653549 -0.041626 18.793437 -8.131508 -18.521365 -0.000000 56.387661 -0.000000 -0.080308 0.004629 -0.724563 0.000000 0.000000 0.472622 0.000000 0.000000 0.008252 0.000000 0.000000 -0.001366 -7.969741 -5.107087 -8.050663 0.000000 0.000000 0.467721 0.000000 0.000000 -0.015015 0.000000 0.000000 0.025121 6.271931 -1.933901 -4.817211 0.000000 0.000000 0.481966 0.000000 0.000000 -0.004083 0.000000 0.000000 -0.000628 -1.013052 -2.505694 -6.799366 0.000000 0.000000 0.479930 0.000000 0.000000 0.003389 0.000000 0.000000 -0.007978 -3.109834 -2.403556 -3.139792 0.000035 0.004242 0.480870 0.000001 -0.004242 0.042897 0.000000 0.000000 0.013196 -4.610124 -2.491975 -2.359596 8.985496 -6.074699 -31.556565 0.000000 0.000000 34.254381 -8.369693 9.921925 -16.069649 0.000000 0.000000 0.000000 -14.360532 4.338928 -51.930279 0.000000 0.000000 90.496325 7.241532 -3.548032 -6.867450 0.000000 0.000000 -0.000003 
-2.109200 87.736900 -6.327600 -3.726894 -2.230616 14.108562 0.865500 0.286970 -2.060766 2.074956 0.148468 2.246770 1.283884 -31.030239 -1.015775 -5.661897 1.950343 15.181195 -6.394413 32.708010 -11.046830 0.000000 0.000000 0.000000 -33.731812 38.289427 -0.068463 -26.737237 -14.781095 -46.523872 -0.000000 -50.566120 0.000000 0.080479 -0.005239 -0.988820 0.000000 0.000000 0.607176 0.005215 0.000010 -0.110703 -0.012689 0.000454 -0.146434 0.022390 -0.001199 4.934506 0.000000 0.000000 0.746397 0.000014 0.006565 0.122572 -0.000022 -0.014325 0.164521 2.447046 -0.079831 2.056764 0.000000 0.000000 0.740482 -0.000002 0.007173 -0.014980 -0.000004 -0.015017 0.027776 4.260386 -0.094452 1.375350 0.000000 0.000000 0.754839 0.000000 0.009448 0.000229 -0.000006 -0.022452 0.026332 -6.917769 0.291382 2.291170 0.000000 0.000000 0.754038 -0.000001 0.004175 -0.008146 -0.000001 -0.009275 0.012467 0.441624 -0.014543 2.538997 27.577540 3.527096 -0.052931 16.153329 -6.559849 -16.065149 -0.000000 45.125759 -0.000000 -0.080308 0.004629 -0.724563 0.000000 0.000000 0.472622 0.000000 0.000000 0.008252 0.000000 0.000000 -0.001366 -7.969741 -5.107087 -8.050663 0.000000 0.000000 0.467721 0.000000 0.000000 -0.015015 0.000000 0.000000 0.025121 6.271931 -1.933901 -4.817211 0.000000 0.000000 0.481966 0.000000 0.000000 -0.004083 0.000000 0.000000 -0.000628 -1.013052 -2.505694 -6.799366 0.000000 0.000000 0.479930 0.000000 0.000000 0.003389 0.000000 0.000000 -0.007978 -3.109834 -2.403556 -3.139792 0.000035 0.004242 0.480870 0.000001 -0.004242 0.042897 0.000000 0.000000 0.013196 -4.610124 -2.491975 -2.359596 8.676323 -5.814955 -32.934707 0.000000 0.000000 32.219104 -6.781359 12.662148 -10.246082 0.000000 0.000000 0.000000 -12.991506 3.043775 -43.593683 0.000000 0.000000 67.719265 8.571041 -7.123680 -4.405505 0.000000 0.000000 -0.000003 
-1.911600 86.653100 -6.934300 -2.573748 -2.243419 15.691980 -0.596889 -0.308856 -3.494793 1.600995 -0.323226 1.346993 2.665524 -20.941864 -1.761136 -4.245301 1.596477 17.261319 -4.653012 19.771832 -8.754253 0.000000 0.000000 0.000000 -36.712466 37.926116 -0.062302 -26.561290 -14.753271 -43.478546 -0.000000 -62.830818 0.000000 0.080479 -0.005239 -0.988820 0.000000 0.000000 0.607176 0.005215 0.000010 -0.110703 -0.012689 0.000454 -0.146434 0.022390 -0.001199 4.934506 0.000000 0.000000 0.746397 0.000014 0.006565 0.122572 -0.000022 -0.014325 0.164521 2.447046 -0.079831 2.056764 0.000000 0.000000 0.740482 -0.000002 0.007173 -0.014980 -0.000004 -0.015017 0.027776 4.260386 -0.094452 1.375350 0.000000 0.000000 0.754839 0.000000 0.009448 0.000229 -0.000006 -0.022452 0.026332 -6.917769 0.291382 2.291170 0.000000 0.000000 0.754038 -0.000001 0.004175 -0.008146 -0.000001 -0.009275 0.012467 0.441624 -0.014543 2.538997 26.071873 3.116695 -0.054929 14.698635 -5.233867 -13.277606 -0.000000 35.354679 -0.000000 -0.080308 0.004629 -0.724563 0.000000 0.000000 0.472622 0.000000 0.000000 0.008252 0.000000 0.000000 -0.001366 -7.969741 -5.107087 -8.050663 0.000000 0.000000 0.467721 0.000000 0.000000 -0.015015 0.000000 0.000000 0.025121 6.271931 -1.933901 -4.817211 0.000000 0.000000 0.481966 0.000000 0.000000 -0.004083 0.000000 0.000000 -0.000628 -1.013052 -2.505694 -6.799366 0.000000 0.000000 0.479930 0.000000 0.000000 0.003389 0.000000 0.000000 -0.007978 -3.109834 -2.403556 -3.139792 0.000035 0.004242 0.480870 0.000001 -0.004242 0.042897 0.000000 0.000000 0.013196 -4.610124 -2.491975 -2.359596 7.268184 -5.799126 -37.118033 0.000000 0.000000 36.162775 -6.068776 14.203795 -12.199055 0.000000 0.000000 0.000000 -13.376864 2.757865 -33.538272 0.000000 0.000000 41.092643 12.604265 -14.391178 4.520979 0.000000 0.000000 -0.000003 
-1.942000 84.718700 -8.308100 -3.635405 -2.278042 14.963588 -0.139510 -0.865393 -2.475168 2.056080 -0.923589 1.214915 3.503450 -12.382342 -2.682779 -2.970632 1.139283 17.803300 -2.748744 9.661412 -7.149586 0.000000 0.000000 0.000000 -39.395871 37.919722 -0.039044 -26.091556 -14.980574 -41.063754 -0.000000 -74.181389 0.000000 0.080479 -0.005239 -0.988820 0.000000 0.000000 0.607176 0.005215 0.000010 -0.110703 -0.012689 0.000454 -0.146434 0.022390 -0.001199 4.934506 0.000000 0.000000 0.746397 0.000014 0.006565 0.122572 -0.000022 -0.014325 0.164521 2.447046 -0.079831 2.056764 0.000000 0.000000 0.740482 -0.000002 0.007173 -0.014980 -0.000004 -0.015017 0.027776 4.260386 -0.094452 1.375350 0.000000 0.000000 0.754839 0.000000 0.009448 0.000229 -0.000006 -0.022452 0.026332 -6.917769 0.291382 2.291170 0.000000 0.000000 0.754038 -0.000001 0.004175 -0.008146 -0.000001 -0.009275 0.012467 0.441624 -0.014543 2.538997 25.313564 2.883447 -0.048827 14.457534 -5.176623 -10.519877 -0.000000 30.434000 -0.000000 -0.080308 0.004629 -0.724563 0.000000 0.000000 0.472622 0.000000 0.000000 0.008252 0.000000 0.000000 -0.001366 -7.969741 -5.107087 -8.050663 0.000000 0.000000 0.467721 0.000000 0.000000 -0.015015 0.000000 0.000000 0.025121 6.271931 -1.933901 -4.817211 0.000000 0.000000 0.481966 0.000000 0.000000 -0.004083 0.000000 0.000000 -0.000628 -1.013052 -2.505694 -6.799366 0.000000 0.000000 0.479930 0.000000 0.000000 0.003389 0.000000 0.000000 -0.007978 -3.109834 -2.403556 -3.139792 0.000035 0.004242 0.480870 0.000001 -0.004242 0.042897 0.000000 0.000000 0.013196 -4.610124 -2.491975 -2.359596 7.995672 -6.080202 -40.251970 0.000000 0.000000 42.157241 -4.201290 16.449437 -16.720093 0.000000 0.000000 0.000000 -11.521127 3.338144 -33.008821 0.000000 0.000000 42.441441 14.010861 -18.268338 -6.893284 0.000000 0.000000 -0.000003 
-2.209300 82.415900 -10.659800 -4.979610 -1.390514 15.446482 0.784690 -0.758475 -2.811457 2.341698 -0.843737 0.497107 4.596376 -9.381726 -3.770083 -2.765408 1.118897 19.336837 -2.274216 4.574674 -6.283176 0.000000 0.000000 0.000000 -41.230867 38.447266 -0.029453 -25.622301 -15.005023 -39.273222 -0.000000 -80.076317 0.000000 0.080479 -0.005239 -0.988820 0.000000 0.000000 0.607176 0.005215 0.000010 -0.110703 -0.012689 0.000454 -0.146434 0.022390 -0.001199 4.934506 0.000000 0.000000 0.746397 0.000014 0.006565 0.122572 -0.000022 -0.014325 0.164521 2.447046 -0.079831 2.056764 0.000000 0.000000 0.740482 -0.000002 0.007173 -0.014980 -0.000004 -0.015017 0.027776 4.260386 -0.094452 1.375350 0.000000 0.000000 0.754839 0.000000 0.009448 0.000229 -0.000006 -0.022452 0.026332 -6.917769 0.291382 2.291170 0.000000 0.000000 0.754038 -0.000001 0.004175 -0.008146 -0.000001 -0.009275 0.012467 0.441624 -0.014543 2.538997 25.538509 3.046682 -0.047085 15.405131 -6.260214 -8.023158 -0.000000 31.203091 -0.000000 -0.080308 0.004629 -0.724563 0.000000 0.000000 0.472622 0.000000 0.000000 0.008252 0.000000 0.000000 -0.001366 -7.969741 -5.107087 -8.050663 0.000000 0.000000 0.467721 0.000000 0.000000 -0.015015 0.000000 0.000000 0.025121 6.271931 -1.933901 -4.817211 0.000000 0.000000 0.481966 0.000000 0.000000 -0.004083 0.000000 0.000000 -0.000628 -1.013052 -2.505694 -6.799366 0.000000 0.000000 0.479930 0.000000 0.000000 0.003389 0.000000 0.000000 -0.007978 -3.109834 -2.403556 -3.139792 0.000035 0.004242 0.480870 0.000001 -0.004242 0.042897 0.000000 0.000000 0.013196 -4.610124 -2.491975 -2.359596 7.904308 -5.708456 -43.436388 0.000000 0.000000 52.209533 -2.279072 21.423571 -22.905740 0.000000 0.000000 0.000000 -9.361946 2.269703 -34.330661 0.000000 0.000000 43.908311 11.046331 -17.718975 -16.170411 0.000000 0.000000 -0.000003 
-2.457700 81.331000 -12.332400 -6.880803 -0.113709 15.432897 2.516705 -0.663538 -2.014101 3.293348 -0.890585 -0.177932 5.368205 -11.515506 -6.147682 -4.269020 1.922637 20.715591 -2.604608 4.754231 -5.107730 0.000000 0.000000 0.000000 -41.927907 39.142235 -0.037510 -24.872125 -14.199247 -38.209427 -0.000000 -77.646423 0.000000 0.080479 -0.005239 -0.988820 0.000000 0.000000 0.607176 0.005215 0.000010 -0.110703 -0.012689 0.000454 -0.146434 0.022390 -0.001199 4.934506 0.000000 0.000000 0.746397 0.000014 0.006565 0.122572 -0.000022 -0.014325 0.164521 2.447046 -0.079831 2.056764 0.000000 0.000000 0.740482 -0.000002 0.007173 -0.014980 -0.000004 -0.015017 0.027776 4.260386 -0.094452 1.375350 0.000000 0.000000 0.754839 0.000000 0.009448 0.000229 -0.000006 -0.022452 0.026332 -6.917769 0.291382 2.291170 0.000000 0.000000 0.754038 -0.000001 0.004175 -0.008146 -0.000001 -0.009275 0.012467 0.441624 -0.014543 2.538997 26.232934 3.315639 -0.043799 17.679225 -7.190158 -5.809669 -0.000000 36.802681 -0.000000 -0.080308 0.004629 -0.724563 0.000000 0.000000 0.472622 0.000000 0.000000 0.008252 0.000000 0.000000 -0.001366 -7.969741 -5.107087 -8.050663 0.000000 0.000000 0.467721 0.000000 0.000000 -0.015015 0.000000 0.000000 0.025121 6.271931 -1.933901 -4.817211 0.000000 0.000000 0.481966 0.000000 0.000000 -0.004083 0.000000 0.000000 -0.000628 -1.013052 -2.505694 -6.799366 0.000000 0.000000 0.479930 0.000000 0.000000 0.003389 0.000000 0.000000 -0.007978 -3.109834 -2.403556 -3.139792 0.000035 0.004242 0.480870 0.000001 -0.004242 0.042897 0.000000 0.000000 0.013196 -4.610124 -2.491975 -2.359596 7.946377 -5.457523 -41.504157 0.000000 0.000000 56.220591 -1.559453 25.950825 -28.100275 0.000000 0.000000 0.000000 -7.313042 0.874672 -36.548944 0.000000 0.000000 46.669602 8.411618 -14.892269 -16.821944 0.000000 0.000000 -0.000003 
-2.445900 80.698000 -14.372500 -4.717930 1.552882 15.465684 0.527585 -0.827768 -3.006045 3.246738 -0.904864 0.439414 6.113019 -18.182392 -5.539503 -5.561378 2.224950 18.467178 -3.927443 10.041410 -6.993286 0.000000 0.000000 0.000000 -41.451746 39.578201 -0.048731 -23.987262 -12.353035 -37.770476 -0.000000 -68.467003 0.000000 0.080479 -0.005239 -0.988820 0.000000 0.000000 0.607176 0.005215 0.000010 -0.110703 -0.012689 0.000454 -0.146434 0.022390 -0.001199 4.934506 0.000000 0.000000 0.746397 0.000014 0.006565 0.122572 -0.000022 -0.014325 0.164521 2.447046 -0.079831 2.056764 0.000000 0.000000 0.740482 -0.000002 0.007173 -0.014980 -0.000004 -0.015017 0.027776 4.260386 -0.094452 1.375350 0.000000 0.000000 0.754839 0.000000 0.009448 0.000229 -0.000006 -0.022452 0.026332 -6.917769 0.291382 2.291170 0.000000 0.000000 0.754038 -0.000001 0.004175 -0.008146 -0.000001 -0.009275 0.012467 0.441624 -0.014543 2.538997 26.798882 3.393760 -0.039628 21.316568 -7.329776 -3.880885 -0.000000 46.242031 -0.000000 -0.080308 0.004629 -0.724563 0.000000 0.000000 0.472622 0.000000 0.000000 0.008252 0.000000 0.000000 -0.001366 -7.969741 -5.107087 -8.050663 0.000000 0.000000 0.467721 0.000000 0.000000 -0.015015 0.000000 0.000000 0.025121 6.271931 -1.933901 -4.817211 0.000000 0.000000 0.481966 0.000000 0.000000 -0.004083 0.000000 0.000000 -0.000628 -1.013052 -2.505694 -6.799366 0.000000 0.000000 0.479930 0.000000 0.000000 0.003389 0.000000 0.000000 -0.007978 -3.109834 -2.403556 -3.139792 0.000035 0.004242 0.480870 0.000001 -0.004242 0.042897 0.000000 0.000000 0.013196 -4.610124 -2.491975 -2.359596 4.853064 -7.111131 -37.974422 0.000000 0.000000 56.453011 -1.017075 26.126060 -31.976273 0.000000 0.000000 0.000000 -10.175246 -1.554179 -40.734504 0.000000 0.000000 52.065299 8.063330 -9.564083 -14.126096 0.000000 0.000000 -0.000003 
-2.216600 86.231800 -15.441500 -10.204585 -0.227453 17.209088 5.181476 0.231674 -4.726625 5.153785 -0.185076 0.278185 6.416676 -24.470625 -5.046224 -7.597528 2.880351 17.286449 -6.900253 20.184173 -10.226524 0.000000 0.000000 0.000000 -39.887671 39.909824 -0.063101 -23.420099 -9.871335 -37.718597 -0.000000 -57.313740 0.000000 0.080479 -0.005239 -0.988820 0.000000 0.000000 0.607176 0.005215 0.000010 -0.110703 -0.012689 0.000454 -0.146434 0.022390 -0.001199 4.934506 0.000000 0.000000 0.746397 0.000014 0.006565 0.122572 -0.000022 -0.014325 0.164521 2.447046 -0.079831 2.056764 0.000000 0.000000 0.740482 -0.000002 0.007173 -0.014980 -0.000004 -0.015017 0.027776 4.260386 -0.094452 1.375350 0.000000 0.000000 0.754839 0.000000 0.009448 0.000229 -0.000006 -0.022452 0.026332 -6.917769 0.291382 2.291170 0.000000 0.000000 0.754038 -0.000001 0.004175 -0.008146 -0.000001 -0.009275 0.012467 0.441624 -0.014543 2.538997 27.283431 3.347399 -0.036942 25.598057 -7.476646 -2.390465 -0.000000 58.105659 -0.000000 -0.080308 0.004629 -0.724563 0.000000 0.000000 0.472622 0.000000 0.000000 0.008252 0.000000 0.000000 -0.001366 -7.969741 -5.107087 -8.050663 0.000000 0.000000 0.467721 0.000000 0.000000 -0.015015 0.000000 0.000000 0.025121 6.271931 -1.933901 -4.817211 0.000000 0.000000 0.481966 0.000000 0.000000 -0.004083 0.000000 0.000000 -0.000628 -1.013052 -2.505694 -6.799366 0.000000 0.000000 0.479930 0.000000 0.000000 0.003389 0.000000 0.000000 -0.007978 -3.109834 -2.403556 -3.139792 0.000035 0.004242 0.480870 0.000001 -0.004242 0.042897 0.000000 0.000000 0.013196 -4.610124 -2.491975 -2.359596 9.184842 -4.404595 -26.573552 0.000000 0.000000 34.609292 -3.457093 28.032019 -26.588271 0.000000 0.000000 0.000000 -7.124304 1.456947 -48.300394 0.000000 0.000000 59.117820 10.725304 -5.018109 -8.552981 0.000000 0.000000 -0.000003 
-1.833400 87.460100 -16.792400 -7.022821 -1.631534 17.802128 2.696612 0.268489 -4.924688 3.684846 0.061425 0.067318 6.030996 -32.937236 -5.459658 -7.927383 3.028369 16.642047 -8.994971 30.954419 -12.756265 0.000000 0.000000 0.000000 -37.531687 40.387259 -0.074361 -23.138090 -8.042460 -37.655195 -0.000000 -48.153301 0.000000 0.080479 -0.005239 -0.988820 0.000000 0.000000 0.607176 0.005215 0.000010 -0.110703 -0.012689 0.000454 -0.146434 0.022390 -0.001199 4.934506 0.000000 0.000000 0.746397 0.000014 0.006565 0.122572 -0.000022 -0.014325 0.164521 2.447046 -0.079831 2.056764 0.000000 0.000000 0.740482 -0.000002 0.007173 -0.014980 -0.000004 -0.015017 0.027776 4.260386 -0.094452 1.375350 0.000000 0.000000 0.754839 0.000000 0.009448 0.000229 -0.000006 -0.022452 0.026332 -6.917769 0.291382 2.291170 0.000000 0.000000 0.754038 -0.000001 0.004175 -0.008146 -0.000001 -0.009275 0.012467 0.441624 -0.014543 2.538997 28.389088 3.212602 -0.034397 29.144417 -8.279936 -1.400025 -0.000000 70.023727 -0.000000 -0.080308 0.004629 -0.724563 0.000000 0.000000 0.472622 0.000000 0.000000 0.008252 0.000000 0.000000 -0.001366 -7.969741 -5.107087 -8.050663 0.000000 0.000000 0.467721 0.000000 0.000000 -0.015015 0.000000 0.000000 0.025121 6.271931 -1.933901 -4.817211 0.000000 0.000000 0.481966 0.000000 0.000000 -0.004083 0.000000 0.000000 -0.000628 -1.013052 -2.505694 -6.799366 0.000000 0.000000 0.479930 0.000000 0.000000 0.003389 0.000000 0.000000 -0.007978 -3.109834 -2.403556 -3.139792 0.000035 0.004242 0.480870 0.000001 -0.004242 0.042897 0.000000 0.000000 0.013196 -4.610124 -2.491975 -2.359596 6.428178 -7.645551 -24.348387 0.000000 0.000000 27.307898 -2.356827 28.086903 -21.969029 0.000000 0.000000 0.000000 -12.561001 2.055042 -55.961406 0.000000 0.000000 69.981530 11.421783 -2.116343 -3.223752 0.000000 0.000000 -0.000003 
-1.376300 88.037200 -17.544100 -5.877605 -3.485132 17.359541 1.920684 0.584372 -5.587740 2.927623 0.406720 1.115195 3.058849 -39.087248 -2.560103 -5.585531 1.791848 14.190589 -12.018517 40.600605 -15.941587 0.000000 0.000000 0.000000 -35.136440 40.861207 -0.069326 -22.911549 -7.608376 -37.339521 -0.000000 -42.291210 0.000000 0.080479 -0.005239 -0.988820 0.000000 0.000000 0.607176 0.005215 0.000010 -0.110703 -0.012689 0.000454 -0.146434 0.022390 -0.001199 4.934506 0.000000 0.000000 0.746397 0.000014 0.006565 0.122572 -0.000022 -0.014325 0.164521 2.447046 -0.079831 2.056764 0.000000 0.000000 0.740482 -0.000002 0.007173 -0.014980 -0.000004 -0.015017 0.027776 4.260386 -0.094452 1.375350 0.000000 0.000000 0.754839 0.000000 0.009448 0.000229 -0.000006 -0.022452 0.026332 -6.917769 0.291382 2.291170 0.000000 0.000000 0.754038 -0.000001 0.004175 -0.008146 -0.000001 -0.009275 0.012467 0.441624 -0.014543 2.538997 29.992664 3.069533 -0.035385 30.983644 -9.477191 -0.803395 -0.000000 79.574707 -0.000000 -0.080308 0.004629 -0.724563 0.000000 0.000000 0.472622 0.000000 0.000000 0.008252 0.000000 0.000000 -0.001366 -7.969741 -5.107087 -8.050663 0.000000 0.000000 0.467721 0.000000 0.000000 -0.015015 0.000000 0.000000 0.025121 6.271931 -1.933901 -4.817211 0.000000 0.000000 0.481966 0.000000 0.000000 -0.004083 0.000000 0.000000 -0.000628 -1.013052 -2.505694 -6.799366 0.000000 0.000000 0.479930 0.000000 0.000000 0.003389 0.000000 0.000000 -0.007978 -3.109834 -2.403556 -3.139792 0.000035 0.004242 0.480870 0.000001 -0.004242 0.042897 0.000000 0.000000 0.013196 -4.610124 -2.491975 -2.359596 4.777883 -7.586221 -22.481339 0.000000 0.000000 23.523278 0.299969 26.392037 -17.240699 0.000000 0.000000 0.000000 -15.901577 3.640853 -62.477254 0.000000 0.000000 80.346980 7.833038 -0.064619 1.650923 0.000000 0.000000 -0.000003 
-1.114700 88.202400 -18.095000 -4.249231 -3.419201 15.440078 1.260402 0.493121 -3.421994 1.527190 0.403074 1.498206 2.750999 -44.314264 -2.965045 -4.999611 1.560180 13.688185 -13.167337 46.183566 -18.001765 0.000000 0.000000 0.000000 -33.466794 41.027932 -0.057601 -22.353385 -7.923092 -36.999202 -0.000000 -39.262280 0.000000 0.080479 -0.005239 -0.988820 0.000000 0.000000 0.607176 0.005215 0.000010 -0.110703 -0.012689 0.000454 -0.146434 0.022390 -0.001199 4.934506 0.000000 0.000000 0.746397 0.000014 0.006565 0.122572 -0.000022 -0.014325 0.164521 2.447046 -0.079831 2.056764 0.000000 0.000000 0.740482 -0.000002 0.007173 -0.014980 -0.000004 -0.015017 0.027776 4.260386 -0.094452 1.375350 0.000000 0.000000 0.754839 0.000000 0.009448 0.000229 -0.000006 -0.022452 0.026332 -6.917769 0.291382 2.291170 0.000000 0.000000 0.754038 -0.000001 0.004175 -0.008146 -0.000001 -0.009275 0.012467 0.441624 -0.014543 2.538997 31.252924 3.034026 -0.038431 30.998740 -10.379069 -0.433731 -0.000000 85.192261 -0.000000 -0.080308 0.004629 -0.724563 0.000000 0.000000 0.472622 0.000000 0.000000 0.008252 0.000000 0.000000 -0.001366 -7.969741 -5.107087 -8.050663 0.000000 0.000000 0.467721 0.000000 0.000000 -0.015015 0.000000 0.000000 0.025121 6.271931 -1.933901 -4.817211 0.000000 0.000000 0.481966 0.000000 0.000000 -0.004083 0.000000 0.000000 -0.000628 -1.013052 -2.505694 -6.799366 0.000000 0.000000 0.479930 0.000000 0.000000 0.003389 0.000000 0.000000 -0.007978 -3.109834 -2.403556 -3.139792 0.000035 0.004242 0.480870 0.000001 -0.004242 0.042897 0.000000 0.000000 0.013196 -4.610124 -2.491975 -2.359596 2.774232 -7.993534 -20.021550 0.000000 0.000000 21.386806 2.126580 26.354808 -15.173021 0.000000 0.000000 0.000000 -19.376249 4.438134 -67.240908 0.000000 0.000000 92.940147 6.025679 -1.765612 2.148652 0.000000 0.000000 -0.000003 
-0.995400 88.209900 -18.365200 -3.895552 -3.378837 14.941974 1.473386 0.792511 -3.132230 0.829185 0.715951 1.859158 2.204017 -48.007578 -2.703196 -4.574527 1.331564 13.119480 -14.336192 51.073600 -18.776254 0.000000 0.000000 0.000000 -32.942480 40.702823 -0.055330 -21.207754 -8.576006 -36.666085 -0.000000 -38.450890 0.000000 0.080479 -0.005239 -0.988820 0.000000 0.000000 0.607176 0.005215 0.000010 -0.110703 -0.012689 0.000454 -0.146434 0.022390 -0.001199 4.934506 0.000000 0.000000 0.746397 0.000014 0.006565 0.122572 -0.000022 -0.014325 0.164521 2.447046 -0.079831 2.056764 0.000000 0.000000 0.740482 -0.000002 0.007173 -0.014980 -0.000004 -0.015017 0.027776 4.260386 -0.094452 1.375350 0.000000 0.000000 0.754839 0.000000 0.009448 0.000229 -0.000006 -0.022452 0.026332 -6.917769 0.291382 2.291170 0.000000 0.000000 0.754038 -0.000001 0.004175 -0.008146 -0.000001 -0.009275 0.012467 0.441624 -0.014543 2.538997 31.876759 3.073163 -0.039186 29.440119 -10.357479 0.039292 -0.000000 86.425941 -0.000000 -0.080308 0.004629 -0.724563 0.000000 0.000000 0.472622 0.000000 0.000000 0.008252 0.000000 0.000000 -0.001366 -7.969741 -5.107087 -8.050663 0.000000 0.000000 0.467721 0.000000 0.000000 -0.015015 0.000000 0.000000 0.025121 6.271931 -1.933901 -4.817211 0.000000 0.000000 0.481966 0.000000 0.000000 -0.004083 0.000000 0.000000 -0.000628 -1.013052 -2.505694 -6.799366 0.000000 0.000000 0.479930 0.000000 0.000000 0.003389 0.000000 0.000000 -0.007978 -3.109834 -2.403556 -3.139792 0.000035 0.004242 0.480870 0.000001 -0.004242 0.042897 0.000000 0.000000 0.013196 -4.610124 -2.491975 -2.359596 1.600713 -4.180063 -19.530275 0.000000 0.000000 21.007413 4.398432 22.654630 -14.385065 0.000000 0.000000 0.000000 -21.568218 4.875468 -70.608269 0.000000 0.000000 100.671870 4.039983 -0.832135 2.542696 0.000000 0.000000 -0.000003 
-0.695500 87.919900 -19.032500 -3.395038 -2.549397 15.000126 0.708092 0.694401 -3.429847 1.038898 0.637896 1.841032 1.980250 -47.543675 -2.334037 -4.460872 1.385847 13.436655 -12.925488 49.569630 -17.733268 0.000000 0.000000 0.000000 -33.249703 39.988189 -0.059231 -20.152095 -9.895240 -36.077494 -0.000000 -39.776299 0.000000 0.080479 -0.005239 -0.988820 0.000000 0.000000 0.607176 0.005215 0.000010 -0.110703 -0.012689 0.000454 -0.146434 0.022390 -0.001199 4.934506 0.000000 0.000000 0.746397 0.000014 0.006565 0.122572 -0.000022 -0.014325 0.164521 2.447046 -0.079831 2.056764 0.000000 0.000000 0.740482 -0.000002 0.007173 -0.014980 -0.000004 -0.015017 0.027776 4.260386 -0.094452 1.375350 0.000000 0.000000 0.754839 0.000000 0.009448 0.000229 -0.000006 -0.022452 0.026332 -6.917769 0.291382 2.291170 0.000000 0.000000 0.754038 -0.000001 0.004175 -0.008146 -0.000001 -0.009275 0.012467 0.441624 -0.014543 2.538997 32.038705 2.998454 -0.039190 26.540464 -9.200075 0.810708 -0.000000 83.133072 -0.000000 -0.080308 0.004629 -0.724563 0.000000 0.000000 0.472622 0.000000 0.000000 0.008252 0.000000 0.000000 -0.001366 -7.969741 -5.107087 -8.050663 0.000000 0.000000 0.467721 0.000000 0.000000 -0.015015 0.000000 0.000000 0.025121 6.271931 -1.933901 -4.817211 0.000000 0.000000 0.481966 0.000000 0.000000 -0.004083 0.000000 0.000000 -0.000628 -1.013052 -2.505694 -6.799366 0.000000 0.000000 0.479930 0.000000 0.000000 0.003389 0.000000 0.000000 -0.007978 -3.109834 -2.403556 -3.139792 0.000035 0.004242 0.480870 0.000001 -0.004242 0.042897 0.000000 0.000000 0.013196 -4.610124 -2.491975 -2.359596 0.359656 0.606313 -21.371138 0.000000 0.000000 23.370421 4.362527 16.824342 -15.759487 0.000000 0.000000 0.000000 -23.430690 4.953468 -71.006236 0.000000 0.000000 103.003099 3.365350 0.623104 1.119512 0.000000 0.000000 -0.000003 
-0.656400 87.305100 -18.910500 -3.933638 -1.023132 15.071601 0.912709 0.610585 -3.497576 1.603433 0.544282 1.464099 1.729386 -44.620567 -1.996545 -3.493915 1.134740 14.036065 -10.375242 45.459082 -14.953738 0.000000 0.000000 0.000000 -34.006634 39.190458 -0.062599 -19.964804 -11.937364 -35.060207 -0.000000 -43.268780 0.000000 0.080479 -0.005239 -0.988820 0.000000 0.000000 0.607176 0.005215 0.000010 -0.110703 -0.012689 0.000454 -0.146434 0.022390 -0.001199 4.934506 0.000000 0.000000 0.746397 0.000014 0.006565 0.122572 -0.000022 -0.014325 0.164521 2.447046 -0.079831 2.056764 0.000000 0.000000 0.740482 -0.000002 0.007173 -0.014980 -0.000004 -0.015017 0.027776 4.260386 -0.094452 1.375350 0.000000 0.000000 0.754839 0.000000 0.009448 0.000229 -0.000006 -0.022452 0.026332 -6.917769 0.291382 2.291170 0.000000 0.000000 0.754038 -0.000001 0.004175 -0.008146 -0.000001 -0.009275 0.012467 0.441624 -0.014543 2.538997 31.760239 2.757218 -0.039727 22.668394 -7.261670 1.836772 -0.000000 75.477547 -0.000000 -0.080308 0.004629 -0.724563 0.000000 0.000000 0.472622 0.000000 0.000000 0.008252 0.000000 0.000000 -0.001366 -7.969741 -5.107087 -8.050663 0.000000 0.000000 0.467721 0.000000 0.000000 -0.015015 0.000000 0.000000 0.025121 6.271931 -1.933901 -4.817211 0.000000 0.000000 0.481966 0.000000 0.000000 -0.004083 0.000000 0.000000 -0.000628 -1.013052 -2.505694 -6.799366 0.000000 0.000000 0.479930 0.000000 0.000000 0.003389 0.000000 0.000000 -0.007978 -3.109834 -2.403556 -3.139792 0.000035 0.004242 0.480870 0.000001 -0.004242 0.042897 0.000000 0.000000 0.013196 -4.610124 -2.491975 -2.359596 0.750926 2.709243 -23.749753 0.000000 0.000000 27.761797 3.728238 13.360534 -18.371177 0.000000 0.000000 0.000000 -22.688049 5.385090 -68.081009 0.000000 0.000000 99.963391 4.744772 -1.903584 -4.441704 0.000000 0.000000 -0.000003 
-0.740300 86.826600 -18.300500 -5.337273 1.381210 15.118793 1.805927 0.176370 -4.293004 2.540700 0.046645 1.347334 1.815700 -39.082633 -0.860037 -2.376952 0.734021 14.595735 -7.852112 36.962328 -13.176501 0.000000 0.000000 0.000000 -35.111353 38.451706 -0.062519 -20.628311 -13.492074 -33.881879 -0.000000 -48.575432 0.000000 0.080479 -0.005239 -0.988820 0.000000 0.000000 0.607176 0.005215 0.000010 -0.110703 -0.012689 0.000454 -0.146434 0.022390 -0.001199 4.934506 0.000000 0.000000 0.746397 0.000014 0.006565 0.122572 -0.000022 -0.014325 0.164521 2.447046 -0.079831 2.056764 0.000000 0.000000 0.740482 -0.000002 0.007173 -0.014980 -0.000004 -0.015017 0.027776 4.260386 -0.094452 1.375350 0.000000 0.000000 0.754839 0.000000 0.009448 0.000229 -0.000006 -0.022452 0.026332 -6.917769 0.291382 2.291170 0.000000 0.000000 0.754038 -0.000001 0.004175 -0.008146 -0.000001 -0.009275 0.012467 0.441624 -0.014543 2.538997 30.660541 2.545318 -0.036490 18.916265 -5.688546 2.903888 -0.000000 65.081917 -0.000000 -0.080308 0.004629 -0.724563 0.000000 0.000000 0.472622 0.000000 0.000000 0.008252 0.000000 0.000000 -0.001366 -7.969741 -5.107087 -8.050663 0.000000 0.000000 0.467721 0.000000 0.000000 -0.015015 0.000000 0.000000 0.025121 6.271931 -1.933901 -4.817211 0.000000 0.000000 0.481966 0.000000 0.000000 -0.004083 0.000000 0.000000 -0.000628 -1.013052 -2.505694 -6.799366 0.000000 0.000000 0.479930 0.000000 0.000000 0.003389 0.000000 0.000000 -0.007978 -3.109834 -2.403556 -3.139792 0.000035 0.004242 0.480870 0.000001 -0.004242 0.042897 0.000000 0.000000 0.013196 -4.610124 -2.491975 -2.359596 2.927550 1.195615 -25.323752 0.000000 0.000000 31.193375 1.472071 12.413805 -20.783872 0.000000 0.000000 0.000000 -19.818416 5.132752 -63.169349 0.000000 0.000000 91.981882 7.473620 -4.530732 -6.766446 0.000000 0.000000 -0.000003 
-0.753400 86.165600 -17.356300 -5.498059 2.927980 15.693177 1.677285 0.247645 -5.300734 3.642048 0.110511 0.779112 3.123799 -34.397911 -2.318597 -4.122192 1.584953 16.958542 -6.289857 29.496794 -11.448349 0.000000 0.000000 0.000000 -36.424588 37.876308 -0.057399 -21.640523 -12.969885 -33.036530 -0.000000 -55.348049 0.000000 0.080479 -0.005239 -0.988820 0.000000 0.000000 0.607176 0.005215 0.000010 -0.110703 -0.012689 0.000454 -0.146434 0.022390 -0.001199 4.934506 0.000000 0.000000 0.746397 0.000014 0.006565 0.122572 -0.000022 -0.014325 0.164521 2.447046 -0.079831 2.056764 0.000000 0.000000 0.740482 -0.000002 0.007173 -0.014980 -0.000004 -0.015017 0.027776 4.260386 -0.094452 1.375350 0.000000 0.000000 0.754839 0.000000 0.009448 0.000229 -0.000006 -0.022452 0.026332 -6.917769 0.291382 2.291170 0.000000 0.000000 0.754038 -0.000001 0.004175 -0.008146 -0.000001 -0.009275 0.012467 0.441624 -0.014543 2.538997 28.637252 2.596251 -0.030879 16.215832 -5.601474 3.882865 -0.000000 54.378880 -0.000000 -0.080308 0.004629 -0.724563 0.000000 0.000000 0.472622 0.000000 0.000000 0.008252 0.000000 0.000000 -0.001366 -7.969741 -5.107087 -8.050663 0.000000 0.000000 0.467721 0.000000 0.000000 -0.015015 0.000000 0.000000 0.025121 6.271931 -1.933901 -4.817211 0.000000 0.000000 0.481966 0.000000 0.000000 -0.004083 0.000000 0.000000 -0.000628 -1.013052 -2.505694 -6.799366 0.000000 0.000000 0.479930 0.000000 0.000000 0.003389 0.000000 0.000000 -0.007978 -3.109834 -2.403556 -3.139792 0.000035 0.004242 0.480870 0.000001 -0.004242 0.042897 0.000000 0.000000 0.013196 -4.610124 -2.491975 -2.359596 3.476395 -0.120814 -26.776895 0.000000 0.000000 33.958731 0.551311 13.365323 -23.318204 0.000000 0.000000 0.000000 -18.075387 5.083544 -58.272690 0.000000 0.000000 82.421387 8.473031 -5.480663 -8.745507 0.000000 0.000000 -0.000003 
-0.213500 85.449600 -16.194100 -4.498019 4.352650 15.804463 1.559546 -0.316094 -5.710788 3.268284 -0.430995 0.108494 4.234773 -28.113604 -4.244012 -4.669064 2.106980 20.236065 -4.871383 19.439829 -7.699728 0.000000 0.000000 0.000000 -37.856474 37.541698 -0.047207 -22.482858 -10.164749 -32.677487 -0.000000 -63.411720 0.000000 0.080479 -0.005239 -0.988820 0.000000 0.000000 0.607176 0.005215 0.000010 -0.110703 -0.012689 0.000454 -0.146434 0.022390 -0.001199 4.934506 0.000000 0.000000 0.746397 0.000014 0.006565 0.122572 -0.000022 -0.014325 0.164521 2.447046 -0.079831 2.056764 0.000000 0.000000 0.740482 -0.000002 0.007173 -0.014980 -0.000004 -0.015017 0.027776 4.260386 -0.094452 1.375350 0.000000 0.000000 0.754839 0.000000 0.009448 0.000229 -0.000006 -0.022452 0.026332 -6.917769 0.291382 2.291170 0.000000 0.000000 0.754038 -0.000001 0.004175 -0.008146 -0.000001 -0.009275 0.012467 0.441624 -0.014543 2.538997 26.443601 2.793097 -0.032198 14.221194 -6.594601 4.849186 -0.000000 44.452629 -0.000000 -0.080308 0.004629 -0.724563 0.000000 0.000000 0.472622 0.000000 0.000000 0.008252 0.000000 0.000000 -0.001366 -7.969741 -5.107087 -8.050663 0.000000 0.000000 0.467721 0.000000 0.000000 -0.015015 0.000000 0.000000 0.025121 6.271931 -1.933901 -4.817211 0.000000 0.000000 0.481966 0.000000 0.000000 -0.004083 0.000000 0.000000 -0.000628 -1.013052 -2.505694 -6.799366 0.000000 0.000000 0.479930 0.000000 0.000000 0.003389 0.000000 0.000000 -0.007978 -3.109834 -2.403556 -3.139792 0.000035 0.004242 0.480870 0.000001 -0.004242 0.042897 0.000000 0.000000 0.013196 -4.610124 -2.491975 -2.359596 2.502391 -1.188899 -27.287881 0.000000 0.000000 36.143647 -1.002551 14.840450 -24.953004 0.000000 0.000000 0.000000 -16.806783 3.321148 -51.120884 0.000000 0.000000 69.044073 10.217456 -5.991093 -6.209106 0.000000 0.000000 -0.000003 
0.248800 85.341500 -15.002300 -3.967552 4.493454 15.760120 1.642776 -0.657964 -5.629476 3.148080 -0.752273 -0.695608 4.861659 -22.446325 -5.862446 -5.003908 2.570992 23.139834 -4.148146 11.783416 -5.388564 0.000000 0.000000 0.000000 -39.581442 37.672127 -0.029671 -22.638659 -6.786822 -32.526243 -0.000000 -70.972763 0.000000 0.080479 -0.005239 -0.988820 0.000000 0.000000 0.607176 0.005215 0.000010 -0.110703 -0.012689 0.000454 -0.146434 0.022390 -0.001199 4.934506 0.000000 0.000000 0.746397 0.000014 0.006565 0.122572 -0.000022 -0.014325 0.164521 2.447046 -0.079831 2.056764 0.000000 0.000000 0.740482 -0.000002 0.007173 -0.014980 -0.000004 -0.015017 0.027776 4.260386 -0.094452 1.375350 0.000000 0.000000 0.754839 0.000000 0.009448 0.000229 -0.000006 -0.022452 0.026332 -6.917769 0.291382 2.291170 0.000000 0.000000 0.754038 -0.000001 0.004175 -0.008146 -0.000001 -0.009275 0.012467 0.441624 -0.014543 2.538997 24.922084 2.938403 -0.037684 12.647304 -7.880352 5.905826 -0.000000 36.600430 -0.000000 -0.080308 0.004629 -0.724563 0.000000 0.000000 0.472622 0.000000 0.000000 0.008252 0.000000 0.000000 -0.001366 -7.969741 -5.107087 -8.050663 0.000000 0.000000 0.467721 0.000000 0.000000 -0.015015 0.000000 0.000000 0.025121 6.271931 -1.933901 -4.817211 0.000000 0.000000 0.481966 0.000000 0.000000 -0.004083 0.000000 0.000000 -0.000628 -1.013052 -2.505694 -6.799366 0.000000 0.000000 0.479930 0.000000 0.000000 0.003389 0.000000 0.000000 -0.007978 -3.109834 -2.403556 -3.139792 0.000035 0.004242 0.480870 0.000001 -0.004242 0.042897 0.000000 0.000000 0.013196 -4.610124 -2.491975 -2.359596 1.787777 -1.515873 -26.037377 0.000000 0.000000 35.612691 -0.418098 14.507473 -25.438863 0.000000 0.000000 0.000000 -15.192811 1.858267 -42.294370 0.000000 0.000000 52.043907 11.625343 -8.161786 -4.754083 0.000000 0.000000 -0.000003 
0.454600 85.559800 -14.503400 -4.364771 4.514156 16.874486 2.132936 -1.204521 -6.002326 3.610542 -1.292892 -1.891883 5.914981 -16.815898 -7.579744 -5.821367 3.152197 24.916200 -3.708091 4.413352 -4.083806 0.000000 0.000000 0.000000 -41.307949 38.359433 -0.019354 -22.280029 -4.996230 -32.163731 -0.000000 -74.006844 0.000000 0.080479 -0.005239 -0.988820 0.000000 0.000000 0.607176 0.005215 0.000010 -0.110703 -0.012689 0.000454 -0.146434 0.022390 -0.001199 4.934506 0.000000 0.000000 0.746397 0.000014 0.006565 0.122572 -0.000022 -0.014325 0.164521 2.447046 -0.079831 2.056764 0.000000 0.000000 0.740482 -0.000002 0.007173 -0.014980 -0.000004 -0.015017 0.027776 4.260386 -0.094452 1.375350 0.000000 0.000000 0.754839 0.000000 0.009448 0.000229 -0.000006 -0.022452 0.026332 -6.917769 0.291382 2.291170 0.000000 0.000000 0.754038 -0.000001 0.004175 -0.008146 -0.000001 -0.009275 0.012467 0.441624 -0.014543 2.538997 24.327426 2.911137 -0.040251 12.159288 -9.052750 6.995618 -0.000000 32.760521 -0.000000 -0.080308 0.004629 -0.724563 0.000000 0.000000 0.472622 0.000000 0.000000 0.008252 0.000000 0.000000 -0.001366 -7.969741 -5.107087 -8.050663 0.000000 0.000000 0.467721 0.000000 0.000000 -0.015015 0.000000 0.000000 0.025121 6.271931 -1.933901 -4.817211 0.000000 0.000000 0.481966 0.000000 0.000000 -0.004083 0.000000 0.000000 -0.000628 -1.013052 -2.505694 -6.799366 0.000000 0.000000 0.479930 0.000000 0.000000 0.003389 0.000000 0.000000 -0.007978 -3.109834 -2.403556 -3.139792 0.000035 0.004242 0.480870 0.000001 -0.004242 0.042897 0.000000 0.000000 0.013196 -4.610124 -2.491975 -2.359596 2.139775 -1.655501 -26.073459 0.000000 0.000000 34.200733 0.808318 14.483366 -24.959585 0.000000 0.000000 0.000000 -14.340599 1.553353 -40.207633 0.000000 0.000000 43.959431 13.259886 -8.174582 -1.736854 0.000000 0.000000 -0.000003 
0.572300 86.194400 -14.557600 -4.609794 5.038242 18.228231 2.533453 -1.575691 -6.877950 4.048865 -1.651444 -2.743532 6.950424 -16.026727 -8.343074 -7.647822 4.181541 24.629434 -3.714050 3.101429 -2.836027 0.000000 0.000000 0.000000 -42.494192 39.218374 -0.028449 -21.681027 -5.573727 -31.462643 -0.000000 -69.230583 0.000000 0.080479 -0.005239 -0.988820 0.000000 0.000000 0.607176 0.005215 0.000010 -0.110703 -0.012689 0.000454 -0.146434 0.022390 -0.001199 4.934506 0.000000 0.000000 0.746397 0.000014 0.006565 0.122572 -0.000022 -0.014325 0.164521 2.447046 -0.079831 2.056764 0.000000 0.000000 0.740482 -0.000002 0.007173 -0.014980 -0.000004 -0.015017 0.027776 4.260386 -0.094452 1.375350 0.000000 0.000000 0.754839 0.000000 0.009448 0.000229 -0.000006 -0.022452 0.026332 -6.917769 0.291382 2.291170 0.000000 0.000000 0.754038 -0.000001 0.004175 -0.008146 -0.000001 -0.009275 0.012467 0.441624 -0.014543 2.538997 24.404118 2.706762 -0.039071 13.609707 -9.483773 8.031284 -0.000000 33.641449 -0.000000 -0.080308 0.004629 -0.724563 0.000000 0.000000 0.472622 0.000000 0.000000 0.008252 0.000000 0.000000 -0.001366 -7.969741 -5.107087 -8.050663 0.000000 0.000000 0.467721 0.000000 0.000000 -0.015015 0.000000 0.000000 0.025121 6.271931 -1.933901 -4.817211 0.000000 0.000000 0.481966 0.000000 0.000000 -0.004083 0.000000 0.000000 -0.000628 -1.013052 -2.505694 -6.799366 0.000000 0.000000 0.479930 0.000000 0.000000 0.003389 0.000000 0.000000 -0.007978 -3.109834 -2.403556 -3.139792 0.000035 0.004242 0.480870 0.000001 -0.004242 0.042897 0.000000 0.000000 0.013196 -4.610124 -2.491975 -2.359596 2.680528 -2.707139 -26.074320 0.000000 0.000000 31.281258 0.554361 14.933563 -23.518759 0.000000 0.000000 0.000000 -13.490013 0.043843 -39.632235 0.000000 0.000000 37.469866 12.864107 -6.518252 6.336635 0.000000 0.000000 -0.000003 
0.221500 87.396400 -16.650000 -4.613115 5.084660 18.141390 2.907499 -1.170591 -7.574872 3.887427 -1.248017 -2.378578 6.714711 -18.649360 -6.775289 -8.599489 4.145142 22.553923 -5.529492 7.492742 -5.406244 0.000000 0.000000 0.000000 -42.817594 39.805446 -0.041106 -21.235056 -7.163350 -30.749013 -0.000000 -58.676208 0.000000 0.080479 -0.005239 -0.988820 0.000000 0.000000 0.607176 0.005215 0.000010 -0.110703 -0.012689 0.000454 -0.146434 0.022390 -0.001199 4.934506 0.000000 0.000000 0.746397 0.000014 0.006565 0.122572 -0.000022 -0.014325 0.164521 2.447046 -0.079831 2.056764 0.000000 0.000000 0.740482 -0.000002 0.007173 -0.014980 -0.000004 -0.015017 0.027776 4.260386 -0.094452 1.375350 0.000000 0.000000 0.754839 0.000000 0.009448 0.000229 -0.000006 -0.022452 0.026332 -6.917769 0.291382 2.291170 0.000000 0.000000 0.754038 -0.000001 0.004175 -0.008146 -0.000001 -0.009275 0.012467 0.441624 -0.014543 2.538997 24.797083 2.435448 -0.039962 16.606458 -8.833350 8.994706 -0.000000 38.886890 -0.000000 -0.080308 0.004629 -0.724563 0.000000 0.000000 0.472622 0.000000 0.000000 0.008252 0.000000 0.000000 -0.001366 -7.969741 -5.107087 -8.050663 0.000000 0.000000 0.467721 0.000000 0.000000 -0.015015 0.000000 0.000000 0.025121 6.271931 -1.933901 -4.817211 0.000000 0.000000 0.481966 0.000000 0.000000 -0.004083 0.000000 0.000000 -0.000628 -1.013052 -2.505694 -6.799366 0.000000 0.000000 0.479930 0.000000 0.000000 0.003389 0.000000 0.000000 -0.007978 -3.109834 -2.403556 -3.139792 0.000035 0.004242 0.480870 0.000001 -0.004242 0.042897 0.000000 0.000000 0.013196 -4.610124 -2.491975 -2.359596 3.525804 -5.459925 -25.073671 0.000000 0.000000 26.307957 0.425238 17.448118 -19.440573 0.000000 0.000000 0.000000 -13.335396 -1.021082 -40.397407 0.000000 0.000000 34.519219 11.888323 -3.825766 15.178933 0.000000 0.000000 -0.000003 
0.287400 88.210900 -18.256400 -5.903491 2.678990 17.488234 3.082312 -0.799375 -7.219764 4.393250 -0.960806 -1.834091 7.215411 -24.060493 -6.714424 -9.731116 4.720462 21.938028 -6.779951 14.228650 -5.863692 0.000000 0.000000 0.000000 -42.489341 40.229539 -0.050097 -21.340428 -7.449032 -30.353779 -0.000000 -48.684780 0.000000 0.080479 -0.005239 -0.988820 0.000000 0.000000 0.607176 0.005215 0.000010 -0.110703 -0.012689 0.000454 -0.146434 0.022390 -0.001199 4.934506 0.000000 0.000000 0.746397 0.000014 0.006565 0.122572 -0.000022 -0.014325 0.164521 2.447046 -0.079831 2.056764 0.000000 0.000000 0.740482 -0.000002 0.007173 -0.014980 -0.000004 -0.015017 0.027776 4.260386 -0.094452 1.375350 0.000000 0.000000 0.754839 0.000000 0.009448 0.000229 -0.000006 -0.022452 0.026332 -6.917769 0.291382 2.291170 0.000000 0.000000 0.754038 -0.000001 0.004175 -0.008146 -0.000001 -0.009275 0.012467 0.441624 -0.014543 2.538997 25.351807 2.474910 -0.045480 19.711664 -8.259491 9.755456 -0.000000 48.625259 -0.000000 -0.080308 0.004629 -0.724563 0.000000 0.000000 0.472622 0.000000 0.000000 0.008252 0.000000 0.000000 -0.001366 -7.969741 -5.107087 -8.050663 0.000000 0.000000 0.467721 0.000000 0.000000 -0.015015 0.000000 0.000000 0.025121 6.271931 -1.933901 -4.817211 0.000000 0.000000 0.481966 0.000000 0.000000 -0.004083 0.000000 0.000000 -0.000628 -1.013052 -2.505694 -6.799366 0.000000 0.000000 0.479930 0.000000 0.000000 0.003389 0.000000 0.000000 -0.007978 -3.109834 -2.403556 -3.139792 0.000035 0.004242 0.480870 0.000001 -0.004242 0.042897 0.000000 0.000000 0.013196 -4.610124 -2.491975 -2.359596 4.699295 -5.824637 -23.571214 0.000000 0.000000 22.983676 -0.619984 20.087786 -17.129185 0.000000 0.000000 0.000000 -13.103112 0.951325 -45.810750 0.000000 0.000000 43.209110 11.353166 -3.949600 12.615065 0.000000 0.000000 -0.000003 
0.320100 88.277600 -18.913400 -6.026639 -0.000103 16.483096 2.477432 0.232448 -6.195000 4.024425 0.070567 -1.301714 7.843391 -32.552387 -7.800298 -11.434832 5.582066 21.560853 -8.328066 26.048844 -7.257178 0.000000 0.000000 0.000000 -41.741055 40.976629 -0.060470 -21.765352 -6.239092 -30.290046 -0.000000 -42.722969 0.000000 0.080479 -0.005239 -0.988820 0.000000 0.000000 0.607176 0.005215 0.000010 -0.110703 -0.012689 0.000454 -0.146434 0.022390 -0.001199 4.934506 0.000000 0.000000 0.746397 0.000014 0.006565 0.122572 -0.000022 -0.014325 0.164521 2.447046 -0.079831 2.056764 0.000000 0.000000 0.740482 -0.000002 0.007173 -0.014980 -0.000004 -0.015017 0.027776 4.260386 -0.094452 1.375350 0.000000 0.000000 0.754839 0.000000 0.009448 0.000229 -0.000006 -0.022452 0.026332 -6.917769 0.291382 2.291170 0.000000 0.000000 0.754038 -0.000001 0.004175 -0.008146 -0.000001 -0.009275 0.012467 0.441624 -0.014543 2.538997 26.202985 2.855950 -0.049662 21.856399 -9.234878 10.160003 -0.000000 62.669430 -0.000000 -0.080308 0.004629 -0.724563 0.000000 0.000000 0.472622 0.000000 0.000000 0.008252 0.000000 0.000000 -0.001366 -7.969741 -5.107087 -8.050663 0.000000 0.000000 0.467721 0.000000 0.000000 -0.015015 0.000000 0.000000 0.025121 6.271931 -1.933901 -4.817211 0.000000 0.000000 0.481966 0.000000 0.000000 -0.004083 0.000000 0.000000 -0.000628 -1.013052 -2.505694 -6.799366 0.000000 0.000000 0.479930 0.000000 0.000000 0.003389 0.000000 0.000000 -0.007978 -3.109834 -2.403556 -3.139792 0.000035 0.004242 0.480870 0.000001 -0.004242 0.042897 0.000000 0.000000 0.013196 -4.610124 -2.491975 -2.359596 4.253085 -5.175247 -22.577650 0.000000 0.000000 22.821177 -0.572561 22.014800 -16.682316 0.000000 0.000000 0.000000 -14.267086 3.022353 -52.680158 0.000000 0.000000 57.308386 9.659464 -3.986802 6.724249 0.000000 0.000000 -0.000003 
0.045500 87.737000 -19.597300 -3.924576 -2.247194 16.672212 0.826353 0.751974 -6.194185 2.388082 0.739994 -1.362682 7.306060 -41.767214 -8.998861 -12.113470 5.906952 21.706213 -9.312344 38.133482 -8.699490 0.000000 0.000000 0.000000 -40.780834 42.020748 -0.063096 -22.084004 -4.773640 -30.168093 -0.000000 -40.270988 0.000000 0.080479 -0.005239 -0.988820 0.000000 0.000000 0.607176 0.005215 0.000010 -0.110703 -0.012689 0.000454 -0.146434 0.022390 -0.001199 4.934506 0.000000 0.000000 0.746397 0.000014 0.006565 0.122572 -0.000022 -0.014325 0.164521 2.447046 -0.079831 2.056764 0.000000 0.000000 0.740482 -0.000002 0.007173 -0.014980 -0.000004 -0.015017 0.027776 4.260386 -0.094452 1.375350 0.000000 0.000000 0.754839 0.000000 0.009448 0.000229 -0.000006 -0.022452 0.026332 -6.917769 0.291382 2.291170 0.000000 0.000000 0.754038 -0.000001 0.004175 -0.008146 -0.000001 -0.009275 0.012467 0.441624 -0.014543 2.538997 27.357681 3.219956 -0.045645 22.544579 -11.081995 10.390379 -0.000000 77.538544 -0.000000 -0.080308 0.004629 -0.724563 0.000000 0.000000 0.472622 0.000000 0.000000 0.008252 0.000000 0.000000 -0.001366 -7.969741 -5.107087 -8.050663 0.000000 0.000000 0.467721 0.000000 0.000000 -0.015015 0.000000 0.000000 0.025121 6.271931 -1.933901 -4.817211 0.000000 0.000000 0.481966 0.000000 0.000000 -0.004083 0.000000 0.000000 -0.000628 -1.013052 -2.505694 -6.799366 0.000000 0.000000 0.479930 0.000000 0.000000 0.003389 0.000000 0.000000 -0.007978 -3.109834 -2.403556 -3.139792 0.000035 0.004242 0.480870 0.000001 -0.004242 0.042897 0.000000 0.000000 0.013196 -4.610124 -2.491975 -2.359596 1.766694 -3.924798 -24.323516 0.000000 0.000000 25.209725 -0.030690 22.603827 -17.158005 0.000000 0.000000 0.000000 -17.564214 3.850946 -60.490752 0.000000 0.000000 72.529850 5.354831 -4.128012 -0.296649 0.000000 0.000000 -0.000003 
-0.116800 87.322600 -19.762500 -3.384610 -3.749534 14.661689 0.874521 0.769391 -5.089565 1.139947 0.710777 -0.070014 4.507277 -47.075517 -6.567707 -10.673305 4.561823 19.589853 -10.388857 46.596182 -10.938148 0.000000 0.000000 0.000000 -39.899878 42.680060 -0.053359 -21.903139 -3.850836 -29.735370 -0.000000 -39.253551 0.000000 0.080479 -0.005239 -0.988820 0.000000 0.000000 0.607176 0.005215 0.000010 -0.110703 -0.012689 0.000454 -0.146434 0.022390 -0.001199 4.934506 0.000000 0.000000 0.746397 0.000014 0.006565 0.122572 -0.000022 -0.014325 0.164521 2.447046 -0.079831 2.056764 0.000000 0.000000 0.740482 -0.000002 0.007173 -0.014980 -0.000004 -0.015017 0.027776 4.260386 -0.094452 1.375350 0.000000 0.000000 0.754839 0.000000 0.009448 0.000229 -0.000006 -0.022452 0.026332 -6.917769 0.291382 2.291170 0.000000 0.000000 0.754038 -0.000001 0.004175 -0.008146 -0.000001 -0.009275 0.012467 0.441624 -0.014543 2.538997 28.337667 3.337300 -0.040159 21.908507 -12.204232 10.740052 -0.000000 88.659233 -0.000000 -0.080308 0.004629 -0.724563 0.000000 0.000000 0.472622 0.000000 0.000000 0.008252 0.000000 0.000000 -0.001366 -7.969741 -5.107087 -8.050663 0.000000 0.000000 0.467721 0.000000 0.000000 -0.015015 0.000000 0.000000 0.025121 6.271931 -1.933901 -4.817211 0.000000 0.000000 0.481966 0.000000 0.000000 -0.004083 0.000000 0.000000 -0.000628 -1.013052 -2.505694 -6.799366 0.000000 0.000000 0.479930 0.000000 0.000000 0.003389 0.000000 0.000000 -0.007978 -3.109834 -2.403556 -3.139792 0.000035 0.004242 0.480870 0.000001 -0.004242 0.042897 0.000000 0.000000 0.013196 -4.610124 -2.491975 -2.359596 0.454070 -0.664654 -23.446410 0.000000 0.000000 27.397305 0.521038 20.786251 -18.070882 0.000000 0.000000 0.000000 -19.611325 5.728142 -64.976029 0.000000 0.000000 86.021387 5.662008 -7.076482 -6.485488 0.000000 0.000000 -0.000003 
-0.172800 87.004700 -20.097400 -2.175034 -3.721210 13.476160 -0.128544 0.790448 -4.145322 0.094044 0.802787 0.634420 4.603919 -51.006790 -6.759232 -10.611165 4.569733 19.295674 -10.830297 51.131838 -11.633625 0.000000 0.000000 0.000000 -39.162730 42.634538 -0.043009 -21.419278 -3.624380 -28.916302 -0.000000 -38.560101 0.000000 0.080479 -0.005239 -0.988820 0.000000 0.000000 0.607176 0.005215 0.000010 -0.110703 -0.012689 0.000454 -0.146434 0.022390 -0.001199 4.934506 0.000000 0.000000 0.746397 0.000014 0.006565 0.122572 -0.000022 -0.014325 0.164521 2.447046 -0.079831 2.056764 0.000000 0.000000 0.740482 -0.000002 0.007173 -0.014980 -0.000004 -0.015017 0.027776 4.260386 -0.094452 1.375350 0.000000 0.000000 0.754839 0.000000 0.009448 0.000229 -0.000006 -0.022452 0.026332 -6.917769 0.291382 2.291170 0.000000 0.000000 0.754038 -0.000001 0.004175 -0.008146 -0.000001 -0.009275 0.012467 0.441624 -0.014543 2.538997 28.700836 3.363884 -0.039607 20.468579 -12.598825 11.167408 -180.000000 85.508301 -180.000000 -0.080308 0.004629 -0.724563 0.000000 0.000000 0.472622 0.000000 0.000000 0.008252 0.000000 0.000000 -0.001366 -7.969741 -5.107087 -8.050663 0.000000 0.000000 0.467721 0.000000 0.000000 -0.015015 0.000000 0.000000 0.025121 6.271931 -1.933901 -4.817211 0.000000 0.000000 0.481966 0.000000 0.000000 -0.004083 0.000000 0.000000 -0.000628 -1.013052 -2.505694 -6.799366 0.000000 0.000000 0.479930 0.000000 0.000000 0.003389 0.000000 0.000000 -0.007978 -3.109834 -2.403556 -3.139792 0.000035 0.004242 0.480870 0.000001 -0.004242 0.042897 0.000000 0.000000 0.013196 -4.610124 -2.491975 -2.359596 -1.098325 1.860091 -23.242311 0.000000 0.000000 28.653675 1.144399 18.030545 -18.443668 0.000000 0.000000 0.000000 -21.726440 5.432367 -67.126641 0.000000 0.000000 95.677737 6.530941 -5.411667 -7.085883 0.000000 0.000000 -0.000003 
-0.148400 86.981000 -20.164300 -2.791386 -3.023749 12.727447 0.507960 1.000071 -3.204709 -0.087984 0.983189 0.767723 4.414600 -50.566520 -6.031956 -10.316608 4.205896 18.481706 -9.634795 50.994877 -11.176908 0.000000 0.000000 0.000000 -38.396683 42.185253 -0.039900 -21.477301 -4.235373 -27.577216 -0.000000 -38.856258 0.000000 0.080479 -0.005239 -0.988820 0.000000 0.000000 0.607176 0.005215 0.000010 -0.110703 -0.012689 0.000454 -0.146434 0.022390 -0.001199 4.934506 0.000000 0.000000 0.746397 0.000014 0.006565 0.122572 -0.000022 -0.014325 0.164521 2.447046 -0.079831 2.056764 0.000000 0.000000 0.740482 -0.000002 0.007173 -0.014980 -0.000004 -0.015017 0.027776 4.260386 -0.094452 1.375350 0.000000 0.000000 0.754839 0.000000 0.009448 0.000229 -0.000006 -0.022452 0.026332 -6.917769 0.291382 2.291170 0.000000 0.000000 0.754038 -0.000001 0.004175 -0.008146 -0.000001 -0.009275 0.012467 0.441624 -0.014543 2.538997 28.571683 3.313589 -0.040578 18.789991 -12.512325 11.610667 -180.000000 84.867928 -180.000000 -0.080308 0.004629 -0.724563 0.000000 0.000000 0.472622 0.000000 0.000000 0.008252 0.000000 0.000000 -0.001366 -7.969741 -5.107087 -8.050663 0.000000 0.000000 0.467721 0.000000 0.000000 -0.015015 0.000000 0.000000 0.025121 6.271931 -1.933901 -4.817211 0.000000 0.000000 0.481966 0.000000 0.000000 -0.004083 0.000000 0.000000 -0.000628 -1.013052 -2.505694 -6.799366 0.000000 0.000000 0.479930 0.000000 0.000000 0.003389 0.000000 0.000000 -0.007978 -3.109834 -2.403556 -3.139792 0.000035 0.004242 0.480870 0.000001 -0.004242 0.042897 0.000000 0.000000 0.013196 -4.610124 -2.491975 -2.359596 -0.636538 4.000709 -22.738196 0.000000 0.000000 29.200798 1.275573 14.382637 -19.655608 0.000000 0.000000 0.000000 -21.103411 4.920424 -65.762475 0.000000 0.000000 97.792578 7.631356 -3.412509 -5.956471 0.000000 0.000000 -0.000003 
-0.064200 87.220700 -20.963000 -3.429680 -2.263174 14.139895 0.445489 0.965642 -4.505911 0.866015 0.932135 0.507013 4.198822 -47.812986 -5.725182 -9.820483 4.209511 19.707681 -8.674633 47.316967 -11.060199 0.000000 0.000000 0.000000 -37.738549 41.689591 -0.042522 -22.413896 -5.287873 -25.765279 -0.000000 -41.306648 0.000000 0.080479 -0.005239 -0.988820 0.000000 0.000000 0.607176 0.005215 0.000010 -0.110703 -0.012689 0.000454 -0.146434 0.022390 -0.001199 4.934506 0.000000 0.000000 0.746397 0.000014 0.006565 0.122572 -0.000022 -0.014325 0.164521 2.447046 -0.079831 2.056764 0.000000 0.000000 0.740482 -0.000002 0.007173 -0.014980 -0.000004 -0.015017 0.027776 4.260386 -0.094452 1.375350 0.000000 0.000000 0.754839 0.000000 0.009448 0.000229 -0.000006 -0.022452 0.026332 -6.917769 0.291382 2.291170 0.000000 0.000000 0.754038 -0.000001 0.004175 -0.008146 -0.000001 -0.009275 0.012467 0.441624 -0.014543 2.538997 28.197172 3.155318 -0.041425 17.243068 -11.870708 12.084862 -180.000000 89.389511 -180.000000 -0.080308 0.004629 -0.724563 0.000000 0.000000 0.472622 0.000000 0.000000 0.008252 0.000000 0.000000 -0.001366 -7.969741 -5.107087 -8.050663 0.000000 0.000000 0.467721 0.000000 0.000000 -0.015015 0.000000 0.000000 0.025121 6.271931 -1.933901 -4.817211 0.000000 0.000000 0.481966 0.000000 0.000000 -0.004083 0.000000 0.000000 -0.000628 -1.013052 -2.505694 -6.799366 0.000000 0.000000 0.479930 0.000000 0.000000 0.003389 0.000000 0.000000 -0.007978 -3.109834 -2.403556 -3.139792 0.000035 0.004242 0.480870 0.000001 -0.004242 0.042897 0.000000 0.000000 0.013196 -4.610124 -2.491975 -2.359596 -0.204570 5.328216 -24.323633 0.000000 0.000000 28.631169 0.879344 11.644107 -20.375336 0.000000 0.000000 0.000000 -19.951573 4.461755 -63.510695 0.000000 0.000000 93.101457 8.739297 -2.294756 -5.333984 0.000000 0.000000 -0.000003 
0.093600 87.568700 -20.817800 -4.314913 -0.291515 14.573128 0.834785 0.339431 -4.698742 1.745350 0.294321 -0.136101 3.832460 -42.318227 -4.700584 -7.887722 3.658335 20.981767 -6.329958 38.641771 -9.202201 0.000000 0.000000 0.000000 -37.319626 41.204785 -0.045271 -23.826869 -5.922590 -23.808779 -0.000000 -46.313721 0.000000 0.080479 -0.005239 -0.988820 0.000000 0.000000 0.607176 0.005215 0.000010 -0.110703 -0.012689 0.000454 -0.146434 0.022390 -0.001199 4.934506 0.000000 0.000000 0.746397 0.000014 0.006565 0.122572 -0.000022 -0.014325 0.164521 2.447046 -0.079831 2.056764 0.000000 0.000000 0.740482 -0.000002 0.007173 -0.014980 -0.000004 -0.015017 0.027776 4.260386 -0.094452 1.375350 0.000000 0.000000 0.754839 0.000000 0.009448 0.000229 -0.000006 -0.022452 0.026332 -6.917769 0.291382 2.291170 0.000000 0.000000 0.754038 -0.000001 0.004175 -0.008146 -0.000001 -0.009275 0.012467 0.441624 -0.014543 2.538997 27.595766 2.960921 -0.040945 15.951930 -11.131739 12.583084 -0.000000 81.490448 -0.000000 -0.080308 0.004629 -0.724563 0.000000 0.000000 0.472622 0.000000 0.000000 0.008252 0.000000 0.000000 -0.001366 -7.969741 -5.107087 -8.050663 0.000000 0.000000 0.467721 0.000000 0.000000 -0.015015 0.000000 0.000000 0.025121 6.271931 -1.933901 -4.817211 0.000000 0.000000 0.481966 0.000000 0.000000 -0.004083 0.000000 0.000000 -0.000628 -1.013052 -2.505694 -6.799366 0.000000 0.000000 0.479930 0.000000 0.000000 0.003389 0.000000 0.000000 -0.007978 -3.109834 -2.403556 -3.139792 0.000035 0.004242 0.480870 0.000001 -0.004242 0.042897 0.000000 0.000000 0.013196 -4.610124 -2.491975 -2.359596 0.838850 4.754516 -24.389339 0.000000 0.000000 27.367522 1.721643 9.860479 -17.579126 0.000000 0.000000 0.000000 -17.490480 3.604253 -57.856306 0.000000 0.000000 81.993867 10.920001 -3.092522 -2.690384 0.000000 0.000000 -0.000003 
0.264500 87.815200 -20.376700 -4.951611 0.566143 15.706340 0.908629 0.685827 -5.625126 2.723437 0.671913 -0.965850 4.561172 -35.871425 -5.466718 -6.942207 3.578143 23.342602 -5.840574 30.198536 -8.581033 0.000000 0.000000 0.000000 -37.171928 40.672374 -0.046981 -24.935401 -5.206515 -22.202987 -0.000000 -54.447891 0.000000 0.080479 -0.005239 -0.988820 0.000000 0.000000 0.607176 0.005215 0.000010 -0.110703 -0.012689 0.000454 -0.146434 0.022390 -0.001199 4.934506 0.000000 0.000000 0.746397 0.000014 0.006565 0.122572 -0.000022 -0.014325 0.164521 2.447046 -0.079831 2.056764 0.000000 0.000000 0.740482 -0.000002 0.007173 -0.014980 -0.000004 -0.015017 0.027776 4.260386 -0.094452 1.375350 0.000000 0.000000 0.754839 0.000000 0.009448 0.000229 -0.000006 -0.022452 0.026332 -6.917769 0.291382 2.291170 0.000000 0.000000 0.754038 -0.000001 0.004175 -0.008146 -0.000001 -0.009275 0.012467 0.441624 -0.014543 2.538997 26.774366 2.901299 -0.039952 14.740820 -11.161520 13.021697 -0.000000 68.774490 -0.000000 -0.080308 0.004629 -0.724563 0.000000 0.000000 0.472622 0.000000 0.000000 0.008252 0.000000 0.000000 -0.001366 -7.969741 -5.107087 -8.050663 0.000000 0.000000 0.467721 0.000000 0.000000 -0.015015 0.000000 0.000000 0.025121 6.271931 -1.933901 -4.817211 0.000000 0.000000 0.481966 0.000000 0.000000 -0.004083 0.000000 0.000000 -0.000628 -1.013052 -2.505694 -6.799366 0.000000 0.000000 0.479930 0.000000 0.000000 0.003389 0.000000 0.000000 -0.007978 -3.109834 -2.403556 -3.139792 0.000035 0.004242 0.480870 0.000001 -0.004242 0.042897 0.000000 0.000000 0.013196 -4.610124 -2.491975 -2.359596 1.432061 4.527945 -24.617158 0.000000 0.000000 26.079389 1.795209 9.408667 -17.258922 0.000000 0.000000 0.000000 -15.212569 3.361202 -51.151744 0.000000 0.000000 66.356246 11.737487 -4.081264 -2.523167 0.000000 0.000000 -0.000003 
0.504800 87.631800 -19.965900 -4.457773 2.206328 16.977577 0.198326 0.193723 -6.742464 3.361223 0.281582 -1.527388 5.689569 -27.922384 -7.150991 -5.251905 3.025347 25.630531 -4.722330 18.566792 -6.289666 0.000000 0.000000 0.000000 -37.244317 40.115294 -0.047740 -25.262257 -3.121862 -21.083090 -0.000000 -66.674454 0.000000 0.080479 -0.005239 -0.988820 0.000000 0.000000 0.607176 0.005215 0.000010 -0.110703 -0.012689 0.000454 -0.146434 0.022390 -0.001199 4.934506 0.000000 0.000000 0.746397 0.000014 0.006565 0.122572 -0.000022 -0.014325 0.164521 2.447046 -0.079831 2.056764 0.000000 0.000000 0.740482 -0.000002 0.007173 -0.014980 -0.000004 -0.015017 0.027776 4.260386 -0.094452 1.375350 0.000000 0.000000 0.754839 0.000000 0.009448 0.000229 -0.000006 -0.022452 0.026332 -6.917769 0.291382 2.291170 0.000000 0.000000 0.754038 -0.000001 0.004175 -0.008146 -0.000001 -0.009275 0.012467 0.441624 -0.014543 2.538997 26.158001 2.907973 -0.040520 13.247872 -12.109548 13.370249 -0.000000 53.691219 -0.000000 -0.080308 0.004629 -0.724563 0.000000 0.000000 0.472622 0.000000 0.000000 0.008252 0.000000 0.000000 -0.001366 -7.969741 -5.107087 -8.050663 0.000000 0.000000 0.467721 0.000000 0.000000 -0.015015 0.000000 0.000000 0.025121 6.271931 -1.933901 -4.817211 0.000000 0.000000 0.481966 0.000000 0.000000 -0.004083 0.000000 0.000000 -0.000628 -1.013052 -2.505694 -6.799366 0.000000 0.000000 0.479930 0.000000 0.000000 0.003389 0.000000 0.000000 -0.007978 -3.109834 -2.403556 -3.139792 0.000035 0.004242 0.480870 0.000001 -0.004242 0.042897 0.000000 0.000000 0.013196 -4.610124 -2.491975 -2.359596 1.126379 3.099271 -26.077619 0.000000 0.000000 26.705883 1.798903 9.141270 -17.780203 0.000000 0.000000 0.000000 -14.325843 2.857132 -40.862562 0.000000 0.000000 43.367348 12.291778 -7.590607 3.903813 0.000000 0.000000 -0.000003 
0.847900 86.928300 -19.207100 -4.590153 3.851957 16.934227 0.498032 -0.464720 -6.855442 3.925680 -0.346997 -2.082540 5.628887 -17.648808 -7.253273 -3.141186 1.759108 26.318298 -3.807108 6.181956 -4.825861 0.000000 0.000000 0.000000 -37.499637 39.762137 -0.045930 -24.580946 -0.903192 -20.165785 -0.000000 -81.477127 0.000000 0.080479 -0.005239 -0.988820 0.000000 0.000000 0.607176 0.005215 0.000010 -0.110703 -0.012689 0.000454 -0.146434 0.022390 -0.001199 4.934506 0.000000 0.000000 0.746397 0.000014 0.006565 0.122572 -0.000022 -0.014325 0.164521 2.447046 -0.079831 2.056764 0.000000 0.000000 0.740482 -0.000002 0.007173 -0.014980 -0.000004 -0.015017 0.027776 4.260386 -0.094452 1.375350 0.000000 0.000000 0.754839 0.000000 0.009448 0.000229 -0.000006 -0.022452 0.026332 -6.917769 0.291382 2.291170 0.000000 0.000000 0.754038 -0.000001 0.004175 -0.008146 -0.000001 -0.009275 0.012467 0.441624 -0.014543 2.538997 26.260111 2.888054 -0.041241 11.535687 -14.134880 13.599353 -0.000000 39.600029 -0.000000 -0.080308 0.004629 -0.724563 0.000000 0.000000 0.472622 0.000000 0.000000 0.008252 0.000000 0.000000 -0.001366 -7.969741 -5.107087 -8.050663 0.000000 0.000000 0.467721 0.000000 0.000000 -0.015015 0.000000 0.000000 0.025121 6.271931 -1.933901 -4.817211 0.000000 0.000000 0.481966 0.000000 0.000000 -0.004083 0.000000 0.000000 -0.000628 -1.013052 -2.505694 -6.799366 0.000000 0.000000 0.479930 0.000000 0.000000 0.003389 0.000000 0.000000 -0.007978 -3.109834 -2.403556 -3.139792 0.000035 0.004242 0.480870 0.000001 -0.004242 0.042897 0.000000 0.000000 0.013196 -4.610124 -2.491975 -2.359596 1.239410 2.219552 -27.546732 0.000000 0.000000 30.331791 2.954104 8.919649 -19.846294 0.000000 0.000000 0.000000 -13.290287 1.762497 -35.155286 0.000000 0.000000 33.944124 11.951421 -13.678149 7.466900 0.000000 0.000000 -0.000003 
1.385700 86.074800 -19.064600 -4.998646 4.359990 16.741958 1.069268 -1.561092 -6.579634 4.463489 -1.475800 -2.388574 5.691586 -6.512924 -7.641647 -2.537963 1.401359 25.835666 -1.027320 -8.641072 -2.513227 0.000000 0.000000 0.000000 -37.900555 40.115743 -0.039828 -23.025538 0.273483 -19.267580 -180.000000 -86.189011 180.000000 0.080479 -0.005239 -0.988820 0.000000 0.000000 0.607176 0.005215 0.000010 -0.110703 -0.012689 0.000454 -0.146434 0.022390 -0.001199 4.934506 0.000000 0.000000 0.746397 0.000014 0.006565 0.122572 -0.000022 -0.014325 0.164521 2.447046 -0.079831 2.056764 0.000000 0.000000 0.740482 -0.000002 0.007173 -0.014980 -0.000004 -0.015017 0.027776 4.260386 -0.094452 1.375350 0.000000 0.000000 0.754839 0.000000 0.009448 0.000229 -0.000006 -0.022452 0.026332 -6.917769 0.291382 2.291170 0.000000 0.000000 0.754038 -0.000001 0.004175 -0.008146 -0.000001 -0.009275 0.012467 0.441624 -0.014543 2.538997 27.028479 2.875282 -0.041221 10.177992 -16.938559 13.681541 -0.000000 30.624010 -0.000000 -0.080308 0.004629 -0.724563 0.000000 0.000000 0.472622 0.000000 0.000000 0.008252 0.000000 0.000000 -0.001366 -7.969741 -5.107087 -8.050663 0.000000 0.000000 0.467721 0.000000 0.000000 -0.015015 0.000000 0.000000 0.025121 6.271931 -1.933901 -4.817211 0.000000 0.000000 0.481966 0.000000 0.000000 -0.004083 0.000000 0.000000 -0.000628 -1.013052 -2.505694 -6.799366 0.000000 0.000000 0.479930 0.000000 0.000000 0.003389 0.000000 0.000000 -0.007978 -3.109834 -2.403556 -3.139792 0.000035 0.004242 0.480870 0.000001 -0.004242 0.042897 0.000000 0.000000 0.013196 -4.610124 -2.491975 -2.359596 1.431223 1.771916 -29.540216 0.000000 0.000000 34.700472 2.458437 8.940300 -22.177960 0.000000 0.000000 0.000000 -11.596535 -0.443768 -31.974897 0.000000 0.000000 30.977556 9.547996 -14.609246 0.275687 0.000000 0.000000 -0.000003 
1.459900 85.067400 -18.908000 -5.490394 4.529400 18.147860 1.511427 -1.574731 -6.942877 5.689995 -1.415738 -3.391552 5.529986 -1.859037 -9.902454 -3.404365 1.953341 27.030101 -0.752531 -13.651462 -0.545612 0.000000 0.000000 0.000000 -38.566311 41.046834 -0.032519 -21.495320 0.725916 -18.673088 -180.000000 -81.429367 180.000000 0.080479 -0.005239 -0.988820 0.000000 0.000000 0.607176 0.005215 0.000010 -0.110703 -0.012689 0.000454 -0.146434 0.022390 -0.001199 4.934506 0.000000 0.000000 0.746397 0.000014 0.006565 0.122572 -0.000022 -0.014325 0.164521 2.447046 -0.079831 2.056764 0.000000 0.000000 0.740482 -0.000002 0.007173 -0.014980 -0.000004 -0.015017 0.027776 4.260386 -0.094452 1.375350 0.000000 0.000000 0.754839 0.000000 0.009448 0.000229 -0.000006 -0.022452 0.026332 -6.917769 0.291382 2.291170 0.000000 0.000000 0.754038 -0.000001 0.004175 -0.008146 -0.000001 -0.009275 0.012467 0.441624 -0.014543 2.538997 27.714965 2.827306 -0.041048 10.348444 -18.879563 13.636270 -0.000000 28.599791 -0.000000 -0.080308 0.004629 -0.724563 0.000000 0.000000 0.472622 0.000000 0.000000 0.008252 0.000000 0.000000 -0.001366 -7.969741 -5.107087 -8.050663 0.000000 0.000000 0.467721 0.000000 0.000000 -0.015015 0.000000 0.000000 0.025121 6.271931 -1.933901 -4.817211 0.000000 0.000000 0.481966 0.000000 0.000000 -0.004083 0.000000 0.000000 -0.000628 -1.013052 -2.505694 -6.799366 0.000000 0.000000 0.479930 0.000000 0.000000 0.003389 0.000000 0.000000 -0.007978 -3.109834 -2.403556 -3.139792 0.000035 0.004242 0.480870 0.000001 -0.004242 0.042897 0.000000 0.000000 0.013196 -4.610124 -2.491975 -2.359596 2.042912 0.310281 -33.257368 0.000000 0.000000 39.297350 2.595898 10.834262 -24.331744 0.000000 0.000000 0.000000 -10.242622 -3.687699 -33.015098 0.000000 0.000000 31.693740 8.827662 -11.271353 -4.277043 0.000000 0.000000 -0.000003 
1.496800 84.797100 -19.023200 -6.827981 3.764250 18.066538 2.579791 -1.605167 -6.585470 6.586159 -1.488910 -3.547231 6.320164 -2.582925 -9.956214 -5.173352 2.971466 26.280974 -1.433955 -11.831243 -1.610285 0.000000 0.000000 0.000000 -39.791528 41.709000 -0.039309 -20.924990 1.274463 -18.698086 -180.000000 -85.974426 180.000000 0.080479 -0.005239 -0.988820 0.000000 0.000000 0.607176 0.005215 0.000010 -0.110703 -0.012689 0.000454 -0.146434 0.022390 -0.001199 4.934506 0.000000 0.000000 0.746397 0.000014 0.006565 0.122572 -0.000022 -0.014325 0.164521 2.447046 -0.079831 2.056764 0.000000 0.000000 0.740482 -0.000002 0.007173 -0.014980 -0.000004 -0.015017 0.027776 4.260386 -0.094452 1.375350 0.000000 0.000000 0.754839 0.000000 0.009448 0.000229 -0.000006 -0.022452 0.026332 -6.917769 0.291382 2.291170 0.000000 0.000000 0.754038 -0.000001 0.004175 -0.008146 -0.000001 -0.009275 0.012467 0.441624 -0.014543 2.538997 27.742951 2.690238 -0.041327 12.808081 -18.462819 13.514583 -0.000000 32.811420 -0.000000 -0.080308 0.004629 -0.724563 0.000000 0.000000 0.472622 0.000000 0.000000 0.008252 0.000000 0.000000 -0.001366 -7.969741 -5.107087 -8.050663 0.000000 0.000000 0.467721 0.000000 0.000000 -0.015015 0.000000 0.000000 0.025121 6.271931 -1.933901 -4.817211 0.000000 0.000000 0.481966 0.000000 0.000000 -0.004083 0.000000 0.000000 -0.000628 -1.013052 -2.505694 -6.799366 0.000000 0.000000 0.479930 0.000000 0.000000 0.003389 0.000000 0.000000 -0.007978 -3.109834 -2.403556 -3.139792 0.000035 0.004242 0.480870 0.000001 -0.004242 0.042897 0.000000 0.000000 0.013196 -4.610124 -2.491975 -2.359596 3.427615 -0.540340 -34.114283 0.000000 0.000000 40.996905 2.197386 12.955693 -24.992930 0.000000 0.000000 0.000000 -9.331811 -5.023004 -35.675529 0.000000 0.000000 35.235087 10.614048 -6.319730 -1.520374 0.000000 0.000000 -0.000003 
1.656900 84.970000 -20.710200 -6.934945 2.233248 18.359237 2.097838 -1.157799 -7.423579 6.704318 -1.062242 -2.888744 7.884709 -8.034954 -8.991151 -7.152077 3.653305 23.440799 -3.798001 -2.083696 -2.712586 0.000000 0.000000 0.000000 -41.012212 41.660461 -0.048647 -21.881190 2.272120 -19.532353 -0.000000 -81.912491 0.000000 0.080479 -0.005239 -0.988820 0.000000 0.000000 0.607176 0.005215 0.000010 -0.110703 -0.012689 0.000454 -0.146434 0.022390 -0.001199 4.934506 0.000000 0.000000 0.746397 0.000014 0.006565 0.122572 -0.000022 -0.014325 0.164521 2.447046 -0.079831 2.056764 0.000000 0.000000 0.740482 -0.000002 0.007173 -0.014980 -0.000004 -0.015017 0.027776 4.260386 -0.094452 1.375350 0.000000 0.000000 0.754839 0.000000 0.009448 0.000229 -0.000006 -0.022452 0.026332 -6.917769 0.291382 2.291170 0.000000 0.000000 0.754038 -0.000001 0.004175 -0.008146 -0.000001 -0.009275 0.012467 0.441624 -0.014543 2.538997 27.106766 2.615035 -0.038427 17.041156 -16.323699 13.351881 -0.000000 41.787479 -0.000000 -0.080308 0.004629 -0.724563 0.000000 0.000000 0.472622 0.000000 0.000000 0.008252 0.000000 0.000000 -0.001366 -7.969741 -5.107087 -8.050663 0.000000 0.000000 0.467721 0.000000 0.000000 -0.015015 0.000000 0.000000 0.025121 6.271931 -1.933901 -4.817211 0.000000 0.000000 0.481966 0.000000 0.000000 -0.004083 0.000000 0.000000 -0.000628 -1.013052 -2.505694 -6.799366 0.000000 0.000000 0.479930 0.000000 0.000000 0.003389 0.000000 0.000000 -0.007978 -3.109834 -2.403556 -3.139792 0.000035 0.004242 0.480870 0.000001 -0.004242 0.042897 0.000000 0.000000 0.013196 -4.610124 -2.491975 -2.359596 3.659512 -1.274812 -35.431055 0.000000 0.000000 40.995787 -0.127869 14.326587 -24.245095 0.000000 0.000000 0.000000 -10.534009 -4.961218 -41.488572 0.000000 0.000000 44.682556 14.719165 -1.635466 -0.562059 0.000000 0.000000 -0.000003 
1.514200 85.721300 -21.085800 -8.091088 -0.590002 18.666948 2.644893 0.127743 -7.603116 6.979271 0.145187 -2.693905 9.005450 -18.133105 -9.457223 -10.228310 5.073215 22.414975 -6.304350 9.991148 -6.203432 0.000000 0.000000 0.000000 -41.663838 41.440009 -0.046096 -23.883015 3.147927 -20.868568 -0.000000 -66.106667 0.000000 0.080479 -0.005239 -0.988820 0.000000 0.000000 0.607176 0.005215 0.000010 -0.110703 -0.012689 0.000454 -0.146434 0.022390 -0.001199 4.934506 0.000000 0.000000 0.746397 0.000014 0.006565 0.122572 -0.000022 -0.014325 0.164521 2.447046 -0.079831 2.056764 0.000000 0.000000 0.740482 -0.000002 0.007173 -0.014980 -0.000004 -0.015017 0.027776 4.260386 -0.094452 1.375350 0.000000 0.000000 0.754839 0.000000 0.009448 0.000229 -0.000006 -0.022452 0.026332 -6.917769 0.291382 2.291170 0.000000 0.000000 0.754038 -0.000001 0.004175 -0.008146 -0.000001 -0.009275 0.012467 0.441624 -0.014543 2.538997 26.321975 2.853554 -0.036420 21.715867 -14.201337 13.141364 -0.000000 53.475342 -0.000000 -0.080308 0.004629 -0.724563 0.000000 0.000000 0.472622 0.000000 0.000000 0.008252 0.000000 0.000000 -0.001366 -7.969741 -5.107087 -8.050663 0.000000 0.000000 0.467721 0.000000 0.000000 -0.015015 0.000000 0.000000 0.025121 6.271931 -1.933901 -4.817211 0.000000 0.000000 0.481966 0.000000 0.000000 -0.004083 0.000000 0.000000 -0.000628 -1.013052 -2.505694 -6.799366 0.000000 0.000000 0.479930 0.000000 0.000000 0.003389 0.000000 0.000000 -0.007978 -3.109834 -2.403556 -3.139792 0.000035 0.004242 0.480870 0.000001 -0.004242 0.042897 0.000000 0.000000 0.013196 -4.610124 -2.491975 -2.359596 4.259988 0.277236 -33.926149 0.000000 0.000000 38.241801 0.175637 15.771627 -25.048426 0.000000 0.000000 0.000000 -11.260119 -2.586541 -48.623861 0.000000 0.000000 56.236815 14.840937 2.882580 0.047772 0.000000 0.000000 -0.000003 
1.307100 86.361200 -21.767100 -6.379039 -3.094519 18.305645 1.323133 0.856680 -7.062738 5.433157 0.982709 -2.713165 9.363844 -29.094085 -9.577763 -12.322885 5.531335 20.235746 -8.473286 24.854742 -9.984246 0.000000 0.000000 0.000000 -42.015247 41.617982 -0.042098 -25.371847 3.197994 -22.215664 -0.000000 -51.259529 0.000000 0.080479 -0.005239 -0.988820 0.000000 0.000000 0.607176 0.005215 0.000010 -0.110703 -0.012689 0.000454 -0.146434 0.022390 -0.001199 4.934506 0.000000 0.000000 0.746397 0.000014 0.006565 0.122572 -0.000022 -0.014325 0.164521 2.447046 -0.079831 2.056764 0.000000 0.000000 0.740482 -0.000002 0.007173 -0.014980 -0.000004 -0.015017 0.027776 4.260386 -0.094452 1.375350 0.000000 0.000000 0.754839 0.000000 0.009448 0.000229 -0.000006 -0.022452 0.026332 -6.917769 0.291382 2.291170 0.000000 0.000000 0.754038 -0.000001 0.004175 -0.008146 -0.000001 -0.009275 0.012467 0.441624 -0.014543 2.538997 26.062768 3.240061 -0.040252 25.472726 -13.136397 12.880628 -0.000000 65.599037 -0.000000 -0.080308 0.004629 -0.724563 0.000000 0.000000 0.472622 0.000000 0.000000 0.008252 0.000000 0.000000 -0.001366 -7.969741 -5.107087 -8.050663 0.000000 0.000000 0.467721 0.000000 0.000000 -0.015015 0.000000 0.000000 0.025121 6.271931 -1.933901 -4.817211 0.000000 0.000000 0.481966 0.000000 0.000000 -0.004083 0.000000 0.000000 -0.000628 -1.013052 -2.505694 -6.799366 0.000000 0.000000 0.479930 0.000000 0.000000 0.003389 0.000000 0.000000 -0.007978 -3.109834 -2.403556 -3.139792 0.000035 0.004242 0.480870 0.000001 -0.004242 0.042897 0.000000 0.000000 0.013196 -4.610124 -2.491975 -2.359596 2.187095 1.082617 -31.476750 0.000000 0.000000 34.358141 0.298367 17.017248 -25.839193 0.000000 0.000000 0.000000 -14.832291 -0.605242 -55.030327 0.000000 0.000000 68.725862 12.825571 5.089869 -2.094273 0.000000 0.000000 -0.000003 
1.131400 87.188300 -22.093800 -4.207960 -5.203524 17.657443 0.629883 1.063298 -6.381692 3.212232 1.137844 -2.500481 7.551483 -37.978678 -9.306232 -12.281009 4.912141 17.841979 -8.314452 36.548958 -10.791614 0.000000 0.000000 0.000000 -42.378550 42.108032 -0.041486 -25.651609 2.807872 -23.420571 -0.000000 -40.543930 0.000000 0.080479 -0.005239 -0.988820 0.000000 0.000000 0.607176 0.005215 0.000010 -0.110703 -0.012689 0.000454 -0.146434 0.022390 -0.001199 4.934506 0.000000 0.000000 0.746397 0.000014 0.006565 0.122572 -0.000022 -0.014325 0.164521 2.447046 -0.079831 2.056764 0.000000 0.000000 0.740482 -0.000002 0.007173 -0.014980 -0.000004 -0.015017 0.027776 4.260386 -0.094452 1.375350 0.000000 0.000000 0.754839 0.000000 0.009448 0.000229 -0.000006 -0.022452 0.026332 -6.917769 0.291382 2.291170 0.000000 0.000000 0.754038 -0.000001 0.004175 -0.008146 -0.000001 -0.009275 0.012467 0.441624 -0.014543 2.538997 26.314294 3.507894 -0.041668 27.560275 -13.150265 12.556793 -0.000000 76.210602 -0.000000 -0.080308 0.004629 -0.724563 0.000000 0.000000 0.472622 0.000000 0.000000 0.008252 0.000000 0.000000 -0.001366 -7.969741 -5.107087 -8.050663 0.000000 0.000000 0.467721 0.000000 0.000000 -0.015015 0.000000 0.000000 0.025121 6.271931 -1.933901 -4.817211 0.000000 0.000000 0.481966 0.000000 0.000000 -0.004083 0.000000 0.000000 -0.000628 -1.013052 -2.505694 -6.799366 0.000000 0.000000 0.479930 0.000000 0.000000 0.003389 0.000000 0.000000 -0.007978 -3.109834 -2.403556 -3.139792 0.000035 0.004242 0.480870 0.000001 -0.004242 0.042897 0.000000 0.000000 0.013196 -4.610124 -2.491975 -2.359596 -0.321242 2.380646 -28.138390 0.000000 0.000000 28.855637 0.999918 16.816116 -23.191866 0.000000 0.000000 0.000000 -18.627787 1.168448 -60.483651 0.000000 0.000000 80.325868 8.784007 4.563413 -5.140655 0.000000 0.000000 -0.000003 
1.099500 87.782000 -22.177400 -2.015621 -6.529551 16.712640 -0.361119 0.955366 -5.484095 1.236470 1.034587 -2.113872 5.824342 -43.800332 -8.950221 -11.128355 4.238247 16.778558 -9.177614 44.390900 -13.197620 0.000000 0.000000 0.000000 -42.745049 42.468231 -0.044085 -25.241994 2.645438 -24.535957 -0.000000 -34.165371 0.000000 0.080479 -0.005239 -0.988820 0.000000 0.000000 0.607176 0.005215 0.000010 -0.110703 -0.012689 0.000454 -0.146434 0.022390 -0.001199 4.934506 0.000000 0.000000 0.746397 0.000014 0.006565 0.122572 -0.000022 -0.014325 0.164521 2.447046 -0.079831 2.056764 0.000000 0.000000 0.740482 -0.000002 0.007173 -0.014980 -0.000004 -0.015017 0.027776 4.260386 -0.094452 1.375350 0.000000 0.000000 0.754839 0.000000 0.009448 0.000229 -0.000006 -0.022452 0.026332 -6.917769 0.291382 2.291170 0.000000 0.000000 0.754038 -0.000001 0.004175 -0.008146 -0.000001 -0.009275 0.012467 0.441624 -0.014543 2.538997 26.327336 3.622358 -0.040499 28.136292 -13.653990 12.268401 -0.000000 83.907639 -0.000000 -0.080308 0.004629 -0.724563 0.000000 0.000000 0.472622 0.000000 0.000000 0.008252 0.000000 0.000000 -0.001366 -7.969741 -5.107087 -8.050663 0.000000 0.000000 0.467721 0.000000 0.000000 -0.015015 0.000000 0.000000 0.025121 6.271931 -1.933901 -4.817211 0.000000 0.000000 0.481966 0.000000 0.000000 -0.004083 0.000000 0.000000 -0.000628 -1.013052 -2.505694 -6.799366 0.000000 0.000000 0.479930 0.000000 0.000000 0.003389 0.000000 0.000000 -0.007978 -3.109834 -2.403556 -3.139792 0.000035 0.004242 0.480870 0.000001 -0.004242 0.042897 0.000000 0.000000 0.013196 -4.610124 -2.491975 -2.359596 -2.861880 4.411458 -25.166110 0.000000 0.000000 24.085707 1.294536 14.858789 -18.466288 0.000000 0.000000 0.000000 -21.837002 3.586316 -62.191401 0.000000 0.000000 87.457907 3.939294 -1.239290 -6.720544 0.000000 0.000000 -0.000003 
1.106100 88.426600 -22.351700 -1.418882 -6.873437 17.863306 -0.665596 1.144614 -5.851079 0.123142 1.208385 -2.976239 6.383253 -47.212661 -9.954583 -11.599976 4.281406 16.672548 -9.337959 48.647767 -13.969791 0.000000 0.000000 0.000000 -42.927506 42.583750 -0.046803 -24.724504 2.773238 -25.463385 -0.000000 -31.062860 0.000000 0.080479 -0.005239 -0.988820 0.000000 0.000000 0.607176 0.005215 0.000010 -0.110703 -0.012689 0.000454 -0.146434 0.022390 -0.001199 4.934506 0.000000 0.000000 0.746397 0.000014 0.006565 0.122572 -0.000022 -0.014325 0.164521 2.447046 -0.079831 2.056764 0.000000 0.000000 0.740482 -0.000002 0.007173 -0.014980 -0.000004 -0.015017 0.027776 4.260386 -0.094452 1.375350 0.000000 0.000000 0.754839 0.000000 0.009448 0.000229 -0.000006 -0.022452 0.026332 -6.917769 0.291382 2.291170 0.000000 0.000000 0.754038 -0.000001 0.004175 -0.008146 -0.000001 -0.009275 0.012467 0.441624 -0.014543 2.538997 25.729025 3.664329 -0.040843 27.527795 -13.852259 12.211348 -0.000000 87.495071 -0.000000 -0.080308 0.004629 -0.724563 0.000000 0.000000 0.472622 0.000000 0.000000 0.008252 0.000000 0.000000 -0.001366 -7.969741 -5.107087 -8.050663 0.000000 0.000000 0.467721 0.000000 0.000000 -0.015015 0.000000 0.000000 0.025121 6.271931 -1.933901 -4.817211 0.000000 0.000000 0.481966 0.000000 0.000000 -0.004083 0.000000 0.000000 -0.000628 -1.013052 -2.505694 -6.799366 0.000000 0.000000 0.479930 0.000000 0.000000 0.003389 0.000000 0.000000 -0.007978 -3.109834 -2.403556 -3.139792 0.000035 0.004242 0.480870 0.000001 -0.004242 0.042897 0.000000 0.000000 0.013196 -4.610124 -2.491975 -2.359596 -4.073585 6.893384 -24.289328 0.000000 0.000000 19.183346 1.944758 12.064675 -13.086010 0.000000 0.000000 0.000000 -22.799934 4.501690 -62.303974 0.000000 0.000000 88.252307 2.720174 -2.787156 -6.066098 0.000000 0.000000 -0.000003 
1.005700 88.858800 -22.344300 -2.469580 -6.766402 19.011669 -0.250202 1.029816 -6.134316 0.746256 1.083355 -3.678773 6.512595 -46.165035 -10.468001 -11.237681 4.355842 17.101341 -8.434067 46.667207 -13.722171 0.000000 0.000000 0.000000 -42.595347 42.760852 -0.051117 -24.425267 2.734054 -25.936562 -0.000000 -30.890150 0.000000 0.080479 -0.005239 -0.988820 0.000000 0.000000 0.607176 0.005215 0.000010 -0.110703 -0.012689 0.000454 -0.146434 0.022390 -0.001199 4.934506 0.000000 0.000000 0.746397 0.000014 0.006565 0.122572 -0.000022 -0.014325 0.164521 2.447046 -0.079831 2.056764 0.000000 0.000000 0.740482 -0.000002 0.007173 -0.014980 -0.000004 -0.015017 0.027776 4.260386 -0.094452 1.375350 0.000000 0.000000 0.754839 0.000000 0.009448 0.000229 -0.000006 -0.022452 0.026332 -6.917769 0.291382 2.291170 0.000000 0.000000 0.754038 -0.000001 0.004175 -0.008146 -0.000001 -0.009275 0.012467 0.441624 -0.014543 2.538997 24.935705 3.608287 -0.042580 25.819439 -13.210274 12.561112 -0.000000 86.054237 -0.000000 -0.080308 0.004629 -0.724563 0.000000 0.000000 0.472622 0.000000 0.000000 0.008252 0.000000 0.000000 -0.001366 -7.969741 -5.107087 -8.050663 0.000000 0.000000 0.467721 0.000000 0.000000 -0.015015 0.000000 0.000000 0.025121 6.271931 -1.933901 -4.817211 0.000000 0.000000 0.481966 0.000000 0.000000 -0.004083 0.000000 0.000000 -0.000628 -1.013052 -2.505694 -6.799366 0.000000 0.000000 0.479930 0.000000 0.000000 0.003389 0.000000 0.000000 -0.007978 -3.109834 -2.403556 -3.139792 0.000035 0.004242 0.480870 0.000001 -0.004242 0.042897 0.000000 0.000000 0.013196 -4.610124 -2.491975 -2.359596 -3.369802 8.270988 -23.887381 0.000000 0.000000 16.379152 1.847862 10.706936 -11.851859 0.000000 0.000000 0.000000 -21.009229 5.562564 -60.439672 0.000000 0.000000 84.643418 3.023698 -3.648331 -3.793273 0.000000 0.000000 -0.000003 
0.878300 88.833500 -22.037500 -3.383794 -6.089344 20.728974 -0.069490 1.036509 -6.684056 1.292456 1.129509 -4.890827 7.306336 -43.199294 -11.285047 -10.789447 4.378799 18.106302 -8.385719 43.380662 -14.171515 0.000000 0.000000 0.000000 -41.540129 43.088211 -0.052644 -24.468080 2.557619 -25.982008 -0.000000 -34.109459 0.000000 0.080479 -0.005239 -0.988820 0.000000 0.000000 0.607176 0.005215 0.000010 -0.110703 -0.012689 0.000454 -0.146434 0.022390 -0.001199 4.934506 0.000000 0.000000 0.746397 0.000014 0.006565 0.122572 -0.000022 -0.014325 0.164521 2.447046 -0.079831 2.056764 0.000000 0.000000 0.740482 -0.000002 0.007173 -0.014980 -0.000004 -0.015017 0.027776 4.260386 -0.094452 1.375350 0.000000 0.000000 0.754839 0.000000 0.009448 0.000229 -0.000006 -0.022452 0.026332 -6.917769 0.291382 2.291170 0.000000 0.000000 0.754038 -0.000001 0.004175 -0.008146 -0.000001 -0.009275 0.012467 0.441624 -0.014543 2.538997 24.333439 3.452211 -0.043444 23.253566 -12.069294 13.287010 -0.000000 79.283318 -0.000000 -0.080308 0.004629 -0.724563 0.000000 0.000000 0.472622 0.000000 0.000000 0.008252 0.000000 0.000000 -0.001366 -7.969741 -5.107087 -8.050663 0.000000 0.000000 0.467721 0.000000 0.000000 -0.015015 0.000000 0.000000 0.025121 6.271931 -1.933901 -4.817211 0.000000 0.000000 0.481966 0.000000 0.000000 -0.004083 0.000000 0.000000 -0.000628 -1.013052 -2.505694 -6.799366 0.000000 0.000000 0.479930 0.000000 0.000000 0.003389 0.000000 0.000000 -0.007978 -3.109834 -2.403556 -3.139792 0.000035 0.004242 0.480870 0.000001 -0.004242 0.042897 0.000000 0.000000 0.013196 -4.610124 -2.491975 -2.359596 -2.408473 7.620686 -25.886687 0.000000 0.000000 17.440034 2.204425 11.099162 -12.403810 0.000000 0.000000 0.000000 -17.685543 5.331129 -57.305360 0.000000 0.000000 77.665829 3.161680 -4.324335 -4.797875 0.000000 0.000000 -0.000003 
1.089100 88.161300 -21.853300 -3.597337 -5.264682 22.672481 -0.661280 0.600532 -7.800120 2.086286 0.920504 -6.227509 6.938459 -36.577101 -11.089826 -8.842334 3.782857 18.947278 -6.993214 36.046629 -12.453801 0.000000 0.000000 0.000000 -39.973615 43.139798 -0.041275 -24.621410 2.686707 -25.829365 -0.000000 -40.759258 0.000000 0.080479 -0.005239 -0.988820 0.000000 0.000000 0.607176 0.005215 0.000010 -0.110703 -0.012689 0.000454 -0.146434 0.022390 -0.001199 4.934506 0.000000 0.000000 0.746397 0.000014 0.006565 0.122572 -0.000022 -0.014325 0.164521 2.447046 -0.079831 2.056764 0.000000 0.000000 0.740482 -0.000002 0.007173 -0.014980 -0.000004 -0.015017 0.027776 4.260386 -0.094452 1.375350 0.000000 0.000000 0.754839 0.000000 0.009448 0.000229 -0.000006 -0.022452 0.026332 -6.917769 0.291382 2.291170 0.000000 0.000000 0.754038 -0.000001 0.004175 -0.008146 -0.000001 -0.009275 0.012467 0.441624 -0.014543 2.538997 23.861215 3.237964 -0.044189 20.437319 -11.174106 14.137467 -0.000000 67.171783 -0.000000 -0.080308 0.004629 -0.724563 0.000000 0.000000 0.472622 0.000000 0.000000 0.008252 0.000000 0.000000 -0.001366 -7.969741 -5.107087 -8.050663 0.000000 0.000000 0.467721 0.000000 0.000000 -0.015015 0.000000 0.000000 0.025121 6.271931 -1.933901 -4.817211 0.000000 0.000000 0.481966 0.000000 0.000000 -0.004083 0.000000 0.000000 -0.000628 -1.013052 -2.505694 -6.799366 0.000000 0.000000 0.479930 0.000000 0.000000 0.003389 0.000000 0.000000 -0.007978 -3.109834 -2.403556 -3.139792 0.000035 0.004242 0.480870 0.000001 -0.004242 0.042897 0.000000 0.000000 0.013196 -4.610124 -2.491975 -2.359596 -2.251313 6.774257 -30.615838 0.000000 0.000000 22.972904 1.302078 11.134770 -15.276179 0.000000 0.000000 0.000000 -14.303906 5.050489 -51.259755 0.000000 0.000000 64.668269 6.284752 -4.973722 -7.127888 0.000000 0.000000 -0.000003 
1.162400 86.412200 -21.355000 -2.357054 -3.417253 23.794624 -2.153232 -0.325027 -8.657245 2.252947 0.334531 -6.872754 7.188317 -28.694703 -11.916855 -6.172974 2.810283 20.530725 -6.708334 24.939997 -11.951078 0.000000 0.000000 0.000000 -38.566026 42.504703 -0.031346 -24.537324 3.368569 -25.678983 -0.000000 -50.412460 0.000000 0.080479 -0.005239 -0.988820 0.000000 0.000000 0.607176 0.005215 0.000010 -0.110703 -0.012689 0.000454 -0.146434 0.022390 -0.001199 4.934506 0.000000 0.000000 0.746397 0.000014 0.006565 0.122572 -0.000022 -0.014325 0.164521 2.447046 -0.079831 2.056764 0.000000 0.000000 0.740482 -0.000002 0.007173 -0.014980 -0.000004 -0.015017 0.027776 4.260386 -0.094452 1.375350 0.000000 0.000000 0.754839 0.000000 0.009448 0.000229 -0.000006 -0.022452 0.026332 -6.917769 0.291382 2.291170 0.000000 0.000000 0.754038 -0.000001 0.004175 -0.008146 -0.000001 -0.009275 0.012467 0.441624 -0.014543 2.538997 23.372503 3.021137 -0.044763 17.829215 -11.137951 14.816337 -0.000000 51.259811 -0.000000 -0.080308 0.004629 -0.724563 0.000000 0.000000 0.472622 0.000000 0.000000 0.008252 0.000000 0.000000 -0.001366 -7.969741 -5.107087 -8.050663 0.000000 0.000000 0.467721 0.000000 0.000000 -0.015015 0.000000 0.000000 0.025121 6.271931 -1.933901 -4.817211 0.000000 0.000000 0.481966 0.000000 0.000000 -0.004083 0.000000 0.000000 -0.000628 -1.013052 -2.505694 -6.799366 0.000000 0.000000 0.479930 0.000000 0.000000 0.003389 0.000000 0.000000 -0.007978 -3.109834 -2.403556 -3.139792 0.000035 0.004242 0.480870 0.000001 -0.004242 0.042897 0.000000 0.000000 0.013196 -4.610124 -2.491975 -2.359596 -2.984435 4.550678 -36.470931 0.000000 0.000000 32.382615 1.076548 11.370563 -19.989129 0.000000 0.000000 0.000000 -12.032682 3.469426 -41.152883 0.000000 0.000000 45.083778 8.073616 -2.303857 -3.159899 0.000000 0.000000 -0.000003 
1.137700 84.763900 -20.018700 -4.911412 -2.364218 24.424069 -0.122015 -0.685020 -8.629070 4.103551 -0.070091 -7.577799 6.428968 -16.771568 -13.498143 -5.012347 2.336657 20.941599 -4.558065 12.385718 -7.737110 0.000000 0.000000 0.000000 -37.962876 41.258168 -0.039206 -24.176784 4.415318 -25.493174 -0.000000 -62.402531 0.000000 0.080479 -0.005239 -0.988820 0.000000 0.000000 0.607176 0.005215 0.000010 -0.110703 -0.012689 0.000454 -0.146434 0.022390 -0.001199 4.934506 0.000000 0.000000 0.746397 0.000014 0.006565 0.122572 -0.000022 -0.014325 0.164521 2.447046 -0.079831 2.056764 0.000000 0.000000 0.740482 -0.000002 0.007173 -0.014980 -0.000004 -0.015017 0.027776 4.260386 -0.094452 1.375350 0.000000 0.000000 0.754839 0.000000 0.009448 0.000229 -0.000006 -0.022452 0.026332 -6.917769 0.291382 2.291170 0.000000 0.000000 0.754038 -0.000001 0.004175 -0.008146 -0.000001 -0.009275 0.012467 0.441624 -0.014543 2.538997 22.997104 2.923821 -0.044110 15.875974 -12.535603 15.087970 -0.000000 35.921341 -0.000000 -0.080308 0.004629 -0.724563 0.000000 0.000000 0.472622 0.000000 0.000000 0.008252 0.000000 0.000000 -0.001366 -7.969741 -5.107087 -8.050663 0.000000 0.000000 0.467721 0.000000 0.000000 -0.015015 0.000000 0.000000 0.025121 6.271931 -1.933901 -4.817211 0.000000 0.000000 0.481966 0.000000 0.000000 -0.004083 0.000000 0.000000 -0.000628 -1.013052 -2.505694 -6.799366 0.000000 0.000000 0.479930 0.000000 0.000000 0.003389 0.000000 0.000000 -0.007978 -3.109834 -2.403556 -3.139792 0.000035 0.004242 0.480870 0.000001 -0.004242 0.042897 0.000000 0.000000 0.013196 -4.610124 -2.491975 -2.359596 -0.503937 4.947605 -40.514969 0.000000 0.000000 40.677785 1.504833 11.061201 -23.607677 0.000000 0.000000 0.000000 -8.728083 3.614495 -39.028289 0.000000 0.000000 44.504827 10.018977 -5.700801 -12.210778 0.000000 0.000000 -0.000003 
1.366700 83.609300 -20.279900 -5.601179 -0.142203 24.690491 0.177947 -1.530783 -8.669908 5.208494 -0.758558 -8.210102 6.767524 -9.187959 -14.608916 -4.811356 2.087391 20.188275 -4.140388 2.504215 -6.712461 0.000000 0.000000 0.000000 -37.975760 39.891283 -0.042730 -23.633590 5.068767 -25.068374 -0.000000 -73.254356 0.000000 0.080479 -0.005239 -0.988820 0.000000 0.000000 0.607176 0.005215 0.000010 -0.110703 -0.012689 0.000454 -0.146434 0.022390 -0.001199 4.934506 0.000000 0.000000 0.746397 0.000014 0.006565 0.122572 -0.000022 -0.014325 0.164521 2.447046 -0.079831 2.056764 0.000000 0.000000 0.740482 -0.000002 0.007173 -0.014980 -0.000004 -0.015017 0.027776 4.260386 -0.094452 1.375350 0.000000 0.000000 0.754839 0.000000 0.009448 0.000229 -0.000006 -0.022452 0.026332 -6.917769 0.291382 2.291170 0.000000 0.000000 0.754038 -0.000001 0.004175 -0.008146 -0.000001 -0.009275 0.012467 0.441624 -0.014543 2.538997 22.867617 2.978544 -0.043380 15.406600 -15.070673 14.767055 -0.000000 25.478580 -0.000000 -0.080308 0.004629 -0.724563 0.000000 0.000000 0.472622 0.000000 0.000000 0.008252 0.000000 0.000000 -0.001366 -7.969741 -5.107087 -8.050663 0.000000 0.000000 0.467721 0.000000 0.000000 -0.015015 0.000000 0.000000 0.025121 6.271931 -1.933901 -4.817211 0.000000 0.000000 0.481966 0.000000 0.000000 -0.004083 0.000000 0.000000 -0.000628 -1.013052 -2.505694 -6.799366 0.000000 0.000000 0.479930 0.000000 0.000000 0.003389 0.000000 0.000000 -0.007978 -3.109834 -2.403556 -3.139792 0.000035 0.004242 0.480870 0.000001 -0.004242 0.042897 0.000000 0.000000 0.013196 -4.610124 -2.491975 -2.359596 0.261107 4.225883 -43.554158 0.000000 0.000000 45.454219 2.316845 11.384767 -26.594233 0.000000 0.000000 0.000000 -7.116845 1.809734 -37.791923 0.000000 0.000000 43.830478 9.822650 -6.074373 -18.135398 0.000000 0.000000 -0.000003 
1.476600 84.084600 -21.668900 -5.778711 2.630762 25.119021 0.621279 -1.333360 -9.047219 5.649325 -0.490808 -9.013632 6.962842 -6.054990 -15.711376 -6.278590 2.605234 19.561444 -4.548973 -2.095051 -6.763752 0.000000 0.000000 0.000000 -37.883311 38.621676 -0.039171 -22.785346 4.562194 -24.398600 -0.000000 -77.137703 0.000000 0.080479 -0.005239 -0.988820 0.000000 0.000000 0.607176 0.005215 0.000010 -0.110703 -0.012689 0.000454 -0.146434 0.022390 -0.001199 4.934506 0.000000 0.000000 0.746397 0.000014 0.006565 0.122572 -0.000022 -0.014325 0.164521 2.447046 -0.079831 2.056764 0.000000 0.000000 0.740482 -0.000002 0.007173 -0.014980 -0.000004 -0.015017 0.027776 4.260386 -0.094452 1.375350 0.000000 0.000000 0.754839 0.000000 0.009448 0.000229 -0.000006 -0.022452 0.026332 -6.917769 0.291382 2.291170 0.000000 0.000000 0.754038 -0.000001 0.004175 -0.008146 -0.000001 -0.009275 0.012467 0.441624 -0.014543 2.538997 22.768413 3.016207 -0.042945 17.384085 -17.254218 13.758481 -0.000000 20.873690 -0.000000 -0.080308 0.004629 -0.724563 0.000000 0.000000 0.472622 0.000000 0.000000 0.008252 0.000000 0.000000 -0.001366 -7.969741 -5.107087 -8.050663 0.000000 0.000000 0.467721 0.000000 0.000000 -0.015015 0.000000 0.000000 0.025121 6.271931 -1.933901 -4.817211 0.000000 0.000000 0.481966 0.000000 0.000000 -0.004083 0.000000 0.000000 -0.000628 -1.013052 -2.505694 -6.799366 0.000000 0.000000 0.479930 0.000000 0.000000 0.003389 0.000000 0.000000 -0.007978 -3.109834 -2.403556 -3.139792 0.000035 0.004242 0.480870 0.000001 -0.004242 0.042897 0.000000 0.000000 0.013196 -4.610124 -2.491975 -2.359596 1.170935 2.489383 -44.161800 0.000000 0.000000 44.010455 1.519341 11.856730 -28.862508 0.000000 0.000000 0.000000 -6.797432 -0.061100 -38.961883 0.000000 0.000000 43.844074 9.770656 -3.247332 -15.168135 0.000000 0.000000 -0.000003 
1.680400 85.544700 -21.034400 -6.118313 5.092898 25.113477 1.932716 -1.236424 -8.988157 5.850498 -0.471539 -9.702479 6.992114 -5.952991 -16.208897 -8.749357 3.611784 19.033106 -4.850955 -2.783057 -8.447380 0.000000 0.000000 0.000000 -37.720267 37.409937 -0.038930 -21.858434 2.811498 -23.340148 -0.000000 -72.618652 0.000000 0.080479 -0.005239 -0.988820 0.000000 0.000000 0.607176 0.005215 0.000010 -0.110703 -0.012689 0.000454 -0.146434 0.022390 -0.001199 4.934506 0.000000 0.000000 0.746397 0.000014 0.006565 0.122572 -0.000022 -0.014325 0.164521 2.447046 -0.079831 2.056764 0.000000 0.000000 0.740482 -0.000002 0.007173 -0.014980 -0.000004 -0.015017 0.027776 4.260386 -0.094452 1.375350 0.000000 0.000000 0.754839 0.000000 0.009448 0.000229 -0.000006 -0.022452 0.026332 -6.917769 0.291382 2.291170 0.000000 0.000000 0.754038 -0.000001 0.004175 -0.008146 -0.000001 -0.009275 0.012467 0.441624 -0.014543 2.538997 22.644433 3.047145 -0.042912 21.606986 -17.410468 12.211129 -0.000000 21.036230 -0.000000 -0.080308 0.004629 -0.724563 0.000000 0.000000 0.472622 0.000000 0.000000 0.008252 0.000000 0.000000 -0.001366 -7.969741 -5.107087 -8.050663 0.000000 0.000000 0.467721 0.000000 0.000000 -0.015015 0.000000 0.000000 0.025121 6.271931 -1.933901 -4.817211 0.000000 0.000000 0.481966 0.000000 0.000000 -0.004083 0.000000 0.000000 -0.000628 -1.013052 -2.505694 -6.799366 0.000000 0.000000 0.479930 0.000000 0.000000 0.003389 0.000000 0.000000 -0.007978 -3.109834 -2.403556 -3.139792 0.000035 0.004242 0.480870 0.000001 -0.004242 0.042897 0.000000 0.000000 0.013196 -4.610124 -2.491975 -2.359596 2.372391 0.761502 -41.447392 0.000000 0.000000 38.344992 2.545068 11.789287 -22.276631 0.000000 0.000000 0.000000 -7.034025 -1.393557 -42.478544 0.000000 0.000000 47.571363 12.017356 0.462218 -0.661179 0.000000 0.000000 -0.000003 
1.593900 86.941300 -22.473400 -6.207725 5.870014 24.211121 2.158588 -0.818646 -9.324768 5.408046 -0.268155 -8.836705 8.290517 -10.404071 -15.139675 -10.653354 3.967751 16.546032 -5.791804 2.870561 -11.304097 0.000000 0.000000 0.000000 -37.556062 35.892984 -0.026187 -21.408811 0.709398 -21.909766 -0.000000 -63.406460 0.000000 0.080479 -0.005239 -0.988820 0.000000 0.000000 0.607176 0.005215 0.000010 -0.110703 -0.012689 0.000454 -0.146434 0.022390 -0.001199 4.934506 0.000000 0.000000 0.746397 0.000014 0.006565 0.122572 -0.000022 -0.014325 0.164521 2.447046 -0.079831 2.056764 0.000000 0.000000 0.740482 -0.000002 0.007173 -0.014980 -0.000004 -0.015017 0.027776 4.260386 -0.094452 1.375350 0.000000 0.000000 0.754839 0.000000 0.009448 0.000229 -0.000006 -0.022452 0.026332 -6.917769 0.291382 2.291170 0.000000 0.000000 0.754038 -0.000001 0.004175 -0.008146 -0.000001 -0.009275 0.012467 0.441624 -0.014543 2.538997 22.581919 3.074554 -0.043147 26.949881 -15.109653 10.501915 -0.000000 25.316259 -0.000000 -0.080308 0.004629 -0.724563 0.000000 0.000000 0.472622 0.000000 0.000000 0.008252 0.000000 0.000000 -0.001366 -7.969741 -5.107087 -8.050663 0.000000 0.000000 0.467721 0.000000 0.000000 -0.015015 0.000000 0.000000 0.025121 6.271931 -1.933901 -4.817211 0.000000 0.000000 0.481966 0.000000 0.000000 -0.004083 0.000000 0.000000 -0.000628 -1.013052 -2.505694 -6.799366 0.000000 0.000000 0.479930 0.000000 0.000000 0.003389 0.000000 0.000000 -0.007978 -3.109834 -2.403556 -3.139792 0.000035 0.004242 0.480870 0.000001 -0.004242 0.042897 0.000000 0.000000 0.013196 -4.610124 -2.491975 -2.359596 3.087807 -0.274630 -38.614128 0.000000 0.000000 32.423319 2.111978 11.618980 -18.423229 0.000000 0.000000 0.000000 -8.446358 -1.604580 -48.375337 0.000000 0.000000 59.303603 11.678135 2.338061 -1.230095 0.000000 0.000000 -0.000003 
1.337200 87.229000 -22.888800 -5.914183 6.015394 21.850620 1.406280 -0.369726 -8.490086 5.371038 0.166574 -7.176104 9.380966 -15.889528 -13.699096 -12.132862 3.638538 13.106707 -8.330694 10.292152 -14.811140 0.000000 0.000000 0.000000 -36.902546 34.049472 -0.008071 -21.279994 -1.166498 -20.347021 -0.000000 -53.581089 0.000000 0.080479 -0.005239 -0.988820 0.000000 0.000000 0.607176 0.005215 0.000010 -0.110703 -0.012689 0.000454 -0.146434 0.022390 -0.001199 4.934506 0.000000 0.000000 0.746397 0.000014 0.006565 0.122572 -0.000022 -0.014325 0.164521 2.447046 -0.079831 2.056764 0.000000 0.000000 0.740482 -0.000002 0.007173 -0.014980 -0.000004 -0.015017 0.027776 4.260386 -0.094452 1.375350 0.000000 0.000000 0.754839 0.000000 0.009448 0.000229 -0.000006 -0.022452 0.026332 -6.917769 0.291382 2.291170 0.000000 0.000000 0.754038 -0.000001 0.004175 -0.008146 -0.000001 -0.009275 0.012467 0.441624 -0.014543 2.538997 22.532252 2.979571 -0.043441 32.831531 -11.618280 8.779751 -0.000000 33.416229 -0.000000 -0.080308 0.004629 -0.724563 0.000000 0.000000 0.472622 0.000000 0.000000 0.008252 0.000000 0.000000 -0.001366 -7.969741 -5.107087 -8.050663 0.000000 0.000000 0.467721 0.000000 0.000000 -0.015015 0.000000 0.000000 0.025121 6.271931 -1.933901 -4.817211 0.000000 0.000000 0.481966 0.000000 0.000000 -0.004083 0.000000 0.000000 -0.000628 -1.013052 -2.505694 -6.799366 0.000000 0.000000 0.479930 0.000000 0.000000 0.003389 0.000000 0.000000 -0.007978 -3.109834 -2.403556 -3.139792 0.000035 0.004242 0.480870 0.000001 -0.004242 0.042897 0.000000 0.000000 0.013196 -4.610124 -2.491975 -2.359596 3.350363 -1.515068 -35.807693 0.000000 0.000000 30.942523 1.939374 12.486904 -17.324756 0.000000 0.000000 0.000000 -10.677122 -1.253088 -53.872811 0.000000 0.000000 72.696135 8.729245 3.219828 -1.818791 0.000000 0.000000 -0.000003 
0.785900 87.009200 -23.006100 -6.093598 6.749240 20.144760 1.302413 0.214607 -8.589359 5.157352 0.600545 -5.459018 9.984505 -22.429121 -12.347899 -12.931380 3.248065 10.301738 -10.066696 18.514693 -18.439338 0.000000 0.000000 0.000000 -35.721769 32.582885 -0.016529 -21.125591 -2.862605 -18.679401 -0.000000 -46.745560 0.000000 0.080479 -0.005239 -0.988820 0.000000 0.000000 0.607176 0.005215 0.000010 -0.110703 -0.012689 0.000454 -0.146434 0.022390 -0.001199 4.934506 0.000000 0.000000 0.746397 0.000014 0.006565 0.122572 -0.000022 -0.014325 0.164521 2.447046 -0.079831 2.056764 0.000000 0.000000 0.740482 -0.000002 0.007173 -0.014980 -0.000004 -0.015017 0.027776 4.260386 -0.094452 1.375350 0.000000 0.000000 0.754839 0.000000 0.009448 0.000229 -0.000006 -0.022452 0.026332 -6.917769 0.291382 2.291170 0.000000 0.000000 0.754038 -0.000001 0.004175 -0.008146 -0.000001 -0.009275 0.012467 0.441624 -0.014543 2.538997 22.697693 2.871949 -0.043832 38.523917 -8.561069 6.878810 -0.000000 44.306160 -0.000000 -0.080308 0.004629 -0.724563 0.000000 0.000000 0.472622 0.000000 0.000000 0.008252 0.000000 0.000000 -0.001366 -7.969741 -5.107087 -8.050663 0.000000 0.000000 0.467721 0.000000 0.000000 -0.015015 0.000000 0.000000 0.025121 6.271931 -1.933901 -4.817211 0.000000 0.000000 0.481966 0.000000 0.000000 -0.004083 0.000000 0.000000 -0.000628 -1.013052 -2.505694 -6.799366 0.000000 0.000000 0.479930 0.000000 0.000000 0.003389 0.000000 0.000000 -0.007978 -3.109834 -2.403556 -3.139792 0.000035 0.004242 0.480870 0.000001 -0.004242 0.042897 0.000000 0.000000 0.013196 -4.610124 -2.491975 -2.359596 4.560281 -3.562612 -35.123549 0.000000 0.000000 32.384175 1.197731 13.903402 -17.786317 0.000000 0.000000 0.000000 -14.381312 1.998491 -63.175343 0.000000 0.000000 91.231620 4.565387 -0.362520 -3.125459 0.000000 0.000000 -0.000003 
0.222100 86.438200 -22.784900 -5.797264 7.189951 17.731314 0.611744 0.788445 -7.470756 4.752429 1.092516 -4.009159 9.762164 -29.690367 -11.302206 -11.053785 2.342571 8.353554 -11.419628 26.374679 -20.944405 0.000000 0.000000 0.000000 -34.473871 31.989140 -0.037427 -21.178030 -4.356033 -16.940450 -0.000000 -44.740410 0.000000 0.080479 -0.005239 -0.988820 0.000000 0.000000 0.607176 0.005215 0.000010 -0.110703 -0.012689 0.000454 -0.146434 0.022390 -0.001199 4.934506 0.000000 0.000000 0.746397 0.000014 0.006565 0.122572 -0.000022 -0.014325 0.164521 2.447046 -0.079831 2.056764 0.000000 0.000000 0.740482 -0.000002 0.007173 -0.014980 -0.000004 -0.015017 0.027776 4.260386 -0.094452 1.375350 0.000000 0.000000 0.754839 0.000000 0.009448 0.000229 -0.000006 -0.022452 0.026332 -6.917769 0.291382 2.291170 0.000000 0.000000 0.754038 -0.000001 0.004175 -0.008146 -0.000001 -0.009275 0.012467 0.441624 -0.014543 2.538997 23.278556 2.950668 -0.045248 42.731018 -6.893005 4.561991 -0.000000 56.405090 -0.000000 -0.080308 0.004629 -0.724563 0.000000 0.000000 0.472622 0.000000 0.000000 0.008252 0.000000 0.000000 -0.001366 -7.969741 -5.107087 -8.050663 0.000000 0.000000 0.467721 0.000000 0.000000 -0.015015 0.000000 0.000000 0.025121 6.271931 -1.933901 -4.817211 0.000000 0.000000 0.481966 0.000000 0.000000 -0.004083 0.000000 0.000000 -0.000628 -1.013052 -2.505694 -6.799366 0.000000 0.000000 0.479930 0.000000 0.000000 0.003389 0.000000 0.000000 -0.007978 -3.109834 -2.403556 -3.139792 0.000035 0.004242 0.480870 0.000001 -0.004242 0.042897 0.000000 0.000000 0.013196 -4.610124 -2.491975 -2.359596 4.828848 -4.690880 -34.071876 0.000000 0.000000 35.125660 0.061198 14.273956 -19.310474 0.000000 0.000000 0.000000 -18.231115 4.974696 -69.019311 0.000000 0.000000 103.527296 -0.672060 -2.988826 -3.967585 0.000000 0.000000 -0.000003 
-0.492700 85.899700 -22.960300 -5.422123 8.177722 15.508922 0.058953 0.788917 -6.379636 4.484718 1.055144 -2.932851 8.905811 -33.991811 -10.083138 -9.453321 1.911545 7.635108 -11.741216 31.222415 -22.649858 0.000000 0.000000 0.000000 -33.431403 31.920760 -0.044595 -21.968784 -5.481819 -15.295140 -0.000000 -46.254139 0.000000 0.080479 -0.005239 -0.988820 0.000000 0.000000 0.607176 0.005215 0.000010 -0.110703 -0.012689 0.000454 -0.146434 0.022390 -0.001199 4.934506 0.000000 0.000000 0.746397 0.000014 0.006565 0.122572 -0.000022 -0.014325 0.164521 2.447046 -0.079831 2.056764 0.000000 0.000000 0.740482 -0.000002 0.007173 -0.014980 -0.000004 -0.015017 0.027776 4.260386 -0.094452 1.375350 0.000000 0.000000 0.754839 0.000000 0.009448 0.000229 -0.000006 -0.022452 0.026332 -6.917769 0.291382 2.291170 0.000000 0.000000 0.754038 -0.000001 0.004175 -0.008146 -0.000001 -0.009275 0.012467 0.441624 -0.014543 2.538997 23.907502 3.231465 -0.044947 44.671108 -6.798441 1.742925 -0.000000 68.040451 -0.000000 -0.080308 0.004629 -0.724563 0.000000 0.000000 0.472622 0.000000 0.000000 0.008252 0.000000 0.000000 -0.001366 -7.969741 -5.107087 -8.050663 0.000000 0.000000 0.467721 0.000000 0.000000 -0.015015 0.000000 0.000000 0.025121 6.271931 -1.933901 -4.817211 0.000000 0.000000 0.481966 0.000000 0.000000 -0.004083 0.000000 0.000000 -0.000628 -1.013052 -2.505694 -6.799366 0.000000 0.000000 0.479930 0.000000 0.000000 0.003389 0.000000 0.000000 -0.007978 -3.109834 -2.403556 -3.139792 0.000035 0.004242 0.480870 0.000001 -0.004242 0.042897 0.000000 0.000000 0.013196 -4.610124 -2.491975 -2.359596 4.905071 -5.264098 -33.435891 0.000000 0.000000 37.579593 -0.241614 13.666178 -20.212839 0.000000 0.000000 0.000000 -21.689824 6.881191 -71.480307 0.000000 0.000000 109.194522 -0.882719 -3.077839 -3.925401 0.000000 0.000000 -0.000003 
-0.781200 85.737000 -22.561900 -5.806328 9.560416 13.730213 0.453294 1.268392 -6.189651 4.424794 1.396671 -1.967821 8.102334 -36.722415 -9.537639 -9.129454 1.901789 8.346293 -11.584222 33.924217 -22.161068 0.000000 0.000000 0.000000 -32.602118 31.806688 -0.041789 -23.712651 -6.003922 -13.916174 -0.000000 -49.077431 0.000000 0.080479 -0.005239 -0.988820 0.000000 0.000000 0.607176 0.005215 0.000010 -0.110703 -0.012689 0.000454 -0.146434 0.022390 -0.001199 4.934506 0.000000 0.000000 0.746397 0.000014 0.006565 0.122572 -0.000022 -0.014325 0.164521 2.447046 -0.079831 2.056764 0.000000 0.000000 0.740482 -0.000002 0.007173 -0.014980 -0.000004 -0.015017 0.027776 4.260386 -0.094452 1.375350 0.000000 0.000000 0.754839 0.000000 0.009448 0.000229 -0.000006 -0.022452 0.026332 -6.917769 0.291382 2.291170 0.000000 0.000000 0.754038 -0.000001 0.004175 -0.008146 -0.000001 -0.009275 0.012467 0.441624 -0.014543 2.538997 23.970230 3.609640 -0.041645 44.403266 -7.750753 -1.320278 -0.000000 76.913399 -0.000000 -0.080308 0.004629 -0.724563 0.000000 0.000000 0.472622 0.000000 0.000000 0.008252 0.000000 0.000000 -0.001366 -7.969741 -5.107087 -8.050663 0.000000 0.000000 0.467721 0.000000 0.000000 -0.015015 0.000000 0.000000 0.025121 6.271931 -1.933901 -4.817211 0.000000 0.000000 0.481966 0.000000 0.000000 -0.004083 0.000000 0.000000 -0.000628 -1.013052 -2.505694 -6.799366 0.000000 0.000000 0.479930 0.000000 0.000000 0.003389 0.000000 0.000000 -0.007978 -3.109834 -2.403556 -3.139792 0.000035 0.004242 0.480870 0.000001 -0.004242 0.042897 0.000000 0.000000 0.013196 -4.610124 -2.491975 -2.359596 5.090302 -4.049423 -32.095704 0.000000 0.000000 38.463288 -2.647464 12.037862 -21.386307 0.000000 0.000000 0.000000 -23.240242 8.014767 -70.475590 0.000000 0.000000 108.543650 0.127420 -0.600377 -3.544047 0.000000 0.000000 -0.000003 
-0.764900 86.353600 -21.832700 -5.299474 12.102645 13.020403 0.204531 1.047825 -6.780788 3.952250 1.137728 -1.557380 7.663500 -36.058627 -9.413919 -9.210269 2.439245 10.880353 -9.423747 30.645911 -19.998042 0.000000 0.000000 0.000000 -31.830331 31.435677 -0.037890 -26.246420 -5.522260 -12.913983 -0.000000 -52.626572 0.000000 0.080479 -0.005239 -0.988820 0.000000 0.000000 0.607176 0.005215 0.000010 -0.110703 -0.012689 0.000454 -0.146434 0.022390 -0.001199 4.934506 0.000000 0.000000 0.746397 0.000014 0.006565 0.122572 -0.000022 -0.014325 0.164521 2.447046 -0.079831 2.056764 0.000000 0.000000 0.740482 -0.000002 0.007173 -0.014980 -0.000004 -0.015017 0.027776 4.260386 -0.094452 1.375350 0.000000 0.000000 0.754839 0.000000 0.009448 0.000229 -0.000006 -0.022452 0.026332 -6.917769 0.291382 2.291170 0.000000 0.000000 0.754038 -0.000001 0.004175 -0.008146 -0.000001 -0.009275 0.012467 0.441624 -0.014543 2.538997 23.264034 3.896770 -0.039601 42.195308 -9.136737 -4.101998 -0.000000 80.628304 -0.000000 -0.080308 0.004629 -0.724563 0.000000 0.000000 0.472622 0.000000 0.000000 0.008252 0.000000 0.000000 -0.001366 -7.969741 -5.107087 -8.050663 0.000000 0.000000 0.467721 0.000000 0.000000 -0.015015 0.000000 0.000000 0.025121 6.271931 -1.933901 -4.817211 0.000000 0.000000 0.481966 0.000000 0.000000 -0.004083 0.000000 0.000000 -0.000628 -1.013052 -2.505694 -6.799366 0.000000 0.000000 0.479930 0.000000 0.000000 0.003389 0.000000 0.000000 -0.007978 -3.109834 -2.403556 -3.139792 0.000035 0.004242 0.480870 0.000001 -0.004242 0.042897 0.000000 0.000000 0.013196 -4.610124 -2.491975 -2.359596 4.255774 -2.519760 -30.890233 0.000000 0.000000 37.532459 -4.146840 9.629769 -19.437394 0.000000 0.000000 0.000000 -23.581943 7.615977 -66.188774 0.000000 0.000000 101.196468 2.162759 2.769588 -0.833009 0.000000 0.000000 -0.000003 
-0.740700 87.122400 -20.430900 -4.693268 16.481891 13.407633 -0.058039 0.424872 -7.737425 3.680287 0.564199 -2.058809 7.589468 -34.227386 -10.221054 -8.777153 2.961526 14.229966 -7.195789 24.480316 -17.012746 0.000000 0.000000 0.000000 -30.989477 30.879509 -0.032952 -28.770301 -3.777051 -12.297122 -0.000000 -57.140400 0.000000 0.080479 -0.005239 -0.988820 0.000000 0.000000 0.607176 0.005215 0.000010 -0.110703 -0.012689 0.000454 -0.146434 0.022390 -0.001199 4.934506 0.000000 0.000000 0.746397 0.000014 0.006565 0.122572 -0.000022 -0.014325 0.164521 2.447046 -0.079831 2.056764 0.000000 0.000000 0.740482 -0.000002 0.007173 -0.014980 -0.000004 -0.015017 0.027776 4.260386 -0.094452 1.375350 0.000000 0.000000 0.754839 0.000000 0.009448 0.000229 -0.000006 -0.022452 0.026332 -6.917769 0.291382 2.291170 0.000000 0.000000 0.754038 -0.000001 0.004175 -0.008146 -0.000001 -0.009275 0.012467 0.441624 -0.014543 2.538997 22.063632 4.052299 -0.042067 38.303990 -11.001037 -6.518304 -0.000000 77.854446 -0.000000 -0.080308 0.004629 -0.724563 0.000000 0.000000 0.472622 0.000000 0.000000 0.008252 0.000000 0.000000 -0.001366 -7.969741 -5.107087 -8.050663 0.000000 0.000000 0.467721 0.000000 0.000000 -0.015015 0.000000 0.000000 0.025121 6.271931 -1.933901 -4.817211 0.000000 0.000000 0.481966 0.000000 0.000000 -0.004083 0.000000 0.000000 -0.000628 -1.013052 -2.505694 -6.799366 0.000000 0.000000 0.479930 0.000000 0.000000 0.003389 0.000000 0.000000 -0.007978 -3.109834 -2.403556 -3.139792 0.000035 0.004242 0.480870 0.000001 -0.004242 0.042897 0.000000 0.000000 0.013196 -4.610124 -2.491975 -2.359596 3.759433 -2.529175 -30.343965 0.000000 0.000000 36.110619 -6.879465 8.437967 -17.022665 0.000000 0.000000 0.000000 -22.431532 5.526041 -59.058281 0.000000 0.000000 86.870053 5.457689 4.769531 3.700423 0.000000 0.000000 -0.000003 
-0.630900 87.385700 -19.099700 -3.779389 18.676728 15.799685 -0.559574 0.758020 -9.135809 3.180191 1.072829 -4.047662 7.015953 -30.275281 -11.925218 -7.883317 3.115717 17.542709 -6.259131 19.812774 -13.488480 0.000000 0.000000 0.000000 -29.855655 30.178637 -0.019131 -30.280261 -1.159481 -11.875727 -0.000000 -62.490871 0.000000 0.080479 -0.005239 -0.988820 0.000000 0.000000 0.607176 0.005215 0.000010 -0.110703 -0.012689 0.000454 -0.146434 0.022390 -0.001199 4.934506 0.000000 0.000000 0.746397 0.000014 0.006565 0.122572 -0.000022 -0.014325 0.164521 2.447046 -0.079831 2.056764 0.000000 0.000000 0.740482 -0.000002 0.007173 -0.014980 -0.000004 -0.015017 0.027776 4.260386 -0.094452 1.375350 0.000000 0.000000 0.754839 0.000000 0.009448 0.000229 -0.000006 -0.022452 0.026332 -6.917769 0.291382 2.291170 0.000000 0.000000 0.754038 -0.000001 0.004175 -0.008146 -0.000001 -0.009275 0.012467 0.441624 -0.014543 2.538997 20.637099 4.004687 -0.047411 33.573780 -13.144373 -8.577000 -0.000000 68.032066 -0.000000 -0.080308 0.004629 -0.724563 0.000000 0.000000 0.472622 0.000000 0.000000 0.008252 0.000000 0.000000 -0.001366 -7.969741 -5.107087 -8.050663 0.000000 0.000000 0.467721 0.000000 0.000000 -0.015015 0.000000 0.000000 0.025121 6.271931 -1.933901 -4.817211 0.000000 0.000000 0.481966 0.000000 0.000000 -0.004083 0.000000 0.000000 -0.000628 -1.013052 -2.505694 -6.799366 0.000000 0.000000 0.479930 0.000000 0.000000 0.003389 0.000000 0.000000 -0.007978 -3.109834 -2.403556 -3.139792 0.000035 0.004242 0.480870 0.000001 -0.004242 0.042897 0.000000 0.000000 0.013196 -4.610124 -2.491975 -2.359596 2.580079 -0.730590 -30.779744 0.000000 0.000000 34.174670 -6.523346 6.159194 -16.615386 0.000000 0.000000 0.000000 -21.423709 4.100688 -51.716419 0.000000 0.000000 67.032478 7.079449 2.344643 3.622957 0.000000 0.000000 -0.000003 
-0.551200 86.706900 -17.526600 -2.946608 21.062752 20.356690 -0.831683 -0.320584 -13.262796 2.437425 0.097772 -5.763599 5.727552 -22.432718 -12.447625 -5.050524 2.322022 20.845978 -3.348960 8.731942 -9.128261 0.000000 0.000000 0.000000 -28.279116 29.123729 0.006730 -30.457469 1.644655 -11.386428 -0.000000 -68.501694 0.000000 0.080479 -0.005239 -0.988820 0.000000 0.000000 0.607176 0.005215 0.000010 -0.110703 -0.012689 0.000454 -0.146434 0.022390 -0.001199 4.934506 0.000000 0.000000 0.746397 0.000014 0.006565 0.122572 -0.000022 -0.014325 0.164521 2.447046 -0.079831 2.056764 0.000000 0.000000 0.740482 -0.000002 0.007173 -0.014980 -0.000004 -0.015017 0.027776 4.260386 -0.094452 1.375350 0.000000 0.000000 0.754839 0.000000 0.009448 0.000229 -0.000006 -0.022452 0.026332 -6.917769 0.291382 2.291170 0.000000 0.000000 0.754038 -0.000001 0.004175 -0.008146 -0.000001 -0.009275 0.012467 0.441624 -0.014543 2.538997 19.369135 3.750373 -0.050371 28.963192 -15.317230 -10.185102 -0.000000 53.293510 -0.000000 -0.080308 0.004629 -0.724563 0.000000 0.000000 0.472622 0.000000 0.000000 0.008252 0.000000 0.000000 -0.001366 -7.969741 -5.107087 -8.050663 0.000000 0.000000 0.467721 0.000000 0.000000 -0.015015 0.000000 0.000000 0.025121 6.271931 -1.933901 -4.817211 0.000000 0.000000 0.481966 0.000000 0.000000 -0.004083 0.000000 0.000000 -0.000628 -1.013052 -2.505694 -6.799366 0.000000 0.000000 0.479930 0.000000 0.000000 0.003389 0.000000 0.000000 -0.007978 -3.109834 -2.403556 -3.139792 0.000035 0.004242 0.480870 0.000001 -0.004242 0.042897 0.000000 0.000000 0.013196 -4.610124 -2.491975 -2.359596 1.719139 0.355224 -33.748259 0.000000 0.000000 33.826891 -2.576787 3.086452 -19.422399 0.000000 0.000000 0.000000 -18.252934 -3.335914 -42.096730 0.000000 0.000000 37.822485 9.544683 -2.257884 10.588643 0.000000 0.000000 -0.000003 
-0.453700 85.764500 -16.651600 -4.277612 21.730006 20.781837 0.581007 0.861528 -13.262348 2.196704 0.957821 -7.669039 4.408287 -15.496811 -13.267132 -3.665303 1.740385 22.323218 -2.947026 0.747806 -5.866250 0.000000 0.000000 0.000000 -26.331355 27.685178 0.026792 -29.669899 3.981277 -10.719923 -0.000000 -74.580093 0.000000 0.080479 -0.005239 -0.988820 0.000000 0.000000 0.607176 0.005215 0.000010 -0.110703 -0.012689 0.000454 -0.146434 0.022390 -0.001199 4.934506 0.000000 0.000000 0.746397 0.000014 0.006565 0.122572 -0.000022 -0.014325 0.164521 2.447046 -0.079831 2.056764 0.000000 0.000000 0.740482 -0.000002 0.007173 -0.014980 -0.000004 -0.015017 0.027776 4.260386 -0.094452 1.375350 0.000000 0.000000 0.754839 0.000000 0.009448 0.000229 -0.000006 -0.022452 0.026332 -6.917769 0.291382 2.291170 0.000000 0.000000 0.754038 -0.000001 0.004175 -0.008146 -0.000001 -0.009275 0.012467 0.441624 -0.014543 2.538997 18.540281 3.403303 -0.048796 25.697590 -17.904302 -11.566579 -0.000000 38.960999 -0.000000 -0.080308 0.004629 -0.724563 0.000000 0.000000 0.472622 0.000000 0.000000 0.008252 0.000000 0.000000 -0.001366 -7.969741 -5.107087 -8.050663 0.000000 0.000000 0.467721 0.000000 0.000000 -0.015015 0.000000 0.000000 0.025121 6.271931 -1.933901 -4.817211 0.000000 0.000000 0.481966 0.000000 0.000000 -0.004083 0.000000 0.000000 -0.000628 -1.013052 -2.505694 -6.799366 0.000000 0.000000 0.479930 0.000000 0.000000 0.003389 0.000000 0.000000 -0.007978 -3.109834 -2.403556 -3.139792 0.000035 0.004242 0.480870 0.000001 -0.004242 0.042897 0.000000 0.000000 0.013196 -4.610124 -2.491975 -2.359596 3.017037 1.940336 -34.749717 0.000000 0.000000 35.718909 0.162883 -0.272326 -23.390751 0.000000 0.000000 0.000000 -15.965068 -4.451455 -37.802551 0.000000 0.000000 28.800816 10.723549 -6.614331 8.830463 0.000000 0.000000 -0.000003 
-0.889600 84.542000 -16.678600 -4.343035 22.041783 22.879225 1.851760 0.195316 -15.213324 1.686659 -0.080702 -8.330800 2.259628 -4.829582 -14.409730 -1.865271 0.939329 23.812948 -1.284653 -9.877118 -2.298693 0.000000 0.000000 0.000000 -24.385880 26.273013 0.010642 -28.578483 5.690499 -9.765808 -0.000000 -80.000961 0.000000 0.080479 -0.005239 -0.988820 0.000000 0.000000 0.607176 0.005215 0.000010 -0.110703 -0.012689 0.000454 -0.146434 0.022390 -0.001199 4.934506 0.000000 0.000000 0.746397 0.000014 0.006565 0.122572 -0.000022 -0.014325 0.164521 2.447046 -0.079831 2.056764 0.000000 0.000000 0.740482 -0.000002 0.007173 -0.014980 -0.000004 -0.015017 0.027776 4.260386 -0.094452 1.375350 0.000000 0.000000 0.754839 0.000000 0.009448 0.000229 -0.000006 -0.022452 0.026332 -6.917769 0.291382 2.291170 0.000000 0.000000 0.754038 -0.000001 0.004175 -0.008146 -0.000001 -0.009275 0.012467 0.441624 -0.014543 2.538997 18.450355 3.210609 -0.048634 24.108418 -20.860895 -13.077428 -0.000000 29.089260 -0.000000 -0.080308 0.004629 -0.724563 0.000000 0.000000 0.472622 0.000000 0.000000 0.008252 0.000000 0.000000 -0.001366 -7.969741 -5.107087 -8.050663 0.000000 0.000000 0.467721 0.000000 0.000000 -0.015015 0.000000 0.000000 0.025121 6.271931 -1.933901 -4.817211 0.000000 0.000000 0.481966 0.000000 0.000000 -0.004083 0.000000 0.000000 -0.000628 -1.013052 -2.505694 -6.799366 0.000000 0.000000 0.479930 0.000000 0.000000 0.003389 0.000000 0.000000 -0.007978 -3.109834 -2.403556 -3.139792 0.000035 0.004242 0.480870 0.000001 -0.004242 0.042897 0.000000 0.000000 0.013196 -4.610124 -2.491975 -2.359596 3.088733 3.034116 -39.808705 0.000000 0.000000 41.120541 -0.226646 -1.731460 -25.863113 0.000000 0.000000 0.000000 -14.929778 -6.185875 -36.965332 0.000000 0.000000 26.158987 12.580542 -6.415839 -1.011148 0.000000 0.000000 -0.000003 
-0.979400 84.021300 -16.289400 -4.878144 20.792343 24.113425 2.858880 0.334193 -16.123798 1.800451 -0.229192 -9.068572 0.943360 2.263278 -15.896277 -1.748544 0.925108 25.720860 -1.309886 -14.403598 -0.531607 0.000000 0.000000 0.000000 -23.112291 25.488681 -0.023139 -27.708007 6.519480 -8.433319 -0.000000 -82.692467 0.000000 0.080479 -0.005239 -0.988820 0.000000 0.000000 0.607176 0.005215 0.000010 -0.110703 -0.012689 0.000454 -0.146434 0.022390 -0.001199 4.934506 0.000000 0.000000 0.746397 0.000014 0.006565 0.122572 -0.000022 -0.014325 0.164521 2.447046 -0.079831 2.056764 0.000000 0.000000 0.740482 -0.000002 0.007173 -0.014980 -0.000004 -0.015017 0.027776 4.260386 -0.094452 1.375350 0.000000 0.000000 0.754839 0.000000 0.009448 0.000229 -0.000006 -0.022452 0.026332 -6.917769 0.291382 2.291170 0.000000 0.000000 0.754038 -0.000001 0.004175 -0.008146 -0.000001 -0.009275 0.012467 0.441624 -0.014543 2.538997 19.014503 3.389857 -0.052858 24.204548 -23.020908 -14.633561 -0.000000 25.276461 -0.000000 -0.080308 0.004629 -0.724563 0.000000 0.000000 0.472622 0.000000 0.000000 0.008252 0.000000 0.000000 -0.001366 -7.969741 -5.107087 -8.050663 0.000000 0.000000 0.467721 0.000000 0.000000 -0.015015 0.000000 0.000000 0.025121 6.271931 -1.933901 -4.817211 0.000000 0.000000 0.481966 0.000000 0.000000 -0.004083 0.000000 0.000000 -0.000628 -1.013052 -2.505694 -6.799366 0.000000 0.000000 0.479930 0.000000 0.000000 0.003389 0.000000 0.000000 -0.007978 -3.109834 -2.403556 -3.139792 0.000035 0.004242 0.480870 0.000001 -0.004242 0.042897 0.000000 0.000000 0.013196 -4.610124 -2.491975 -2.359596 3.044705 4.292793 -41.873616 0.000000 0.000000 43.197757 0.881857 -0.989669 -27.244803 0.000000 0.000000 0.000000 -14.489054 -6.245731 -38.337119 0.000000 0.000000 26.328162 14.111948 -4.690518 -3.500440 0.000000 0.000000 -0.000003 
-0.722000 84.493100 -16.759700 -3.908133 20.601093 23.666572 2.586682 0.156850 -15.175877 1.620823 -0.320329 -9.078570 1.141564 2.569153 -16.456991 -3.732017 2.163051 26.957854 -1.569073 -14.892661 -0.581411 0.000000 0.000000 0.000000 -22.598173 25.139674 -0.037162 -27.490935 6.469423 -6.767379 -0.000000 -80.723183 0.000000 0.080479 -0.005239 -0.988820 0.000000 0.000000 0.607176 0.005215 0.000010 -0.110703 -0.012689 0.000454 -0.146434 0.022390 -0.001199 4.934506 0.000000 0.000000 0.746397 0.000014 0.006565 0.122572 -0.000022 -0.014325 0.164521 2.447046 -0.079831 2.056764 0.000000 0.000000 0.740482 -0.000002 0.007173 -0.014980 -0.000004 -0.015017 0.027776 4.260386 -0.094452 1.375350 0.000000 0.000000 0.754839 0.000000 0.009448 0.000229 -0.000006 -0.022452 0.026332 -6.917769 0.291382 2.291170 0.000000 0.000000 0.754038 -0.000001 0.004175 -0.008146 -0.000001 -0.009275 0.012467 0.441624 -0.014543 2.538997 19.526592 3.689511 -0.052546 26.260599 -23.075656 -15.954198 -0.000000 27.609671 -0.000000 -0.080308 0.004629 -0.724563 0.000000 0.000000 0.472622 0.000000 0.000000 0.008252 0.000000 0.000000 -0.001366 -7.969741 -5.107087 -8.050663 0.000000 0.000000 0.467721 0.000000 0.000000 -0.015015 0.000000 0.000000 0.025121 6.271931 -1.933901 -4.817211 0.000000 0.000000 0.481966 0.000000 0.000000 -0.004083 0.000000 0.000000 -0.000628 -1.013052 -2.505694 -6.799366 0.000000 0.000000 0.479930 0.000000 0.000000 0.003389 0.000000 0.000000 -0.007978 -3.109834 -2.403556 -3.139792 0.000035 0.004242 0.480870 0.000001 -0.004242 0.042897 0.000000 0.000000 0.013196 -4.610124 -2.491975 -2.359596 2.648013 2.101285 -40.232909 0.000000 0.000000 41.087842 -0.518943 0.510990 -25.977256 0.000000 0.000000 0.000000 -15.437035 -7.534755 -39.789613 0.000000 0.000000 28.746322 15.058392 -3.560390 1.308190 0.000000 0.000000 -0.000003 
-0.633600 84.704700 -17.190100 -2.960250 20.449756 23.982034 2.311136 -0.199649 -15.643763 1.589033 -0.604157 -8.200433 1.386358 1.931699 -16.577128 -5.351337 3.190691 27.289544 -1.681378 -13.110030 -0.731562 0.000000 0.000000 0.000000 -22.303884 24.191824 -0.038412 -28.286825 6.300015 -5.163521 -0.000000 -74.562782 0.000000 0.080479 -0.005239 -0.988820 0.000000 0.000000 0.607176 0.005215 0.000010 -0.110703 -0.012689 0.000454 -0.146434 0.022390 -0.001199 4.934506 0.000000 0.000000 0.746397 0.000014 0.006565 0.122572 -0.000022 -0.014325 0.164521 2.447046 -0.079831 2.056764 0.000000 0.000000 0.740482 -0.000002 0.007173 -0.014980 -0.000004 -0.015017 0.027776 4.260386 -0.094452 1.375350 0.000000 0.000000 0.754839 0.000000 0.009448 0.000229 -0.000006 -0.022452 0.026332 -6.917769 0.291382 2.291170 0.000000 0.000000 0.754038 -0.000001 0.004175 -0.008146 -0.000001 -0.009275 0.012467 0.441624 -0.014543 2.538997 19.139359 3.669796 -0.053429 30.543805 -20.477554 -16.818660 -0.000000 34.833630 -0.000000 -0.080308 0.004629 -0.724563 0.000000 0.000000 0.472622 0.000000 0.000000 0.008252 0.000000 0.000000 -0.001366 -7.969741 -5.107087 -8.050663 0.000000 0.000000 0.467721 0.000000 0.000000 -0.015015 0.000000 0.000000 0.025121 6.271931 -1.933901 -4.817211 0.000000 0.000000 0.481966 0.000000 0.000000 -0.004083 0.000000 0.000000 -0.000628 -1.013052 -2.505694 -6.799366 0.000000 0.000000 0.479930 0.000000 0.000000 0.003389 0.000000 0.000000 -0.007978 -3.109834 -2.403556 -3.139792 0.000035 0.004242 0.480870 0.000001 -0.004242 0.042897 0.000000 0.000000 0.013196 -4.610124 -2.491975 -2.359596 2.640526 -1.181255 -39.917840 0.000000 0.000000 39.977112 -1.489557 3.529611 -25.224507 0.000000 0.000000 0.000000 -16.981879 -7.925394 -44.486599 0.000000 0.000000 34.646972 16.093753 -2.832013 8.744488 0.000000 0.000000 -0.000003 
-0.850900 84.763400 -17.949300 -4.134913 18.557151 21.980210 2.211978 0.383902 -15.285812 2.464223 0.118009 -6.717813 3.646486 -1.724651 -14.680389 -7.801884 4.450375 26.365059 -2.946298 -7.879328 -3.712004 0.000000 0.000000 0.000000 -22.124090 22.186248 -0.034989 -30.048284 6.673339 -3.874030 -0.000000 -67.038567 0.000000 0.080479 -0.005239 -0.988820 0.000000 0.000000 0.607176 0.005215 0.000010 -0.110703 -0.012689 0.000454 -0.146434 0.022390 -0.001199 4.934506 0.000000 0.000000 0.746397 0.000014 0.006565 0.122572 -0.000022 -0.014325 0.164521 2.447046 -0.079831 2.056764 0.000000 0.000000 0.740482 -0.000002 0.007173 -0.014980 -0.000004 -0.015017 0.027776 4.260386 -0.094452 1.375350 0.000000 0.000000 0.754839 0.000000 0.009448 0.000229 -0.000006 -0.022452 0.026332 -6.917769 0.291382 2.291170 0.000000 0.000000 0.754038 -0.000001 0.004175 -0.008146 -0.000001 -0.009275 0.012467 0.441624 -0.014543 2.538997 17.967865 3.410828 -0.054077 36.386684 -15.428425 -16.910807 -0.000000 44.673729 -0.000000 -0.080308 0.004629 -0.724563 0.000000 0.000000 0.472622 0.000000 0.000000 0.008252 0.000000 0.000000 -0.001366 -7.969741 -5.107087 -8.050663 0.000000 0.000000 0.467721 0.000000 0.000000 -0.015015 0.000000 0.000000 0.025121 6.271931 -1.933901 -4.817211 0.000000 0.000000 0.481966 0.000000 0.000000 -0.004083 0.000000 0.000000 -0.000628 -1.013052 -2.505694 -6.799366 0.000000 0.000000 0.479930 0.000000 0.000000 0.003389 0.000000 0.000000 -0.007978 -3.109834 -2.403556 -3.139792 0.000035 0.004242 0.480870 0.000001 -0.004242 0.042897 0.000000 0.000000 0.013196 -4.610124 -2.491975 -2.359596 3.870416 -1.817168 -38.907466 0.000000 0.000000 40.497399 -3.386737 5.825715 -25.241996 0.000000 0.000000 0.000000 -18.273523 -4.049340 -50.468972 0.000000 0.000000 45.392202 17.368691 -0.226159 11.301651 0.000000 0.000000 -0.000003 
-1.027300 84.191500 -18.128900 -5.928641 18.260521 18.665308 2.699162 0.752750 -14.058393 3.653865 0.467778 -5.292705 5.252138 -7.437694 -12.183266 -9.146695 4.910882 24.558434 -5.028075 -0.129285 -5.389195 0.000000 0.000000 0.000000 -21.879729 19.954158 -0.030399 -32.732680 7.112038 -2.781129 -0.000000 -61.498310 0.000000 0.080479 -0.005239 -0.988820 0.000000 0.000000 0.607176 0.005215 0.000010 -0.110703 -0.012689 0.000454 -0.146434 0.022390 -0.001199 4.934506 0.000000 0.000000 0.746397 0.000014 0.006565 0.122572 -0.000022 -0.014325 0.164521 2.447046 -0.079831 2.056764 0.000000 0.000000 0.740482 -0.000002 0.007173 -0.014980 -0.000004 -0.015017 0.027776 4.260386 -0.094452 1.375350 0.000000 0.000000 0.754839 0.000000 0.009448 0.000229 -0.000006 -0.022452 0.026332 -6.917769 0.291382 2.291170 0.000000 0.000000 0.754038 -0.000001 0.004175 -0.008146 -0.000001 -0.009275 0.012467 0.441624 -0.014543 2.538997 16.930657 3.323904 -0.048583 42.435028 -9.510284 -16.477331 -0.000000 55.423130 -0.000000 -0.080308 0.004629 -0.724563 0.000000 0.000000 0.472622 0.000000 0.000000 0.008252 0.000000 0.000000 -0.001366 -7.969741 -5.107087 -8.050663 0.000000 0.000000 0.467721 0.000000 0.000000 -0.015015 0.000000 0.000000 0.025121 6.271931 -1.933901 -4.817211 0.000000 0.000000 0.481966 0.000000 0.000000 -0.004083 0.000000 0.000000 -0.000628 -1.013052 -2.505694 -6.799366 0.000000 0.000000 0.479930 0.000000 0.000000 0.003389 0.000000 0.000000 -0.007978 -3.109834 -2.403556 -3.139792 0.000035 0.004242 0.480870 0.000001 -0.004242 0.042897 0.000000 0.000000 0.013196 -4.610124 -2.491975 -2.359596 5.565036 -1.771628 -37.922366 0.000000 0.000000 43.665721 -5.491234 9.164505 -26.428170 0.000000 0.000000 0.000000 -18.244667 -0.749490 -55.593453 0.000000 0.000000 58.015751 16.938273 1.771485 10.758742 0.000000 0.000000 -0.000003 
-1.145300 83.811500 -18.106500 -6.636406 19.325421 15.710282 2.142019 1.360822 -12.896081 3.952423 1.112872 -3.161380 7.432639 -16.981891 -10.997583 -10.716843 5.270814 21.867155 -6.973185 9.474745 -7.583423 0.000000 0.000000 0.000000 -21.315701 18.524710 -0.026771 -35.876033 6.628707 -1.608721 -0.000000 -59.656570 0.000000 0.080479 -0.005239 -0.988820 0.000000 0.000000 0.607176 0.005215 0.000010 -0.110703 -0.012689 0.000454 -0.146434 0.022390 -0.001199 4.934506 0.000000 0.000000 0.746397 0.000014 0.006565 0.122572 -0.000022 -0.014325 0.164521 2.447046 -0.079831 2.056764 0.000000 0.000000 0.740482 -0.000002 0.007173 -0.014980 -0.000004 -0.015017 0.027776 4.260386 -0.094452 1.375350 0.000000 0.000000 0.754839 0.000000 0.009448 0.000229 -0.000006 -0.022452 0.026332 -6.917769 0.291382 2.291170 0.000000 0.000000 0.754038 -0.000001 0.004175 -0.008146 -0.000001 -0.009275 0.012467 0.441624 -0.014543 2.538997 16.532367 3.632908 -0.046016 47.583775 -5.111455 -16.432749 -0.000000 66.300293 -0.000000 -0.080308 0.004629 -0.724563 0.000000 0.000000 0.472622 0.000000 0.000000 0.008252 0.000000 0.000000 -0.001366 -7.969741 -5.107087 -8.050663 0.000000 0.000000 0.467721 0.000000 0.000000 -0.015015 0.000000 0.000000 0.025121 6.271931 -1.933901 -4.817211 0.000000 0.000000 0.481966 0.000000 0.000000 -0.004083 0.000000 0.000000 -0.000628 -1.013052 -2.505694 -6.799366 0.000000 0.000000 0.479930 0.000000 0.000000 0.003389 0.000000 0.000000 -0.007978 -3.109834 -2.403556 -3.139792 0.000035 0.004242 0.480870 0.000001 -0.004242 0.042897 0.000000 0.000000 0.013196 -4.610124 -2.491975 -2.359596 5.922693 -0.912712 -36.263962 0.000000 0.000000 45.454746 -5.620401 11.207704 -27.728132 0.000000 0.000000 0.000000 -18.091499 0.740609 -60.108723 0.000000 0.000000 70.860065 13.292375 1.845827 8.551192 0.000000 0.000000 -0.000003 
-1.263400 83.560700 -18.129600 -6.752348 21.238094 13.217821 1.723131 1.471796 -11.337206 4.048739 1.264136 -1.877208 7.805842 -23.528552 -9.690542 -10.967096 4.709760 19.479259 -7.761545 15.752143 -9.888518 0.000000 0.000000 0.000000 -20.329749 17.577239 -0.019497 -38.818880 5.481215 -0.555390 -0.000000 -60.961411 0.000000 0.080479 -0.005239 -0.988820 0.000000 0.000000 0.607176 0.005215 0.000010 -0.110703 -0.012689 0.000454 -0.146434 0.022390 -0.001199 4.934506 0.000000 0.000000 0.746397 0.000014 0.006565 0.122572 -0.000022 -0.014325 0.164521 2.447046 -0.079831 2.056764 0.000000 0.000000 0.740482 -0.000002 0.007173 -0.014980 -0.000004 -0.015017 0.027776 4.260386 -0.094452 1.375350 0.000000 0.000000 0.754839 0.000000 0.009448 0.000229 -0.000006 -0.022452 0.026332 -6.917769 0.291382 2.291170 0.000000 0.000000 0.754038 -0.000001 0.004175 -0.008146 -0.000001 -0.009275 0.012467 0.441624 -0.014543 2.538997 16.453580 3.940526 -0.046157 51.413327 -3.222826 -17.138880 -0.000000 75.452873 -0.000000 -0.080308 0.004629 -0.724563 0.000000 0.000000 0.472622 0.000000 0.000000 0.008252 0.000000 0.000000 -0.001366 -7.969741 -5.107087 -8.050663 0.000000 0.000000 0.467721 0.000000 0.000000 -0.015015 0.000000 0.000000 0.025121 6.271931 -1.933901 -4.817211 0.000000 0.000000 0.481966 0.000000 0.000000 -0.004083 0.000000 0.000000 -0.000628 -1.013052 -2.505694 -6.799366 0.000000 0.000000 0.479930 0.000000 0.000000 0.003389 0.000000 0.000000 -0.007978 -3.109834 -2.403556 -3.139792 0.000035 0.004242 0.480870 0.000001 -0.004242 0.042897 0.000000 0.000000 0.013196 -4.610124 -2.491975 -2.359596 5.937343 0.071870 -34.317509 0.000000 0.000000 46.262818 -7.201286 12.074945 -31.010962 0.000000 0.000000 0.000000 -17.954162 1.185049 -63.908474 0.000000 0.000000 82.555599 8.989261 -0.720201 6.640196 0.000000 0.000000 -0.000003 
-1.420100 83.901100 -17.660700 -5.524460 23.673095 12.288171 0.770578 0.927925 -10.472966 3.403525 0.863869 -1.312050 6.799339 -25.368432 -8.328621 -9.244886 3.969053 18.945565 -7.287923 14.678646 -10.358286 0.000000 0.000000 0.000000 -19.358889 16.718153 -0.023028 -40.933787 4.316823 0.114655 -0.000000 -63.438721 0.000000 0.080479 -0.005239 -0.988820 0.000000 0.000000 0.607176 0.005215 0.000010 -0.110703 -0.012689 0.000454 -0.146434 0.022390 -0.001199 4.934506 0.000000 0.000000 0.746397 0.000014 0.006565 0.122572 -0.000022 -0.014325 0.164521 2.447046 -0.079831 2.056764 0.000000 0.000000 0.740482 -0.000002 0.007173 -0.014980 -0.000004 -0.015017 0.027776 4.260386 -0.094452 1.375350 0.000000 0.000000 0.754839 0.000000 0.009448 0.000229 -0.000006 -0.022452 0.026332 -6.917769 0.291382 2.291170 0.000000 0.000000 0.754038 -0.000001 0.004175 -0.008146 -0.000001 -0.009275 0.012467 0.441624 -0.014543 2.538997 16.170124 3.877548 -0.047361 53.447193 -3.334048 -18.244090 -0.000000 80.009140 -0.000000 -0.080308 0.004629 -0.724563 0.000000 0.000000 0.472622 0.000000 0.000000 0.008252 0.000000 0.000000 -0.001366 -7.969741 -5.107087 -8.050663 0.000000 0.000000 0.467721 0.000000 0.000000 -0.015015 0.000000 0.000000 0.025121 6.271931 -1.933901 -4.817211 0.000000 0.000000 0.481966 0.000000 0.000000 -0.004083 0.000000 0.000000 -0.000628 -1.013052 -2.505694 -6.799366 0.000000 0.000000 0.479930 0.000000 0.000000 0.003389 0.000000 0.000000 -0.007978 -3.109834 -2.403556 -3.139792 0.000035 0.004242 0.480870 0.000001 -0.004242 0.042897 0.000000 0.000000 0.013196 -4.610124 -2.491975 -2.359596 5.015000 0.322284 -32.181600 0.000000 0.000000 44.419793 -7.632084 13.635259 -30.211694 0.000000 0.000000 0.000000 -18.885247 1.580946 -64.499974 0.000000 0.000000 88.595918 5.184901 -4.018549 5.114031 0.000000 0.000000 -0.000003 
-1.438200 84.613500 -17.184900 -3.402040 25.603072 13.796248 -0.893777 0.388217 -11.157327 2.540538 0.643882 -1.720223 5.996363 -25.136383 -7.091452 -7.964961 3.231166 18.912177 -6.625914 13.779235 -10.973220 0.000000 0.000000 0.000000 -19.037150 16.449288 -0.030572 -41.849418 3.577053 0.272143 -0.000000 -65.999313 0.000000 0.080479 -0.005239 -0.988820 0.000000 0.000000 0.607176 0.005215 0.000010 -0.110703 -0.012689 0.000454 -0.146434 0.022390 -0.001199 4.934506 0.000000 0.000000 0.746397 0.000014 0.006565 0.122572 -0.000022 -0.014325 0.164521 2.447046 -0.079831 2.056764 0.000000 0.000000 0.740482 -0.000002 0.007173 -0.014980 -0.000004 -0.015017 0.027776 4.260386 -0.094452 1.375350 0.000000 0.000000 0.754839 0.000000 0.009448 0.000229 -0.000006 -0.022452 0.026332 -6.917769 0.291382 2.291170 0.000000 0.000000 0.754038 -0.000001 0.004175 -0.008146 -0.000001 -0.009275 0.012467 0.441624 -0.014543 2.538997 15.593631 3.687747 -0.046692 52.702258 -4.991758 -19.553562 -0.000000 77.824120 -0.000000 -0.080308 0.004629 -0.724563 0.000000 0.000000 0.472622 0.000000 0.000000 0.008252 0.000000 0.000000 -0.001366 -7.969741 -5.107087 -8.050663 0.000000 0.000000 0.467721 0.000000 0.000000 -0.015015 0.000000 0.000000 0.025121 6.271931 -1.933901 -4.817211 0.000000 0.000000 0.481966 0.000000 0.000000 -0.004083 0.000000 0.000000 -0.000628 -1.013052 -2.505694 -6.799366 0.000000 0.000000 0.479930 0.000000 0.000000 0.003389 0.000000 0.000000 -0.007978 -3.109834 -2.403556 -3.139792 0.000035 0.004242 0.480870 0.000001 -0.004242 0.042897 0.000000 0.000000 0.013196 -4.610124 -2.491975 -2.359596 3.152656 0.972723 -31.348834 0.000000 0.000000 40.872728 -6.539160 15.364085 -25.535491 0.000000 0.000000 0.000000 -21.159985 1.839157 -63.148856 0.000000 0.000000 87.511705 5.543443 -4.153696 5.778122 0.000000 0.000000 -0.000003 
-0.944100 85.367400 -17.039300 -2.135197 27.573616 15.655397 -1.547912 0.329887 -11.377909 1.788757 0.729996 -2.572631 5.947476 -24.722115 -9.021968 -7.003186 3.253414 21.140860 -4.800654 9.982112 -10.154426 0.000000 0.000000 0.000000 -19.424279 16.998186 -0.030003 -41.443127 3.774885 -0.279349 -0.000000 -68.868919 0.000000 0.080479 -0.005239 -0.988820 0.000000 0.000000 0.607176 0.005215 0.000010 -0.110703 -0.012689 0.000454 -0.146434 0.022390 -0.001199 4.934506 0.000000 0.000000 0.746397 0.000014 0.006565 0.122572 -0.000022 -0.014325 0.164521 2.447046 -0.079831 2.056764 0.000000 0.000000 0.740482 -0.000002 0.007173 -0.014980 -0.000004 -0.015017 0.027776 4.260386 -0.094452 1.375350 0.000000 0.000000 0.754839 0.000000 0.009448 0.000229 -0.000006 -0.022452 0.026332 -6.917769 0.291382 2.291170 0.000000 0.000000 0.754038 -0.000001 0.004175 -0.008146 -0.000001 -0.009275 0.012467 0.441624 -0.014543 2.538997 15.204564 3.627912 -0.044735 48.454195 -7.852670 -20.784231 -0.000000 68.090782 -0.000000 -0.080308 0.004629 -0.724563 0.000000 0.000000 0.472622 0.000000 0.000000 0.008252 0.000000 0.000000 -0.001366 -7.969741 -5.107087 -8.050663 0.000000 0.000000 0.467721 0.000000 0.000000 -0.015015 0.000000 0.000000 0.025121 6.271931 -1.933901 -4.817211 0.000000 0.000000 0.481966 0.000000 0.000000 -0.004083 0.000000 0.000000 -0.000628 -1.013052 -2.505694 -6.799366 0.000000 0.000000 0.479930 0.000000 0.000000 0.003389 0.000000 0.000000 -0.007978 -3.109834 -2.403556 -3.139792 0.000035 0.004242 0.480870 0.000001 -0.004242 0.042897 0.000000 0.000000 0.013196 -4.610124 -2.491975 -2.359596 1.725195 2.225968 -30.655356 0.000000 0.000000 37.048752 -5.710147 11.913379 -23.637112 0.000000 0.000000 0.000000 -22.357018 1.456543 -58.681398 0.000000 0.000000 78.773507 7.133244 -2.295197 7.709145 0.000000 0.000000 -0.000003 
-0.510900 85.784400 -16.876900 -0.743857 31.110624 18.372630 -1.590634 -0.527897 -12.209526 1.096208 -0.092763 -4.065072 4.371495 -22.052880 -11.314149 -4.191402 2.341566 25.652807 -1.821655 0.501324 -7.916981 0.000000 0.000000 0.000000 -20.049616 17.885112 -0.029642 -39.924049 4.663175 -1.349942 -0.000000 -72.107033 0.000000 0.080479 -0.005239 -0.988820 0.000000 0.000000 0.607176 0.005215 0.000010 -0.110703 -0.012689 0.000454 -0.146434 0.022390 -0.001199 4.934506 0.000000 0.000000 0.746397 0.000014 0.006565 0.122572 -0.000022 -0.014325 0.164521 2.447046 -0.079831 2.056764 0.000000 0.000000 0.740482 -0.000002 0.007173 -0.014980 -0.000004 -0.015017 0.027776 4.260386 -0.094452 1.375350 0.000000 0.000000 0.754839 0.000000 0.009448 0.000229 -0.000006 -0.022452 0.026332 -6.917769 0.291382 2.291170 0.000000 0.000000 0.754038 -0.000001 0.004175 -0.008146 -0.000001 -0.009275 0.012467 0.441624 -0.014543 2.538997 15.363918 3.508915 -0.042434 42.113907 -11.375746 -21.426447 -0.000000 53.269630 -0.000000 -0.080308 0.004629 -0.724563 0.000000 0.000000 0.472622 0.000000 0.000000 0.008252 0.000000 0.000000 -0.001366 -7.969741 -5.107087 -8.050663 0.000000 0.000000 0.467721 0.000000 0.000000 -0.015015 0.000000 0.000000 0.025121 6.271931 -1.933901 -4.817211 0.000000 0.000000 0.481966 0.000000 0.000000 -0.004083 0.000000 0.000000 -0.000628 -1.013052 -2.505694 -6.799366 0.000000 0.000000 0.479930 0.000000 0.000000 0.003389 0.000000 0.000000 -0.007978 -3.109834 -2.403556 -3.139792 0.000035 0.004242 0.480870 0.000001 -0.004242 0.042897 0.000000 0.000000 0.013196 -4.610124 -2.491975 -2.359596 0.639047 1.737578 -31.498044 0.000000 0.000000 34.501757 -4.671366 8.750859 -22.156954 0.000000 0.000000 0.000000 -22.293245 -2.248561 -51.325584 0.000000 0.000000 63.698495 10.720956 0.500689 10.596106 0.000000 0.000000 -0.000003 
-0.256600 85.849600 -16.772900 -0.202429 31.262212 20.207725 -1.588926 -0.551708 -12.810123 0.650358 -0.108305 -5.684385 3.102196 -15.381875 -12.399050 -2.381070 1.407251 27.613206 -0.706437 -6.476385 -5.541639 0.000000 0.000000 0.000000 -20.709953 19.030316 -0.012844 -37.543953 4.878622 -2.261789 -0.000000 -75.163857 0.000000 0.080479 -0.005239 -0.988820 0.000000 0.000000 0.607176 0.005215 0.000010 -0.110703 -0.012689 0.000454 -0.146434 0.022390 -0.001199 4.934506 0.000000 0.000000 0.746397 0.000014 0.006565 0.122572 -0.000022 -0.014325 0.164521 2.447046 -0.079831 2.056764 0.000000 0.000000 0.740482 -0.000002 0.007173 -0.014980 -0.000004 -0.015017 0.027776 4.260386 -0.094452 1.375350 0.000000 0.000000 0.754839 0.000000 0.009448 0.000229 -0.000006 -0.022452 0.026332 -6.917769 0.291382 2.291170 0.000000 0.000000 0.754038 -0.000001 0.004175 -0.008146 -0.000001 -0.009275 0.012467 0.441624 -0.014543 2.538997 16.049674 3.177419 -0.042073 36.299312 -15.407894 -21.371767 -0.000000 38.486408 -0.000000 -0.080308 0.004629 -0.724563 0.000000 0.000000 0.472622 0.000000 0.000000 0.008252 0.000000 0.000000 -0.001366 -7.969741 -5.107087 -8.050663 0.000000 0.000000 0.467721 0.000000 0.000000 -0.015015 0.000000 0.000000 0.025121 6.271931 -1.933901 -4.817211 0.000000 0.000000 0.481966 0.000000 0.000000 -0.004083 0.000000 0.000000 -0.000628 -1.013052 -2.505694 -6.799366 0.000000 0.000000 0.479930 0.000000 0.000000 0.003389 0.000000 0.000000 -0.007978 -3.109834 -2.403556 -3.139792 0.000035 0.004242 0.480870 0.000001 -0.004242 0.042897 0.000000 0.000000 0.013196 -4.610124 -2.491975 -2.359596 -0.436464 3.685891 -32.571251 0.000000 0.000000 33.828743 -4.359506 6.397945 -21.873053 0.000000 0.000000 0.000000 -20.949175 -4.155189 -47.254206 0.000000 0.000000 53.441174 11.486021 -2.801273 8.493184 0.000000 0.000000 -0.000003 
-0.313100 85.406600 -16.261300 0.250736 32.080245 22.871902 -1.071090 -1.029269 -14.202917 0.239719 -0.677147 -7.305650 1.370424 -7.927325 -14.352214 -0.667822 0.382236 29.959524 1.309531 -14.151589 -3.648889 0.000000 0.000000 0.000000 -21.758910 20.774113 0.030498 -34.313858 3.618139 -2.526939 -0.000000 -77.823174 0.000000 0.080479 -0.005239 -0.988820 0.000000 0.000000 0.607176 0.005215 0.000010 -0.110703 -0.012689 0.000454 -0.146434 0.022390 -0.001199 4.934506 0.000000 0.000000 0.746397 0.000014 0.006565 0.122572 -0.000022 -0.014325 0.164521 2.447046 -0.079831 2.056764 0.000000 0.000000 0.740482 -0.000002 0.007173 -0.014980 -0.000004 -0.015017 0.027776 4.260386 -0.094452 1.375350 0.000000 0.000000 0.754839 0.000000 0.009448 0.000229 -0.000006 -0.022452 0.026332 -6.917769 0.291382 2.291170 0.000000 0.000000 0.754038 -0.000001 0.004175 -0.008146 -0.000001 -0.009275 0.012467 0.441624 -0.014543 2.538997 17.531169 3.014805 -0.056056 31.674438 -20.115405 -21.146200 -0.000000 27.288309 -0.000000 -0.080308 0.004629 -0.724563 0.000000 0.000000 0.472622 0.000000 0.000000 0.008252 0.000000 0.000000 -0.001366 -7.969741 -5.107087 -8.050663 0.000000 0.000000 0.467721 0.000000 0.000000 -0.015015 0.000000 0.000000 0.025121 6.271931 -1.933901 -4.817211 0.000000 0.000000 0.481966 0.000000 0.000000 -0.004083 0.000000 0.000000 -0.000628 -1.013052 -2.505694 -6.799366 0.000000 0.000000 0.479930 0.000000 0.000000 0.003389 0.000000 0.000000 -0.007978 -3.109834 -2.403556 -3.139792 0.000035 0.004242 0.480870 0.000001 -0.004242 0.042897 0.000000 0.000000 0.013196 -4.610124 -2.491975 -2.359596 -0.456207 2.894938 -35.673862 0.000000 0.000000 35.567816 -4.300165 6.316984 -22.898265 0.000000 0.000000 0.000000 -18.835753 -7.820363 -43.750164 0.000000 0.000000 43.338014 13.206055 -5.777191 5.243609 0.000000 0.000000 -0.000003 
-0.153700 85.188600 -15.792100 -0.232187 32.013218 22.388046 -0.347942 -1.004779 -12.462078 0.415316 -0.798022 -9.577451 -0.123661 -2.571377 -15.801477 -0.369264 0.192036 30.084333 1.463437 -18.619309 2.315040 0.000000 0.000000 0.000000 -23.247215 23.124055 0.040726 -30.849534 1.236887 -2.194477 -0.000000 -79.764503 0.000000 0.080479 -0.005239 -0.988820 0.000000 0.000000 0.607176 0.005215 0.000010 -0.110703 -0.012689 0.000454 -0.146434 0.022390 -0.001199 4.934506 0.000000 0.000000 0.746397 0.000014 0.006565 0.122572 -0.000022 -0.014325 0.164521 2.447046 -0.079831 2.056764 0.000000 0.000000 0.740482 -0.000002 0.007173 -0.014980 -0.000004 -0.015017 0.027776 4.260386 -0.094452 1.375350 0.000000 0.000000 0.754839 0.000000 0.009448 0.000229 -0.000006 -0.022452 0.026332 -6.917769 0.291382 2.291170 0.000000 0.000000 0.754038 -0.000001 0.004175 -0.008146 -0.000001 -0.009275 0.012467 0.441624 -0.014543 2.538997 19.790430 3.320059 -0.071165 28.570808 -24.548843 -20.991129 -0.000000 21.198641 -0.000000 -0.080308 0.004629 -0.724563 0.000000 0.000000 0.472622 0.000000 0.000000 0.008252 0.000000 0.000000 -0.001366 -7.969741 -5.107087 -8.050663 0.000000 0.000000 0.467721 0.000000 0.000000 -0.015015 0.000000 0.000000 0.025121 6.271931 -1.933901 -4.817211 0.000000 0.000000 0.481966 0.000000 0.000000 -0.004083 0.000000 0.000000 -0.000628 -1.013052 -2.505694 -6.799366 0.000000 0.000000 0.479930 0.000000 0.000000 0.003389 0.000000 0.000000 -0.007978 -3.109834 -2.403556 -3.139792 0.000035 0.004242 0.480870 0.000001 -0.004242 0.042897 0.000000 0.000000 0.013196 -4.610124 -2.491975 -2.359596 0.184416 2.628359 -35.557973 0.000000 0.000000 36.513896 -4.880992 6.646461 -23.798054 0.000000 0.000000 0.000000 -15.914393 -11.171743 -39.197909 0.000000 0.000000 35.414903 13.967443 -6.888035 1.467619 0.000000 0.000000 -0.000003 
-0.034900 84.553400 -15.391200 0.215459 30.139498 21.993578 0.093188 -1.494770 -10.809587 0.086797 -1.490811 -10.969666 -1.973867 2.180852 -17.096692 -0.215332 0.091701 30.651181 3.107290 -21.385120 4.900062 0.000000 0.000000 0.000000 -24.289632 25.307352 -0.005942 -28.720015 -0.933272 -1.741494 -0.000000 -80.165100 0.000000 0.080479 -0.005239 -0.988820 0.000000 0.000000 0.607176 0.005215 0.000010 -0.110703 -0.012689 0.000454 -0.146434 0.022390 -0.001199 4.934506 0.000000 0.000000 0.746397 0.000014 0.006565 0.122572 -0.000022 -0.014325 0.164521 2.447046 -0.079831 2.056764 0.000000 0.000000 0.740482 -0.000002 0.007173 -0.014980 -0.000004 -0.015017 0.027776 4.260386 -0.094452 1.375350 0.000000 0.000000 0.754839 0.000000 0.009448 0.000229 -0.000006 -0.022452 0.026332 -6.917769 0.291382 2.291170 0.000000 0.000000 0.754038 -0.000001 0.004175 -0.008146 -0.000001 -0.009275 0.012467 0.441624 -0.014543 2.538997 21.932646 3.706248 -0.061274 27.973387 -26.763886 -20.721599 -0.000000 20.629601 -0.000000 -0.080308 0.004629 -0.724563 0.000000 0.000000 0.472622 0.000000 0.000000 0.008252 0.000000 0.000000 -0.001366 -7.969741 -5.107087 -8.050663 0.000000 0.000000 0.467721 0.000000 0.000000 -0.015015 0.000000 0.000000 0.025121 6.271931 -1.933901 -4.817211 0.000000 0.000000 0.481966 0.000000 0.000000 -0.004083 0.000000 0.000000 -0.000628 -1.013052 -2.505694 -6.799366 0.000000 0.000000 0.479930 0.000000 0.000000 0.003389 0.000000 0.000000 -0.007978 -3.109834 -2.403556 -3.139792 0.000035 0.004242 0.480870 0.000001 -0.004242 0.042897 0.000000 0.000000 0.013196 -4.610124 -2.491975 -2.359596 -0.145423 2.506585 -35.563713 0.000000 0.000000 38.755130 -6.657947 7.823237 -25.636808 0.000000 0.000000 0.000000 -14.183029 -14.283104 -37.696053 0.000000 0.000000 33.777708 12.795941 -6.635039 -4.320707 0.000000 0.000000 -0.000003 
0.013300 84.466400 -15.490500 -0.258140 27.399945 21.326269 -0.125397 -1.117060 -10.483094 0.194076 -0.993557 -10.882309 -1.584246 3.594375 -17.300677 -1.100129 0.700701 31.131564 2.520803 -20.563695 3.958616 0.000000 0.000000 0.000000 -24.647979 26.378647 -0.039678 -28.240592 -1.720416 -1.442234 -0.000000 -77.684914 0.000000 0.080479 -0.005239 -0.988820 0.000000 0.000000 0.607176 0.005215 0.000010 -0.110703 -0.012689 0.000454 -0.146434 0.022390 -0.001199 4.934506 0.000000 0.000000 0.746397 0.000014 0.006565 0.122572 -0.000022 -0.014325 0.164521 2.447046 -0.079831 2.056764 0.000000 0.000000 0.740482 -0.000002 0.007173 -0.014980 -0.000004 -0.015017 0.027776 4.260386 -0.094452 1.375350 0.000000 0.000000 0.754839 0.000000 0.009448 0.000229 -0.000006 -0.022452 0.026332 -6.917769 0.291382 2.291170 0.000000 0.000000 0.754038 -0.000001 0.004175 -0.008146 -0.000001 -0.009275 0.012467 0.441624 -0.014543 2.538997 22.888308 3.654630 -0.053863 29.681567 -25.245929 -19.891962 -0.000000 25.070150 -0.000000 -0.080308 0.004629 -0.724563 0.000000 0.000000 0.472622 0.000000 0.000000 0.008252 0.000000 0.000000 -0.001366 -7.969741 -5.107087 -8.050663 0.000000 0.000000 0.467721 0.000000 0.000000 -0.015015 0.000000 0.000000 0.025121 6.271931 -1.933901 -4.817211 0.000000 0.000000 0.481966 0.000000 0.000000 -0.004083 0.000000 0.000000 -0.000628 -1.013052 -2.505694 -6.799366 0.000000 0.000000 0.479930 0.000000 0.000000 0.003389 0.000000 0.000000 -0.007978 -3.109834 -2.403556 -3.139792 0.000035 0.004242 0.480870 0.000001 -0.004242 0.042897 0.000000 0.000000 0.013196 -4.610124 -2.491975 -2.359596 0.850429 1.566449 -35.060173 0.000000 0.000000 39.274226 -5.888160 7.486665 -26.077447 0.000000 0.000000 0.000000 -13.363585 -14.082391 -38.949461 0.000000 0.000000 34.322202 11.767261 -6.429855 -3.693104 0.000000 0.000000 -0.000003 
-0.163300 85.115600 -16.048900 -0.501418 25.258753 21.477072 -0.117791 -0.971631 -12.073755 0.444530 -0.813788 -9.518566 -0.071688 0.006934 -15.922755 -3.691008 2.456376 30.397507 1.397967 -15.924462 0.973076 0.000000 0.000000 0.000000 -24.894547 26.133592 -0.047898 -28.562685 -0.884446 -1.199810 -0.000000 -71.852180 0.000000 0.080479 -0.005239 -0.988820 0.000000 0.000000 0.607176 0.005215 0.000010 -0.110703 -0.012689 0.000454 -0.146434 0.022390 -0.001199 4.934506 0.000000 0.000000 0.746397 0.000014 0.006565 0.122572 -0.000022 -0.014325 0.164521 2.447046 -0.079831 2.056764 0.000000 0.000000 0.740482 -0.000002 0.007173 -0.014980 -0.000004 -0.015017 0.027776 4.260386 -0.094452 1.375350 0.000000 0.000000 0.754839 0.000000 0.009448 0.000229 -0.000006 -0.022452 0.026332 -6.917769 0.291382 2.291170 0.000000 0.000000 0.754038 -0.000001 0.004175 -0.008146 -0.000001 -0.009275 0.012467 0.441624 -0.014543 2.538997 22.272668 3.180192 -0.063259 33.269462 -19.998769 -18.296975 -0.000000 33.854790 -0.000000 -0.080308 0.004629 -0.724563 0.000000 0.000000 0.472622 0.000000 0.000000 0.008252 0.000000 0.000000 -0.001366 -7.969741 -5.107087 -8.050663 0.000000 0.000000 0.467721 0.000000 0.000000 -0.015015 0.000000 0.000000 0.025121 6.271931 -1.933901 -4.817211 0.000000 0.000000 0.481966 0.000000 0.000000 -0.004083 0.000000 0.000000 -0.000628 -1.013052 -2.505694 -6.799366 0.000000 0.000000 0.479930 0.000000 0.000000 0.003389 0.000000 0.000000 -0.007978 -3.109834 -2.403556 -3.139792 0.000035 0.004242 0.480870 0.000001 -0.004242 0.042897 0.000000 0.000000 0.013196 -4.610124 -2.491975 -2.359596 2.072509 -0.977257 -34.300224 0.000000 0.000000 37.145060 -4.878820 9.005376 -24.782589 0.000000 0.000000 0.000000 -14.087381 -11.962440 -42.559113 0.000000 0.000000 36.581652 12.065701 -6.258061 3.634686 0.000000 0.000000 -0.000003 
-0.445400 85.707800 -16.739400 -1.213369 23.305369 21.208349 -0.442430 -1.395378 -13.971373 1.399706 -0.944281 -7.235826 2.876027 -5.117170 -13.879707 -7.017596 4.156246 27.128529 -2.191707 -8.979348 -2.504487 0.000000 0.000000 0.000000 -25.472405 25.326775 -0.042634 -29.348076 0.716022 -0.956961 -0.000000 -64.356453 0.000000 0.080479 -0.005239 -0.988820 0.000000 0.000000 0.607176 0.005215 0.000010 -0.110703 -0.012689 0.000454 -0.146434 0.022390 -0.001199 4.934506 0.000000 0.000000 0.746397 0.000014 0.006565 0.122572 -0.000022 -0.014325 0.164521 2.447046 -0.079831 2.056764 0.000000 0.000000 0.740482 -0.000002 0.007173 -0.014980 -0.000004 -0.015017 0.027776 4.260386 -0.094452 1.375350 0.000000 0.000000 0.754839 0.000000 0.009448 0.000229 -0.000006 -0.022452 0.026332 -6.917769 0.291382 2.291170 0.000000 0.000000 0.754038 -0.000001 0.004175 -0.008146 -0.000001 -0.009275 0.012467 0.441624 -0.014543 2.538997 20.777764 2.742782 -0.058332 38.091091 -13.011548 -16.329858 -0.000000 46.326321 -0.000000 -0.080308 0.004629 -0.724563 0.000000 0.000000 0.472622 0.000000 0.000000 0.008252 0.000000 0.000000 -0.001366 -7.969741 -5.107087 -8.050663 0.000000 0.000000 0.467721 0.000000 0.000000 -0.015015 0.000000 0.000000 0.025121 6.271931 -1.933901 -4.817211 0.000000 0.000000 0.481966 0.000000 0.000000 -0.004083 0.000000 0.000000 -0.000628 -1.013052 -2.505694 -6.799366 0.000000 0.000000 0.479930 0.000000 0.000000 0.003389 0.000000 0.000000 -0.007978 -3.109834 -2.403556 -3.139792 0.000035 0.004242 0.480870 0.000001 -0.004242 0.042897 0.000000 0.000000 0.013196 -4.610124 -2.491975 -2.359596 2.780170 -1.611918 -33.545419 0.000000 0.000000 35.026722 -6.365343 11.430405 -23.771846 0.000000 0.000000 0.000000 -15.898050 -8.025781 -47.345612 0.000000 0.000000 39.738572 11.798734 -4.091417 16.497346 0.000000 0.000000 -0.000003 
-0.559400 86.302900 -17.353600 -3.791214 21.092049 18.875805 -0.461295 0.772002 -13.188435 2.679689 1.347716 -6.074207 7.189183 -17.220762 -12.695909 -12.137973 5.744834 22.124963 -7.049324 6.700201 -6.801133 0.000000 0.000000 0.000000 -26.565402 25.231731 -0.023717 -30.212771 1.404375 -0.476164 -0.000000 -57.826679 0.000000 0.080479 -0.005239 -0.988820 0.000000 0.000000 0.607176 0.005215 0.000010 -0.110703 -0.012689 0.000454 -0.146434 0.022390 -0.001199 4.934506 0.000000 0.000000 0.746397 0.000014 0.006565 0.122572 -0.000022 -0.014325 0.164521 2.447046 -0.079831 2.056764 0.000000 0.000000 0.740482 -0.000002 0.007173 -0.014980 -0.000004 -0.015017 0.027776 4.260386 -0.094452 1.375350 0.000000 0.000000 0.754839 0.000000 0.009448 0.000229 -0.000006 -0.022452 0.026332 -6.917769 0.291382 2.291170 0.000000 0.000000 0.754038 -0.000001 0.004175 -0.008146 -0.000001 -0.009275 0.012467 0.441624 -0.014543 2.538997 19.762011 2.908849 -0.049247 42.601900 -7.255076 -14.843837 -0.000000 60.650600 -0.000000 -0.080308 0.004629 -0.724563 0.000000 0.000000 0.472622 0.000000 0.000000 0.008252 0.000000 0.000000 -0.001366 -7.969741 -5.107087 -8.050663 0.000000 0.000000 0.467721 0.000000 0.000000 -0.015015 0.000000 0.000000 0.025121 6.271931 -1.933901 -4.817211 0.000000 0.000000 0.481966 0.000000 0.000000 -0.004083 0.000000 0.000000 -0.000628 -1.013052 -2.505694 -6.799366 0.000000 0.000000 0.479930 0.000000 0.000000 0.003389 0.000000 0.000000 -0.007978 -3.109834 -2.403556 -3.139792 0.000035 0.004242 0.480870 0.000001 -0.004242 0.042897 0.000000 0.000000 0.013196 -4.610124 -2.491975 -2.359596 4.393235 0.167965 -31.616815 0.000000 0.000000 33.691512 -6.166413 12.619285 -22.883775 0.000000 0.000000 0.000000 -16.746139 -2.900913 -53.538995 0.000000 0.000000 49.541731 10.359625 -0.025282 18.559218 0.000000 0.000000 -0.000003 
-0.493000 86.322400 -18.042200 -4.504514 20.942698 14.219176 -0.813647 1.269436 -8.594088 3.612183 1.823850 -5.027097 9.127236 -27.308609 -12.595643 -13.855237 5.890641 18.841288 -8.465380 15.726057 -10.531661 0.000000 0.000000 0.000000 -27.761748 25.937192 -0.020777 -30.684705 0.881753 0.179748 -0.000000 -54.446659 0.000000 0.080479 -0.005239 -0.988820 0.000000 0.000000 0.607176 0.005215 0.000010 -0.110703 -0.012689 0.000454 -0.146434 0.022390 -0.001199 4.934506 0.000000 0.000000 0.746397 0.000014 0.006565 0.122572 -0.000022 -0.014325 0.164521 2.447046 -0.079831 2.056764 0.000000 0.000000 0.740482 -0.000002 0.007173 -0.014980 -0.000004 -0.015017 0.027776 4.260386 -0.094452 1.375350 0.000000 0.000000 0.754839 0.000000 0.009448 0.000229 -0.000006 -0.022452 0.026332 -6.917769 0.291382 2.291170 0.000000 0.000000 0.754038 -0.000001 0.004175 -0.008146 -0.000001 -0.009275 0.012467 0.441624 -0.014543 2.538997 19.859506 3.475528 -0.050726 45.610057 -4.257700 -14.512502 -0.000000 73.511871 -0.000000 -0.080308 0.004629 -0.724563 0.000000 0.000000 0.472622 0.000000 0.000000 0.008252 0.000000 0.000000 -0.001366 -7.969741 -5.107087 -8.050663 0.000000 0.000000 0.467721 0.000000 0.000000 -0.015015 0.000000 0.000000 0.025121 6.271931 -1.933901 -4.817211 0.000000 0.000000 0.481966 0.000000 0.000000 -0.004083 0.000000 0.000000 -0.000628 -1.013052 -2.505694 -6.799366 0.000000 0.000000 0.479930 0.000000 0.000000 0.003389 0.000000 0.000000 -0.007978 -3.109834 -2.403556 -3.139792 0.000035 0.004242 0.480870 0.000001 -0.004242 0.042897 0.000000 0.000000 0.013196 -4.610124 -2.491975 -2.359596 4.696721 0.817177 -28.017883 0.000000 0.000000 34.413317 -6.044682 11.855947 -22.776033 0.000000 0.000000 0.000000 -18.529739 -0.043629 -56.548687 0.000000 0.000000 60.997562 9.119059 2.719953 17.753905 0.000000 0.000000 -0.000003 
-0.609000 85.895900 -18.712600 -3.682488 21.364287 11.832611 -1.475567 1.099872 -6.587126 3.306844 1.551456 -3.323446 8.854467 -32.062842 -11.773088 -12.835474 4.886343 17.156703 -8.866566 19.817330 -12.997169 0.000000 0.000000 0.000000 -28.466220 26.725558 -0.033443 -30.772333 0.025887 0.463108 -0.000000 -54.370979 0.000000 0.080479 -0.005239 -0.988820 0.000000 0.000000 0.607176 0.005215 0.000010 -0.110703 -0.012689 0.000454 -0.146434 0.022390 -0.001199 4.934506 0.000000 0.000000 0.746397 0.000014 0.006565 0.122572 -0.000022 -0.014325 0.164521 2.447046 -0.079831 2.056764 0.000000 0.000000 0.740482 -0.000002 0.007173 -0.014980 -0.000004 -0.015017 0.027776 4.260386 -0.094452 1.375350 0.000000 0.000000 0.754839 0.000000 0.009448 0.000229 -0.000006 -0.022452 0.026332 -6.917769 0.291382 2.291170 0.000000 0.000000 0.754038 -0.000001 0.004175 -0.008146 -0.000001 -0.009275 0.012467 0.441624 -0.014543 2.538997 20.389533 3.941118 -0.047524 47.415381 -4.089080 -15.300324 -0.000000 83.358597 -0.000000 -0.080308 0.004629 -0.724563 0.000000 0.000000 0.472622 0.000000 0.000000 0.008252 0.000000 0.000000 -0.001366 -7.969741 -5.107087 -8.050663 0.000000 0.000000 0.467721 0.000000 0.000000 -0.015015 0.000000 0.000000 0.025121 6.271931 -1.933901 -4.817211 0.000000 0.000000 0.481966 0.000000 0.000000 -0.004083 0.000000 0.000000 -0.000628 -1.013052 -2.505694 -6.799366 0.000000 0.000000 0.479930 0.000000 0.000000 0.003389 0.000000 0.000000 -0.007978 -3.109834 -2.403556 -3.139792 0.000035 0.004242 0.480870 0.000001 -0.004242 0.042897 0.000000 0.000000 0.013196 -4.610124 -2.491975 -2.359596 3.851469 1.206226 -26.851121 0.000000 0.000000 36.232606 -6.038652 10.575945 -23.094978 0.000000 0.000000 0.000000 -21.313502 1.000747 -60.427041 0.000000 0.000000 71.587384 7.392465 4.616934 17.568761 0.000000 0.000000 -0.000003 
-0.930500 85.578000 -18.820800 -3.171583 21.852977 10.720283 -1.601865 1.056377 -5.720123 3.010895 1.418488 -2.342750 8.040691 -34.034208 -11.269538 -12.600673 4.883640 17.037391 -7.263209 19.950765 -13.705710 0.000000 0.000000 0.000000 -28.892649 27.455484 -0.036376 -30.443542 -0.885561 0.087464 -0.000000 -55.565941 0.000000 0.080479 -0.005239 -0.988820 0.000000 0.000000 0.607176 0.005215 0.000010 -0.110703 -0.012689 0.000454 -0.146434 0.022390 -0.001199 4.934506 0.000000 0.000000 0.746397 0.000014 0.006565 0.122572 -0.000022 -0.014325 0.164521 2.447046 -0.079831 2.056764 0.000000 0.000000 0.740482 -0.000002 0.007173 -0.014980 -0.000004 -0.015017 0.027776 4.260386 -0.094452 1.375350 0.000000 0.000000 0.754839 0.000000 0.009448 0.000229 -0.000006 -0.022452 0.026332 -6.917769 0.291382 2.291170 0.000000 0.000000 0.754038 -0.000001 0.004175 -0.008146 -0.000001 -0.009275 0.012467 0.441624 -0.014543 2.538997 20.588467 4.205802 -0.043743 47.993214 -5.719859 -16.626177 -0.000000 89.091316 -0.000000 -0.080308 0.004629 -0.724563 0.000000 0.000000 0.472622 0.000000 0.000000 0.008252 0.000000 0.000000 -0.001366 -7.969741 -5.107087 -8.050663 0.000000 0.000000 0.467721 0.000000 0.000000 -0.015015 0.000000 0.000000 0.025121 6.271931 -1.933901 -4.817211 0.000000 0.000000 0.481966 0.000000 0.000000 -0.004083 0.000000 0.000000 -0.000628 -1.013052 -2.505694 -6.799366 0.000000 0.000000 0.479930 0.000000 0.000000 0.003389 0.000000 0.000000 -0.007978 -3.109834 -2.403556 -3.139792 0.000035 0.004242 0.480870 0.000001 -0.004242 0.042897 0.000000 0.000000 0.013196 -4.610124 -2.491975 -2.359596 3.538905 0.783318 -26.520016 0.000000 0.000000 37.567406 -5.159331 10.726121 -23.301154 0.000000 0.000000 0.000000 -23.475998 1.972441 -61.071709 0.000000 0.000000 76.642752 5.647444 3.269674 15.286920 0.000000 0.000000 -0.000003 
-0.987900 85.124300 -18.951100 -1.925370 23.443791 11.007497 -2.309974 1.298128 -5.309964 2.268826 1.698261 -2.392933 8.162209 -35.838025 -11.661515 -12.891662 5.115619 17.777381 -6.526502 21.314098 -14.292072 0.000000 0.000000 0.000000 -29.424901 28.250188 -0.034445 -29.789513 -1.650852 -1.055834 -0.000000 -56.943241 0.000000 0.080479 -0.005239 -0.988820 0.000000 0.000000 0.607176 0.005215 0.000010 -0.110703 -0.012689 0.000454 -0.146434 0.022390 -0.001199 4.934506 0.000000 0.000000 0.746397 0.000014 0.006565 0.122572 -0.000022 -0.014325 0.164521 2.447046 -0.079831 2.056764 0.000000 0.000000 0.740482 -0.000002 0.007173 -0.014980 -0.000004 -0.015017 0.027776 4.260386 -0.094452 1.375350 0.000000 0.000000 0.754839 0.000000 0.009448 0.000229 -0.000006 -0.022452 0.026332 -6.917769 0.291382 2.291170 0.000000 0.000000 0.754038 -0.000001 0.004175 -0.008146 -0.000001 -0.009275 0.012467 0.441624 -0.014543 2.538997 20.332317 4.284857 -0.043071 46.364754 -7.847693 -17.717369 -0.000000 88.827423 -0.000000 -0.080308 0.004629 -0.724563 0.000000 0.000000 0.472622 0.000000 0.000000 0.008252 0.000000 0.000000 -0.001366 -7.969741 -5.107087 -8.050663 0.000000 0.000000 0.467721 0.000000 0.000000 -0.015015 0.000000 0.000000 0.025121 6.271931 -1.933901 -4.817211 0.000000 0.000000 0.481966 0.000000 0.000000 -0.004083 0.000000 0.000000 -0.000628 -1.013052 -2.505694 -6.799366 0.000000 0.000000 0.479930 0.000000 0.000000 0.003389 0.000000 0.000000 -0.007978 -3.109834 -2.403556 -3.139792 0.000035 0.004242 0.480870 0.000001 -0.004242 0.042897 0.000000 0.000000 0.013196 -4.610124 -2.491975 -2.359596 2.768685 -1.449919 -27.436273 0.000000 0.000000 39.057332 -5.450943 11.122968 -23.841546 0.000000 0.000000 0.000000 -25.595809 1.819143 -59.176087 0.000000 0.000000 76.302523 7.383201 2.785452 15.596643 0.000000 0.000000 -0.000003 
-0.837700 84.659500 -19.230000 -0.742260 25.763020 12.639247 -3.008734 0.727534 -5.685366 1.858885 1.279773 -3.257945 7.818788 -34.360376 -12.291156 -11.898891 5.122414 19.406456 -4.410985 15.494411 -11.995604 0.000000 0.000000 0.000000 -29.921538 29.089242 -0.036717 -29.007506 -2.041607 -3.030549 -0.000000 -59.164341 0.000000 0.080479 -0.005239 -0.988820 0.000000 0.000000 0.607176 0.005215 0.000010 -0.110703 -0.012689 0.000454 -0.146434 0.022390 -0.001199 4.934506 0.000000 0.000000 0.746397 0.000014 0.006565 0.122572 -0.000022 -0.014325 0.164521 2.447046 -0.079831 2.056764 0.000000 0.000000 0.740482 -0.000002 0.007173 -0.014980 -0.000004 -0.015017 0.027776 4.260386 -0.094452 1.375350 0.000000 0.000000 0.754839 0.000000 0.009448 0.000229 -0.000006 -0.022452 0.026332 -6.917769 0.291382 2.291170 0.000000 0.000000 0.754038 -0.000001 0.004175 -0.008146 -0.000001 -0.009275 0.012467 0.441624 -0.014543 2.538997 20.093183 4.174409 -0.042216 41.532692 -10.050299 -18.144653 -0.000000 81.344254 -0.000000 -0.080308 0.004629 -0.724563 0.000000 0.000000 0.472622 0.000000 0.000000 0.008252 0.000000 0.000000 -0.001366 -7.969741 -5.107087 -8.050663 0.000000 0.000000 0.467721 0.000000 0.000000 -0.015015 0.000000 0.000000 0.025121 6.271931 -1.933901 -4.817211 0.000000 0.000000 0.481966 0.000000 0.000000 -0.004083 0.000000 0.000000 -0.000628 -1.013052 -2.505694 -6.799366 0.000000 0.000000 0.479930 0.000000 0.000000 0.003389 0.000000 0.000000 -0.007978 -3.109834 -2.403556 -3.139792 0.000035 0.004242 0.480870 0.000001 -0.004242 0.042897 0.000000 0.000000 0.013196 -4.610124 -2.491975 -2.359596 2.313897 -4.442683 -29.768466 0.000000 0.000000 40.547354 -6.814926 11.118166 -24.541576 0.000000 0.000000 0.000000 -25.952408 0.065538 -55.596206 0.000000 0.000000 71.118626 8.649951 2.199337 16.312193 0.000000 0.000000 -0.000003 
-0.720600 84.043300 -18.814000 0.492446 27.384229 14.648229 -3.802919 0.615899 -6.025579 1.177367 1.332270 -4.809070 7.321882 -31.755462 -12.777946 -10.340548 4.855854 21.527352 -2.880099 10.305891 -9.992834 0.000000 0.000000 0.000000 -30.092422 29.801246 -0.042050 -28.182093 -2.398635 -5.564112 -0.000000 -62.767010 0.000000 0.080479 -0.005239 -0.988820 0.000000 0.000000 0.607176 0.005215 0.000010 -0.110703 -0.012689 0.000454 -0.146434 0.022390 -0.001199 4.934506 0.000000 0.000000 0.746397 0.000014 0.006565 0.122572 -0.000022 -0.014325 0.164521 2.447046 -0.079831 2.056764 0.000000 0.000000 0.740482 -0.000002 0.007173 -0.014980 -0.000004 -0.015017 0.027776 4.260386 -0.094452 1.375350 0.000000 0.000000 0.754839 0.000000 0.009448 0.000229 -0.000006 -0.022452 0.026332 -6.917769 0.291382 2.291170 0.000000 0.000000 0.754038 -0.000001 0.004175 -0.008146 -0.000001 -0.009275 0.012467 0.441624 -0.014543 2.538997 20.338639 3.910275 -0.038858 34.146551 -12.612025 -17.851565 -0.000000 67.043762 -0.000000 -0.080308 0.004629 -0.724563 0.000000 0.000000 0.472622 0.000000 0.000000 0.008252 0.000000 0.000000 -0.001366 -7.969741 -5.107087 -8.050663 0.000000 0.000000 0.467721 0.000000 0.000000 -0.015015 0.000000 0.000000 0.025121 6.271931 -1.933901 -4.817211 0.000000 0.000000 0.481966 0.000000 0.000000 -0.004083 0.000000 0.000000 -0.000628 -1.013052 -2.505694 -6.799366 0.000000 0.000000 0.479930 0.000000 0.000000 0.003389 0.000000 0.000000 -0.007978 -3.109834 -2.403556 -3.139792 0.000035 0.004242 0.480870 0.000001 -0.004242 0.042897 0.000000 0.000000 0.013196 -4.610124 -2.491975 -2.359596 1.758270 -6.010132 -32.078601 0.000000 0.000000 42.418693 -6.868611 10.797307 -25.595745 0.000000 0.000000 0.000000 -24.817880 -3.296308 -49.667860 0.000000 0.000000 60.373683 10.562829 0.473054 14.938335 0.000000 0.000000 -0.000003 
-0.603100 83.297600 -18.760600 0.887681 27.947125 15.973950 -3.810826 0.250982 -6.308870 0.563724 0.988036 -6.192127 5.177537 -23.426820 -12.717312 -6.609826 3.503835 24.300419 -0.809554 0.156482 -6.419829 0.000000 0.000000 0.000000 -29.893657 30.211974 -0.045778 -27.213893 -3.235065 -8.190928 -0.000000 -67.300430 0.000000 0.080479 -0.005239 -0.988820 0.000000 0.000000 0.607176 0.005215 0.000010 -0.110703 -0.012689 0.000454 -0.146434 0.022390 -0.001199 4.934506 0.000000 0.000000 0.746397 0.000014 0.006565 0.122572 -0.000022 -0.014325 0.164521 2.447046 -0.079831 2.056764 0.000000 0.000000 0.740482 -0.000002 0.007173 -0.014980 -0.000004 -0.015017 0.027776 4.260386 -0.094452 1.375350 0.000000 0.000000 0.754839 0.000000 0.009448 0.000229 -0.000006 -0.022452 0.026332 -6.917769 0.291382 2.291170 0.000000 0.000000 0.754038 -0.000001 0.004175 -0.008146 -0.000001 -0.009275 0.012467 0.441624 -0.014543 2.538997 21.300506 3.597148 -0.039378 26.228322 -15.947135 -17.032737 -0.000000 49.085480 -0.000000 -0.080308 0.004629 -0.724563 0.000000 0.000000 0.472622 0.000000 0.000000 0.008252 0.000000 0.000000 -0.001366 -7.969741 -5.107087 -8.050663 0.000000 0.000000 0.467721 0.000000 0.000000 -0.015015 0.000000 0.000000 0.025121 6.271931 -1.933901 -4.817211 0.000000 0.000000 0.481966 0.000000 0.000000 -0.004083 0.000000 0.000000 -0.000628 -1.013052 -2.505694 -6.799366 0.000000 0.000000 0.479930 0.000000 0.000000 0.003389 0.000000 0.000000 -0.007978 -3.109834 -2.403556 -3.139792 0.000035 0.004242 0.480870 0.000001 -0.004242 0.042897 0.000000 0.000000 0.013196 -4.610124 -2.491975 -2.359596 1.485258 -4.794333 -34.836054 0.000000 0.000000 45.805890 -7.382707 8.109404 -27.266965 0.000000 0.000000 0.000000 -22.847930 -6.392015 -44.112272 0.000000 0.000000 50.735775 11.822246 -3.468342 8.587950 0.000000 0.000000 -0.000003 
-0.604000 82.848900 -18.175300 0.704138 28.791956 17.533666 -2.293597 -0.963867 -6.983901 0.219809 -0.517683 -7.622226 2.065965 -12.679948 -13.520510 -3.359024 1.908606 26.475754 3.148946 -12.570312 -2.972384 0.000000 0.000000 0.000000 -29.612208 30.615178 -0.046982 -26.064899 -4.800486 -10.503797 -0.000000 -71.024963 0.000000 0.080479 -0.005239 -0.988820 0.000000 0.000000 0.607176 0.005215 0.000010 -0.110703 -0.012689 0.000454 -0.146434 0.022390 -0.001199 4.934506 0.000000 0.000000 0.746397 0.000014 0.006565 0.122572 -0.000022 -0.014325 0.164521 2.447046 -0.079831 2.056764 0.000000 0.000000 0.740482 -0.000002 0.007173 -0.014980 -0.000004 -0.015017 0.027776 4.260386 -0.094452 1.375350 0.000000 0.000000 0.754839 0.000000 0.009448 0.000229 -0.000006 -0.022452 0.026332 -6.917769 0.291382 2.291170 0.000000 0.000000 0.754038 -0.000001 0.004175 -0.008146 -0.000001 -0.009275 0.012467 0.441624 -0.014543 2.538997 22.830523 3.535347 -0.045835 20.163412 -20.016505 -16.155342 -0.000000 33.940392 -0.000000 -0.080308 0.004629 -0.724563 0.000000 0.000000 0.472622 0.000000 0.000000 0.008252 0.000000 0.000000 -0.001366 -7.969741 -5.107087 -8.050663 0.000000 0.000000 0.467721 0.000000 0.000000 -0.015015 0.000000 0.000000 0.025121 6.271931 -1.933901 -4.817211 0.000000 0.000000 0.481966 0.000000 0.000000 -0.004083 0.000000 0.000000 -0.000628 -1.013052 -2.505694 -6.799366 0.000000 0.000000 0.479930 0.000000 0.000000 0.003389 0.000000 0.000000 -0.007978 -3.109834 -2.403556 -3.139792 0.000035 0.004242 0.480870 0.000001 -0.004242 0.042897 0.000000 0.000000 0.013196 -4.610124 -2.491975 -2.359596 1.210434 -2.143209 -36.847588 0.000000 0.000000 47.089561 -5.255830 6.066045 -27.722844 0.000000 0.000000 0.000000 -20.325039 -10.676420 -39.122516 0.000000 0.000000 40.994863 13.897162 -4.385817 2.918186 0.000000 0.000000 -0.000003 
-0.439600 82.853200 -18.397700 1.002311 27.947145 18.174714 -1.824161 -1.283027 -6.985664 -0.165791 -0.943895 -8.427942 0.410994 -6.214976 -14.251710 -1.831956 1.014207 26.633444 4.216113 -16.939474 -1.196173 0.000000 0.000000 0.000000 -29.558240 31.192385 -0.043504 -25.137320 -6.541939 -12.460952 -0.000000 -71.685028 0.000000 0.080479 -0.005239 -0.988820 0.000000 0.000000 0.607176 0.005215 0.000010 -0.110703 -0.012689 0.000454 -0.146434 0.022390 -0.001199 4.934506 0.000000 0.000000 0.746397 0.000014 0.006565 0.122572 -0.000022 -0.014325 0.164521 2.447046 -0.079831 2.056764 0.000000 0.000000 0.740482 -0.000002 0.007173 -0.014980 -0.000004 -0.015017 0.027776 4.260386 -0.094452 1.375350 0.000000 0.000000 0.754839 0.000000 0.009448 0.000229 -0.000006 -0.022452 0.026332 -6.917769 0.291382 2.291170 0.000000 0.000000 0.754038 -0.000001 0.004175 -0.008146 -0.000001 -0.009275 0.012467 0.441624 -0.014543 2.538997 24.324178 3.664885 -0.045980 17.651540 -23.156224 -15.307966 -0.000000 26.293200 -0.000000 -0.080308 0.004629 -0.724563 0.000000 0.000000 0.472622 0.000000 0.000000 0.008252 0.000000 0.000000 -0.001366 -7.969741 -5.107087 -8.050663 0.000000 0.000000 0.467721 0.000000 0.000000 -0.015015 0.000000 0.000000 0.025121 6.271931 -1.933901 -4.817211 0.000000 0.000000 0.481966 0.000000 0.000000 -0.004083 0.000000 0.000000 -0.000628 -1.013052 -2.505694 -6.799366 0.000000 0.000000 0.479930 0.000000 0.000000 0.003389 0.000000 0.000000 -0.007978 -3.109834 -2.403556 -3.139792 0.000035 0.004242 0.480870 0.000001 -0.004242 0.042897 0.000000 0.000000 0.013196 -4.610124 -2.491975 -2.359596 0.018891 1.576332 -37.005724 0.000000 0.000000 46.331241 -2.363710 2.320144 -26.994385 0.000000 0.000000 0.000000 -19.113210 -13.109823 -35.662704 0.000000 0.000000 34.762723 13.648065 -4.718852 -3.191834 0.000000 0.000000 -0.000003 
-0.322000 83.449000 -18.467200 0.623272 26.580218 18.212780 -1.591989 -1.228323 -6.877546 -0.147438 -0.916151 -9.044648 0.231992 -4.076754 -14.435150 -1.715889 0.954667 26.681024 4.730138 -17.720607 -1.683798 0.000000 0.000000 0.000000 -30.002635 31.826437 -0.037701 -24.575187 -7.807672 -14.025927 -0.000000 -67.951424 0.000000 0.080479 -0.005239 -0.988820 0.000000 0.000000 0.607176 0.005215 0.000010 -0.110703 -0.012689 0.000454 -0.146434 0.022390 -0.001199 4.934506 0.000000 0.000000 0.746397 0.000014 0.006565 0.122572 -0.000022 -0.014325 0.164521 2.447046 -0.079831 2.056764 0.000000 0.000000 0.740482 -0.000002 0.007173 -0.014980 -0.000004 -0.015017 0.027776 4.260386 -0.094452 1.375350 0.000000 0.000000 0.754839 0.000000 0.009448 0.000229 -0.000006 -0.022452 0.026332 -6.917769 0.291382 2.291170 0.000000 0.000000 0.754038 -0.000001 0.004175 -0.008146 -0.000001 -0.009275 0.012467 0.441624 -0.014543 2.538997 25.303144 3.665592 -0.043312 18.443868 -23.434422 -14.214957 -0.000000 26.403971 -0.000000 -0.080308 0.004629 -0.724563 0.000000 0.000000 0.472622 0.000000 0.000000 0.008252 0.000000 0.000000 -0.001366 -7.969741 -5.107087 -8.050663 0.000000 0.000000 0.467721 0.000000 0.000000 -0.015015 0.000000 0.000000 0.025121 6.271931 -1.933901 -4.817211 0.000000 0.000000 0.481966 0.000000 0.000000 -0.004083 0.000000 0.000000 -0.000628 -1.013052 -2.505694 -6.799366 0.000000 0.000000 0.479930 0.000000 0.000000 0.003389 0.000000 0.000000 -0.007978 -3.109834 -2.403556 -3.139792 0.000035 0.004242 0.480870 0.000001 -0.004242 0.042897 0.000000 0.000000 0.013196 -4.610124 -2.491975 -2.359596 -0.330768 4.022145 -36.021492 0.000000 0.000000 44.215369 -2.732554 0.955089 -26.076643 0.000000 0.000000 0.000000 -18.964188 -11.896294 -34.485171 0.000000 0.000000 31.123471 12.691003 -4.533644 -1.751516 0.000000 0.000000 -0.000003 
-0.345400 84.821900 -18.099800 -0.309222 24.966361 18.292399 -1.249173 -1.038917 -7.616248 0.225325 -0.733042 -8.811382 1.458215 -7.159319 -14.190714 -3.370278 1.880186 26.303587 4.793008 -13.899626 -3.187932 0.000000 0.000000 0.000000 -31.089318 32.291165 -0.041105 -24.058635 -8.823259 -14.870974 -0.000000 -59.403160 0.000000 0.080479 -0.005239 -0.988820 0.000000 0.000000 0.607176 0.005215 0.000010 -0.110703 -0.012689 0.000454 -0.146434 0.022390 -0.001199 4.934506 0.000000 0.000000 0.746397 0.000014 0.006565 0.122572 -0.000022 -0.014325 0.164521 2.447046 -0.079831 2.056764 0.000000 0.000000 0.740482 -0.000002 0.007173 -0.014980 -0.000004 -0.015017 0.027776 4.260386 -0.094452 1.375350 0.000000 0.000000 0.754839 0.000000 0.009448 0.000229 -0.000006 -0.022452 0.026332 -6.917769 0.291382 2.291170 0.000000 0.000000 0.754038 -0.000001 0.004175 -0.008146 -0.000001 -0.009275 0.012467 0.441624 -0.014543 2.538997 25.498470 3.464287 -0.045701 21.750937 -20.653600 -12.709589 -0.000000 32.704700 -0.000000 -0.080308 0.004629 -0.724563 0.000000 0.000000 0.472622 0.000000 0.000000 0.008252 0.000000 0.000000 -0.001366 -7.969741 -5.107087 -8.050663 0.000000 0.000000 0.467721 0.000000 0.000000 -0.015015 0.000000 0.000000 0.025121 6.271931 -1.933901 -4.817211 0.000000 0.000000 0.481966 0.000000 0.000000 -0.004083 0.000000 0.000000 -0.000628 -1.013052 -2.505694 -6.799366 0.000000 0.000000 0.479930 0.000000 0.000000 0.003389 0.000000 0.000000 -0.007978 -3.109834 -2.403556 -3.139792 0.000035 0.004242 0.480870 0.000001 -0.004242 0.042897 0.000000 0.000000 0.013196 -4.610124 -2.491975 -2.359596 0.265597 4.128206 -33.432346 0.000000 0.000000 38.989917 -1.870303 3.267205 -23.893366 0.000000 0.000000 0.000000 -19.675534 -8.116602 -36.452294 0.000000 0.000000 31.052678 12.435073 -2.959521 7.168136 0.000000 0.000000 -0.000003 
-0.220900 86.302700 -19.004300 0.171617 23.223486 18.438414 -2.935708 -0.376757 -8.908141 0.628717 0.358145 -7.667522 3.992814 -13.741482 -12.699758 -6.898055 3.652601 24.440509 2.773375 -4.780592 -6.852719 0.000000 0.000000 0.000000 -32.490637 32.206145 -0.051831 -23.711674 -9.717115 -14.711518 -0.000000 -48.319778 0.000000 0.080479 -0.005239 -0.988820 0.000000 0.000000 0.607176 0.005215 0.000010 -0.110703 -0.012689 0.000454 -0.146434 0.022390 -0.001199 4.934506 0.000000 0.000000 0.746397 0.000014 0.006565 0.122572 -0.000022 -0.014325 0.164521 2.447046 -0.079831 2.056764 0.000000 0.000000 0.740482 -0.000002 0.007173 -0.014980 -0.000004 -0.015017 0.027776 4.260386 -0.094452 1.375350 0.000000 0.000000 0.754839 0.000000 0.009448 0.000229 -0.000006 -0.022452 0.026332 -6.917769 0.291382 2.291170 0.000000 0.000000 0.754038 -0.000001 0.004175 -0.008146 -0.000001 -0.009275 0.012467 0.441624 -0.014543 2.538997 25.033916 3.195872 -0.046700 26.590535 -16.087878 -10.799469 -0.000000 42.565102 -0.000000 -0.080308 0.004629 -0.724563 0.000000 0.000000 0.472622 0.000000 0.000000 0.008252 0.000000 0.000000 -0.001366 -7.969741 -5.107087 -8.050663 0.000000 0.000000 0.467721 0.000000 0.000000 -0.015015 0.000000 0.000000 0.025121 6.271931 -1.933901 -4.817211 0.000000 0.000000 0.481966 0.000000 0.000000 -0.004083 0.000000 0.000000 -0.000628 -1.013052 -2.505694 -6.799366 0.000000 0.000000 0.479930 0.000000 0.000000 0.003389 0.000000 0.000000 -0.007978 -3.109834 -2.403556 -3.139792 0.000035 0.004242 0.480870 0.000001 -0.004242 0.042897 0.000000 0.000000 0.013196 -4.610124 -2.491975 -2.359596 -0.042951 2.035331 -30.303968 0.000000 0.000000 32.317221 -4.194426 6.334303 -20.615691 0.000000 0.000000 0.000000 -22.337286 -4.553594 -39.879030 0.000000 0.000000 30.967117 12.233097 -1.198617 23.348568 0.000000 0.000000 -0.000003 
-0.191600 87.044500 -19.195700 -2.742141 21.593352 15.629529 -1.200835 -0.214726 -8.217466 1.860381 0.239645 -6.272109 5.688647 -19.626389 -12.180637 -8.463064 4.226687 23.026352 1.129382 1.264364 -8.197909 0.000000 0.000000 0.000000 -33.452266 31.523501 -0.049952 -24.413725 -9.839825 -13.657300 -0.000000 -40.006691 0.000000 0.080479 -0.005239 -0.988820 0.000000 0.000000 0.607176 0.005215 0.000010 -0.110703 -0.012689 0.000454 -0.146434 0.022390 -0.001199 4.934506 0.000000 0.000000 0.746397 0.000014 0.006565 0.122572 -0.000022 -0.014325 0.164521 2.447046 -0.079831 2.056764 0.000000 0.000000 0.740482 -0.000002 0.007173 -0.014980 -0.000004 -0.015017 0.027776 4.260386 -0.094452 1.375350 0.000000 0.000000 0.754839 0.000000 0.009448 0.000229 -0.000006 -0.022452 0.026332 -6.917769 0.291382 2.291170 0.000000 0.000000 0.754038 -0.000001 0.004175 -0.008146 -0.000001 -0.009275 0.012467 0.441624 -0.014543 2.538997 24.381318 3.079358 -0.044918 31.853769 -11.474269 -8.629351 -0.000000 53.440182 -0.000000 -0.080308 0.004629 -0.724563 0.000000 0.000000 0.472622 0.000000 0.000000 0.008252 0.000000 0.000000 -0.001366 -7.969741 -5.107087 -8.050663 0.000000 0.000000 0.467721 0.000000 0.000000 -0.015015 0.000000 0.000000 0.025121 6.271931 -1.933901 -4.817211 0.000000 0.000000 0.481966 0.000000 0.000000 -0.004083 0.000000 0.000000 -0.000628 -1.013052 -2.505694 -6.799366 0.000000 0.000000 0.479930 0.000000 0.000000 0.003389 0.000000 0.000000 -0.007978 -3.109834 -2.403556 -3.139792 0.000035 0.004242 0.480870 0.000001 -0.004242 0.042897 0.000000 0.000000 0.013196 -4.610124 -2.491975 -2.359596 2.879681 0.031865 -27.361212 0.000000 0.000000 30.072491 -4.471662 10.863620 -19.749920 0.000000 0.000000 0.000000 -22.315952 -0.120306 -45.926425 0.000000 0.000000 40.951808 14.548372 2.784981 25.305869 0.000000 0.000000 -0.000003 
-0.240400 86.657700 -19.243900 -4.276992 20.918359 12.422103 -1.733410 0.688759 -7.045128 3.346513 1.245833 -4.353085 8.091463 -27.686557 -11.424922 -10.062268 4.525986 20.663613 -2.841627 11.001179 -10.652337 0.000000 0.000000 0.000000 -33.614104 30.701884 -0.041911 -26.037731 -9.281472 -12.139550 -0.000000 -37.287048 0.000000 0.080479 -0.005239 -0.988820 0.000000 0.000000 0.607176 0.005215 0.000010 -0.110703 -0.012689 0.000454 -0.146434 0.022390 -0.001199 4.934506 0.000000 0.000000 0.746397 0.000014 0.006565 0.122572 -0.000022 -0.014325 0.164521 2.447046 -0.079831 2.056764 0.000000 0.000000 0.740482 -0.000002 0.007173 -0.014980 -0.000004 -0.015017 0.027776 4.260386 -0.094452 1.375350 0.000000 0.000000 0.754839 0.000000 0.009448 0.000229 -0.000006 -0.022452 0.026332 -6.917769 0.291382 2.291170 0.000000 0.000000 0.754038 -0.000001 0.004175 -0.008146 -0.000001 -0.009275 0.012467 0.441624 -0.014543 2.538997 23.825829 3.071987 -0.045354 36.905330 -8.565592 -6.546533 -0.000000 65.166267 -0.000000 -0.080308 0.004629 -0.724563 0.000000 0.000000 0.472622 0.000000 0.000000 0.008252 0.000000 0.000000 -0.001366 -7.969741 -5.107087 -8.050663 0.000000 0.000000 0.467721 0.000000 0.000000 -0.015015 0.000000 0.000000 0.025121 6.271931 -1.933901 -4.817211 0.000000 0.000000 0.481966 0.000000 0.000000 -0.004083 0.000000 0.000000 -0.000628 -1.013052 -2.505694 -6.799366 0.000000 0.000000 0.479930 0.000000 0.000000 0.003389 0.000000 0.000000 -0.007978 -3.109834 -2.403556 -3.139792 0.000035 0.004242 0.480870 0.000001 -0.004242 0.042897 0.000000 0.000000 0.013196 -4.610124 -2.491975 -2.359596 4.550737 -1.679501 -26.072163 0.000000 0.000000 32.811276 -5.537116 13.232798 -21.340838 0.000000 0.000000 0.000000 -22.247793 1.576410 -52.058142 0.000000 0.000000 55.220118 12.857482 7.043818 20.836601 0.000000 0.000000 -0.000003 
-0.206700 85.758000 -18.848300 -4.748524 21.788786 9.121559 -1.693006 0.670306 -5.242206 3.731501 1.043847 -2.342677 8.791485 -34.221136 -10.954280 -10.195729 4.400307 19.434938 -4.490872 16.796762 -12.714826 0.000000 0.000000 0.000000 -33.358077 30.481039 -0.040831 -27.605581 -8.826672 -10.338176 -0.000000 -39.454552 0.000000 0.080479 -0.005239 -0.988820 0.000000 0.000000 0.607176 0.005215 0.000010 -0.110703 -0.012689 0.000454 -0.146434 0.022390 -0.001199 4.934506 0.000000 0.000000 0.746397 0.000014 0.006565 0.122572 -0.000022 -0.014325 0.164521 2.447046 -0.079831 2.056764 0.000000 0.000000 0.740482 -0.000002 0.007173 -0.014980 -0.000004 -0.015017 0.027776 4.260386 -0.094452 1.375350 0.000000 0.000000 0.754839 0.000000 0.009448 0.000229 -0.000006 -0.022452 0.026332 -6.917769 0.291382 2.291170 0.000000 0.000000 0.754038 -0.000001 0.004175 -0.008146 -0.000001 -0.009275 0.012467 0.441624 -0.014543 2.538997 23.745829 3.295012 -0.048439 40.350437 -8.781232 -5.264031 -0.000000 77.782806 -0.000000 -0.080308 0.004629 -0.724563 0.000000 0.000000 0.472622 0.000000 0.000000 0.008252 0.000000 0.000000 -0.001366 -7.969741 -5.107087 -8.050663 0.000000 0.000000 0.467721 0.000000 0.000000 -0.015015 0.000000 0.000000 0.025121 6.271931 -1.933901 -4.817211 0.000000 0.000000 0.481966 0.000000 0.000000 -0.004083 0.000000 0.000000 -0.000628 -1.013052 -2.505694 -6.799366 0.000000 0.000000 0.479930 0.000000 0.000000 0.003389 0.000000 0.000000 -0.007978 -3.109834 -2.403556 -3.139792 0.000035 0.004242 0.480870 0.000001 -0.004242 0.042897 0.000000 0.000000 0.013196 -4.610124 -2.491975 -2.359596 5.157096 -3.269903 -24.998314 0.000000 0.000000 37.050816 -6.316735 13.551407 -23.720451 0.000000 0.000000 0.000000 -22.219450 1.142309 -56.677352 0.000000 0.000000 69.373536 7.436315 8.121354 14.628346 0.000000 0.000000 -0.000003 
-0.446900 85.288200 -18.372200 -4.706362 22.215537 6.888341 -1.641210 1.085996 -4.030874 3.553202 1.298543 -0.828125 8.783526 -40.074000 -10.621479 -10.258550 4.225469 18.348659 -4.425542 21.732571 -13.581390 0.000000 0.000000 0.000000 -33.289875 31.099423 -0.038545 -28.703907 -9.027760 -8.349535 -0.000000 -43.703861 0.000000 0.080479 -0.005239 -0.988820 0.000000 0.000000 0.607176 0.005215 0.000010 -0.110703 -0.012689 0.000454 -0.146434 0.022390 -0.001199 4.934506 0.000000 0.000000 0.746397 0.000014 0.006565 0.122572 -0.000022 -0.014325 0.164521 2.447046 -0.079831 2.056764 0.000000 0.000000 0.740482 -0.000002 0.007173 -0.014980 -0.000004 -0.015017 0.027776 4.260386 -0.094452 1.375350 0.000000 0.000000 0.754839 0.000000 0.009448 0.000229 -0.000006 -0.022452 0.026332 -6.917769 0.291382 2.291170 0.000000 0.000000 0.754038 -0.000001 0.004175 -0.008146 -0.000001 -0.009275 0.012467 0.441624 -0.014543 2.538997 24.008508 3.811236 -0.048750 41.007668 -11.874223 -4.830172 -0.000000 89.248360 -0.000000 -0.080308 0.004629 -0.724563 0.000000 0.000000 0.472622 0.000000 0.000000 0.008252 0.000000 0.000000 -0.001366 -7.969741 -5.107087 -8.050663 0.000000 0.000000 0.467721 0.000000 0.000000 -0.015015 0.000000 0.000000 0.025121 6.271931 -1.933901 -4.817211 0.000000 0.000000 0.481966 0.000000 0.000000 -0.004083 0.000000 0.000000 -0.000628 -1.013052 -2.505694 -6.799366 0.000000 0.000000 0.479930 0.000000 0.000000 0.003389 0.000000 0.000000 -0.007978 -3.109834 -2.403556 -3.139792 0.000035 0.004242 0.480870 0.000001 -0.004242 0.042897 0.000000 0.000000 0.013196 -4.610124 -2.491975 -2.359596 5.256012 -4.190034 -23.544848 0.000000 0.000000 38.927614 -6.238285 13.943869 -24.750865 0.000000 0.000000 0.000000 -22.401696 0.182786 -60.407231 0.000000 0.000000 82.047219 2.112959 2.633393 8.666679 0.000000 0.000000 -0.000003 
-0.401500 85.272600 -18.084700 -4.556529 23.206416 5.980707 -1.396754 1.446202 -3.173618 3.127262 1.599448 -0.606583 9.243950 -44.250026 -11.128824 -10.919999 4.427473 18.257542 -4.989816 25.095458 -14.885638 0.000000 0.000000 0.000000 -33.566439 31.954467 -0.037987 -29.647508 -9.335728 -6.554693 -0.000000 -47.964890 0.000000 0.080479 -0.005239 -0.988820 0.000000 0.000000 0.607176 0.005215 0.000010 -0.110703 -0.012689 0.000454 -0.146434 0.022390 -0.001199 4.934506 0.000000 0.000000 0.746397 0.000014 0.006565 0.122572 -0.000022 -0.014325 0.164521 2.447046 -0.079831 2.056764 0.000000 0.000000 0.740482 -0.000002 0.007173 -0.014980 -0.000004 -0.015017 0.027776 4.260386 -0.094452 1.375350 0.000000 0.000000 0.754839 0.000000 0.009448 0.000229 -0.000006 -0.022452 0.026332 -6.917769 0.291382 2.291170 0.000000 0.000000 0.754038 -0.000001 0.004175 -0.008146 -0.000001 -0.009275 0.012467 0.441624 -0.014543 2.538997 23.894280 4.227562 -0.045361 39.059404 -15.719495 -4.106147 -180.000000 84.118683 -180.000000 -0.080308 0.004629 -0.724563 0.000000 0.000000 0.472622 0.000000 0.000000 0.008252 0.000000 0.000000 -0.001366 -7.969741 -5.107087 -8.050663 0.000000 0.000000 0.467721 0.000000 0.000000 -0.015015 0.000000 0.000000 0.025121 6.271931 -1.933901 -4.817211 0.000000 0.000000 0.481966 0.000000 0.000000 -0.004083 0.000000 0.000000 -0.000628 -1.013052 -2.505694 -6.799366 0.000000 0.000000 0.479930 0.000000 0.000000 0.003389 0.000000 0.000000 -0.007978 -3.109834 -2.403556 -3.139792 0.000035 0.004242 0.480870 0.000001 -0.004242 0.042897 0.000000 0.000000 0.013196 -4.610124 -2.491975 -2.359596 5.209121 -5.004662 -22.493776 0.000000 0.000000 38.847334 -6.398057 13.595383 -24.868061 0.000000 0.000000 0.000000 -23.046635 -0.572836 -60.892106 0.000000 0.000000 86.393739 0.495608 1.667036 9.143729 0.000000 0.000000 -0.000003 
-0.234500 85.743400 -18.321900 -4.131110 23.741875 6.651872 -1.904909 1.213828 -3.861862 3.026374 1.431952 -0.659810 9.355593 -43.790041 -10.956954 -11.172691 4.531741 18.439322 -4.766348 25.084814 -14.837885 0.000000 0.000000 0.000000 -33.916409 32.483677 -0.041518 -30.829199 -8.884048 -5.227484 -0.000000 -52.273739 0.000000 0.080479 -0.005239 -0.988820 0.000000 0.000000 0.607176 0.005215 0.000010 -0.110703 -0.012689 0.000454 -0.146434 0.022390 -0.001199 4.934506 0.000000 0.000000 0.746397 0.000014 0.006565 0.122572 -0.000022 -0.014325 0.164521 2.447046 -0.079831 2.056764 0.000000 0.000000 0.740482 -0.000002 0.007173 -0.014980 -0.000004 -0.015017 0.027776 4.260386 -0.094452 1.375350 0.000000 0.000000 0.754839 0.000000 0.009448 0.000229 -0.000006 -0.022452 0.026332 -6.917769 0.291382 2.291170 0.000000 0.000000 0.754038 -0.000001 0.004175 -0.008146 -0.000001 -0.009275 0.012467 0.441624 -0.014543 2.538997 23.187436 4.323141 -0.045662 35.049120 -18.623255 -2.129012 -180.000000 85.129028 -180.000000 -0.080308 0.004629 -0.724563 0.000000 0.000000 0.472622 0.000000 0.000000 0.008252 0.000000 0.000000 -0.001366 -7.969741 -5.107087 -8.050663 0.000000 0.000000 0.467721 0.000000 0.000000 -0.015015 0.000000 0.000000 0.025121 6.271931 -1.933901 -4.817211 0.000000 0.000000 0.481966 0.000000 0.000000 -0.004083 0.000000 0.000000 -0.000628 -1.013052 -2.505694 -6.799366 0.000000 0.000000 0.479930 0.000000 0.000000 0.003389 0.000000 0.000000 -0.007978 -3.109834 -2.403556 -3.139792 0.000035 0.004242 0.480870 0.000001 -0.004242 0.042897 0.000000 0.000000 0.013196 -4.610124 -2.491975 -2.359596 4.975096 -5.117425 -22.038935 0.000000 0.000000 36.659526 -7.855184 12.526945 -24.049159 0.000000 0.000000 0.000000 -23.576715 0.073545 -59.807793 0.000000 0.000000 84.254574 0.279163 1.516054 11.752274 0.000000 0.000000 -0.000003 
-0.114500 86.342800 -17.404500 -4.449559 25.274212 7.912557 -1.574406 1.286440 -4.853155 3.318574 1.561348 -1.491259 9.267605 -43.377954 -11.764293 -10.915069 4.706941 19.346270 -3.529506 21.383789 -12.896002 0.000000 0.000000 0.000000 -34.146014 32.675848 -0.043644 -32.027639 -7.718362 -4.204460 -0.000000 -56.842522 0.000000 0.080479 -0.005239 -0.988820 0.000000 0.000000 0.607176 0.005215 0.000010 -0.110703 -0.012689 0.000454 -0.146434 0.022390 -0.001199 4.934506 0.000000 0.000000 0.746397 0.000014 0.006565 0.122572 -0.000022 -0.014325 0.164521 2.447046 -0.079831 2.056764 0.000000 0.000000 0.740482 -0.000002 0.007173 -0.014980 -0.000004 -0.015017 0.027776 4.260386 -0.094452 1.375350 0.000000 0.000000 0.754839 0.000000 0.009448 0.000229 -0.000006 -0.022452 0.026332 -6.917769 0.291382 2.291170 0.000000 0.000000 0.754038 -0.000001 0.004175 -0.008146 -0.000001 -0.009275 0.012467 0.441624 -0.014543 2.538997 22.311476 4.198661 -0.048582 29.357591 -20.060970 1.123571 -0.000000 84.810402 -0.000000 -0.080308 0.004629 -0.724563 0.000000 0.000000 0.472622 0.000000 0.000000 0.008252 0.000000 0.000000 -0.001366 -7.969741 -5.107087 -8.050663 0.000000 0.000000 0.467721 0.000000 0.000000 -0.015015 0.000000 0.000000 0.025121 6.271931 -1.933901 -4.817211 0.000000 0.000000 0.481966 0.000000 0.000000 -0.004083 0.000000 0.000000 -0.000628 -1.013052 -2.505694 -6.799366 0.000000 0.000000 0.479930 0.000000 0.000000 0.003389 0.000000 0.000000 -0.007978 -3.109834 -2.403556 -3.139792 0.000035 0.004242 0.480870 0.000001 -0.004242 0.042897 0.000000 0.000000 0.013196 -4.610124 -2.491975 -2.359596 5.450608 -5.239536 -21.556226 0.000000 0.000000 33.751678 -5.461889 12.178756 -22.582558 0.000000 0.000000 0.000000 -21.970300 -0.247407 -56.617555 0.000000 0.000000 76.517054 1.064478 1.557906 13.661360 0.000000 0.000000 -0.000003 
0.195100 86.886200 -17.218600 -3.509964 26.236692 11.295598 -2.135684 0.666784 -7.163972 2.611195 1.145764 -2.925644 8.086007 -37.664577 -11.388802 -8.611626 4.030579 21.170591 -2.782901 14.958977 -10.436513 0.000000 0.000000 0.000000 -34.216422 32.536148 -0.043866 -32.624272 -6.560048 -3.076801 -0.000000 -60.696651 0.000000 0.080479 -0.005239 -0.988820 0.000000 0.000000 0.607176 0.005215 0.000010 -0.110703 -0.012689 0.000454 -0.146434 0.022390 -0.001199 4.934506 0.000000 0.000000 0.746397 0.000014 0.006565 0.122572 -0.000022 -0.014325 0.164521 2.447046 -0.079831 2.056764 0.000000 0.000000 0.740482 -0.000002 0.007173 -0.014980 -0.000004 -0.015017 0.027776 4.260386 -0.094452 1.375350 0.000000 0.000000 0.754839 0.000000 0.009448 0.000229 -0.000006 -0.022452 0.026332 -6.917769 0.291382 2.291170 0.000000 0.000000 0.754038 -0.000001 0.004175 -0.008146 -0.000001 -0.009275 0.012467 0.441624 -0.014543 2.538997 21.659450 3.882921 -0.048098 23.120539 -19.875910 5.234726 -0.000000 66.190117 -0.000000 -0.080308 0.004629 -0.724563 0.000000 0.000000 0.472622 0.000000 0.000000 0.008252 0.000000 0.000000 -0.001366 -7.969741 -5.107087 -8.050663 0.000000 0.000000 0.467721 0.000000 0.000000 -0.015015 0.000000 0.000000 0.025121 6.271931 -1.933901 -4.817211 0.000000 0.000000 0.481966 0.000000 0.000000 -0.004083 0.000000 0.000000 -0.000628 -1.013052 -2.505694 -6.799366 0.000000 0.000000 0.479930 0.000000 0.000000 0.003389 0.000000 0.000000 -0.007978 -3.109834 -2.403556 -3.139792 0.000035 0.004242 0.480870 0.000001 -0.004242 0.042897 0.000000 0.000000 0.013196 -4.610124 -2.491975 -2.359596 4.741398 -3.545737 -22.720913 0.000000 0.000000 30.413909 -5.399542 9.531448 -21.063728 0.000000 0.000000 0.000000 -21.258832 0.536192 -51.649259 0.000000 0.000000 61.067000 7.493470 -0.117680 15.524451 0.000000 0.000000 -0.000003 
0.435900 86.908700 -16.897700 -1.951979 27.703152 13.768764 -2.517975 -0.355677 -7.507226 1.447397 0.177231 -5.287569 6.297614 -30.722623 -11.411971 -6.222827 3.280919 23.944589 0.154969 6.275305 -7.179418 0.000000 0.000000 0.000000 -34.183659 32.086130 -0.042662 -32.229448 -6.205317 -1.429785 -0.000000 -62.383659 0.000000 0.080479 -0.005239 -0.988820 0.000000 0.000000 0.607176 0.005215 0.000010 -0.110703 -0.012689 0.000454 -0.146434 0.022390 -0.001199 4.934506 0.000000 0.000000 0.746397 0.000014 0.006565 0.122572 -0.000022 -0.014325 0.164521 2.447046 -0.079831 2.056764 0.000000 0.000000 0.740482 -0.000002 0.007173 -0.014980 -0.000004 -0.015017 0.027776 4.260386 -0.094452 1.375350 0.000000 0.000000 0.754839 0.000000 0.009448 0.000229 -0.000006 -0.022452 0.026332 -6.917769 0.291382 2.291170 0.000000 0.000000 0.754038 -0.000001 0.004175 -0.008146 -0.000001 -0.009275 0.012467 0.441624 -0.014543 2.538997 21.617002 3.594537 -0.043980 17.714107 -18.913395 9.454473 -0.000000 44.430790 -0.000000 -0.080308 0.004629 -0.724563 0.000000 0.000000 0.472622 0.000000 0.000000 0.008252 0.000000 0.000000 -0.001366 -7.969741 -5.107087 -8.050663 0.000000 0.000000 0.467721 0.000000 0.000000 -0.015015 0.000000 0.000000 0.025121 6.271931 -1.933901 -4.817211 0.000000 0.000000 0.481966 0.000000 0.000000 -0.004083 0.000000 0.000000 -0.000628 -1.013052 -2.505694 -6.799366 0.000000 0.000000 0.479930 0.000000 0.000000 0.003389 0.000000 0.000000 -0.007978 -3.109834 -2.403556 -3.139792 0.000035 0.004242 0.480870 0.000001 -0.004242 0.042897 0.000000 0.000000 0.013196 -4.610124 -2.491975 -2.359596 3.236068 -1.522799 -23.780228 0.000000 0.000000 29.206435 -4.238166 6.060645 -20.333512 0.000000 0.000000 0.000000 -21.724885 2.684149 -40.612988 0.000000 0.000000 36.399546 16.968431 -4.562590 17.788888 0.000000 0.000000 -0.000003 
0.523900 86.769000 -17.080800 -1.657002 27.990506 13.942992 -2.326034 -0.328974 -7.271779 1.397504 0.185060 -6.221276 4.428950 -22.547628 -10.544577 -4.548224 2.285510 23.385080 1.306384 -0.257812 -4.203580 0.000000 0.000000 0.000000 -34.075354 31.473371 -0.041582 -31.018999 -7.189808 0.969026 -0.000000 -61.071159 0.000000 0.080479 -0.005239 -0.988820 0.000000 0.000000 0.607176 0.005215 0.000010 -0.110703 -0.012689 0.000454 -0.146434 0.022390 -0.001199 4.934506 0.000000 0.000000 0.746397 0.000014 0.006565 0.122572 -0.000022 -0.014325 0.164521 2.447046 -0.079831 2.056764 0.000000 0.000000 0.740482 -0.000002 0.007173 -0.014980 -0.000004 -0.015017 0.027776 4.260386 -0.094452 1.375350 0.000000 0.000000 0.754839 0.000000 0.009448 0.000229 -0.000006 -0.022452 0.026332 -6.917769 0.291382 2.291170 0.000000 0.000000 0.754038 -0.000001 0.004175 -0.008146 -0.000001 -0.009275 0.012467 0.441624 -0.014543 2.538997 22.406022 3.420132 -0.041837 14.077578 -18.151536 13.357262 -0.000000 27.057970 -0.000000 -0.080308 0.004629 -0.724563 0.000000 0.000000 0.472622 0.000000 0.000000 0.008252 0.000000 0.000000 -0.001366 -7.969741 -5.107087 -8.050663 0.000000 0.000000 0.467721 0.000000 0.000000 -0.015015 0.000000 0.000000 0.025121 6.271931 -1.933901 -4.817211 0.000000 0.000000 0.481966 0.000000 0.000000 -0.004083 0.000000 0.000000 -0.000628 -1.013052 -2.505694 -6.799366 0.000000 0.000000 0.479930 0.000000 0.000000 0.003389 0.000000 0.000000 -0.007978 -3.109834 -2.403556 -3.139792 0.000035 0.004242 0.480870 0.000001 -0.004242 0.042897 0.000000 0.000000 0.013196 -4.610124 -2.491975 -2.359596 2.699816 0.144820 -24.290358 0.000000 0.000000 29.867694 -4.173926 3.928940 -20.449491 0.000000 0.000000 0.000000 -21.739264 3.502973 -36.423987 0.000000 0.000000 28.967564 17.194914 -7.123951 18.608001 0.000000 0.000000 -0.000003 
0.134800 85.934300 -17.021400 -2.241110 27.277262 13.202227 -1.199197 -0.796621 -6.969896 1.511834 -0.476757 -6.243757 3.151132 -13.830834 -10.417262 -3.574786 1.769873 23.301772 2.969274 -8.858393 -1.640053 0.000000 0.000000 0.000000 -33.915807 30.909553 -0.041153 -29.708554 -9.543216 4.276261 -0.000000 -56.882961 0.000000 0.080479 -0.005239 -0.988820 0.000000 0.000000 0.607176 0.005215 0.000010 -0.110703 -0.012689 0.000454 -0.146434 0.022390 -0.001199 4.934506 0.000000 0.000000 0.746397 0.000014 0.006565 0.122572 -0.000022 -0.014325 0.164521 2.447046 -0.079831 2.056764 0.000000 0.000000 0.740482 -0.000002 0.007173 -0.014980 -0.000004 -0.015017 0.027776 4.260386 -0.094452 1.375350 0.000000 0.000000 0.754839 0.000000 0.009448 0.000229 -0.000006 -0.022452 0.026332 -6.917769 0.291382 2.291170 0.000000 0.000000 0.754038 -0.000001 0.004175 -0.008146 -0.000001 -0.009275 0.012467 0.441624 -0.014543 2.538997 24.124784 3.355385 -0.039321 12.053776 -17.122296 16.779476 -0.000000 16.911110 -0.000000 -0.080308 0.004629 -0.724563 0.000000 0.000000 0.472622 0.000000 0.000000 0.008252 0.000000 0.000000 -0.001366 -7.969741 -5.107087 -8.050663 0.000000 0.000000 0.467721 0.000000 0.000000 -0.015015 0.000000 0.000000 0.025121 6.271931 -1.933901 -4.817211 0.000000 0.000000 0.481966 0.000000 0.000000 -0.004083 0.000000 0.000000 -0.000628 -1.013052 -2.505694 -6.799366 0.000000 0.000000 0.479930 0.000000 0.000000 0.003389 0.000000 0.000000 -0.007978 -3.109834 -2.403556 -3.139792 0.000035 0.004242 0.480870 0.000001 -0.004242 0.042897 0.000000 0.000000 0.013196 -4.610124 -2.491975 -2.359596 3.380467 -0.897181 -26.145033 0.000000 0.000000 34.349121 -3.345007 6.177969 -22.533514 0.000000 0.000000 0.000000 -20.750807 3.472099 -35.168628 0.000000 0.000000 28.911270 17.101338 -5.244285 11.251453 0.000000 0.000000 -0.000003 
0.220100 84.279500 -17.133500 -3.159793 25.891352 11.171158 0.031035 -1.085829 -6.108260 1.795844 -0.936981 -5.440598 2.106194 -5.779186 -9.478675 -3.281907 1.572655 22.791214 4.601722 -13.720379 -0.971097 0.000000 0.000000 0.000000 -33.804387 30.363033 -0.043043 -29.184463 -12.946641 8.406494 -0.000000 -50.631050 0.000000 0.080479 -0.005239 -0.988820 0.000000 0.000000 0.607176 0.005215 0.000010 -0.110703 -0.012689 0.000454 -0.146434 0.022390 -0.001199 4.934506 0.000000 0.000000 0.746397 0.000014 0.006565 0.122572 -0.000022 -0.014325 0.164521 2.447046 -0.079831 2.056764 0.000000 0.000000 0.740482 -0.000002 0.007173 -0.014980 -0.000004 -0.015017 0.027776 4.260386 -0.094452 1.375350 0.000000 0.000000 0.754839 0.000000 0.009448 0.000229 -0.000006 -0.022452 0.026332 -6.917769 0.291382 2.291170 0.000000 0.000000 0.754038 -0.000001 0.004175 -0.008146 -0.000001 -0.009275 0.012467 0.441624 -0.014543 2.538997 26.190645 3.304238 -0.037369 12.003031 -14.326281 19.679189 -0.000000 13.228990 -0.000000 -0.080308 0.004629 -0.724563 0.000000 0.000000 0.472622 0.000000 0.000000 0.008252 0.000000 0.000000 -0.001366 -7.969741 -5.107087 -8.050663 0.000000 0.000000 0.467721 0.000000 0.000000 -0.015015 0.000000 0.000000 0.025121 6.271931 -1.933901 -4.817211 0.000000 0.000000 0.481966 0.000000 0.000000 -0.004083 0.000000 0.000000 -0.000628 -1.013052 -2.505694 -6.799366 0.000000 0.000000 0.479930 0.000000 0.000000 0.003389 0.000000 0.000000 -0.007978 -3.109834 -2.403556 -3.139792 0.000035 0.004242 0.480870 0.000001 -0.004242 0.042897 0.000000 0.000000 0.013196 -4.610124 -2.491975 -2.359596 4.164393 -2.841561 -28.205686 0.000000 0.000000 41.831205 -4.805634 9.173564 -26.498318 0.000000 0.000000 0.000000 -18.581193 0.827608 -36.087755 0.000000 0.000000 33.624403 14.637722 -0.925998 5.788344 0.000000 0.000000 -0.000003 
0.040200 82.492600 -18.339300 -3.034863 23.729463 8.867708 -0.292154 -1.383134 -5.003459 1.987721 -1.226722 -3.664703 2.461293 -1.115266 -8.022120 -3.880453 1.858313 22.234507 4.970126 -13.987853 -2.523590 0.000000 0.000000 0.000000 -34.028935 29.799455 -0.047747 -29.302806 -16.843995 12.877058 -0.000000 -44.174210 0.000000 0.080479 -0.005239 -0.988820 0.000000 0.000000 0.607176 0.005215 0.000010 -0.110703 -0.012689 0.000454 -0.146434 0.022390 -0.001199 4.934506 0.000000 0.000000 0.746397 0.000014 0.006565 0.122572 -0.000022 -0.014325 0.164521 2.447046 -0.079831 2.056764 0.000000 0.000000 0.740482 -0.000002 0.007173 -0.014980 -0.000004 -0.015017 0.027776 4.260386 -0.094452 1.375350 0.000000 0.000000 0.754839 0.000000 0.009448 0.000229 -0.000006 -0.022452 0.026332 -6.917769 0.291382 2.291170 0.000000 0.000000 0.754038 -0.000001 0.004175 -0.008146 -0.000001 -0.009275 0.012467 0.441624 -0.014543 2.538997 27.375551 3.318366 -0.039628 14.528100 -8.816075 22.032504 -0.000000 15.752360 -0.000000 -0.080308 0.004629 -0.724563 0.000000 0.000000 0.472622 0.000000 0.000000 0.008252 0.000000 0.000000 -0.001366 -7.969741 -5.107087 -8.050663 0.000000 0.000000 0.467721 0.000000 0.000000 -0.015015 0.000000 0.000000 0.025121 6.271931 -1.933901 -4.817211 0.000000 0.000000 0.481966 0.000000 0.000000 -0.004083 0.000000 0.000000 -0.000628 -1.013052 -2.505694 -6.799366 0.000000 0.000000 0.479930 0.000000 0.000000 0.003389 0.000000 0.000000 -0.007978 -3.109834 -2.403556 -3.139792 0.000035 0.004242 0.480870 0.000001 -0.004242 0.042897 0.000000 0.000000 0.013196 -4.610124 -2.491975 -2.359596 3.598001 -4.101680 -29.980471 0.000000 0.000000 48.744222 -6.260431 11.990524 -29.465234 0.000000 0.000000 0.000000 -17.396877 -2.144240 -39.093882 0.000000 0.000000 40.192566 13.216385 1.265928 4.618629 0.000000 0.000000 -0.000003 
0.102300 80.888900 -19.475000 -4.267197 21.042286 5.949640 -0.073625 -0.637604 -4.244832 3.152124 -0.554003 -1.184268 3.660854 -2.562636 -6.085179 -6.516178 2.851435 20.255052 3.635499 -8.795622 -3.739538 0.000000 0.000000 0.000000 -34.567869 29.062841 -0.050027 -28.902685 -20.547299 16.707105 -0.000000 -40.716560 0.000000 0.080479 -0.005239 -0.988820 0.000000 0.000000 0.607176 0.005215 0.000010 -0.110703 -0.012689 0.000454 -0.146434 0.022390 -0.001199 4.934506 0.000000 0.000000 0.746397 0.000014 0.006565 0.122572 -0.000022 -0.014325 0.164521 2.447046 -0.079831 2.056764 0.000000 0.000000 0.740482 -0.000002 0.007173 -0.014980 -0.000004 -0.015017 0.027776 4.260386 -0.094452 1.375350 0.000000 0.000000 0.754839 0.000000 0.009448 0.000229 -0.000006 -0.022452 0.026332 -6.917769 0.291382 2.291170 0.000000 0.000000 0.754038 -0.000001 0.004175 -0.008146 -0.000001 -0.009275 0.012467 0.441624 -0.014543 2.538997 27.086068 3.384812 -0.043200 18.946827 -0.854612 23.859655 -0.000000 24.612089 -0.000000 -0.080308 0.004629 -0.724563 0.000000 0.000000 0.472622 0.000000 0.000000 0.008252 0.000000 0.000000 -0.001366 -7.969741 -5.107087 -8.050663 0.000000 0.000000 0.467721 0.000000 0.000000 -0.015015 0.000000 0.000000 0.025121 6.271931 -1.933901 -4.817211 0.000000 0.000000 0.481966 0.000000 0.000000 -0.004083 0.000000 0.000000 -0.000628 -1.013052 -2.505694 -6.799366 0.000000 0.000000 0.479930 0.000000 0.000000 0.003389 0.000000 0.000000 -0.007978 -3.109834 -2.403556 -3.139792 0.000035 0.004242 0.480870 0.000001 -0.004242 0.042897 0.000000 0.000000 0.013196 -4.610124 -2.491975 -2.359596 3.774458 -2.958290 -30.996642 0.000000 0.000000 54.650256 -5.717427 14.020679 -31.622644 0.000000 0.000000 0.000000 -15.111433 -3.496675 -43.970697 0.000000 0.000000 50.185871 11.900762 0.694109 2.318325 0.000000 0.000000 -0.000003 
0.164100 78.408100 -20.976500 -4.951417 19.575632 5.185310 -0.344565 0.077441 -4.200964 4.571854 0.123225 -0.085449 5.079642 -5.957884 -5.428769 -9.856656 4.190668 19.034580 0.310960 -2.195150 -5.106904 0.000000 0.000000 0.000000 -34.976099 27.995548 -0.044228 -27.303459 -24.320754 19.107867 -0.000000 -42.186050 0.000000 0.080479 -0.005239 -0.988820 0.000000 0.000000 0.607176 0.005215 0.000010 -0.110703 -0.012689 0.000454 -0.146434 0.022390 -0.001199 4.934506 0.000000 0.000000 0.746397 0.000014 0.006565 0.122572 -0.000022 -0.014325 0.164521 2.447046 -0.079831 2.056764 0.000000 0.000000 0.740482 -0.000002 0.007173 -0.014980 -0.000004 -0.015017 0.027776 4.260386 -0.094452 1.375350 0.000000 0.000000 0.754839 0.000000 0.009448 0.000229 -0.000006 -0.022452 0.026332 -6.917769 0.291382 2.291170 0.000000 0.000000 0.754038 -0.000001 0.004175 -0.008146 -0.000001 -0.009275 0.012467 0.441624 -0.014543 2.538997 26.140527 3.430740 -0.044152 23.332534 8.281568 24.915667 -0.000000 37.915272 -0.000000 -0.080308 0.004629 -0.724563 0.000000 0.000000 0.472622 0.000000 0.000000 0.008252 0.000000 0.000000 -0.001366 -7.969741 -5.107087 -8.050663 0.000000 0.000000 0.467721 0.000000 0.000000 -0.015015 0.000000 0.000000 0.025121 6.271931 -1.933901 -4.817211 0.000000 0.000000 0.481966 0.000000 0.000000 -0.004083 0.000000 0.000000 -0.000628 -1.013052 -2.505694 -6.799366 0.000000 0.000000 0.479930 0.000000 0.000000 0.003389 0.000000 0.000000 -0.007978 -3.109834 -2.403556 -3.139792 0.000035 0.004242 0.480870 0.000001 -0.004242 0.042897 0.000000 0.000000 0.013196 -4.610124 -2.491975 -2.359596 3.962415 -1.766009 -35.289902 0.000000 0.000000 62.374046 -7.287249 13.404572 -34.780051 0.000000 0.000000 0.000000 -13.270721 -5.195934 -50.307701 0.000000 0.000000 61.311123 10.272947 -0.655128 -1.804666 0.000000 0.000000 -0.000003 
0.101400 78.071900 -20.939600 -6.199063 18.280399 2.403258 0.316603 0.533961 -2.768697 5.556364 0.361275 1.518577 5.795249 -8.563329 -4.526574 -11.641258 4.760302 18.539179 -1.405168 0.969239 -6.370591 0.000000 0.000000 0.000000 -34.928749 26.734967 -0.034216 -24.718088 -29.359818 19.747926 -0.000000 -47.497849 0.000000 0.080479 -0.005239 -0.988820 0.000000 0.000000 0.607176 0.005215 0.000010 -0.110703 -0.012689 0.000454 -0.146434 0.022390 -0.001199 4.934506 0.000000 0.000000 0.746397 0.000014 0.006565 0.122572 -0.000022 -0.014325 0.164521 2.447046 -0.079831 2.056764 0.000000 0.000000 0.740482 -0.000002 0.007173 -0.014980 -0.000004 -0.015017 0.027776 4.260386 -0.094452 1.375350 0.000000 0.000000 0.754839 0.000000 0.009448 0.000229 -0.000006 -0.022452 0.026332 -6.917769 0.291382 2.291170 0.000000 0.000000 0.754038 -0.000001 0.004175 -0.008146 -0.000001 -0.009275 0.012467 0.441624 -0.014543 2.538997 25.719654 3.529409 -0.041864 25.836690 17.198964 24.440885 -0.000000 52.427059 -0.000000 -0.080308 0.004629 -0.724563 0.000000 0.000000 0.472622 0.000000 0.000000 0.008252 0.000000 0.000000 -0.001366 -7.969741 -5.107087 -8.050663 0.000000 0.000000 0.467721 0.000000 0.000000 -0.015015 0.000000 0.000000 0.025121 6.271931 -1.933901 -4.817211 0.000000 0.000000 0.481966 0.000000 0.000000 -0.004083 0.000000 0.000000 -0.000628 -1.013052 -2.505694 -6.799366 0.000000 0.000000 0.479930 0.000000 0.000000 0.003389 0.000000 0.000000 -0.007978 -3.109834 -2.403556 -3.139792 0.000035 0.004242 0.480870 0.000001 -0.004242 0.042897 0.000000 0.000000 0.013196 -4.610124 -2.491975 -2.359596 4.928961 -0.258955 -33.358145 0.000000 0.000000 63.617869 -6.408479 13.659688 -35.258093 0.000000 0.000000 0.000000 -11.251335 -5.615461 -53.538659 0.000000 0.000000 71.513415 9.595360 -2.029923 -7.356666 0.000000 0.000000 -0.000003 
-0.385400 78.433400 -20.723300 -6.466459 18.210197 1.761605 0.403565 0.473634 -2.496423 5.946609 0.199476 2.272556 6.047895 -8.215463 -4.281886 -12.745200 5.170331 17.642723 -2.053213 0.988202 -5.069567 0.000000 0.000000 0.000000 -34.445450 25.523056 -0.028397 -20.785410 -35.881432 17.687076 -0.000000 -55.510521 0.000000 0.080479 -0.005239 -0.988820 0.000000 0.000000 0.607176 0.005215 0.000010 -0.110703 -0.012689 0.000454 -0.146434 0.022390 -0.001199 4.934506 0.000000 0.000000 0.746397 0.000014 0.006565 0.122572 -0.000022 -0.014325 0.164521 2.447046 -0.079831 2.056764 0.000000 0.000000 0.740482 -0.000002 0.007173 -0.014980 -0.000004 -0.015017 0.027776 4.260386 -0.094452 1.375350 0.000000 0.000000 0.754839 0.000000 0.009448 0.000229 -0.000006 -0.022452 0.026332 -6.917769 0.291382 2.291170 0.000000 0.000000 0.754038 -0.000001 0.004175 -0.008146 -0.000001 -0.009275 0.012467 0.441624 -0.014543 2.538997 25.932370 3.490670 -0.040051 25.681285 25.127440 21.725462 -0.000000 67.601799 -0.000000 -0.080308 0.004629 -0.724563 0.000000 0.000000 0.472622 0.000000 0.000000 0.008252 0.000000 0.000000 -0.001366 -7.969741 -5.107087 -8.050663 0.000000 0.000000 0.467721 0.000000 0.000000 -0.015015 0.000000 0.000000 0.025121 6.271931 -1.933901 -4.817211 0.000000 0.000000 0.481966 0.000000 0.000000 -0.004083 0.000000 0.000000 -0.000628 -1.013052 -2.505694 -6.799366 0.000000 0.000000 0.479930 0.000000 0.000000 0.003389 0.000000 0.000000 -0.007978 -3.109834 -2.403556 -3.139792 0.000035 0.004242 0.480870 0.000001 -0.004242 0.042897 0.000000 0.000000 0.013196 -4.610124 -2.491975 -2.359596 5.748316 -0.143440 -32.249023 0.000000 0.000000 62.717732 -7.538641 12.810907 -35.041181 0.000000 0.000000 0.000000 -9.858541 -7.361266 -57.130297 0.000000 0.000000 80.753322 6.859399 -2.961139 -12.715122 0.000000 0.000000 -0.000003 
-0.896700 80.353400 -20.246700 -6.404734 18.843353 1.815939 0.332990 0.453046 -2.248842 5.683884 0.200013 2.234879 6.417029 -7.998441 -3.880442 -13.568197 5.192829 16.526152 -1.701724 -0.820914 -6.855084 0.000000 0.000000 0.000000 -33.658747 24.471676 -0.025532 -15.955252 -42.813093 12.087408 -0.000000 -64.503983 0.000000 0.080479 -0.005239 -0.988820 0.000000 0.000000 0.607176 0.005215 0.000010 -0.110703 -0.012689 0.000454 -0.146434 0.022390 -0.001199 4.934506 0.000000 0.000000 0.746397 0.000014 0.006565 0.122572 -0.000022 -0.014325 0.164521 2.447046 -0.079831 2.056764 0.000000 0.000000 0.740482 -0.000002 0.007173 -0.014980 -0.000004 -0.015017 0.027776 4.260386 -0.094452 1.375350 0.000000 0.000000 0.754839 0.000000 0.009448 0.000229 -0.000006 -0.022452 0.026332 -6.917769 0.291382 2.291170 0.000000 0.000000 0.754038 -0.000001 0.004175 -0.008146 -0.000001 -0.009275 0.012467 0.441624 -0.014543 2.538997 26.315920 3.364824 -0.040211 23.240336 32.039911 16.287032 -0.000000 82.635742 -0.000000 -0.080308 0.004629 -0.724563 0.000000 0.000000 0.472622 0.000000 0.000000 0.008252 0.000000 0.000000 -0.001366 -7.969741 -5.107087 -8.050663 0.000000 0.000000 0.467721 0.000000 0.000000 -0.015015 0.000000 0.000000 0.025121 6.271931 -1.933901 -4.817211 0.000000 0.000000 0.481966 0.000000 0.000000 -0.004083 0.000000 0.000000 -0.000628 -1.013052 -2.505694 -6.799366 0.000000 0.000000 0.479930 0.000000 0.000000 0.003389 0.000000 0.000000 -0.007978 -3.109834 -2.403556 -3.139792 0.000035 0.004242 0.480870 0.000001 -0.004242 0.042897 0.000000 0.000000 0.013196 -4.610124 -2.491975 -2.359596 6.538889 -1.060194 -29.228822 0.000000 0.000000 57.142840 -9.899313 11.694680 -33.001526 0.000000 0.000000 0.000000 -8.717347 -9.588722 -60.172208 0.000000 0.000000 88.788853 3.056885 -4.137169 -16.883227 0.000000 0.000000 -0.000003 
-1.239200 82.646300 -18.497600 -6.238267 20.932867 4.012590 -0.314521 0.172398 -3.114828 5.659586 0.078417 1.161656 6.775691 -8.013567 -5.001748 -12.840779 4.475799 15.125331 -1.493013 -2.681090 -5.599167 0.000000 0.000000 0.000000 -32.648724 23.532869 -0.025064 -11.722187 -50.086737 3.266492 -0.000000 -71.401421 0.000000 0.080479 -0.005239 -0.988820 0.000000 0.000000 0.607176 0.005215 0.000010 -0.110703 -0.012689 0.000454 -0.146434 0.022390 -0.001199 4.934506 0.000000 0.000000 0.746397 0.000014 0.006565 0.122572 -0.000022 -0.014325 0.164521 2.447046 -0.079831 2.056764 0.000000 0.000000 0.740482 -0.000002 0.007173 -0.014980 -0.000004 -0.015017 0.027776 4.260386 -0.094452 1.375350 0.000000 0.000000 0.754839 0.000000 0.009448 0.000229 -0.000006 -0.022452 0.026332 -6.917769 0.291382 2.291170 0.000000 0.000000 0.754038 -0.000001 0.004175 -0.008146 -0.000001 -0.009275 0.012467 0.441624 -0.014543 2.538997 26.604536 3.293162 -0.041101 18.727183 38.494385 7.804004 -180.000000 84.840111 -180.000000 -0.080308 0.004629 -0.724563 0.000000 0.000000 0.472622 0.000000 0.000000 0.008252 0.000000 0.000000 -0.001366 -7.969741 -5.107087 -8.050663 0.000000 0.000000 0.467721 0.000000 0.000000 -0.015015 0.000000 0.000000 0.025121 6.271931 -1.933901 -4.817211 0.000000 0.000000 0.481966 0.000000 0.000000 -0.004083 0.000000 0.000000 -0.000628 -1.013052 -2.505694 -6.799366 0.000000 0.000000 0.479930 0.000000 0.000000 0.003389 0.000000 0.000000 -0.007978 -3.109834 -2.403556 -3.139792 0.000035 0.004242 0.480870 0.000001 -0.004242 0.042897 0.000000 0.000000 0.013196 -4.610124 -2.491975 -2.359596 7.373944 -3.747946 -26.527837 0.000000 0.000000 49.320161 -11.406821 12.068259 -30.575346 0.000000 0.000000 0.000000 -8.414584 -11.592041 -59.173076 0.000000 0.000000 89.367210 3.983970 -3.282364 -14.479423 0.000000 0.000000 -0.000003 
-1.590800 85.859800 -18.102400 -8.101298 24.192095 6.317066 1.136656 0.032959 -4.398603 5.800533 0.039198 -0.975812 6.441976 -8.457364 -6.155865 -10.639285 3.588566 14.606350 -1.040612 -7.762332 -7.563213 0.000000 0.000000 0.000000 -31.817654 22.577585 -0.031241 -7.172359 -59.023810 -8.713290 -0.000000 -73.352127 0.000000 0.080479 -0.005239 -0.988820 0.000000 0.000000 0.607176 0.005215 0.000010 -0.110703 -0.012689 0.000454 -0.146434 0.022390 -0.001199 4.934506 0.000000 0.000000 0.746397 0.000014 0.006565 0.122572 -0.000022 -0.014325 0.164521 2.447046 -0.079831 2.056764 0.000000 0.000000 0.740482 -0.000002 0.007173 -0.014980 -0.000004 -0.015017 0.027776 4.260386 -0.094452 1.375350 0.000000 0.000000 0.754839 0.000000 0.009448 0.000229 -0.000006 -0.022452 0.026332 -6.917769 0.291382 2.291170 0.000000 0.000000 0.754038 -0.000001 0.004175 -0.008146 -0.000001 -0.009275 0.012467 0.441624 -0.014543 2.538997 26.562093 3.193330 -0.042774 12.092406 45.616252 -3.367070 -180.000000 78.091698 -180.000000 -0.080308 0.004629 -0.724563 0.000000 0.000000 0.472622 0.000000 0.000000 0.008252 0.000000 0.000000 -0.001366 -7.969741 -5.107087 -8.050663 0.000000 0.000000 0.467721 0.000000 0.000000 -0.015015 0.000000 0.000000 0.025121 6.271931 -1.933901 -4.817211 0.000000 0.000000 0.481966 0.000000 0.000000 -0.004083 0.000000 0.000000 -0.000628 -1.013052 -2.505694 -6.799366 0.000000 0.000000 0.479930 0.000000 0.000000 0.003389 0.000000 0.000000 -0.007978 -3.109834 -2.403556 -3.139792 0.000035 0.004242 0.480870 0.000001 -0.004242 0.042897 0.000000 0.000000 0.013196 -4.610124 -2.491975 -2.359596 10.651768 -7.881142 -23.858068 0.000000 0.000000 37.262570 -12.460412 12.019833 -25.102750 0.000000 0.000000 0.000000 -6.024049 -13.655738 -56.739189 0.000000 0.000000 85.179029 3.802780 -3.160146 -10.963361 0.000000 0.000000 -0.000003 
-2.100400 88.587400 -17.707500 -8.630014 27.083253 8.220753 0.889264 0.389535 -5.752744 5.937540 0.528697 -2.069264 6.283729 -9.728397 -6.233849 -8.730321 2.402943 12.109651 -0.275225 -8.822289 -9.128258 0.000000 0.000000 0.000000 -31.395265 21.712164 -0.038479 3.260397 -69.961122 -27.367462 -0.000000 -68.979523 0.000000 0.080479 -0.005239 -0.988820 0.000000 0.000000 0.607176 0.005215 0.000010 -0.110703 -0.012689 0.000454 -0.146434 0.022390 -0.001199 4.934506 0.000000 0.000000 0.746397 0.000014 0.006565 0.122572 -0.000022 -0.014325 0.164521 2.447046 -0.079831 2.056764 0.000000 0.000000 0.740482 -0.000002 0.007173 -0.014980 -0.000004 -0.015017 0.027776 4.260386 -0.094452 1.375350 0.000000 0.000000 0.754839 0.000000 0.009448 0.000229 -0.000006 -0.022452 0.026332 -6.917769 0.291382 2.291170 0.000000 0.000000 0.754038 -0.000001 0.004175 -0.008146 -0.000001 -0.009275 0.012467 0.441624 -0.014543 2.538997 26.038635 2.954056 -0.045516 2.306992 54.570290 -17.581919 -180.000000 80.153893 -180.000000 -0.080308 0.004629 -0.724563 0.000000 0.000000 0.472622 0.000000 0.000000 0.008252 0.000000 0.000000 -0.001366 -7.969741 -5.107087 -8.050663 0.000000 0.000000 0.467721 0.000000 0.000000 -0.015015 0.000000 0.000000 0.025121 6.271931 -1.933901 -4.817211 0.000000 0.000000 0.481966 0.000000 0.000000 -0.004083 0.000000 0.000000 -0.000628 -1.013052 -2.505694 -6.799366 0.000000 0.000000 0.479930 0.000000 0.000000 0.003389 0.000000 0.000000 -0.007978 -3.109834 -2.403556 -3.139792 0.000035 0.004242 0.480870 0.000001 -0.004242 0.042897 0.000000 0.000000 0.013196 -4.610124 -2.491975 -2.359596 12.929084 -11.003168 -22.023490 0.000000 0.000000 27.470347 -14.348739 12.858881 -17.153796 0.000000 0.000000 0.000000 -5.034191 -13.451418 -52.673240 0.000000 0.000000 77.536112 2.972089 -5.908538 -7.332365 0.000000 0.000000 -0.000003 
-2.603600 90.660700 -17.158500 -7.806877 29.721717 10.207016 0.318912 0.674746 -6.770065 5.076479 0.976331 -3.439227 5.383342 -11.386069 -6.247279 -5.767096 1.492682 12.156586 0.315597 -9.305042 -9.704819 0.000000 0.000000 0.000000 -30.999271 21.274618 -0.043138 39.076956 -79.341544 -70.815937 -0.000000 -60.579079 0.000000 0.080479 -0.005239 -0.988820 0.000000 0.000000 0.607176 0.005215 0.000010 -0.110703 -0.012689 0.000454 -0.146434 0.022390 -0.001199 4.934506 0.000000 0.000000 0.746397 0.000014 0.006565 0.122572 -0.000022 -0.014325 0.164521 2.447046 -0.079831 2.056764 0.000000 0.000000 0.740482 -0.000002 0.007173 -0.014980 -0.000004 -0.015017 0.027776 4.260386 -0.094452 1.375350 0.000000 0.000000 0.754839 0.000000 0.009448 0.000229 -0.000006 -0.022452 0.026332 -6.917769 0.291382 2.291170 0.000000 0.000000 0.754038 -0.000001 0.004175 -0.008146 -0.000001 -0.009275 0.012467 0.441624 -0.014543 2.538997 24.953900 2.688683 -0.041596 -15.128482 64.881026 -38.349164 -0.000000 88.665398 -0.000000 -0.080308 0.004629 -0.724563 0.000000 0.000000 0.472622 0.000000 0.000000 0.008252 0.000000 0.000000 -0.001366 -7.969741 -5.107087 -8.050663 0.000000 0.000000 0.467721 0.000000 0.000000 -0.015015 0.000000 0.000000 0.025121 6.271931 -1.933901 -4.817211 0.000000 0.000000 0.481966 0.000000 0.000000 -0.004083 0.000000 0.000000 -0.000628 -1.013052 -2.505694 -6.799366 0.000000 0.000000 0.479930 0.000000 0.000000 0.003389 0.000000 0.000000 -0.007978 -3.109834 -2.403556 -3.139792 0.000035 0.004242 0.480870 0.000001 -0.004242 0.042897 0.000000 0.000000 0.013196 -4.610124 -2.491975 -2.359596 14.020816 -13.981219 -20.904031 0.000000 0.000000 19.721599 -14.924198 14.687578 -8.565101 0.000000 0.000000 0.000000 -5.070577 -12.010209 -46.626990 0.000000 0.000000 65.261018 -0.300977 -10.033764 -2.645664 0.000000 0.000000 -0.000003 
-3.097600 91.734100 -16.368300 -5.713759 32.452200 11.746258 -0.602110 -0.018487 -6.793261 4.000785 0.300026 -3.970498 4.792484 -12.677783 -6.373218 -5.208631 1.442230 11.794068 2.838808 -6.605252 -8.676582 0.000000 0.000000 0.000000 -30.415093 21.469124 -0.046270 99.118198 -76.754516 -137.308661 -0.000000 -53.265751 0.000000 0.080479 -0.005239 -0.988820 0.000000 0.000000 0.607176 0.005215 0.000010 -0.110703 -0.012689 0.000454 -0.146434 0.022390 -0.001199 4.934506 0.000000 0.000000 0.746397 0.000014 0.006565 0.122572 -0.000022 -0.014325 0.164521 2.447046 -0.079831 2.056764 0.000000 0.000000 0.740482 -0.000002 0.007173 -0.014980 -0.000004 -0.015017 0.027776 4.260386 -0.094452 1.375350 0.000000 0.000000 0.754839 0.000000 0.009448 0.000229 -0.000006 -0.022452 0.026332 -6.917769 0.291382 2.291170 0.000000 0.000000 0.754038 -0.000001 0.004175 -0.008146 -0.000001 -0.009275 0.012467 0.441624 -0.014543 2.538997 23.299389 2.723157 -0.027295 -48.657485 71.385155 -73.355629 -0.000000 72.966957 -0.000000 -0.080308 0.004629 -0.724563 0.000000 0.000000 0.472622 0.000000 0.000000 0.008252 0.000000 0.000000 -0.001366 -7.969741 -5.107087 -8.050663 0.000000 0.000000 0.467721 0.000000 0.000000 -0.015015 0.000000 0.000000 0.025121 6.271931 -1.933901 -4.817211 0.000000 0.000000 0.481966 0.000000 0.000000 -0.004083 0.000000 0.000000 -0.000628 -1.013052 -2.505694 -6.799366 0.000000 0.000000 0.479930 0.000000 0.000000 0.003389 0.000000 0.000000 -0.007978 -3.109834 -2.403556 -3.139792 0.000035 0.004242 0.480870 0.000001 -0.004242 0.042897 0.000000 0.000000 0.013196 -4.610124 -2.491975 -2.359596 13.733452 -16.718137 -19.697781 0.000000 0.000000 14.334877 -15.271292 16.249380 -2.370829 0.000000 0.000000 0.000000 -6.298147 -9.706360 -37.555855 0.000000 0.000000 48.029617 -4.650001 -15.618973 5.785154 0.000000 0.000000 -0.000003 
-3.260900 91.900800 -15.731200 -4.200287 33.782536 12.299369 -0.435164 -0.141594 -6.529372 2.629689 0.077818 -3.953611 3.610225 -13.401424 -6.536931 -4.524471 1.376507 13.316592 4.452108 -5.975276 -8.580988 0.000000 0.000000 0.000000 -29.936536 22.209830 -0.041013 119.643477 -70.257244 -162.727975 -0.000000 -49.749981 0.000000 0.080479 -0.005239 -0.988820 0.000000 0.000000 0.607176 0.005215 0.000010 -0.110703 -0.012689 0.000454 -0.146434 0.022390 -0.001199 4.934506 0.000000 0.000000 0.746397 0.000014 0.006565 0.122572 -0.000022 -0.014325 0.164521 2.447046 -0.079831 2.056764 0.000000 0.000000 0.740482 -0.000002 0.007173 -0.014980 -0.000004 -0.015017 0.027776 4.260386 -0.094452 1.375350 0.000000 0.000000 0.754839 0.000000 0.009448 0.000229 -0.000006 -0.022452 0.026332 -6.917769 0.291382 2.291170 0.000000 0.000000 0.754038 -0.000001 0.004175 -0.008146 -0.000001 -0.009275 0.012467 0.441624 -0.014543 2.538997 21.388497 3.078800 -0.024919 -81.126759 69.125416 -105.881065 -0.000000 58.974918 -0.000000 -0.080308 0.004629 -0.724563 0.000000 0.000000 0.472622 0.000000 0.000000 0.008252 0.000000 0.000000 -0.001366 -7.969741 -5.107087 -8.050663 0.000000 0.000000 0.467721 0.000000 0.000000 -0.015015 0.000000 0.000000 0.025121 6.271931 -1.933901 -4.817211 0.000000 0.000000 0.481966 0.000000 0.000000 -0.004083 0.000000 0.000000 -0.000628 -1.013052 -2.505694 -6.799366 0.000000 0.000000 0.479930 0.000000 0.000000 0.003389 0.000000 0.000000 -0.007978 -3.109834 -2.403556 -3.139792 0.000035 0.004242 0.480870 0.000001 -0.004242 0.042897 0.000000 0.000000 0.013196 -4.610124 -2.491975 -2.359596 13.490762 -19.330947 -18.103179 0.000000 0.000000 11.183030 -15.655752 16.871460 -0.639501 0.000000 0.000000 0.000000 -6.661795 -8.771107 -31.838919 0.000000 0.000000 38.616908 -4.886249 -16.552716 5.661487 0.000000 0.000000 -0.000003 
-3.638800 90.983500 -14.847500 -2.019790 35.343943 12.588716 -0.665684 0.008407 -5.782557 1.212126 0.138139 -3.600112 2.269387 -14.084436 -6.112276 -3.958874 1.262317 14.219098 5.634143 -5.487019 -8.408178 0.000000 0.000000 0.000000 -29.931689 23.578339 -0.028068 127.097116 -65.034196 -173.096123 -0.000000 -49.014759 0.000000 0.080479 -0.005239 -0.988820 0.000000 0.000000 0.607176 0.005215 0.000010 -0.110703 -0.012689 0.000454 -0.146434 0.022390 -0.001199 4.934506 0.000000 0.000000 0.746397 0.000014 0.006565 0.122572 -0.000022 -0.014325 0.164521 2.447046 -0.079831 2.056764 0.000000 0.000000 0.740482 -0.000002 0.007173 -0.014980 -0.000004 -0.015017 0.027776 4.260386 -0.094452 1.375350 0.000000 0.000000 0.754839 0.000000 0.009448 0.000229 -0.000006 -0.022452 0.026332 -6.917769 0.291382 2.291170 0.000000 0.000000 0.754038 -0.000001 0.004175 -0.008146 -0.000001 -0.009275 0.012467 0.441624 -0.014543 2.538997 19.792906 3.311599 -0.036177 -94.416151 65.102573 -118.459345 -0.000000 49.688091 -0.000000 -0.080308 0.004629 -0.724563 0.000000 0.000000 0.472622 0.000000 0.000000 0.008252 0.000000 0.000000 -0.001366 -7.969741 -5.107087 -8.050663 0.000000 0.000000 0.467721 0.000000 0.000000 -0.015015 0.000000 0.000000 0.025121 6.271931 -1.933901 -4.817211 0.000000 0.000000 0.481966 0.000000 0.000000 -0.004083 0.000000 0.000000 -0.000628 -1.013052 -2.505694 -6.799366 0.000000 0.000000 0.479930 0.000000 0.000000 0.003389 0.000000 0.000000 -0.007978 -3.109834 -2.403556 -3.139792 0.000035 0.004242 0.480870 0.000001 -0.004242 0.042897 0.000000 0.000000 0.013196 -4.610124 -2.491975 -2.359596 12.039984 -20.606793 -16.619499 0.000000 0.000000 10.882440 -16.833115 16.161749 -4.203344 0.000000 0.000000 0.000000 -7.746591 -8.032671 -26.013980 0.000000 0.000000 30.800466 -0.382766 -19.230899 1.871801 0.000000 0.000000 -0.000003 
-4.073500 89.538000 -14.360100 -0.475132 35.584115 12.337108 -0.740981 0.092587 -5.104925 0.232776 0.165736 -2.989223 1.369726 -14.566347 -5.260237 -4.049057 1.358634 14.923192 5.903124 -3.635548 -7.985603 0.000000 0.000000 0.000000 -30.279871 25.322896 -0.025865 130.993378 -63.399649 -179.120307 -0.000000 -51.758850 0.000000 0.080479 -0.005239 -0.988820 0.000000 0.000000 0.607176 0.005215 0.000010 -0.110703 -0.012689 0.000454 -0.146434 0.022390 -0.001199 4.934506 0.000000 0.000000 0.746397 0.000014 0.006565 0.122572 -0.000022 -0.014325 0.164521 2.447046 -0.079831 2.056764 0.000000 0.000000 0.740482 -0.000002 0.007173 -0.014980 -0.000004 -0.015017 0.027776 4.260386 -0.094452 1.375350 0.000000 0.000000 0.754839 0.000000 0.009448 0.000229 -0.000006 -0.022452 0.026332 -6.917769 0.291382 2.291170 0.000000 0.000000 0.754038 -0.000001 0.004175 -0.008146 -0.000001 -0.009275 0.012467 0.441624 -0.014543 2.538997 18.820456 3.340131 -0.040717 -95.534460 63.243969 -119.694995 -0.000000 47.231560 -0.000000 -0.080308 0.004629 -0.724563 0.000000 0.000000 0.472622 0.000000 0.000000 0.008252 0.000000 0.000000 -0.001366 -7.969741 -5.107087 -8.050663 0.000000 0.000000 0.467721 0.000000 0.000000 -0.015015 0.000000 0.000000 0.025121 6.271931 -1.933901 -4.817211 0.000000 0.000000 0.481966 0.000000 0.000000 -0.004083 0.000000 0.000000 -0.000628 -1.013052 -2.505694 -6.799366 0.000000 0.000000 0.479930 0.000000 0.000000 0.003389 0.000000 0.000000 -0.007978 -3.109834 -2.403556 -3.139792 0.000035 0.004242 0.480870 0.000001 -0.004242 0.042897 0.000000 0.000000 0.013196 -4.610124 -2.491975 -2.359596 10.543763 -20.737890 -15.950551 0.000000 0.000000 13.248339 -17.142554 14.625352 -10.398436 0.000000 0.000000 0.000000 -8.058646 -7.674213 -22.128440 0.000000 0.000000 26.594278 4.674685 -20.264537 -5.035028 0.000000 0.000000 -0.000003 
-4.725000 87.621500 -14.412300 -0.192944 34.750617 11.718875 -0.214278 0.337980 -4.768609 -0.347274 0.338349 -2.357575 0.762475 -13.032746 -4.865812 -4.616304 1.675812 16.591411 6.348338 -1.524384 -6.639648 0.000000 0.000000 0.000000 -30.563800 26.697176 -0.036442 133.742537 -67.111765 174.577505 -0.000000 -60.616531 0.000000 0.080479 -0.005239 -0.988820 0.000000 0.000000 0.607176 0.005215 0.000010 -0.110703 -0.012689 0.000454 -0.146434 0.022390 -0.001199 4.934506 0.000000 0.000000 0.746397 0.000014 0.006565 0.122572 -0.000022 -0.014325 0.164521 2.447046 -0.079831 2.056764 0.000000 0.000000 0.740482 -0.000002 0.007173 -0.014980 -0.000004 -0.015017 0.027776 4.260386 -0.094452 1.375350 0.000000 0.000000 0.754839 0.000000 0.009448 0.000229 -0.000006 -0.022452 0.026332 -6.917769 0.291382 2.291170 0.000000 0.000000 0.754038 -0.000001 0.004175 -0.008146 -0.000001 -0.009275 0.012467 0.441624 -0.014543 2.538997 18.805999 3.224762 -0.039294 -85.823190 64.285357 -112.010639 -0.000000 52.899300 -0.000000 -0.080308 0.004629 -0.724563 0.000000 0.000000 0.472622 0.000000 0.000000 0.008252 0.000000 0.000000 -0.001366 -7.969741 -5.107087 -8.050663 0.000000 0.000000 0.467721 0.000000 0.000000 -0.015015 0.000000 0.000000 0.025121 6.271931 -1.933901 -4.817211 0.000000 0.000000 0.481966 0.000000 0.000000 -0.004083 0.000000 0.000000 -0.000628 -1.013052 -2.505694 -6.799366 0.000000 0.000000 0.479930 0.000000 0.000000 0.003389 0.000000 0.000000 -0.007978 -3.109834 -2.403556 -3.139792 0.000035 0.004242 0.480870 0.000001 -0.004242 0.042897 0.000000 0.000000 0.013196 -4.610124 -2.491975 -2.359596 9.907613 -19.995941 -17.920047 0.000000 0.000000 19.710688 -15.585471 13.083642 -18.294606 0.000000 0.000000 0.000000 -6.946692 -8.396269 -21.726093 0.000000 0.000000 27.559911 7.817187 -18.593425 -12.522149 0.000000 0.000000 -0.000003 
-5.460100 85.648200 -14.193200 2.139616 33.691749 11.957309 -1.431168 -0.049107 -4.407156 -1.035430 0.092808 -0.527083 -0.266988 -9.782507 -4.529910 -4.906038 1.889831 17.695797 7.376580 1.487013 -6.597377 0.000000 0.000000 0.000000 -30.717254 27.333076 -0.043188 138.127028 -75.942676 165.928140 -0.000000 -75.608231 0.000000 0.080479 -0.005239 -0.988820 0.000000 0.000000 0.607176 0.005215 0.000010 -0.110703 -0.012689 0.000454 -0.146434 0.022390 -0.001199 4.934506 0.000000 0.000000 0.746397 0.000014 0.006565 0.122572 -0.000022 -0.014325 0.164521 2.447046 -0.079831 2.056764 0.000000 0.000000 0.740482 -0.000002 0.007173 -0.014980 -0.000004 -0.015017 0.027776 4.260386 -0.094452 1.375350 0.000000 0.000000 0.754839 0.000000 0.009448 0.000229 -0.000006 -0.022452 0.026332 -6.917769 0.291382 2.291170 0.000000 0.000000 0.754038 -0.000001 0.004175 -0.008146 -0.000001 -0.009275 0.012467 0.441624 -0.014543 2.538997 19.910772 3.105440 -0.042181 -62.358033 65.993144 -91.769985 -0.000000 65.280937 -0.000000 -0.080308 0.004629 -0.724563 0.000000 0.000000 0.472622 0.000000 0.000000 0.008252 0.000000 0.000000 -0.001366 -7.969741 -5.107087 -8.050663 0.000000 0.000000 0.467721 0.000000 0.000000 -0.015015 0.000000 0.000000 0.025121 6.271931 -1.933901 -4.817211 0.000000 0.000000 0.481966 0.000000 0.000000 -0.004083 0.000000 0.000000 -0.000628 -1.013052 -2.505694 -6.799366 0.000000 0.000000 0.479930 0.000000 0.000000 0.003389 0.000000 0.000000 -0.007978 -3.109834 -2.403556 -3.139792 0.000035 0.004242 0.480870 0.000001 -0.004242 0.042897 0.000000 0.000000 0.013196 -4.610124 -2.491975 -2.359596 7.685040 -18.866591 -22.705354 0.000000 0.000000 31.330636 -15.236172 12.338907 -23.377834 0.000000 0.000000 0.000000 -7.338152 -10.115068 -24.089785 0.000000 0.000000 33.830986 8.053679 -16.222258 -18.705879 0.000000 0.000000 -0.000003 
-6.556900 84.102500 -15.807200 1.692723 31.767536 12.170125 -0.622408 -0.108089 -4.708271 -1.567216 -0.035893 -0.035045 -1.075025 -7.073821 -3.632903 -5.190021 2.037476 18.024821 8.164952 5.253217 -7.971330 0.000000 0.000000 0.000000 -30.977909 27.429385 -0.045408 -176.390375 -87.037690 117.883085 -180.000000 -86.802757 180.000000 0.080479 -0.005239 -0.988820 0.000000 0.000000 0.607176 0.005215 0.000010 -0.110703 -0.012689 0.000454 -0.146434 0.022390 -0.001199 4.934506 0.000000 0.000000 0.746397 0.000014 0.006565 0.122572 -0.000022 -0.014325 0.164521 2.447046 -0.079831 2.056764 0.000000 0.000000 0.740482 -0.000002 0.007173 -0.014980 -0.000004 -0.015017 0.027776 4.260386 -0.094452 1.375350 0.000000 0.000000 0.754839 0.000000 0.009448 0.000229 -0.000006 -0.022452 0.026332 -6.917769 0.291382 2.291170 0.000000 0.000000 0.754038 -0.000001 0.004175 -0.008146 -0.000001 -0.009275 0.012467 0.441624 -0.014543 2.538997 21.578248 3.174451 -0.047597 -31.570416 61.720840 -64.081297 -0.000000 81.173241 -0.000000 -0.080308 0.004629 -0.724563 0.000000 0.000000 0.472622 0.000000 0.000000 0.008252 0.000000 0.000000 -0.001366 -7.969741 -5.107087 -8.050663 0.000000 0.000000 0.467721 0.000000 0.000000 -0.015015 0.000000 0.000000 0.025121 6.271931 -1.933901 -4.817211 0.000000 0.000000 0.481966 0.000000 0.000000 -0.004083 0.000000 0.000000 -0.000628 -1.013052 -2.505694 -6.799366 0.000000 0.000000 0.479930 0.000000 0.000000 0.003389 0.000000 0.000000 -0.007978 -3.109834 -2.403556 -3.139792 0.000035 0.004242 0.480870 0.000001 -0.004242 0.042897 0.000000 0.000000 0.013196 -4.610124 -2.491975 -2.359596 8.170079 -18.188226 -28.618909 0.000000 0.000000 39.612101 -11.781200 13.659027 -25.207994 0.000000 0.000000 0.000000 -5.387723 -10.139077 -29.574323 0.000000 0.000000 41.836949 7.263502 -15.185566 -22.086622 0.000000 0.000000 -0.000003 
-7.813200 83.409600 -18.060800 2.210227 29.918107 13.113220 -0.744710 -0.362110 -4.980104 -2.604224 -0.240388 0.980560 -2.014591 -3.610317 -3.191266 -3.644781 1.441035 17.772932 8.625077 6.158558 -10.402115 0.000000 0.000000 0.000000 -31.409498 27.312531 -0.044266 -68.596302 -76.155763 10.117115 -180.000000 -70.682800 180.000000 0.080479 -0.005239 -0.988820 0.000000 0.000000 0.607176 0.005215 0.000010 -0.110703 -0.012689 0.000454 -0.146434 0.022390 -0.001199 4.934506 0.000000 0.000000 0.746397 0.000014 0.006565 0.122572 -0.000022 -0.014325 0.164521 2.447046 -0.079831 2.056764 0.000000 0.000000 0.740482 -0.000002 0.007173 -0.014980 -0.000004 -0.015017 0.027776 4.260386 -0.094452 1.375350 0.000000 0.000000 0.754839 0.000000 0.009448 0.000229 -0.000006 -0.022452 0.026332 -6.917769 0.291382 2.291170 0.000000 0.000000 0.754038 -0.000001 0.004175 -0.008146 -0.000001 -0.009275 0.012467 0.441624 -0.014543 2.538997 23.018362 3.297041 -0.045399 -9.583821 51.100229 -44.371386 -180.000000 82.857193 -180.000000 -0.080308 0.004629 -0.724563 0.000000 0.000000 0.472622 0.000000 0.000000 0.008252 0.000000 0.000000 -0.001366 -7.969741 -5.107087 -8.050663 0.000000 0.000000 0.467721 0.000000 0.000000 -0.015015 0.000000 0.000000 0.025121 6.271931 -1.933901 -4.817211 0.000000 0.000000 0.481966 0.000000 0.000000 -0.004083 0.000000 0.000000 -0.000628 -1.013052 -2.505694 -6.799366 0.000000 0.000000 0.479930 0.000000 0.000000 0.003389 0.000000 0.000000 -0.007978 -3.109834 -2.403556 -3.139792 0.000035 0.004242 0.480870 0.000001 -0.004242 0.042897 0.000000 0.000000 0.013196 -4.610124 -2.491975 -2.359596 7.435009 -13.951458 -34.787248 0.000000 0.000000 46.135110 -7.831034 11.913552 -21.089679 0.000000 0.000000 0.000000 -3.715063 -11.333843 -33.325715 0.000000 0.000000 45.430766 5.768260 -15.046186 -25.096483 0.000000 0.000000 -0.000003 
-8.557000 82.723700 -20.381900 1.792406 27.387439 13.846712 -0.802570 -0.200971 -4.484678 -2.831653 -0.075935 1.105302 -3.392142 -1.095345 -2.432702 -0.957290 0.275857 15.135933 9.286073 4.338564 -12.570079 0.000000 0.000000 0.000000 -31.973587 27.353302 -0.039761 -60.578040 -63.933503 4.467087 -180.000000 -58.220398 180.000000 0.080479 -0.005239 -0.988820 0.000000 0.000000 0.607176 0.005215 0.000010 -0.110703 -0.012689 0.000454 -0.146434 0.022390 -0.001199 4.934506 0.000000 0.000000 0.746397 0.000014 0.006565 0.122572 -0.000022 -0.014325 0.164521 2.447046 -0.079831 2.056764 0.000000 0.000000 0.740482 -0.000002 0.007173 -0.014980 -0.000004 -0.015017 0.027776 4.260386 -0.094452 1.375350 0.000000 0.000000 0.754839 0.000000 0.009448 0.000229 -0.000006 -0.022452 0.026332 -6.917769 0.291382 2.291170 0.000000 0.000000 0.754038 -0.000001 0.004175 -0.008146 -0.000001 -0.009275 0.012467 0.441624 -0.014543 2.538997 23.562096 3.313648 -0.041983 4.159870 39.255132 -32.349015 -180.000000 69.640198 -180.000000 -0.080308 0.004629 -0.724563 0.000000 0.000000 0.472622 0.000000 0.000000 0.008252 0.000000 0.000000 -0.001366 -7.969741 -5.107087 -8.050663 0.000000 0.000000 0.467721 0.000000 0.000000 -0.015015 0.000000 0.000000 0.025121 6.271931 -1.933901 -4.817211 0.000000 0.000000 0.481966 0.000000 0.000000 -0.004083 0.000000 0.000000 -0.000628 -1.013052 -2.505694 -6.799366 0.000000 0.000000 0.479930 0.000000 0.000000 0.003389 0.000000 0.000000 -0.007978 -3.109834 -2.403556 -3.139792 0.000035 0.004242 0.480870 0.000001 -0.004242 0.042897 0.000000 0.000000 0.013196 -4.610124 -2.491975 -2.359596 7.187967 -8.752156 -41.434761 0.000000 0.000000 52.929963 -6.235260 8.365866 -15.947517 0.000000 0.000000 0.000000 -1.425284 -11.863106 -37.211179 0.000000 0.000000 48.309740 4.367414 -13.582944 -26.879152 0.000000 0.000000 -0.000003 
-8.682000 82.151500 -22.628000 0.896285 24.598391 15.242419 -0.798955 -0.098094 -4.258211 -2.911055 -0.060991 0.071542 -3.887648 -1.093895 -1.832903 -0.047445 0.007662 13.107638 9.874303 5.739708 -14.501216 0.000000 0.000000 0.000000 -32.762900 27.621537 -0.037719 -56.210758 -53.514454 5.121564 -180.000000 -50.642899 180.000000 0.080479 -0.005239 -0.988820 0.000000 0.000000 0.607176 0.005215 0.000010 -0.110703 -0.012689 0.000454 -0.146434 0.022390 -0.001199 4.934506 0.000000 0.000000 0.746397 0.000014 0.006565 0.122572 -0.000022 -0.014325 0.164521 2.447046 -0.079831 2.056764 0.000000 0.000000 0.740482 -0.000002 0.007173 -0.014980 -0.000004 -0.015017 0.027776 4.260386 -0.094452 1.375350 0.000000 0.000000 0.754839 0.000000 0.009448 0.000229 -0.000006 -0.022452 0.026332 -6.917769 0.291382 2.291170 0.000000 0.000000 0.754038 -0.000001 0.004175 -0.008146 -0.000001 -0.009275 0.012467 0.441624 -0.014543 2.538997 23.299650 3.250796 -0.041640 13.891715 29.481058 -23.412485 -180.000000 61.647301 -180.000000 -0.080308 0.004629 -0.724563 0.000000 0.000000 0.472622 0.000000 0.000000 0.008252 0.000000 0.000000 -0.001366 -7.969741 -5.107087 -8.050663 0.000000 0.000000 0.467721 0.000000 0.000000 -0.015015 0.000000 0.000000 0.025121 6.271931 -1.933901 -4.817211 0.000000 0.000000 0.481966 0.000000 0.000000 -0.004083 0.000000 0.000000 -0.000628 -1.013052 -2.505694 -6.799366 0.000000 0.000000 0.479930 0.000000 0.000000 0.003389 0.000000 0.000000 -0.007978 -3.109834 -2.403556 -3.139792 0.000035 0.004242 0.480870 0.000001 -0.004242 0.042897 0.000000 0.000000 0.013196 -4.610124 -2.491975 -2.359596 7.546184 -3.967109 -49.162053 0.000000 0.000000 59.545617 -5.930704 3.127290 -8.299964 0.000000 0.000000 0.000000 0.774752 -11.175753 -41.522751 0.000000 0.000000 50.374574 5.558532 -11.078539 -26.347190 0.000000 0.000000 -0.000003 
-8.898200 82.779000 -24.120700 1.584452 22.234570 14.442276 -2.143531 -0.275632 -3.559088 -3.411851 -0.109209 1.529805 -4.430032 -2.348204 0.271665 0.734966 -0.164504 10.258530 10.476240 8.589320 -17.355738 0.000000 0.000000 0.000000 -33.419465 27.847106 -0.040526 -51.986638 -45.702468 8.262696 -180.000000 -49.037094 180.000000 0.080479 -0.005239 -0.988820 0.000000 0.000000 0.607176 0.005215 0.000010 -0.110703 -0.012689 0.000454 -0.146434 0.022390 -0.001199 4.934506 0.000000 0.000000 0.746397 0.000014 0.006565 0.122572 -0.000022 -0.014325 0.164521 2.447046 -0.079831 2.056764 0.000000 0.000000 0.740482 -0.000002 0.007173 -0.014980 -0.000004 -0.015017 0.027776 4.260386 -0.094452 1.375350 0.000000 0.000000 0.754839 0.000000 0.009448 0.000229 -0.000006 -0.022452 0.026332 -6.917769 0.291382 2.291170 0.000000 0.000000 0.754038 -0.000001 0.004175 -0.008146 -0.000001 -0.009275 0.012467 0.441624 -0.014543 2.538997 22.832157 3.155004 -0.041585 20.707554 22.692751 -15.598509 -180.000000 60.690399 -180.000000 -0.080308 0.004629 -0.724563 0.000000 0.000000 0.472622 0.000000 0.000000 0.008252 0.000000 0.000000 -0.001366 -7.969741 -5.107087 -8.050663 0.000000 0.000000 0.467721 0.000000 0.000000 -0.015015 0.000000 0.000000 0.025121 6.271931 -1.933901 -4.817211 0.000000 0.000000 0.481966 0.000000 0.000000 -0.004083 0.000000 0.000000 -0.000628 -1.013052 -2.505694 -6.799366 0.000000 0.000000 0.479930 0.000000 0.000000 0.003389 0.000000 0.000000 -0.007978 -3.109834 -2.403556 -3.139792 0.000035 0.004242 0.480870 0.000001 -0.004242 0.042897 0.000000 0.000000 0.013196 -4.610124 -2.491975 -2.359596 6.257083 -1.001355 -54.411335 0.000000 0.000000 71.623825 -5.804689 3.865103 -12.248339 0.000000 0.000000 0.000000 0.721784 -10.924578 -40.733579 0.000000 0.000000 48.402764 6.261190 -8.727281 -24.048356 0.000000 0.000000 -0.000003 
-9.519700 82.556000 -24.936500 1.469166 18.935763 11.306005 -2.828395 -0.349672 -2.232212 -4.006461 0.013457 3.951443 -5.442621 -3.630769 2.197878 2.099227 -0.497330 8.782366 11.253141 12.306282 -19.725355 0.000000 0.000000 0.000000 -33.255686 27.940035 -0.043254 -48.064737 -39.915219 12.596965 -180.000000 -53.945099 180.000000 0.080479 -0.005239 -0.988820 0.000000 0.000000 0.607176 0.005215 0.000010 -0.110703 -0.012689 0.000454 -0.146434 0.022390 -0.001199 4.934506 0.000000 0.000000 0.746397 0.000014 0.006565 0.122572 -0.000022 -0.014325 0.164521 2.447046 -0.079831 2.056764 0.000000 0.000000 0.740482 -0.000002 0.007173 -0.014980 -0.000004 -0.015017 0.027776 4.260386 -0.094452 1.375350 0.000000 0.000000 0.754839 0.000000 0.009448 0.000229 -0.000006 -0.022452 0.026332 -6.917769 0.291382 2.291170 0.000000 0.000000 0.754038 -0.000001 0.004175 -0.008146 -0.000001 -0.009275 0.012467 0.441624 -0.014543 2.538997 22.273078 3.152383 -0.040777 25.657506 18.433537 -8.146878 -180.000000 67.116402 -180.000000 -0.080308 0.004629 -0.724563 0.000000 0.000000 0.472622 0.000000 0.000000 0.008252 0.000000 0.000000 -0.001366 -7.969741 -5.107087 -8.050663 0.000000 0.000000 0.467721 0.000000 0.000000 -0.015015 0.000000 0.000000 0.025121 6.271931 -1.933901 -4.817211 0.000000 0.000000 0.481966 0.000000 0.000000 -0.004083 0.000000 0.000000 -0.000628 -1.013052 -2.505694 -6.799366 0.000000 0.000000 0.479930 0.000000 0.000000 0.003389 0.000000 0.000000 -0.007978 -3.109834 -2.403556 -3.139792 0.000035 0.004242 0.480870 0.000001 -0.004242 0.042897 0.000000 0.000000 0.013196 -4.610124 -2.491975 -2.359596 5.595607 2.176523 -56.831848 0.000000 0.000000 85.023104 -5.070391 7.137054 -20.071883 0.000000 0.000000 0.000000 0.302002 -8.980695 -39.259297 0.000000 0.000000 49.018046 4.289983 -6.493116 -21.099260 0.000000 0.000000 -0.000003 
-9.582500 82.296300 -24.725600 1.085394 15.928477 7.353983 -3.149087 -0.171970 -1.350294 -5.017326 0.530424 6.925251 -6.183351 -6.199078 4.553923 3.984527 -0.857443 7.218242 13.206830 14.135715 -19.866043 0.000000 0.000000 0.000000 -31.980177 27.976140 -0.043904 -45.221567 -35.147243 17.240316 -180.000000 -65.257500 180.000000 0.080479 -0.005239 -0.988820 0.000000 0.000000 0.607176 0.005215 0.000010 -0.110703 -0.012689 0.000454 -0.146434 0.022390 -0.001199 4.934506 0.000000 0.000000 0.746397 0.000014 0.006565 0.122572 -0.000022 -0.014325 0.164521 2.447046 -0.079831 2.056764 0.000000 0.000000 0.740482 -0.000002 0.007173 -0.014980 -0.000004 -0.015017 0.027776 4.260386 -0.094452 1.375350 0.000000 0.000000 0.754839 0.000000 0.009448 0.000229 -0.000006 -0.022452 0.026332 -6.917769 0.291382 2.291170 0.000000 0.000000 0.754038 -0.000001 0.004175 -0.008146 -0.000001 -0.009275 0.012467 0.441624 -0.014543 2.538997 21.669695 3.232759 -0.040697 29.708931 16.058699 -0.808923 -180.000000 80.221786 -180.000000 -0.080308 0.004629 -0.724563 0.000000 0.000000 0.472622 0.000000 0.000000 0.008252 0.000000 0.000000 -0.001366 -7.969741 -5.107087 -8.050663 0.000000 0.000000 0.467721 0.000000 0.000000 -0.015015 0.000000 0.000000 0.025121 6.271931 -1.933901 -4.817211 0.000000 0.000000 0.481966 0.000000 0.000000 -0.004083 0.000000 0.000000 -0.000628 -1.013052 -2.505694 -6.799366 0.000000 0.000000 0.479930 0.000000 0.000000 0.003389 0.000000 0.000000 -0.007978 -3.109834 -2.403556 -3.139792 0.000035 0.004242 0.480870 0.000001 -0.004242 0.042897 0.000000 0.000000 0.013196 -4.610124 -2.491975 -2.359596 4.875385 1.599969 -54.470104 0.000000 0.000000 96.939028 -5.383785 9.606795 -25.213226 0.000000 0.000000 0.000000 -0.028302 -6.377885 -35.948579 0.000000 0.000000 49.757038 3.045537 -6.462174 -21.183607 0.000000 0.000000 -0.000003 
-9.957700 82.530000 -25.205700 -0.854278 13.149575 5.375467 -2.901856 0.048007 -2.430592 -4.592790 0.850802 8.586546 -6.620141 -8.456455 6.155895 6.136967 -1.146185 6.779877 14.102352 17.239997 -18.979849 0.000000 0.000000 0.000000 -29.726619 27.945709 -0.034470 -44.834785 -30.536110 21.752503 -180.000000 -82.372017 180.000000 0.080479 -0.005239 -0.988820 0.000000 0.000000 0.607176 0.005215 0.000010 -0.110703 -0.012689 0.000454 -0.146434 0.022390 -0.001199 4.934506 0.000000 0.000000 0.746397 0.000014 0.006565 0.122572 -0.000022 -0.014325 0.164521 2.447046 -0.079831 2.056764 0.000000 0.000000 0.740482 -0.000002 0.007173 -0.014980 -0.000004 -0.015017 0.027776 4.260386 -0.094452 1.375350 0.000000 0.000000 0.754839 0.000000 0.009448 0.000229 -0.000006 -0.022452 0.026332 -6.917769 0.291382 2.291170 0.000000 0.000000 0.754038 -0.000001 0.004175 -0.008146 -0.000001 -0.009275 0.012467 0.441624 -0.014543 2.538997 21.245356 3.303151 -0.041578 33.864373 15.095718 6.445240 -0.000000 81.595787 -0.000000 -0.080308 0.004629 -0.724563 0.000000 0.000000 0.472622 0.000000 0.000000 0.008252 0.000000 0.000000 -0.001366 -7.969741 -5.107087 -8.050663 0.000000 0.000000 0.467721 0.000000 0.000000 -0.015015 0.000000 0.000000 0.025121 6.271931 -1.933901 -4.817211 0.000000 0.000000 0.481966 0.000000 0.000000 -0.004083 0.000000 0.000000 -0.000628 -1.013052 -2.505694 -6.799366 0.000000 0.000000 0.479930 0.000000 0.000000 0.003389 0.000000 0.000000 -0.007978 -3.109834 -2.403556 -3.139792 0.000035 0.004242 0.480870 0.000001 -0.004242 0.042897 0.000000 0.000000 0.013196 -4.610124 -2.491975 -2.359596 4.690165 0.727748 -50.239043 0.000000 0.000000 100.432787 -5.678462 8.047289 -26.929896 0.000000 0.000000 0.000000 1.792946 -4.007184 -34.204430 0.000000 0.000000 48.090112 1.944242 -6.202465 -19.677323 0.000000 0.000000 -0.000003 
-10.167400 82.566300 -25.062200 -3.137438 9.944359 3.474261 -2.898021 -0.004836 -2.333460 -3.326438 0.612693 8.666923 -6.437866 -10.399876 5.619190 7.006678 -1.595267 8.950062 13.322929 23.129152 -17.363761 0.000000 0.000000 0.000000 -26.943734 27.654081 -0.017272 -47.633573 -25.361360 25.521015 -0.000000 -76.373337 0.000000 0.080479 -0.005239 -0.988820 0.000000 0.000000 0.607176 0.005215 0.000010 -0.110703 -0.012689 0.000454 -0.146434 0.022390 -0.001199 4.934506 0.000000 0.000000 0.746397 0.000014 0.006565 0.122572 -0.000022 -0.014325 0.164521 2.447046 -0.079831 2.056764 0.000000 0.000000 0.740482 -0.000002 0.007173 -0.014980 -0.000004 -0.015017 0.027776 4.260386 -0.094452 1.375350 0.000000 0.000000 0.754839 0.000000 0.009448 0.000229 -0.000006 -0.022452 0.026332 -6.917769 0.291382 2.291170 0.000000 0.000000 0.754038 -0.000001 0.004175 -0.008146 -0.000001 -0.009275 0.012467 0.441624 -0.014543 2.538997 21.025627 3.306411 -0.043791 39.182592 14.639857 13.332146 -0.000000 60.819691 -0.000000 -0.080308 0.004629 -0.724563 0.000000 0.000000 0.472622 0.000000 0.000000 0.008252 0.000000 0.000000 -0.001366 -7.969741 -5.107087 -8.050663 0.000000 0.000000 0.467721 0.000000 0.000000 -0.015015 0.000000 0.000000 0.025121 6.271931 -1.933901 -4.817211 0.000000 0.000000 0.481966 0.000000 0.000000 -0.004083 0.000000 0.000000 -0.000628 -1.013052 -2.505694 -6.799366 0.000000 0.000000 0.479930 0.000000 0.000000 0.003389 0.000000 0.000000 -0.007978 -3.109834 -2.403556 -3.139792 0.000035 0.004242 0.480870 0.000001 -0.004242 0.042897 0.000000 0.000000 0.013196 -4.610124 -2.491975 -2.359596 4.041628 0.449318 -43.928839 0.000000 0.000000 96.396479 -1.390889 6.607953 -27.003131 0.000000 0.000000 0.000000 4.736833 -3.046158 -32.261379 0.000000 0.000000 46.939824 2.266524 -7.284315 -19.113006 0.000000 0.000000 -0.000003 
-10.443100 82.067700 -24.001900 -5.973732 6.519407 2.411098 -1.853549 0.223144 -2.541765 -2.323231 0.653387 7.627597 -6.011223 -11.836320 5.050766 8.268338 -2.128266 10.924683 12.119617 27.019395 -13.768929 0.000000 0.000000 0.000000 -24.682856 27.134260 -0.021400 -52.046007 -19.919715 27.851864 -0.000000 -53.859219 0.000000 0.080479 -0.005239 -0.988820 0.000000 0.000000 0.607176 0.005215 0.000010 -0.110703 -0.012689 0.000454 -0.146434 0.022390 -0.001199 4.934506 0.000000 0.000000 0.746397 0.000014 0.006565 0.122572 -0.000022 -0.014325 0.164521 2.447046 -0.079831 2.056764 0.000000 0.000000 0.740482 -0.000002 0.007173 -0.014980 -0.000004 -0.015017 0.027776 4.260386 -0.094452 1.375350 0.000000 0.000000 0.754839 0.000000 0.009448 0.000229 -0.000006 -0.022452 0.026332 -6.917769 0.291382 2.291170 0.000000 0.000000 0.754038 -0.000001 0.004175 -0.008146 -0.000001 -0.009275 0.012467 0.441624 -0.014543 2.538997 21.271142 3.343050 -0.051151 44.516475 13.046234 18.610237 -0.000000 41.550041 -0.000000 -0.080308 0.004629 -0.724563 0.000000 0.000000 0.472622 0.000000 0.000000 0.008252 0.000000 0.000000 -0.001366 -7.969741 -5.107087 -8.050663 0.000000 0.000000 0.467721 0.000000 0.000000 -0.015015 0.000000 0.000000 0.025121 6.271931 -1.933901 -4.817211 0.000000 0.000000 0.481966 0.000000 0.000000 -0.004083 0.000000 0.000000 -0.000628 -1.013052 -2.505694 -6.799366 0.000000 0.000000 0.479930 0.000000 0.000000 0.003389 0.000000 0.000000 -0.007978 -3.109834 -2.403556 -3.139792 0.000035 0.004242 0.480870 0.000001 -0.004242 0.042897 0.000000 0.000000 0.013196 -4.610124 -2.491975 -2.359596 4.381125 -0.747486 -35.244315 0.000000 0.000000 83.243813 0.993584 8.505549 -28.318084 0.000000 0.000000 0.000000 8.570970 -3.218313 -31.174099 0.000000 0.000000 47.597305 1.004651 -6.841091 -19.930862 0.000000 0.000000 -0.000003 
-10.597700 81.559500 -22.810100 -8.232705 2.852545 2.492267 -1.137988 0.087264 -2.881292 -1.245109 0.369214 6.535877 -4.675926 -13.618369 1.820174 6.847499 -2.393371 15.377670 12.312747 30.199375 -8.351373 0.000000 0.000000 0.000000 -24.043896 26.794728 -0.034969 -55.543616 -15.539235 28.961579 -0.000000 -33.734169 0.000000 0.080479 -0.005239 -0.988820 0.000000 0.000000 0.607176 0.005215 0.000010 -0.110703 -0.012689 0.000454 -0.146434 0.022390 -0.001199 4.934506 0.000000 0.000000 0.746397 0.000014 0.006565 0.122572 -0.000022 -0.014325 0.164521 2.447046 -0.079831 2.056764 0.000000 0.000000 0.740482 -0.000002 0.007173 -0.014980 -0.000004 -0.015017 0.027776 4.260386 -0.094452 1.375350 0.000000 0.000000 0.754839 0.000000 0.009448 0.000229 -0.000006 -0.022452 0.026332 -6.917769 0.291382 2.291170 0.000000 0.000000 0.754038 -0.000001 0.004175 -0.008146 -0.000001 -0.009275 0.012467 0.441624 -0.014543 2.538997 22.333684 3.734280 -0.061254 47.389458 9.010034 20.905398 -0.000000 28.838221 -0.000000 -0.080308 0.004629 -0.724563 0.000000 0.000000 0.472622 0.000000 0.000000 0.008252 0.000000 0.000000 -0.001366 -7.969741 -5.107087 -8.050663 0.000000 0.000000 0.467721 0.000000 0.000000 -0.015015 0.000000 0.000000 0.025121 6.271931 -1.933901 -4.817211 0.000000 0.000000 0.481966 0.000000 0.000000 -0.004083 0.000000 0.000000 -0.000628 -1.013052 -2.505694 -6.799366 0.000000 0.000000 0.479930 0.000000 0.000000 0.003389 0.000000 0.000000 -0.007978 -3.109834 -2.403556 -3.139792 0.000035 0.004242 0.480870 0.000001 -0.004242 0.042897 0.000000 0.000000 0.013196 -4.610124 -2.491975 -2.359596 4.939487 -3.211180 -26.450357 0.000000 0.000000 64.852624 2.797822 12.446187 -20.198658 0.000000 0.000000 0.000000 11.336835 -2.950290 -30.732783 0.000000 0.000000 48.527224 -2.182601 -4.332734 -20.809802 0.000000 0.000000 -0.000003 
-10.583600 80.811400 -21.832400 -8.212511 -0.581861 1.690716 -2.254319 0.149943 -1.474747 -0.714108 0.407313 5.082515 -3.178700 -15.869747 -0.434191 4.929810 -2.022867 18.855952 11.467107 31.063446 -5.167971 0.000000 0.000000 0.000000 -25.115592 26.926672 -0.023279 -56.925262 -13.246931 29.741929 -0.000000 -19.624500 0.000000 0.080479 -0.005239 -0.988820 0.000000 0.000000 0.607176 0.005215 0.000010 -0.110703 -0.012689 0.000454 -0.146434 0.022390 -0.001199 4.934506 0.000000 0.000000 0.746397 0.000014 0.006565 0.122572 -0.000022 -0.014325 0.164521 2.447046 -0.079831 2.056764 0.000000 0.000000 0.740482 -0.000002 0.007173 -0.014980 -0.000004 -0.015017 0.027776 4.260386 -0.094452 1.375350 0.000000 0.000000 0.754839 0.000000 0.009448 0.000229 -0.000006 -0.022452 0.026332 -6.917769 0.291382 2.291170 0.000000 0.000000 0.754038 -0.000001 0.004175 -0.008146 -0.000001 -0.009275 0.012467 0.441624 -0.014543 2.538997 23.991345 4.210746 -0.056744 47.178500 3.718280 21.004824 -0.000000 24.933229 -0.000000 -0.080308 0.004629 -0.724563 0.000000 0.000000 0.472622 0.000000 0.000000 0.008252 0.000000 0.000000 -0.001366 -7.969741 -5.107087 -8.050663 0.000000 0.000000 0.467721 0.000000 0.000000 -0.015015 0.000000 0.000000 0.025121 6.271931 -1.933901 -4.817211 0.000000 0.000000 0.481966 0.000000 0.000000 -0.004083 0.000000 0.000000 -0.000628 -1.013052 -2.505694 -6.799366 0.000000 0.000000 0.479930 0.000000 0.000000 0.003389 0.000000 0.000000 -0.007978 -3.109834 -2.403556 -3.139792 0.000035 0.004242 0.480870 0.000001 -0.004242 0.042897 0.000000 0.000000 0.013196 -4.610124 -2.491975 -2.359596 4.168608 -4.745391 -25.521096 0.000000 0.000000 67.113324 3.062280 14.532037 -19.587153 0.000000 0.000000 0.000000 11.497725 -3.197757 -30.202276 0.000000 0.000000 51.079349 -4.553398 -1.687929 -22.568502 0.000000 0.000000 -0.000003 
-10.677600 79.552900 -20.589300 -8.552765 -4.118728 1.943591 -2.221489 0.406342 -1.449123 -0.475063 0.611084 4.152315 -2.089640 -17.872528 -1.197903 2.490348 -1.091938 20.412880 10.168005 34.014438 -3.901261 0.000000 0.000000 0.000000 -27.044659 27.664676 -0.002074 -56.477133 -13.005227 30.566629 -0.000000 -14.040350 0.000000 0.080479 -0.005239 -0.988820 0.000000 0.000000 0.607176 0.005215 0.000010 -0.110703 -0.012689 0.000454 -0.146434 0.022390 -0.001199 4.934506 0.000000 0.000000 0.746397 0.000014 0.006565 0.122572 -0.000022 -0.014325 0.164521 2.447046 -0.079831 2.056764 0.000000 0.000000 0.740482 -0.000002 0.007173 -0.014980 -0.000004 -0.015017 0.027776 4.260386 -0.094452 1.375350 0.000000 0.000000 0.754839 0.000000 0.009448 0.000229 -0.000006 -0.022452 0.026332 -6.917769 0.291382 2.291170 0.000000 0.000000 0.754038 -0.000001 0.004175 -0.008146 -0.000001 -0.009275 0.012467 0.441624 -0.014543 2.538997 25.247062 4.369914 -0.045938 45.506355 -0.717557 20.240176 -0.000000 29.038639 -0.000000 -0.080308 0.004629 -0.724563 0.000000 0.000000 0.472622 0.000000 0.000000 0.008252 0.000000 0.000000 -0.001366 -7.969741 -5.107087 -8.050663 0.000000 0.000000 0.467721 0.000000 0.000000 -0.015015 0.000000 0.000000 0.025121 6.271931 -1.933901 -4.817211 0.000000 0.000000 0.481966 0.000000 0.000000 -0.004083 0.000000 0.000000 -0.000628 -1.013052 -2.505694 -6.799366 0.000000 0.000000 0.479930 0.000000 0.000000 0.003389 0.000000 0.000000 -0.007978 -3.109834 -2.403556 -3.139792 0.000035 0.004242 0.480870 0.000001 -0.004242 0.042897 0.000000 0.000000 0.013196 -4.610124 -2.491975 -2.359596 4.227269 -4.965045 -27.285189 0.000000 0.000000 72.024747 2.481509 14.800683 -17.141748 0.000000 0.000000 0.000000 11.942990 -2.933724 -31.159909 0.000000 0.000000 55.006128 -6.398785 0.801163 -25.320077 0.000000 0.000000 -0.000003 
-10.677000 78.716600 -18.775600 -9.295784 -6.956596 3.425076 -1.626915 0.372897 -2.089939 0.259994 0.490761 3.365339 -1.093396 -20.304160 -2.534259 -0.015638 -0.007711 22.088531 7.958555 34.481874 -3.248490 0.000000 0.000000 0.000000 -28.781188 28.822517 -0.008360 -54.863723 -14.136023 30.996067 -0.000000 -18.050930 0.000000 0.080479 -0.005239 -0.988820 0.000000 0.000000 0.607176 0.005215 0.000010 -0.110703 -0.012689 0.000454 -0.146434 0.022390 -0.001199 4.934506 0.000000 0.000000 0.746397 0.000014 0.006565 0.122572 -0.000022 -0.014325 0.164521 2.447046 -0.079831 2.056764 0.000000 0.000000 0.740482 -0.000002 0.007173 -0.014980 -0.000004 -0.015017 0.027776 4.260386 -0.094452 1.375350 0.000000 0.000000 0.754839 0.000000 0.009448 0.000229 -0.000006 -0.022452 0.026332 -6.917769 0.291382 2.291170 0.000000 0.000000 0.754038 -0.000001 0.004175 -0.008146 -0.000001 -0.009275 0.012467 0.441624 -0.014543 2.538997 25.343721 4.252552 -0.044962 43.771711 -3.425144 18.661468 -0.000000 39.814812 -0.000000 -0.080308 0.004629 -0.724563 0.000000 0.000000 0.472622 0.000000 0.000000 0.008252 0.000000 0.000000 -0.001366 -7.969741 -5.107087 -8.050663 0.000000 0.000000 0.467721 0.000000 0.000000 -0.015015 0.000000 0.000000 0.025121 6.271931 -1.933901 -4.817211 0.000000 0.000000 0.481966 0.000000 0.000000 -0.004083 0.000000 0.000000 -0.000628 -1.013052 -2.505694 -6.799366 0.000000 0.000000 0.479930 0.000000 0.000000 0.003389 0.000000 0.000000 -0.007978 -3.109834 -2.403556 -3.139792 0.000035 0.004242 0.480870 0.000001 -0.004242 0.042897 0.000000 0.000000 0.013196 -4.610124 -2.491975 -2.359596 5.650751 -4.828882 -32.293168 0.000000 0.000000 78.116922 0.024464 8.981615 -7.214468 0.000000 0.000000 0.000000 12.429583 -2.007100 -31.990700 0.000000 0.000000 57.350163 -6.978218 2.700123 -27.819725 0.000000 0.000000 -0.000003 
-10.473000 78.441900 -16.925500 -9.869783 -8.976657 4.613638 -0.761795 -0.218168 -2.354643 0.922219 -0.192347 2.698824 -0.659689 -20.713595 -2.989437 -1.803938 0.849052 22.133554 6.337440 34.044139 -2.872250 0.000000 0.000000 0.000000 -29.637088 29.993685 -0.034685 -52.453544 -16.698668 30.640889 -0.000000 -30.907579 0.000000 0.080479 -0.005239 -0.988820 0.000000 0.000000 0.607176 0.005215 0.000010 -0.110703 -0.012689 0.000454 -0.146434 0.022390 -0.001199 4.934506 0.000000 0.000000 0.746397 0.000014 0.006565 0.122572 -0.000022 -0.014325 0.164521 2.447046 -0.079831 2.056764 0.000000 0.000000 0.740482 -0.000002 0.007173 -0.014980 -0.000004 -0.015017 0.027776 4.260386 -0.094452 1.375350 0.000000 0.000000 0.754839 0.000000 0.009448 0.000229 -0.000006 -0.022452 0.026332 -6.917769 0.291382 2.291170 0.000000 0.000000 0.754038 -0.000001 0.004175 -0.008146 -0.000001 -0.009275 0.012467 0.441624 -0.014543 2.538997 24.489029 4.060816 -0.045308 41.961283 -4.424536 15.797389 -0.000000 56.464619 -0.000000 -0.080308 0.004629 -0.724563 0.000000 0.000000 0.472622 0.000000 0.000000 0.008252 0.000000 0.000000 -0.001366 -7.969741 -5.107087 -8.050663 0.000000 0.000000 0.467721 0.000000 0.000000 -0.015015 0.000000 0.000000 0.025121 6.271931 -1.933901 -4.817211 0.000000 0.000000 0.481966 0.000000 0.000000 -0.004083 0.000000 0.000000 -0.000628 -1.013052 -2.505694 -6.799366 0.000000 0.000000 0.479930 0.000000 0.000000 0.003389 0.000000 0.000000 -0.007978 -3.109834 -2.403556 -3.139792 0.000035 0.004242 0.480870 0.000001 -0.004242 0.042897 0.000000 0.000000 0.013196 -4.610124 -2.491975 -2.359596 7.305353 -4.108981 -38.472754 0.000000 0.000000 88.899976 -1.780815 4.350448 -9.619503 0.000000 0.000000 0.000000 12.407802 -1.164577 -31.687511 0.000000 0.000000 57.967259 -6.794547 4.236262 -29.515979 0.000000 0.000000 -0.000003 
-10.285900 78.286100 -16.694600 -10.154144 -10.976382 5.509850 0.037630 0.252417 -2.203121 1.599424 0.204089 2.658462 0.047123 -22.060774 -3.975619 -3.133095 1.466959 21.679348 3.618573 33.496484 -4.333541 0.000000 0.000000 0.000000 -29.536506 31.116117 -0.055427 -49.209033 -21.831581 29.353392 -0.000000 -50.266960 0.000000 0.080479 -0.005239 -0.988820 0.000000 0.000000 0.607176 0.005215 0.000010 -0.110703 -0.012689 0.000454 -0.146434 0.022390 -0.001199 4.934506 0.000000 0.000000 0.746397 0.000014 0.006565 0.122572 -0.000022 -0.014325 0.164521 2.447046 -0.079831 2.056764 0.000000 0.000000 0.740482 -0.000002 0.007173 -0.014980 -0.000004 -0.015017 0.027776 4.260386 -0.094452 1.375350 0.000000 0.000000 0.754839 0.000000 0.009448 0.000229 -0.000006 -0.022452 0.026332 -6.917769 0.291382 2.291170 0.000000 0.000000 0.754038 -0.000001 0.004175 -0.008146 -0.000001 -0.009275 0.012467 0.441624 -0.014543 2.538997 23.350036 3.977302 -0.042842 40.038973 -3.505373 11.428840 -0.000000 77.257843 -0.000000 -0.080308 0.004629 -0.724563 0.000000 0.000000 0.472622 0.000000 0.000000 0.008252 0.000000 0.000000 -0.001366 -7.969741 -5.107087 -8.050663 0.000000 0.000000 0.467721 0.000000 0.000000 -0.015015 0.000000 0.000000 0.025121 6.271931 -1.933901 -4.817211 0.000000 0.000000 0.481966 0.000000 0.000000 -0.004083 0.000000 0.000000 -0.000628 -1.013052 -2.505694 -6.799366 0.000000 0.000000 0.479930 0.000000 0.000000 0.003389 0.000000 0.000000 -0.007978 -3.109834 -2.403556 -3.139792 0.000035 0.004242 0.480870 0.000001 -0.004242 0.042897 0.000000 0.000000 0.013196 -4.610124 -2.491975 -2.359596 8.845656 -2.798209 -45.175464 0.000000 0.000000 100.407844 -1.786739 1.101421 -10.641567 0.000000 0.000000 0.000000 12.141411 -0.341674 -32.381505 0.000000 0.000000 58.428029 -5.621785 6.391383 -29.708515 0.000000 0.000000 -0.000003 
-9.984300 78.140600 -15.470700 -8.570750 -11.999296 6.957008 -0.038599 0.436034 -2.933210 1.096001 0.414619 2.080056 -0.033788 -23.998654 -3.544231 -3.600682 1.554616 19.794853 0.766549 31.518017 -6.653905 0.000000 0.000000 0.000000 -28.773991 32.198480 -0.065196 -45.090771 -30.498858 26.744768 -0.000000 -72.481812 0.000000 0.080479 -0.005239 -0.988820 0.000000 0.000000 0.607176 0.005215 0.000010 -0.110703 -0.012689 0.000454 -0.146434 0.022390 -0.001199 4.934506 0.000000 0.000000 0.746397 0.000014 0.006565 0.122572 -0.000022 -0.014325 0.164521 2.447046 -0.079831 2.056764 0.000000 0.000000 0.740482 -0.000002 0.007173 -0.014980 -0.000004 -0.015017 0.027776 4.260386 -0.094452 1.375350 0.000000 0.000000 0.754839 0.000000 0.009448 0.000229 -0.000006 -0.022452 0.026332 -6.917769 0.291382 2.291170 0.000000 0.000000 0.754038 -0.000001 0.004175 -0.008146 -0.000001 -0.009275 0.012467 0.441624 -0.014543 2.538997 22.227317 3.964269 -0.042647 39.235808 0.525413 6.157247 -180.000000 82.201302 -180.000000 -0.080308 0.004629 -0.724563 0.000000 0.000000 0.472622 0.000000 0.000000 0.008252 0.000000 0.000000 -0.001366 -7.969741 -5.107087 -8.050663 0.000000 0.000000 0.467721 0.000000 0.000000 -0.015015 0.000000 0.000000 0.025121 6.271931 -1.933901 -4.817211 0.000000 0.000000 0.481966 0.000000 0.000000 -0.004083 0.000000 0.000000 -0.000628 -1.013052 -2.505694 -6.799366 0.000000 0.000000 0.479930 0.000000 0.000000 0.003389 0.000000 0.000000 -0.007978 -3.109834 -2.403556 -3.139792 0.000035 0.004242 0.480870 0.000001 -0.004242 0.042897 0.000000 0.000000 0.013196 -4.610124 -2.491975 -2.359596 9.236259 -1.915294 -52.607898 0.000000 0.000000 108.649341 -0.140224 7.244495 -11.607194 0.000000 0.000000 0.000000 9.827318 0.350875 -33.591564 0.000000 0.000000 59.273746 -3.770050 7.947807 -30.795123 0.000000 0.000000 -0.000003 
-9.093000 79.279000 -14.502400 -6.198459 -13.856902 7.610730 -0.001743 0.359321 -3.093230 -0.012396 0.368299 1.669226 -1.396276 -22.799817 -3.264371 -3.557131 1.417493 17.943553 0.033312 30.803736 -9.460257 0.000000 0.000000 0.000000 -27.506182 33.010732 -0.065730 -40.607557 -42.561649 22.417245 -180.000000 -87.883072 180.000000 0.080479 -0.005239 -0.988820 0.000000 0.000000 0.607176 0.005215 0.000010 -0.110703 -0.012689 0.000454 -0.146434 0.022390 -0.001199 4.934506 0.000000 0.000000 0.746397 0.000014 0.006565 0.122572 -0.000022 -0.014325 0.164521 2.447046 -0.079831 2.056764 0.000000 0.000000 0.740482 -0.000002 0.007173 -0.014980 -0.000004 -0.015017 0.027776 4.260386 -0.094452 1.375350 0.000000 0.000000 0.754839 0.000000 0.009448 0.000229 -0.000006 -0.022452 0.026332 -6.917769 0.291382 2.291170 0.000000 0.000000 0.754038 -0.000001 0.004175 -0.008146 -0.000001 -0.009275 0.012467 0.441624 -0.014543 2.538997 21.232544 3.777125 -0.042759 39.774209 9.469148 1.096171 -180.000000 67.184402 -180.000000 -0.080308 0.004629 -0.724563 0.000000 0.000000 0.472622 0.000000 0.000000 0.008252 0.000000 0.000000 -0.001366 -7.969741 -5.107087 -8.050663 0.000000 0.000000 0.467721 0.000000 0.000000 -0.015015 0.000000 0.000000 0.025121 6.271931 -1.933901 -4.817211 0.000000 0.000000 0.481966 0.000000 0.000000 -0.004083 0.000000 0.000000 -0.000628 -1.013052 -2.505694 -6.799366 0.000000 0.000000 0.479930 0.000000 0.000000 0.003389 0.000000 0.000000 -0.007978 -3.109834 -2.403556 -3.139792 0.000035 0.004242 0.480870 0.000001 -0.004242 0.042897 0.000000 0.000000 0.013196 -4.610124 -2.491975 -2.359596 9.559258 -0.616324 -54.929777 0.000000 0.000000 108.318688 0.919627 11.918229 -14.125622 0.000000 0.000000 0.000000 6.306473 2.409021 -32.759701 0.000000 0.000000 56.648916 -2.090091 8.377953 -29.906229 0.000000 0.000000 -0.000003 
-7.934700 80.976800 -14.567300 -3.565759 -15.986049 8.079501 -0.269968 0.489000 -3.405821 -1.135379 0.534410 1.361918 -2.543306 -21.333963 -3.640067 -3.080223 1.067331 16.428644 -0.298948 27.793460 -10.045056 0.000000 0.000000 0.000000 -25.786693 33.483836 -0.056667 -36.281012 -56.960662 16.625216 -180.000000 -76.169296 180.000000 0.080479 -0.005239 -0.988820 0.000000 0.000000 0.607176 0.005215 0.000010 -0.110703 -0.012689 0.000454 -0.146434 0.022390 -0.001199 4.934506 0.000000 0.000000 0.746397 0.000014 0.006565 0.122572 -0.000022 -0.014325 0.164521 2.447046 -0.079831 2.056764 0.000000 0.000000 0.740482 -0.000002 0.007173 -0.014980 -0.000004 -0.015017 0.027776 4.260386 -0.094452 1.375350 0.000000 0.000000 0.754839 0.000000 0.009448 0.000229 -0.000006 -0.022452 0.026332 -6.917769 0.291382 2.291170 0.000000 0.000000 0.754038 -0.000001 0.004175 -0.008146 -0.000001 -0.009275 0.012467 0.441624 -0.014543 2.538997 20.783659 3.233279 -0.035745 39.429766 24.183140 -3.146347 -180.000000 61.196899 -180.000000 -0.080308 0.004629 -0.724563 0.000000 0.000000 0.472622 0.000000 0.000000 0.008252 0.000000 0.000000 -0.001366 -7.969741 -5.107087 -8.050663 0.000000 0.000000 0.467721 0.000000 0.000000 -0.015015 0.000000 0.000000 0.025121 6.271931 -1.933901 -4.817211 0.000000 0.000000 0.481966 0.000000 0.000000 -0.004083 0.000000 0.000000 -0.000628 -1.013052 -2.505694 -6.799366 0.000000 0.000000 0.479930 0.000000 0.000000 0.003389 0.000000 0.000000 -0.007978 -3.109834 -2.403556 -3.139792 0.000035 0.004242 0.480870 0.000001 -0.004242 0.042897 0.000000 0.000000 0.013196 -4.610124 -2.491975 -2.359596 9.619074 0.641837 -54.298902 0.000000 0.000000 102.546032 2.183442 12.816550 -14.695113 0.000000 0.000000 0.000000 2.291354 5.198216 -32.032036 0.000000 0.000000 52.307550 0.898258 8.597537 -27.183622 0.000000 0.000000 -0.000003 
-6.327800 83.148800 -14.079200 0.442281 -17.811422 8.535287 -2.281331 -0.206289 -4.862620 -3.083934 0.010807 0.797147 -2.424939 -19.880491 -2.738626 -2.172187 0.744290 14.923454 -0.653347 21.280635 -9.667349 0.000000 0.000000 0.000000 -23.699151 33.558233 -0.030911 -31.383704 -71.684378 8.561668 -180.000000 -74.036697 180.000000 0.080479 -0.005239 -0.988820 0.000000 0.000000 0.607176 0.005215 0.000010 -0.110703 -0.012689 0.000454 -0.146434 0.022390 -0.001199 4.934506 0.000000 0.000000 0.746397 0.000014 0.006565 0.122572 -0.000022 -0.014325 0.164521 2.447046 -0.079831 2.056764 0.000000 0.000000 0.740482 -0.000002 0.007173 -0.014980 -0.000004 -0.015017 0.027776 4.260386 -0.094452 1.375350 0.000000 0.000000 0.754839 0.000000 0.009448 0.000229 -0.000006 -0.022452 0.026332 -6.917769 0.291382 2.291170 0.000000 0.000000 0.754038 -0.000001 0.004175 -0.008146 -0.000001 -0.009275 0.012467 0.441624 -0.014543 2.538997 20.960084 2.538787 -0.033168 36.226912 41.626119 -8.066772 -180.000000 63.969803 -180.000000 -0.080308 0.004629 -0.724563 0.000000 0.000000 0.472622 0.000000 0.000000 0.008252 0.000000 0.000000 -0.001366 -7.969741 -5.107087 -8.050663 0.000000 0.000000 0.467721 0.000000 0.000000 -0.015015 0.000000 0.000000 0.025121 6.271931 -1.933901 -4.817211 0.000000 0.000000 0.481966 0.000000 0.000000 -0.004083 0.000000 0.000000 -0.000628 -1.013052 -2.505694 -6.799366 0.000000 0.000000 0.479930 0.000000 0.000000 0.003389 0.000000 0.000000 -0.007978 -3.109834 -2.403556 -3.139792 0.000035 0.004242 0.480870 0.000001 -0.004242 0.042897 0.000000 0.000000 0.013196 -4.610124 -2.491975 -2.359596 7.729024 1.913002 -51.854762 0.000000 0.000000 92.434801 -0.262278 13.055400 -19.325705 0.000000 0.000000 0.000000 -3.340312 8.156289 -30.680570 0.000000 0.000000 46.279697 2.525883 7.013273 -24.396755 0.000000 0.000000 -0.000003 
-5.610400 83.683400 -12.476500 1.248938 -19.428915 9.428108 -0.936871 -0.607414 -4.551890 -2.998452 -0.521588 -0.092055 -3.440679 -16.890773 -4.884163 -2.662807 0.877652 15.885895 -1.420350 17.803902 -8.917306 0.000000 0.000000 0.000000 -21.786466 33.118857 -0.021001 -7.377460 -84.579015 -20.012506 -180.000000 -79.086601 180.000000 0.080479 -0.005239 -0.988820 0.000000 0.000000 0.607176 0.005215 0.000010 -0.110703 -0.012689 0.000454 -0.146434 0.022390 -0.001199 4.934506 0.000000 0.000000 0.746397 0.000014 0.006565 0.122572 -0.000022 -0.014325 0.164521 2.447046 -0.079831 2.056764 0.000000 0.000000 0.740482 -0.000002 0.007173 -0.014980 -0.000004 -0.015017 0.027776 4.260386 -0.094452 1.375350 0.000000 0.000000 0.754839 0.000000 0.009448 0.000229 -0.000006 -0.022452 0.026332 -6.917769 0.291382 2.291170 0.000000 0.000000 0.754038 -0.000001 0.004175 -0.008146 -0.000001 -0.009275 0.012467 0.441624 -0.014543 2.538997 21.151341 2.206662 -0.039393 29.955707 56.967831 -16.517911 -180.000000 72.216400 -180.000000 -0.080308 0.004629 -0.724563 0.000000 0.000000 0.472622 0.000000 0.000000 0.008252 0.000000 0.000000 -0.001366 -7.969741 -5.107087 -8.050663 0.000000 0.000000 0.467721 0.000000 0.000000 -0.015015 0.000000 0.000000 0.025121 6.271931 -1.933901 -4.817211 0.000000 0.000000 0.481966 0.000000 0.000000 -0.004083 0.000000 0.000000 -0.000628 -1.013052 -2.505694 -6.799366 0.000000 0.000000 0.479930 0.000000 0.000000 0.003389 0.000000 0.000000 -0.007978 -3.109834 -2.403556 -3.139792 0.000035 0.004242 0.480870 0.000001 -0.004242 0.042897 0.000000 0.000000 0.013196 -4.610124 -2.491975 -2.359596 8.289967 2.757720 -49.205988 0.000000 0.000000 81.336092 -2.098385 14.386303 -20.746262 0.000000 0.000000 0.000000 -5.656402 10.466068 -29.996680 0.000000 0.000000 44.064372 5.485894 7.135399 -24.178377 0.000000 0.000000 -0.000003 
-4.976600 84.806000 -11.575400 1.789977 -21.254056 11.266072 -0.299794 -0.677164 -4.498888 -3.046645 -0.748881 -1.780225 -3.084935 -15.803950 -6.134059 -3.649450 1.233925 15.524878 0.205774 11.663784 -7.555552 0.000000 0.000000 0.000000 -20.686600 32.623810 -0.036483 109.952329 -80.535705 -140.931788 -180.000000 -88.957153 180.000000 0.080479 -0.005239 -0.988820 0.000000 0.000000 0.607176 0.005215 0.000010 -0.110703 -0.012689 0.000454 -0.146434 0.022390 -0.001199 4.934506 0.000000 0.000000 0.746397 0.000014 0.006565 0.122572 -0.000022 -0.014325 0.164521 2.447046 -0.079831 2.056764 0.000000 0.000000 0.740482 -0.000002 0.007173 -0.014980 -0.000004 -0.015017 0.027776 4.260386 -0.094452 1.375350 0.000000 0.000000 0.754839 0.000000 0.009448 0.000229 -0.000006 -0.022452 0.026332 -6.917769 0.291382 2.291170 0.000000 0.000000 0.754038 -0.000001 0.004175 -0.008146 -0.000001 -0.009275 0.012467 0.441624 -0.014543 2.538997 21.310401 2.290646 -0.043024 17.750544 69.138142 -31.154490 -180.000000 84.299004 -180.000000 -0.080308 0.004629 -0.724563 0.000000 0.000000 0.472622 0.000000 0.000000 0.008252 0.000000 0.000000 -0.001366 -7.969741 -5.107087 -8.050663 0.000000 0.000000 0.467721 0.000000 0.000000 -0.015015 0.000000 0.000000 0.025121 6.271931 -1.933901 -4.817211 0.000000 0.000000 0.481966 0.000000 0.000000 -0.004083 0.000000 0.000000 -0.000628 -1.013052 -2.505694 -6.799366 0.000000 0.000000 0.479930 0.000000 0.000000 0.003389 0.000000 0.000000 -0.007978 -3.109834 -2.403556 -3.139792 0.000035 0.004242 0.480870 0.000001 -0.004242 0.042897 0.000000 0.000000 0.013196 -4.610124 -2.491975 -2.359596 8.145691 3.789941 -45.729509 0.000000 0.000000 66.940790 0.538399 18.292320 -17.099578 0.000000 0.000000 0.000000 -7.983118 12.829698 -29.671067 0.000000 0.000000 39.528297 6.702461 7.767100 -22.390016 0.000000 0.000000 -0.000003 
-4.677000 87.459500 -10.210000 2.206902 -23.300470 13.733736 0.499809 -0.458406 -5.317137 -3.521548 -0.747499 -3.623929 -1.683070 -15.458286 -6.271364 -6.794587 2.239234 15.042604 -1.628526 12.602172 -8.323361 0.000000 0.000000 0.000000 -19.960672 32.263330 -0.043834 119.921096 -70.454479 -152.378402 -0.000000 -78.156013 0.000000 0.080479 -0.005239 -0.988820 0.000000 0.000000 0.607176 0.005215 0.000010 -0.110703 -0.012689 0.000454 -0.146434 0.022390 -0.001199 4.934506 0.000000 0.000000 0.746397 0.000014 0.006565 0.122572 -0.000022 -0.014325 0.164521 2.447046 -0.079831 2.056764 0.000000 0.000000 0.740482 -0.000002 0.007173 -0.014980 -0.000004 -0.015017 0.027776 4.260386 -0.094452 1.375350 0.000000 0.000000 0.754839 0.000000 0.009448 0.000229 -0.000006 -0.022452 0.026332 -6.917769 0.291382 2.291170 0.000000 0.000000 0.754038 -0.000001 0.004175 -0.008146 -0.000001 -0.009275 0.012467 0.441624 -0.014543 2.538997 21.486601 2.503085 -0.042845 -11.392469 77.685888 -61.520958 -0.000000 80.126091 -0.000000 -0.080308 0.004629 -0.724563 0.000000 0.000000 0.472622 0.000000 0.000000 0.008252 0.000000 0.000000 -0.001366 -7.969741 -5.107087 -8.050663 0.000000 0.000000 0.467721 0.000000 0.000000 -0.015015 0.000000 0.000000 0.025121 6.271931 -1.933901 -4.817211 0.000000 0.000000 0.481966 0.000000 0.000000 -0.004083 0.000000 0.000000 -0.000628 -1.013052 -2.505694 -6.799366 0.000000 0.000000 0.479930 0.000000 0.000000 0.003389 0.000000 0.000000 -0.007978 -3.109834 -2.403556 -3.139792 0.000035 0.004242 0.480870 0.000001 -0.004242 0.042897 0.000000 0.000000 0.013196 -4.610124 -2.491975 -2.359596 7.206936 5.092095 -39.465927 0.000000 0.000000 48.077913 2.959269 22.613648 -12.532767 0.000000 0.000000 0.000000 -10.754815 15.751169 -29.120823 0.000000 0.000000 32.385156 10.040244 0.928009 -20.008868 0.000000 0.000000 -0.000003 
-4.476600 88.861200 -8.337000 2.758535 -26.984704 14.706964 0.556444 -0.489705 -4.831644 -3.148515 -0.770289 -4.431524 -1.528865 -13.497306 -6.660267 -8.739202 2.753155 13.577471 -1.226510 13.795431 -6.669412 0.000000 0.000000 0.000000 -18.958154 31.963674 -0.041325 121.095436 -62.653532 -153.675836 -0.000000 -64.762283 0.000000 0.080479 -0.005239 -0.988820 0.000000 0.000000 0.607176 0.005215 0.000010 -0.110703 -0.012689 0.000454 -0.146434 0.022390 -0.001199 4.934506 0.000000 0.000000 0.746397 0.000014 0.006565 0.122572 -0.000022 -0.014325 0.164521 2.447046 -0.079831 2.056764 0.000000 0.000000 0.740482 -0.000002 0.007173 -0.014980 -0.000004 -0.015017 0.027776 4.260386 -0.094452 1.375350 0.000000 0.000000 0.754839 0.000000 0.009448 0.000229 -0.000006 -0.022452 0.026332 -6.917769 0.291382 2.291170 0.000000 0.000000 0.754038 -0.000001 0.004175 -0.008146 -0.000001 -0.009275 0.012467 0.441624 -0.014543 2.538997 21.502408 2.728870 -0.041179 -62.219887 78.949679 -111.959850 -0.000000 63.224339 -0.000000 -0.080308 0.004629 -0.724563 0.000000 0.000000 0.472622 0.000000 0.000000 0.008252 0.000000 0.000000 -0.001366 -7.969741 -5.107087 -8.050663 0.000000 0.000000 0.467721 0.000000 0.000000 -0.015015 0.000000 0.000000 0.025121 6.271931 -1.933901 -4.817211 0.000000 0.000000 0.481966 0.000000 0.000000 -0.004083 0.000000 0.000000 -0.000628 -1.013052 -2.505694 -6.799366 0.000000 0.000000 0.479930 0.000000 0.000000 0.003389 0.000000 0.000000 -0.007978 -3.109834 -2.403556 -3.139792 0.000035 0.004242 0.480870 0.000001 -0.004242 0.042897 0.000000 0.000000 0.013196 -4.610124 -2.491975 -2.359596 4.988007 8.455671 -34.490879 0.000000 0.000000 37.183223 0.389892 21.218849 -12.116622 0.000000 0.000000 0.000000 -14.267590 20.740057 -28.207739 0.000000 0.000000 25.258672 11.420057 -8.316901 -17.369811 0.000000 0.000000 -0.000003 
-4.307500 89.346300 -6.444400 2.497466 -30.199080 15.158456 1.007906 0.079957 -4.778652 -2.828954 -0.167597 -3.739317 -1.543562 -12.924256 -6.123673 -9.020185 2.696812 12.526856 -1.502875 9.539309 -6.776601 0.000000 0.000000 0.000000 -17.752758 31.545704 -0.038377 120.342534 -58.315002 -153.246688 -0.000000 -54.790539 0.000000 0.080479 -0.005239 -0.988820 0.000000 0.000000 0.607176 0.005215 0.000010 -0.110703 -0.012689 0.000454 -0.146434 0.022390 -0.001199 4.934506 0.000000 0.000000 0.746397 0.000014 0.006565 0.122572 -0.000022 -0.014325 0.164521 2.447046 -0.079831 2.056764 0.000000 0.000000 0.740482 -0.000002 0.007173 -0.014980 -0.000004 -0.015017 0.027776 4.260386 -0.094452 1.375350 0.000000 0.000000 0.754839 0.000000 0.009448 0.000229 -0.000006 -0.022452 0.026332 -6.917769 0.291382 2.291170 0.000000 0.000000 0.754038 -0.000001 0.004175 -0.008146 -0.000001 -0.009275 0.012467 0.441624 -0.014543 2.538997 21.375504 2.997189 -0.040279 -90.842056 74.794488 -139.195819 -0.000000 49.599419 -0.000000 -0.080308 0.004629 -0.724563 0.000000 0.000000 0.472622 0.000000 0.000000 0.008252 0.000000 0.000000 -0.001366 -7.969741 -5.107087 -8.050663 0.000000 0.000000 0.467721 0.000000 0.000000 -0.015015 0.000000 0.000000 0.025121 6.271931 -1.933901 -4.817211 0.000000 0.000000 0.481966 0.000000 0.000000 -0.004083 0.000000 0.000000 -0.000628 -1.013052 -2.505694 -6.799366 0.000000 0.000000 0.479930 0.000000 0.000000 0.003389 0.000000 0.000000 -0.007978 -3.109834 -2.403556 -3.139792 0.000035 0.004242 0.480870 0.000001 -0.004242 0.042897 0.000000 0.000000 0.013196 -4.610124 -2.491975 -2.359596 3.432973 12.118891 -29.591811 0.000000 0.000000 27.770415 -2.984119 18.717230 -11.553894 0.000000 0.000000 0.000000 -17.053589 25.423546 -28.542483 0.000000 0.000000 21.217523 11.359970 -17.100337 -15.404072 0.000000 0.000000 -0.000003 
-3.893600 89.138700 -4.788400 2.730416 -31.377072 14.654010 1.453120 0.413163 -4.490611 -2.845054 0.167489 -2.561702 -1.557901 -13.871966 -4.862247 -8.410409 2.274566 10.930276 -3.475744 7.348169 -7.886595 0.000000 0.000000 0.000000 -16.905685 30.868179 -0.044511 117.850766 -58.303773 -152.768988 -0.000000 -51.742641 0.000000 0.080479 -0.005239 -0.988820 0.000000 0.000000 0.607176 0.005215 0.000010 -0.110703 -0.012689 0.000454 -0.146434 0.022390 -0.001199 4.934506 0.000000 0.000000 0.746397 0.000014 0.006565 0.122572 -0.000022 -0.014325 0.164521 2.447046 -0.079831 2.056764 0.000000 0.000000 0.740482 -0.000002 0.007173 -0.014980 -0.000004 -0.015017 0.027776 4.260386 -0.094452 1.375350 0.000000 0.000000 0.754839 0.000000 0.009448 0.000229 -0.000006 -0.022452 0.026332 -6.917769 0.291382 2.291170 0.000000 0.000000 0.754038 -0.000001 0.004175 -0.008146 -0.000001 -0.009275 0.012467 0.441624 -0.014543 2.538997 21.496049 3.113165 -0.039263 -102.504096 73.211522 -149.860490 -0.000000 43.853500 -0.000000 -0.080308 0.004629 -0.724563 0.000000 0.000000 0.472622 0.000000 0.000000 0.008252 0.000000 0.000000 -0.001366 -7.969741 -5.107087 -8.050663 0.000000 0.000000 0.467721 0.000000 0.000000 -0.015015 0.000000 0.000000 0.025121 6.271931 -1.933901 -4.817211 0.000000 0.000000 0.481966 0.000000 0.000000 -0.004083 0.000000 0.000000 -0.000628 -1.013052 -2.505694 -6.799366 0.000000 0.000000 0.479930 0.000000 0.000000 0.003389 0.000000 0.000000 -0.007978 -3.109834 -2.403556 -3.139792 0.000035 0.004242 0.480870 0.000001 -0.004242 0.042897 0.000000 0.000000 0.013196 -4.610124 -2.491975 -2.359596 1.293154 15.603214 -26.300186 0.000000 0.000000 21.919111 -5.143772 14.309786 -11.784679 0.000000 0.000000 0.000000 -18.834744 26.617903 -30.048635 0.000000 0.000000 21.984197 12.000861 -22.756994 -15.094093 0.000000 0.000000 -0.000003 
-3.696900 88.315000 -4.506200 3.587561 -31.707575 14.119623 1.262605 0.047905 -4.676406 -2.400057 -0.119426 -1.691840 -1.171757 -13.898538 -3.438415 -9.929628 2.298589 9.680655 -4.879024 7.837424 -9.926766 0.000000 0.000000 0.000000 -16.816703 29.879560 -0.060146 112.312524 -62.906750 -151.252609 -0.000000 -57.017879 0.000000 0.080479 -0.005239 -0.988820 0.000000 0.000000 0.607176 0.005215 0.000010 -0.110703 -0.012689 0.000454 -0.146434 0.022390 -0.001199 4.934506 0.000000 0.000000 0.746397 0.000014 0.006565 0.122572 -0.000022 -0.014325 0.164521 2.447046 -0.079831 2.056764 0.000000 0.000000 0.740482 -0.000002 0.007173 -0.014980 -0.000004 -0.015017 0.027776 4.260386 -0.094452 1.375350 0.000000 0.000000 0.754839 0.000000 0.009448 0.000229 -0.000006 -0.022452 0.026332 -6.917769 0.291382 2.291170 0.000000 0.000000 0.754038 -0.000001 0.004175 -0.008146 -0.000001 -0.009275 0.012467 0.441624 -0.014543 2.538997 22.134450 2.980370 -0.037579 -109.280377 75.676028 -157.294631 -0.000000 48.056450 -0.000000 -0.080308 0.004629 -0.724563 0.000000 0.000000 0.472622 0.000000 0.000000 0.008252 0.000000 0.000000 -0.001366 -7.969741 -5.107087 -8.050663 0.000000 0.000000 0.467721 0.000000 0.000000 -0.015015 0.000000 0.000000 0.025121 6.271931 -1.933901 -4.817211 0.000000 0.000000 0.481966 0.000000 0.000000 -0.004083 0.000000 0.000000 -0.000628 -1.013052 -2.505694 -6.799366 0.000000 0.000000 0.479930 0.000000 0.000000 0.003389 0.000000 0.000000 -0.007978 -3.109834 -2.403556 -3.139792 0.000035 0.004242 0.480870 0.000001 -0.004242 0.042897 0.000000 0.000000 0.013196 -4.610124 -2.491975 -2.359596 -1.894149 19.443720 -26.033411 0.000000 0.000000 20.740314 -6.094791 8.863813 -14.207300 0.000000 0.000000 0.000000 -19.600078 23.569806 -33.160373 0.000000 0.000000 26.303075 10.721097 -23.950692 -13.946918 0.000000 0.000000 -0.000003 
-3.494300 87.087400 -4.940000 5.510193 -31.057134 13.278933 1.147026 0.035316 -4.316572 -2.701191 -0.115410 -1.513697 -1.597703 -16.039389 -3.117845 -10.923551 2.579920 9.984050 -5.980451 8.250939 -10.497554 0.000000 0.000000 0.000000 -17.412131 28.703557 -0.073311 99.540930 -71.090697 -143.243944 -0.000000 -69.224167 0.000000 0.080479 -0.005239 -0.988820 0.000000 0.000000 0.607176 0.005215 0.000010 -0.110703 -0.012689 0.000454 -0.146434 0.022390 -0.001199 4.934506 0.000000 0.000000 0.746397 0.000014 0.006565 0.122572 -0.000022 -0.014325 0.164521 2.447046 -0.079831 2.056764 0.000000 0.000000 0.740482 -0.000002 0.007173 -0.014980 -0.000004 -0.015017 0.027776 4.260386 -0.094452 1.375350 0.000000 0.000000 0.754839 0.000000 0.009448 0.000229 -0.000006 -0.022452 0.026332 -6.917769 0.291382 2.291170 0.000000 0.000000 0.754038 -0.000001 0.004175 -0.008146 -0.000001 -0.009275 0.012467 0.441624 -0.014543 2.538997 22.989354 2.816761 -0.039578 -115.649036 82.356065 -165.797368 -0.000000 61.033180 -0.000000 -0.080308 0.004629 -0.724563 0.000000 0.000000 0.472622 0.000000 0.000000 0.008252 0.000000 0.000000 -0.001366 -7.969741 -5.107087 -8.050663 0.000000 0.000000 0.467721 0.000000 0.000000 -0.015015 0.000000 0.000000 0.025121 6.271931 -1.933901 -4.817211 0.000000 0.000000 0.481966 0.000000 0.000000 -0.004083 0.000000 0.000000 -0.000628 -1.013052 -2.505694 -6.799366 0.000000 0.000000 0.479930 0.000000 0.000000 0.003389 0.000000 0.000000 -0.007978 -3.109834 -2.403556 -3.139792 0.000035 0.004242 0.480870 0.000001 -0.004242 0.042897 0.000000 0.000000 0.013196 -4.610124 -2.491975 -2.359596 -5.418300 19.936070 -28.580031 0.000000 0.000000 24.498937 -5.139195 5.523962 -17.316366 0.000000 0.000000 0.000000 -20.245029 18.022381 -37.659351 0.000000 0.000000 33.247834 8.154123 -23.246976 -10.958126 0.000000 0.000000 -0.000003 
-3.052600 85.567500 -5.557700 8.013637 -29.426296 11.523183 0.458865 0.232819 -4.383747 -3.086784 0.210617 0.120902 -2.595374 -18.661112 -1.820436 -10.587831 2.480926 9.972485 -7.099469 8.100098 -11.358452 0.000000 0.000000 0.000000 -18.368702 27.527520 -0.072997 55.329406 -80.124334 -102.582048 -0.000000 -84.995697 0.000000 0.080479 -0.005239 -0.988820 0.000000 0.000000 0.607176 0.005215 0.000010 -0.110703 -0.012689 0.000454 -0.146434 0.022390 -0.001199 4.934506 0.000000 0.000000 0.746397 0.000014 0.006565 0.122572 -0.000022 -0.014325 0.164521 2.447046 -0.079831 2.056764 0.000000 0.000000 0.740482 -0.000002 0.007173 -0.014980 -0.000004 -0.015017 0.027776 4.260386 -0.094452 1.375350 0.000000 0.000000 0.754839 0.000000 0.009448 0.000229 -0.000006 -0.022452 0.026332 -6.917769 0.291382 2.291170 0.000000 0.000000 0.754038 -0.000001 0.004175 -0.008146 -0.000001 -0.009275 0.012467 0.441624 -0.014543 2.538997 23.706096 2.826351 -0.042486 89.356221 86.728629 37.502650 -0.000000 78.383942 -0.000000 -0.080308 0.004629 -0.724563 0.000000 0.000000 0.472622 0.000000 0.000000 0.008252 0.000000 0.000000 -0.001366 -7.969741 -5.107087 -8.050663 0.000000 0.000000 0.467721 0.000000 0.000000 -0.015015 0.000000 0.000000 0.025121 6.271931 -1.933901 -4.817211 0.000000 0.000000 0.481966 0.000000 0.000000 -0.004083 0.000000 0.000000 -0.000628 -1.013052 -2.505694 -6.799366 0.000000 0.000000 0.479930 0.000000 0.000000 0.003389 0.000000 0.000000 -0.007978 -3.109834 -2.403556 -3.139792 0.000035 0.004242 0.480870 0.000001 -0.004242 0.042897 0.000000 0.000000 0.013196 -4.610124 -2.491975 -2.359596 -8.092553 16.786919 -32.421333 0.000000 0.000000 32.423480 -4.569386 4.866513 -19.443217 0.000000 0.000000 0.000000 -21.209941 12.642649 -42.645757 0.000000 0.000000 42.361440 6.486488 -22.048984 -7.350689 0.000000 0.000000 -0.000003 
-2.369800 83.014700 -6.337500 11.774945 -26.712456 8.959760 -1.158234 -0.087363 -3.303200 -4.239552 0.075264 1.362122 -2.252543 -22.136723 -1.200418 -11.845301 3.011148 9.845569 -10.950627 13.504656 -14.357159 0.000000 0.000000 0.000000 -19.590437 26.689435 -0.061344 -4.904879 -75.041453 -42.878612 -180.000000 -79.978996 180.000000 0.080479 -0.005239 -0.988820 0.000000 0.000000 0.607176 0.005215 0.000010 -0.110703 -0.012689 0.000454 -0.146434 0.022390 -0.001199 4.934506 0.000000 0.000000 0.746397 0.000014 0.006565 0.122572 -0.000022 -0.014325 0.164521 2.447046 -0.079831 2.056764 0.000000 0.000000 0.740482 -0.000002 0.007173 -0.014980 -0.000004 -0.015017 0.027776 4.260386 -0.094452 1.375350 0.000000 0.000000 0.754839 0.000000 0.009448 0.000229 -0.000006 -0.022452 0.026332 -6.917769 0.291382 2.291170 0.000000 0.000000 0.754038 -0.000001 0.004175 -0.008146 -0.000001 -0.009275 0.012467 0.441624 -0.014543 2.538997 24.254610 2.928053 -0.043269 71.670925 76.577953 20.066963 -180.000000 84.963760 -180.000000 -0.080308 0.004629 -0.724563 0.000000 0.000000 0.472622 0.000000 0.000000 0.008252 0.000000 0.000000 -0.001366 -7.969741 -5.107087 -8.050663 0.000000 0.000000 0.467721 0.000000 0.000000 -0.015015 0.000000 0.000000 0.025121 6.271931 -1.933901 -4.817211 0.000000 0.000000 0.481966 0.000000 0.000000 -0.004083 0.000000 0.000000 -0.000628 -1.013052 -2.505694 -6.799366 0.000000 0.000000 0.479930 0.000000 0.000000 0.003389 0.000000 0.000000 -0.007978 -3.109834 -2.403556 -3.139792 0.000035 0.004242 0.480870 0.000001 -0.004242 0.042897 0.000000 0.000000 0.013196 -4.610124 -2.491975 -2.359596 -11.209109 12.181165 -37.501639 0.000000 0.000000 43.342519 -4.193978 3.834680 -19.676147 0.000000 0.000000 0.000000 -22.982411 6.460762 -47.428881 0.000000 0.000000 53.323735 4.022566 -18.551959 -8.401768 0.000000 0.000000 -0.000003 
-2.007200 82.454600 -7.863200 10.882229 -24.666899 8.155712 0.323321 0.205217 -1.655670 -4.086328 0.323819 2.012591 -2.259663 -25.089046 0.101741 -13.353318 3.263117 9.967311 -10.144118 17.691256 -17.430308 0.000000 0.000000 0.000000 -21.284649 26.438715 -0.041822 -19.568823 -65.242137 -24.867050 -180.000000 -69.137001 180.000000 0.080479 -0.005239 -0.988820 0.000000 0.000000 0.607176 0.005215 0.000010 -0.110703 -0.012689 0.000454 -0.146434 0.022390 -0.001199 4.934506 0.000000 0.000000 0.746397 0.000014 0.006565 0.122572 -0.000022 -0.014325 0.164521 2.447046 -0.079831 2.056764 0.000000 0.000000 0.740482 -0.000002 0.007173 -0.014980 -0.000004 -0.015017 0.027776 4.260386 -0.094452 1.375350 0.000000 0.000000 0.754839 0.000000 0.009448 0.000229 -0.000006 -0.022452 0.026332 -6.917769 0.291382 2.291170 0.000000 0.000000 0.754038 -0.000001 0.004175 -0.008146 -0.000001 -0.009275 0.012467 0.441624 -0.014543 2.538997 24.710978 2.947792 -0.043404 67.625986 66.662144 18.104758 -180.000000 71.654900 -180.000000 -0.080308 0.004629 -0.724563 0.000000 0.000000 0.472622 0.000000 0.000000 0.008252 0.000000 0.000000 -0.001366 -7.969741 -5.107087 -8.050663 0.000000 0.000000 0.467721 0.000000 0.000000 -0.015015 0.000000 0.000000 0.025121 6.271931 -1.933901 -4.817211 0.000000 0.000000 0.481966 0.000000 0.000000 -0.004083 0.000000 0.000000 -0.000628 -1.013052 -2.505694 -6.799366 0.000000 0.000000 0.479930 0.000000 0.000000 0.003389 0.000000 0.000000 -0.007978 -3.109834 -2.403556 -3.139792 0.000035 0.004242 0.480870 0.000001 -0.004242 0.042897 0.000000 0.000000 0.013196 -4.610124 -2.491975 -2.359596 -11.097356 10.808483 -38.259537 0.000000 0.000000 45.743536 -2.500851 3.340861 -19.982994 0.000000 0.000000 0.000000 -21.441103 3.013163 -51.416278 0.000000 0.000000 61.954968 2.500988 -12.676745 -5.954767 0.000000 0.000000 -0.000003 
-1.361800 81.957300 -8.923300 10.386975 -20.939415 7.109590 0.613688 -0.020591 -0.757036 -3.542929 0.177453 4.084285 -1.553504 -27.544467 1.866810 -13.073011 2.863397 8.472547 -11.664234 20.889343 -20.566675 0.000000 0.000000 0.000000 -23.265757 26.763026 -0.022383 -22.586685 -57.387905 -15.660021 -180.000000 -63.220497 180.000000 0.080479 -0.005239 -0.988820 0.000000 0.000000 0.607176 0.005215 0.000010 -0.110703 -0.012689 0.000454 -0.146434 0.022390 -0.001199 4.934506 0.000000 0.000000 0.746397 0.000014 0.006565 0.122572 -0.000022 -0.014325 0.164521 2.447046 -0.079831 2.056764 0.000000 0.000000 0.740482 -0.000002 0.007173 -0.014980 -0.000004 -0.015017 0.027776 4.260386 -0.094452 1.375350 0.000000 0.000000 0.754839 0.000000 0.009448 0.000229 -0.000006 -0.022452 0.026332 -6.917769 0.291382 2.291170 0.000000 0.000000 0.754038 -0.000001 0.004175 -0.008146 -0.000001 -0.009275 0.012467 0.441624 -0.014543 2.538997 25.226244 2.911155 -0.044819 64.413932 56.860013 17.832948 -180.000000 61.864098 -180.000000 -0.080308 0.004629 -0.724563 0.000000 0.000000 0.472622 0.000000 0.000000 0.008252 0.000000 0.000000 -0.001366 -7.969741 -5.107087 -8.050663 0.000000 0.000000 0.467721 0.000000 0.000000 -0.015015 0.000000 0.000000 0.025121 6.271931 -1.933901 -4.817211 0.000000 0.000000 0.481966 0.000000 0.000000 -0.004083 0.000000 0.000000 -0.000628 -1.013052 -2.505694 -6.799366 0.000000 0.000000 0.479930 0.000000 0.000000 0.003389 0.000000 0.000000 -0.007978 -3.109834 -2.403556 -3.139792 0.000035 0.004242 0.480870 0.000001 -0.004242 0.042897 0.000000 0.000000 0.013196 -4.610124 -2.491975 -2.359596 -10.944591 8.281814 -38.807819 0.000000 0.000000 47.697604 -2.470740 5.158146 -19.678646 0.000000 0.000000 0.000000 -20.433534 -1.007720 -53.702407 0.000000 0.000000 70.013663 6.529250 -7.538300 -6.029353 0.000000 0.000000 -0.000003 
-1.280100 81.524100 -8.687500 8.724614 -18.763322 7.312086 0.598324 0.215767 -1.368190 -1.004971 0.263331 6.697988 -2.206122 -29.796497 4.308592 -10.907232 1.861320 5.807657 -14.811394 22.949186 -24.249288 0.000000 0.000000 0.000000 -25.113655 27.428714 -0.020293 -23.313126 -51.415990 -7.619924 -180.000000 -61.909103 180.000000 0.080479 -0.005239 -0.988820 0.000000 0.000000 0.607176 0.005215 0.000010 -0.110703 -0.012689 0.000454 -0.146434 0.022390 -0.001199 4.934506 0.000000 0.000000 0.746397 0.000014 0.006565 0.122572 -0.000022 -0.014325 0.164521 2.447046 -0.079831 2.056764 0.000000 0.000000 0.740482 -0.000002 0.007173 -0.014980 -0.000004 -0.015017 0.027776 4.260386 -0.094452 1.375350 0.000000 0.000000 0.754839 0.000000 0.009448 0.000229 -0.000006 -0.022452 0.026332 -6.917769 0.291382 2.291170 0.000000 0.000000 0.754038 -0.000001 0.004175 -0.008146 -0.000001 -0.009275 0.012467 0.441624 -0.014543 2.538997 25.993554 3.004576 -0.045099 61.088126 46.769531 17.721890 -180.000000 55.525002 -180.000000 -0.080308 0.004629 -0.724563 0.000000 0.000000 0.472622 0.000000 0.000000 0.008252 0.000000 0.000000 -0.001366 -7.969741 -5.107087 -8.050663 0.000000 0.000000 0.467721 0.000000 0.000000 -0.015015 0.000000 0.000000 0.025121 6.271931 -1.933901 -4.817211 0.000000 0.000000 0.481966 0.000000 0.000000 -0.004083 0.000000 0.000000 -0.000628 -1.013052 -2.505694 -6.799366 0.000000 0.000000 0.479930 0.000000 0.000000 0.003389 0.000000 0.000000 -0.007978 -3.109834 -2.403556 -3.139792 0.000035 0.004242 0.480870 0.000001 -0.004242 0.042897 0.000000 0.000000 0.013196 -4.610124 -2.491975 -2.359596 -10.120974 7.602328 -39.469926 0.000000 0.000000 49.788346 -1.848524 7.017071 -20.545718 0.000000 0.000000 0.000000 -18.329595 -2.765097 -56.101946 0.000000 0.000000 77.241716 11.545850 -5.376785 -8.423053 0.000000 0.000000 -0.000003 
-0.802600 81.773400 -10.277700 7.696475 -17.038137 7.474456 1.368007 0.113563 -1.077097 -0.827105 0.189047 7.012461 -2.126459 -29.721841 6.058668 -10.253799 1.648859 5.175821 -13.757796 22.479122 -26.418376 0.000000 0.000000 0.000000 -26.517096 28.040129 -0.031873 -24.608863 -46.620637 0.320831 -180.000000 -65.858002 180.000000 0.080479 -0.005239 -0.988820 0.000000 0.000000 0.607176 0.005215 0.000010 -0.110703 -0.012689 0.000454 -0.146434 0.022390 -0.001199 4.934506 0.000000 0.000000 0.746397 0.000014 0.006565 0.122572 -0.000022 -0.014325 0.164521 2.447046 -0.079831 2.056764 0.000000 0.000000 0.740482 -0.000002 0.007173 -0.014980 -0.000004 -0.015017 0.027776 4.260386 -0.094452 1.375350 0.000000 0.000000 0.754839 0.000000 0.009448 0.000229 -0.000006 -0.022452 0.026332 -6.917769 0.291382 2.291170 0.000000 0.000000 0.754038 -0.000001 0.004175 -0.008146 -0.000001 -0.009275 0.012467 0.441624 -0.014543 2.538997 26.745568 3.173508 -0.043770 58.037023 36.509675 17.723055 -180.000000 53.619797 -180.000000 -0.080308 0.004629 -0.724563 0.000000 0.000000 0.472622 0.000000 0.000000 0.008252 0.000000 0.000000 -0.001366 -7.969741 -5.107087 -8.050663 0.000000 0.000000 0.467721 0.000000 0.000000 -0.015015 0.000000 0.000000 0.025121 6.271931 -1.933901 -4.817211 0.000000 0.000000 0.481966 0.000000 0.000000 -0.004083 0.000000 0.000000 -0.000628 -1.013052 -2.505694 -6.799366 0.000000 0.000000 0.479930 0.000000 0.000000 0.003389 0.000000 0.000000 -0.007978 -3.109834 -2.403556 -3.139792 0.000035 0.004242 0.480870 0.000001 -0.004242 0.042897 0.000000 0.000000 0.013196 -4.610124 -2.491975 -2.359596 -9.056627 5.843373 -39.996839 0.000000 0.000000 48.798033 -1.594216 7.440505 -18.656528 0.000000 0.000000 0.000000 -15.668711 -4.184133 -57.893457 0.000000 0.000000 84.143336 8.513912 -5.097624 -11.101628 0.000000 0.000000 -0.000003 
-0.846000 82.632800 -10.701700 5.388661 -16.217982 6.982749 2.071564 0.538023 -1.235611 1.308922 0.293102 8.964633 -2.080144 -29.075190 7.523429 -8.927687 1.130969 3.454166 -15.225964 22.246892 -27.107463 0.000000 0.000000 0.000000 -27.326691 28.459602 -0.041398 -28.331523 -42.711031 8.313984 -180.000000 -75.946899 180.000000 0.080479 -0.005239 -0.988820 0.000000 0.000000 0.607176 0.005215 0.000010 -0.110703 -0.012689 0.000454 -0.146434 0.022390 -0.001199 4.934506 0.000000 0.000000 0.746397 0.000014 0.006565 0.122572 -0.000022 -0.014325 0.164521 2.447046 -0.079831 2.056764 0.000000 0.000000 0.740482 -0.000002 0.007173 -0.014980 -0.000004 -0.015017 0.027776 4.260386 -0.094452 1.375350 0.000000 0.000000 0.754839 0.000000 0.009448 0.000229 -0.000006 -0.022452 0.026332 -6.917769 0.291382 2.291170 0.000000 0.000000 0.754038 -0.000001 0.004175 -0.008146 -0.000001 -0.009275 0.012467 0.441624 -0.014543 2.538997 27.103521 3.396242 -0.042532 55.460234 26.822530 18.002130 -180.000000 57.606102 -180.000000 -0.080308 0.004629 -0.724563 0.000000 0.000000 0.472622 0.000000 0.000000 0.008252 0.000000 0.000000 -0.001366 -7.969741 -5.107087 -8.050663 0.000000 0.000000 0.467721 0.000000 0.000000 -0.015015 0.000000 0.000000 0.025121 6.271931 -1.933901 -4.817211 0.000000 0.000000 0.481966 0.000000 0.000000 -0.004083 0.000000 0.000000 -0.000628 -1.013052 -2.505694 -6.799366 0.000000 0.000000 0.479930 0.000000 0.000000 0.003389 0.000000 0.000000 -0.007978 -3.109834 -2.403556 -3.139792 0.000035 0.004242 0.480870 0.000001 -0.004242 0.042897 0.000000 0.000000 0.013196 -4.610124 -2.491975 -2.359596 -6.452740 4.013488 -37.491529 0.000000 0.000000 45.565087 -1.519672 7.900085 -20.654976 0.000000 0.000000 0.000000 -11.654200 -3.812599 -57.711303 0.000000 0.000000 90.012408 6.908374 -7.219541 -13.466638 0.000000 0.000000 -0.000003 
-0.851900 82.241300 -10.528000 4.669639 -14.990893 6.092578 1.713708 0.354963 -1.410202 2.284358 -0.064228 9.923402 -1.521036 -26.962155 8.351374 -8.091296 1.048534 2.710932 -14.630644 19.419817 -25.707468 0.000000 0.000000 0.000000 -27.658944 28.633245 -0.046478 -34.896124 -38.738434 15.729674 -0.000000 -88.435150 0.000000 0.080479 -0.005239 -0.988820 0.000000 0.000000 0.607176 0.005215 0.000010 -0.110703 -0.012689 0.000454 -0.146434 0.022390 -0.001199 4.934506 0.000000 0.000000 0.746397 0.000014 0.006565 0.122572 -0.000022 -0.014325 0.164521 2.447046 -0.079831 2.056764 0.000000 0.000000 0.740482 -0.000002 0.007173 -0.014980 -0.000004 -0.015017 0.027776 4.260386 -0.094452 1.375350 0.000000 0.000000 0.754839 0.000000 0.009448 0.000229 -0.000006 -0.022452 0.026332 -6.917769 0.291382 2.291170 0.000000 0.000000 0.754038 -0.000001 0.004175 -0.008146 -0.000001 -0.009275 0.012467 0.441624 -0.014543 2.538997 26.840000 3.487024 -0.042913 53.822038 18.695602 18.921758 -180.000000 68.799896 -180.000000 -0.080308 0.004629 -0.724563 0.000000 0.000000 0.472622 0.000000 0.000000 0.008252 0.000000 0.000000 -0.001366 -7.969741 -5.107087 -8.050663 0.000000 0.000000 0.467721 0.000000 0.000000 -0.015015 0.000000 0.000000 0.025121 6.271931 -1.933901 -4.817211 0.000000 0.000000 0.481966 0.000000 0.000000 -0.004083 0.000000 0.000000 -0.000628 -1.013052 -2.505694 -6.799366 0.000000 0.000000 0.479930 0.000000 0.000000 0.003389 0.000000 0.000000 -0.007978 -3.109834 -2.403556 -3.139792 0.000035 0.004242 0.480870 0.000001 -0.004242 0.042897 0.000000 0.000000 0.013196 -4.610124 -2.491975 -2.359596 -4.963708 0.634644 -37.344169 0.000000 0.000000 47.123610 -3.021897 8.641889 -20.131768 0.000000 0.000000 0.000000 -8.975482 -3.998707 -56.490993 0.000000 0.000000 95.081505 6.236913 -9.515171 -15.261064 0.000000 0.000000 -0.000003 
-0.849300 81.542500 -9.659500 4.029498 -14.432470 7.050879 1.389420 0.438012 -2.391755 2.852881 -0.118914 9.052703 -0.086280 -23.937681 6.578954 -8.522062 1.277387 4.802642 -13.562745 16.204608 -23.786123 0.000000 0.000000 0.000000 -27.980212 28.461035 -0.049801 -42.106272 -33.540719 20.899042 -0.000000 -69.671150 0.000000 0.080479 -0.005239 -0.988820 0.000000 0.000000 0.607176 0.005215 0.000010 -0.110703 -0.012689 0.000454 -0.146434 0.022390 -0.001199 4.934506 0.000000 0.000000 0.746397 0.000014 0.006565 0.122572 -0.000022 -0.014325 0.164521 2.447046 -0.079831 2.056764 0.000000 0.000000 0.740482 -0.000002 0.007173 -0.014980 -0.000004 -0.015017 0.027776 4.260386 -0.094452 1.375350 0.000000 0.000000 0.754839 0.000000 0.009448 0.000229 -0.000006 -0.022452 0.026332 -6.917769 0.291382 2.291170 0.000000 0.000000 0.754038 -0.000001 0.004175 -0.008146 -0.000001 -0.009275 0.012467 0.441624 -0.014543 2.538997 26.108673 3.382921 -0.044818 53.199372 13.036178 20.683809 -180.000000 87.004250 -180.000000 -0.080308 0.004629 -0.724563 0.000000 0.000000 0.472622 0.000000 0.000000 0.008252 0.000000 0.000000 -0.001366 -7.969741 -5.107087 -8.050663 0.000000 0.000000 0.467721 0.000000 0.000000 -0.015015 0.000000 0.000000 0.025121 6.271931 -1.933901 -4.817211 0.000000 0.000000 0.481966 0.000000 0.000000 -0.004083 0.000000 0.000000 -0.000628 -1.013052 -2.505694 -6.799366 0.000000 0.000000 0.479930 0.000000 0.000000 0.003389 0.000000 0.000000 -0.007978 -3.109834 -2.403556 -3.139792 0.000035 0.004242 0.480870 0.000001 -0.004242 0.042897 0.000000 0.000000 0.013196 -4.610124 -2.491975 -2.359596 -3.885103 -1.511316 -39.787404 0.000000 0.000000 50.599013 -4.324537 9.569938 -18.567710 0.000000 0.000000 0.000000 -5.996998 -2.819913 -48.977955 0.000000 0.000000 88.540438 3.348701 -7.298099 -16.536441 0.000000 0.000000 -0.000003 
-0.936900 79.909800 -8.812500 4.722949 -14.461801 7.815191 -0.385772 0.159663 -3.024488 2.448664 -0.190606 6.940667 1.751539 -19.915500 4.544123 -8.704632 1.772864 7.819235 -11.691168 14.224628 -20.255100 0.000000 0.000000 0.000000 -28.678696 28.148748 -0.048089 -47.038913 -27.357007 23.066972 -0.000000 -51.069118 0.000000 0.080479 -0.005239 -0.988820 0.000000 0.000000 0.607176 0.005215 0.000010 -0.110703 -0.012689 0.000454 -0.146434 0.022390 -0.001199 4.934506 0.000000 0.000000 0.746397 0.000014 0.006565 0.122572 -0.000022 -0.014325 0.164521 2.447046 -0.079831 2.056764 0.000000 0.000000 0.740482 -0.000002 0.007173 -0.014980 -0.000004 -0.015017 0.027776 4.260386 -0.094452 1.375350 0.000000 0.000000 0.754839 0.000000 0.009448 0.000229 -0.000006 -0.022452 0.026332 -6.917769 0.291382 2.291170 0.000000 0.000000 0.754038 -0.000001 0.004175 -0.008146 -0.000001 -0.009275 0.012467 0.441624 -0.014543 2.538997 25.500130 3.283903 -0.044601 53.014337 10.520713 23.235110 -0.000000 70.657562 -0.000000 -0.080308 0.004629 -0.724563 0.000000 0.000000 0.472622 0.000000 0.000000 0.008252 0.000000 0.000000 -0.001366 -7.969741 -5.107087 -8.050663 0.000000 0.000000 0.467721 0.000000 0.000000 -0.015015 0.000000 0.000000 0.025121 6.271931 -1.933901 -4.817211 0.000000 0.000000 0.481966 0.000000 0.000000 -0.004083 0.000000 0.000000 -0.000628 -1.013052 -2.505694 -6.799366 0.000000 0.000000 0.479930 0.000000 0.000000 0.003389 0.000000 0.000000 -0.007978 -3.109834 -2.403556 -3.139792 0.000035 0.004242 0.480870 0.000001 -0.004242 0.042897 0.000000 0.000000 0.013196 -4.610124 -2.491975 -2.359596 -4.906737 -1.263904 -42.006521 0.000000 0.000000 55.219179 -3.367323 9.386113 -22.892169 0.000000 0.000000 0.000000 -5.070518 0.291318 -37.974426 0.000000 0.000000 72.437931 2.136900 -3.559874 -12.790589 0.000000 0.000000 -0.000003 
-1.136600 78.302500 -6.331900 3.840082 -14.577044 7.129798 -0.178481 0.001770 -1.977359 2.689847 -0.300666 5.843480 2.011425 -16.435267 2.513953 -7.571321 1.823007 9.324054 -11.512207 13.793832 -15.945664 0.000000 0.000000 0.000000 -29.703683 28.207749 -0.036448 -48.260636 -20.909064 22.594092 -0.000000 -37.232071 0.000000 0.080479 -0.005239 -0.988820 0.000000 0.000000 0.607176 0.005215 0.000010 -0.110703 -0.012689 0.000454 -0.146434 0.022390 -0.001199 4.934506 0.000000 0.000000 0.746397 0.000014 0.006565 0.122572 -0.000022 -0.014325 0.164521 2.447046 -0.079831 2.056764 0.000000 0.000000 0.740482 -0.000002 0.007173 -0.014980 -0.000004 -0.015017 0.027776 4.260386 -0.094452 1.375350 0.000000 0.000000 0.754839 0.000000 0.009448 0.000229 -0.000006 -0.022452 0.026332 -6.917769 0.291382 2.291170 0.000000 0.000000 0.754038 -0.000001 0.004175 -0.008146 -0.000001 -0.009275 0.012467 0.441624 -0.014543 2.538997 25.376585 3.470947 -0.044318 52.543754 10.256522 25.782037 -0.000000 50.746109 -0.000000 -0.080308 0.004629 -0.724563 0.000000 0.000000 0.472622 0.000000 0.000000 0.008252 0.000000 0.000000 -0.001366 -7.969741 -5.107087 -8.050663 0.000000 0.000000 0.467721 0.000000 0.000000 -0.015015 0.000000 0.000000 0.025121 6.271931 -1.933901 -4.817211 0.000000 0.000000 0.481966 0.000000 0.000000 -0.004083 0.000000 0.000000 -0.000628 -1.013052 -2.505694 -6.799366 0.000000 0.000000 0.479930 0.000000 0.000000 0.003389 0.000000 0.000000 -0.007978 -3.109834 -2.403556 -3.139792 0.000035 0.004242 0.480870 0.000001 -0.004242 0.042897 0.000000 0.000000 0.013196 -4.610124 -2.491975 -2.359596 -4.904892 0.589389 -42.101570 0.000000 0.000000 60.509473 -2.149484 9.145408 -26.665784 0.000000 0.000000 0.000000 -3.799552 0.960509 -33.037596 0.000000 0.000000 71.484242 -0.661251 -6.881927 -22.474582 0.000000 0.000000 -0.000003 
-1.439800 76.549100 -4.478500 2.457159 -14.137145 7.814719 0.717324 -0.137470 -1.286348 3.064285 -0.400140 3.973422 2.433611 -14.182441 0.110955 -7.178891 1.839431 10.375571 -11.792681 15.372721 -12.990200 0.000000 0.000000 0.000000 -30.707222 28.895211 -0.028887 -45.651947 -14.324060 20.342116 -0.000000 -32.959000 0.000000 0.080479 -0.005239 -0.988820 0.000000 0.000000 0.607176 0.005215 0.000010 -0.110703 -0.012689 0.000454 -0.146434 0.022390 -0.001199 4.934506 0.000000 0.000000 0.746397 0.000014 0.006565 0.122572 -0.000022 -0.014325 0.164521 2.447046 -0.079831 2.056764 0.000000 0.000000 0.740482 -0.000002 0.007173 -0.014980 -0.000004 -0.015017 0.027776 4.260386 -0.094452 1.375350 0.000000 0.000000 0.754839 0.000000 0.009448 0.000229 -0.000006 -0.022452 0.026332 -6.917769 0.291382 2.291170 0.000000 0.000000 0.754038 -0.000001 0.004175 -0.008146 -0.000001 -0.009275 0.012467 0.441624 -0.014543 2.538997 25.412973 3.799288 -0.043946 51.168202 10.745982 27.384909 -0.000000 40.770271 -0.000000 -0.080308 0.004629 -0.724563 0.000000 0.000000 0.472622 0.000000 0.000000 0.008252 0.000000 0.000000 -0.001366 -7.969741 -5.107087 -8.050663 0.000000 0.000000 0.467721 0.000000 0.000000 -0.015015 0.000000 0.000000 0.025121 6.271931 -1.933901 -4.817211 0.000000 0.000000 0.481966 0.000000 0.000000 -0.004083 0.000000 0.000000 -0.000628 -1.013052 -2.505694 -6.799366 0.000000 0.000000 0.479930 0.000000 0.000000 0.003389 0.000000 0.000000 -0.007978 -3.109834 -2.403556 -3.139792 0.000035 0.004242 0.480870 0.000001 -0.004242 0.042897 0.000000 0.000000 0.013196 -4.610124 -2.491975 -2.359596 -3.894250 1.586816 -43.771599 0.000000 0.000000 65.776610 -1.811212 7.995830 -30.576154 0.000000 0.000000 0.000000 -2.417450 0.701969 -31.336289 0.000000 0.000000 72.358954 -0.572067 -7.317053 -28.499192 0.000000 0.000000 -0.000003 
-1.330600 75.376700 -3.545200 1.178166 -13.464846 9.125222 1.285363 -0.004912 -2.002724 3.728893 -0.277076 3.148821 3.169245 -12.841091 -0.754686 -7.706455 1.574230 8.719791 -12.607915 18.327707 -13.105834 0.000000 0.000000 0.000000 -31.254082 29.923740 -0.039693 -40.016777 -8.025451 17.483807 -0.000000 -39.964020 0.000000 0.080479 -0.005239 -0.988820 0.000000 0.000000 0.607176 0.005215 0.000010 -0.110703 -0.012689 0.000454 -0.146434 0.022390 -0.001199 4.934506 0.000000 0.000000 0.746397 0.000014 0.006565 0.122572 -0.000022 -0.014325 0.164521 2.447046 -0.079831 2.056764 0.000000 0.000000 0.740482 -0.000002 0.007173 -0.014980 -0.000004 -0.015017 0.027776 4.260386 -0.094452 1.375350 0.000000 0.000000 0.754839 0.000000 0.009448 0.000229 -0.000006 -0.022452 0.026332 -6.917769 0.291382 2.291170 0.000000 0.000000 0.754038 -0.000001 0.004175 -0.008146 -0.000001 -0.009275 0.012467 0.441624 -0.014543 2.538997 25.073079 3.877342 -0.045566 49.181549 11.877092 27.904492 -0.000000 43.187630 -0.000000 -0.080308 0.004629 -0.724563 0.000000 0.000000 0.472622 0.000000 0.000000 0.008252 0.000000 0.000000 -0.001366 -7.969741 -5.107087 -8.050663 0.000000 0.000000 0.467721 0.000000 0.000000 -0.015015 0.000000 0.000000 0.025121 6.271931 -1.933901 -4.817211 0.000000 0.000000 0.481966 0.000000 0.000000 -0.004083 0.000000 0.000000 -0.000628 -1.013052 -2.505694 -6.799366 0.000000 0.000000 0.479930 0.000000 0.000000 0.003389 0.000000 0.000000 -0.007978 -3.109834 -2.403556 -3.139792 0.000035 0.004242 0.480870 0.000001 -0.004242 0.042897 0.000000 0.000000 0.013196 -4.610124 -2.491975 -2.359596 -2.977969 2.445577 -45.859126 0.000000 0.000000 69.140479 -2.036567 6.256361 -32.933905 0.000000 0.000000 0.000000 -1.697194 -0.281086 -33.597788 0.000000 0.000000 75.745649 2.041314 -5.552020 -27.756044 0.000000 0.000000 -0.000003 
-1.064100 75.797400 -4.082600 0.383653 -12.112038 9.588013 1.354232 -0.321874 -2.823265 4.172962 -0.626717 3.095158 4.441768 -10.527060 -0.606973 -8.634403 1.685976 7.522380 -13.112977 17.731156 -14.835432 0.000000 0.000000 0.000000 -30.989196 30.837104 -0.055665 -32.886071 -3.165825 14.719232 -0.000000 -55.352959 0.000000 0.080479 -0.005239 -0.988820 0.000000 0.000000 0.607176 0.005215 0.000010 -0.110703 -0.012689 0.000454 -0.146434 0.022390 -0.001199 4.934506 0.000000 0.000000 0.746397 0.000014 0.006565 0.122572 -0.000022 -0.014325 0.164521 2.447046 -0.079831 2.056764 0.000000 0.000000 0.740482 -0.000002 0.007173 -0.014980 -0.000004 -0.015017 0.027776 4.260386 -0.094452 1.375350 0.000000 0.000000 0.754839 0.000000 0.009448 0.000229 -0.000006 -0.022452 0.026332 -6.917769 0.291382 2.291170 0.000000 0.000000 0.754038 -0.000001 0.004175 -0.008146 -0.000001 -0.009275 0.012467 0.441624 -0.014543 2.538997 24.284935 3.615522 -0.049105 47.705412 14.432862 27.598263 -0.000000 54.271511 -0.000000 -0.080308 0.004629 -0.724563 0.000000 0.000000 0.472622 0.000000 0.000000 0.008252 0.000000 0.000000 -0.001366 -7.969741 -5.107087 -8.050663 0.000000 0.000000 0.467721 0.000000 0.000000 -0.015015 0.000000 0.000000 0.025121 6.271931 -1.933901 -4.817211 0.000000 0.000000 0.481966 0.000000 0.000000 -0.004083 0.000000 0.000000 -0.000628 -1.013052 -2.505694 -6.799366 0.000000 0.000000 0.479930 0.000000 0.000000 0.003389 0.000000 0.000000 -0.007978 -3.109834 -2.403556 -3.139792 0.000035 0.004242 0.480870 0.000001 -0.004242 0.042897 0.000000 0.000000 0.013196 -4.610124 -2.491975 -2.359596 -2.281640 2.595018 -46.258408 0.000000 0.000000 68.294000 -1.709975 4.780052 -31.943919 0.000000 0.000000 0.000000 -1.528901 -2.521710 -37.395341 0.000000 0.000000 82.563929 4.359304 -3.557875 -24.787412 0.000000 0.000000 -0.000003 
-0.896100 76.565500 -4.635200 -0.158983 -10.611466 8.940953 1.798124 -0.261485 -3.678715 4.369020 -0.689595 4.042271 4.788296 -10.200272 0.154765 -9.461996 1.693345 6.968077 -13.404961 17.312391 -15.827467 0.000000 0.000000 0.000000 -30.121613 31.306944 -0.054116 -24.841262 -0.814867 11.646256 -0.000000 -74.862259 0.000000 0.080479 -0.005239 -0.988820 0.000000 0.000000 0.607176 0.005215 0.000010 -0.110703 -0.012689 0.000454 -0.146434 0.022390 -0.001199 4.934506 0.000000 0.000000 0.746397 0.000014 0.006565 0.122572 -0.000022 -0.014325 0.164521 2.447046 -0.079831 2.056764 0.000000 0.000000 0.740482 -0.000002 0.007173 -0.014980 -0.000004 -0.015017 0.027776 4.260386 -0.094452 1.375350 0.000000 0.000000 0.754839 0.000000 0.009448 0.000229 -0.000006 -0.022452 0.026332 -6.917769 0.291382 2.291170 0.000000 0.000000 0.754038 -0.000001 0.004175 -0.008146 -0.000001 -0.009275 0.012467 0.441624 -0.014543 2.538997 23.382294 3.240948 -0.048180 47.271147 18.858369 26.541664 -0.000000 69.369827 -0.000000 -0.080308 0.004629 -0.724563 0.000000 0.000000 0.472622 0.000000 0.000000 0.008252 0.000000 0.000000 -0.001366 -7.969741 -5.107087 -8.050663 0.000000 0.000000 0.467721 0.000000 0.000000 -0.015015 0.000000 0.000000 0.025121 6.271931 -1.933901 -4.817211 0.000000 0.000000 0.481966 0.000000 0.000000 -0.004083 0.000000 0.000000 -0.000628 -1.013052 -2.505694 -6.799366 0.000000 0.000000 0.479930 0.000000 0.000000 0.003389 0.000000 0.000000 -0.007978 -3.109834 -2.403556 -3.139792 0.000035 0.004242 0.480870 0.000001 -0.004242 0.042897 0.000000 0.000000 0.013196 -4.610124 -2.491975 -2.359596 -1.527713 2.461946 -45.073229 0.000000 0.000000 66.449188 -2.492260 2.862458 -30.551530 0.000000 0.000000 0.000000 -1.491730 -5.123655 -41.317223 0.000000 0.000000 90.057659 5.550679 -2.766031 -18.915607 0.000000 0.000000 -0.000003 
-0.751400 78.353900 -5.900800 -1.026063 -9.184701 7.948248 2.274348 0.127614 -4.388565 4.988711 -0.515719 5.398608 4.930433 -8.584919 0.610422 -10.612228 2.116713 7.078489 -12.789704 17.590542 -17.200740 0.000000 0.000000 0.000000 -29.108065 31.098723 -0.039121 -16.241561 -1.352716 7.269391 -180.000000 -85.051537 180.000000 0.080479 -0.005239 -0.988820 0.000000 0.000000 0.607176 0.005215 0.000010 -0.110703 -0.012689 0.000454 -0.146434 0.022390 -0.001199 4.934506 0.000000 0.000000 0.746397 0.000014 0.006565 0.122572 -0.000022 -0.014325 0.164521 2.447046 -0.079831 2.056764 0.000000 0.000000 0.740482 -0.000002 0.007173 -0.014980 -0.000004 -0.015017 0.027776 4.260386 -0.094452 1.375350 0.000000 0.000000 0.754839 0.000000 0.009448 0.000229 -0.000006 -0.022452 0.026332 -6.917769 0.291382 2.291170 0.000000 0.000000 0.754038 -0.000001 0.004175 -0.008146 -0.000001 -0.009275 0.012467 0.441624 -0.014543 2.538997 22.790911 3.001200 -0.044343 47.124026 25.011602 24.579906 -0.000000 85.166679 -0.000000 -0.080308 0.004629 -0.724563 0.000000 0.000000 0.472622 0.000000 0.000000 0.008252 0.000000 0.000000 -0.001366 -7.969741 -5.107087 -8.050663 0.000000 0.000000 0.467721 0.000000 0.000000 -0.015015 0.000000 0.000000 0.025121 6.271931 -1.933901 -4.817211 0.000000 0.000000 0.481966 0.000000 0.000000 -0.004083 0.000000 0.000000 -0.000628 -1.013052 -2.505694 -6.799366 0.000000 0.000000 0.479930 0.000000 0.000000 0.003389 0.000000 0.000000 -0.007978 -3.109834 -2.403556 -3.139792 0.000035 0.004242 0.480870 0.000001 -0.004242 0.042897 0.000000 0.000000 0.013196 -4.610124 -2.491975 -2.359596 -0.277462 2.363274 -42.535879 0.000000 0.000000 61.772310 -4.087442 0.811833 -27.266017 0.000000 0.000000 0.000000 -1.358436 -7.325143 -44.909175 0.000000 0.000000 96.639771 8.630043 -3.794037 -12.120273 0.000000 0.000000 -0.000003 
-0.657700 80.105400 -6.650900 -1.488337 -7.384681 4.947333 2.713013 -0.136712 -3.794747 4.975554 -0.938164 6.984676 5.258727 -7.069677 1.893961 -11.869118 2.318254 7.690317 -11.909282 14.187610 -16.932744 0.000000 0.000000 0.000000 -27.930683 30.380166 -0.025850 -8.770478 -5.193418 0.924458 -180.000000 -68.756104 180.000000 0.080479 -0.005239 -0.988820 0.000000 0.000000 0.607176 0.005215 0.000010 -0.110703 -0.012689 0.000454 -0.146434 0.022390 -0.001199 4.934506 0.000000 0.000000 0.746397 0.000014 0.006565 0.122572 -0.000022 -0.014325 0.164521 2.447046 -0.079831 2.056764 0.000000 0.000000 0.740482 -0.000002 0.007173 -0.014980 -0.000004 -0.015017 0.027776 4.260386 -0.094452 1.375350 0.000000 0.000000 0.754839 0.000000 0.009448 0.000229 -0.000006 -0.022452 0.026332 -6.917769 0.291382 2.291170 0.000000 0.000000 0.754038 -0.000001 0.004175 -0.008146 -0.000001 -0.009275 0.012467 0.441624 -0.014543 2.538997 22.557958 3.014779 -0.042456 46.511854 32.510069 21.407134 -180.000000 82.198738 -180.000000 -0.080308 0.004629 -0.724563 0.000000 0.000000 0.472622 0.000000 0.000000 0.008252 0.000000 0.000000 -0.001366 -7.969741 -5.107087 -8.050663 0.000000 0.000000 0.467721 0.000000 0.000000 -0.015015 0.000000 0.000000 0.025121 6.271931 -1.933901 -4.817211 0.000000 0.000000 0.481966 0.000000 0.000000 -0.004083 0.000000 0.000000 -0.000628 -1.013052 -2.505694 -6.799366 0.000000 0.000000 0.479930 0.000000 0.000000 0.003389 0.000000 0.000000 -0.007978 -3.109834 -2.403556 -3.139792 0.000035 0.004242 0.480870 0.000001 -0.004242 0.042897 0.000000 0.000000 0.013196 -4.610124 -2.491975 -2.359596 0.679796 1.738723 -37.430322 0.000000 0.000000 56.656072 -6.216907 -1.143834 -24.113146 0.000000 0.000000 0.000000 -1.766026 -10.134218 -45.922610 0.000000 0.000000 102.139560 7.896202 -5.465591 -7.194853 0.000000 0.000000 -0.000003 
-0.840600 82.639000 -8.267600 -1.601388 -5.363507 3.328845 1.948251 -0.469369 -3.894896 5.506491 -1.369967 7.529161 5.780844 -4.296360 1.697763 -11.742021 2.964458 10.628114 -11.141535 10.864891 -15.098072 0.000000 0.000000 0.000000 -26.960427 29.349636 -0.028473 -2.306794 -12.583620 -7.614694 -180.000000 -59.237801 180.000000 0.080479 -0.005239 -0.988820 0.000000 0.000000 0.607176 0.005215 0.000010 -0.110703 -0.012689 0.000454 -0.146434 0.022390 -0.001199 4.934506 0.000000 0.000000 0.746397 0.000014 0.006565 0.122572 -0.000022 -0.014325 0.164521 2.447046 -0.079831 2.056764 0.000000 0.000000 0.740482 -0.000002 0.007173 -0.014980 -0.000004 -0.015017 0.027776 4.260386 -0.094452 1.375350 0.000000 0.000000 0.754839 0.000000 0.009448 0.000229 -0.000006 -0.022452 0.026332 -6.917769 0.291382 2.291170 0.000000 0.000000 0.754038 -0.000001 0.004175 -0.008146 -0.000001 -0.009275 0.012467 0.441624 -0.014543 2.538997 22.534658 3.179654 -0.042559 44.769914 40.415105 16.955136 -180.000000 73.996300 -180.000000 -0.080308 0.004629 -0.724563 0.000000 0.000000 0.472622 0.000000 0.000000 0.008252 0.000000 0.000000 -0.001366 -7.969741 -5.107087 -8.050663 0.000000 0.000000 0.467721 0.000000 0.000000 -0.015015 0.000000 0.000000 0.025121 6.271931 -1.933901 -4.817211 0.000000 0.000000 0.481966 0.000000 0.000000 -0.004083 0.000000 0.000000 -0.000628 -1.013052 -2.505694 -6.799366 0.000000 0.000000 0.479930 0.000000 0.000000 0.003389 0.000000 0.000000 -0.007978 -3.109834 -2.403556 -3.139792 0.000035 0.004242 0.480870 0.000001 -0.004242 0.042897 0.000000 0.000000 0.013196 -4.610124 -2.491975 -2.359596 1.257453 0.230205 -32.614493 0.000000 0.000000 48.165705 -6.987010 -1.335289 -18.797140 0.000000 0.000000 0.000000 -2.784697 -11.589181 -43.137719 0.000000 0.000000 100.007545 7.332208 -7.285763 -8.985115 0.000000 0.000000 -0.000003 
-1.240900 85.369200 -8.385100 -2.700680 -3.657566 1.582652 2.293439 -0.380719 -2.985695 6.035728 -1.301224 7.269589 6.334793 -1.580569 1.056793 -11.640104 3.962785 14.162112 -10.143368 6.425077 -12.334824 0.000000 0.000000 0.000000 -26.573625 28.491720 -0.040516 4.451913 -23.762207 -18.509421 -180.000000 -59.434097 180.000000 0.080479 -0.005239 -0.988820 0.000000 0.000000 0.607176 0.005215 0.000010 -0.110703 -0.012689 0.000454 -0.146434 0.022390 -0.001199 4.934506 0.000000 0.000000 0.746397 0.000014 0.006565 0.122572 -0.000022 -0.014325 0.164521 2.447046 -0.079831 2.056764 0.000000 0.000000 0.740482 -0.000002 0.007173 -0.014980 -0.000004 -0.015017 0.027776 4.260386 -0.094452 1.375350 0.000000 0.000000 0.754839 0.000000 0.009448 0.000229 -0.000006 -0.022452 0.026332 -6.917769 0.291382 2.291170 0.000000 0.000000 0.754038 -0.000001 0.004175 -0.008146 -0.000001 -0.009275 0.012467 0.441624 -0.014543 2.538997 22.592731 3.278717 -0.043529 41.678032 48.495016 11.356408 -180.000000 70.088501 -180.000000 -0.080308 0.004629 -0.724563 0.000000 0.000000 0.472622 0.000000 0.000000 0.008252 0.000000 0.000000 -0.001366 -7.969741 -5.107087 -8.050663 0.000000 0.000000 0.467721 0.000000 0.000000 -0.015015 0.000000 0.000000 0.025121 6.271931 -1.933901 -4.817211 0.000000 0.000000 0.481966 0.000000 0.000000 -0.004083 0.000000 0.000000 -0.000628 -1.013052 -2.505694 -6.799366 0.000000 0.000000 0.479930 0.000000 0.000000 0.003389 0.000000 0.000000 -0.007978 -3.109834 -2.403556 -3.139792 0.000035 0.004242 0.480870 0.000001 -0.004242 0.042897 0.000000 0.000000 0.013196 -4.610124 -2.491975 -2.359596 2.523392 -1.495867 -25.564024 0.000000 0.000000 38.114126 -5.527476 -0.350731 -14.052574 0.000000 0.000000 0.000000 -3.144882 -12.021314 -38.583023 0.000000 0.000000 95.228771 7.075476 -7.542997 -11.749534 0.000000 0.000000 -0.000003 
-1.537100 87.679600 -8.670000 -3.504275 -1.263324 1.169587 2.818383 -0.236464 -3.503979 6.214440 -1.042461 6.428204 6.273228 -1.622742 0.947990 -11.639616 4.549124 17.426072 -9.311719 4.417242 -11.355231 0.000000 0.000000 0.000000 -26.665314 28.099243 -0.045726 12.987817 -37.754238 -32.462656 -180.000000 -69.954597 180.000000 0.080479 -0.005239 -0.988820 0.000000 0.000000 0.607176 0.005215 0.000010 -0.110703 -0.012689 0.000454 -0.146434 0.022390 -0.001199 4.934506 0.000000 0.000000 0.746397 0.000014 0.006565 0.122572 -0.000022 -0.014325 0.164521 2.447046 -0.079831 2.056764 0.000000 0.000000 0.740482 -0.000002 0.007173 -0.014980 -0.000004 -0.015017 0.027776 4.260386 -0.094452 1.375350 0.000000 0.000000 0.754839 0.000000 0.009448 0.000229 -0.000006 -0.022452 0.026332 -6.917769 0.291382 2.291170 0.000000 0.000000 0.754038 -0.000001 0.004175 -0.008146 -0.000001 -0.009275 0.012467 0.441624 -0.014543 2.538997 22.419718 3.153087 -0.045454 37.188427 57.098657 4.844298 -180.000000 70.563103 -180.000000 -0.080308 0.004629 -0.724563 0.000000 0.000000 0.472622 0.000000 0.000000 0.008252 0.000000 0.000000 -0.001366 -7.969741 -5.107087 -8.050663 0.000000 0.000000 0.467721 0.000000 0.000000 -0.015015 0.000000 0.000000 0.025121 6.271931 -1.933901 -4.817211 0.000000 0.000000 0.481966 0.000000 0.000000 -0.004083 0.000000 0.000000 -0.000628 -1.013052 -2.505694 -6.799366 0.000000 0.000000 0.479930 0.000000 0.000000 0.003389 0.000000 0.000000 -0.007978 -3.109834 -2.403556 -3.139792 0.000035 0.004242 0.480870 0.000001 -0.004242 0.042897 0.000000 0.000000 0.013196 -4.610124 -2.491975 -2.359596 3.011465 -1.900701 -19.944227 0.000000 0.000000 27.517593 -4.733814 0.436243 -8.154575 0.000000 0.000000 0.000000 -2.968953 -11.926768 -35.434120 0.000000 0.000000 89.433047 4.538602 -8.414498 -12.732787 0.000000 0.000000 -0.000003 
-1.822700 89.309400 -8.560900 -5.279285 1.961460 1.112322 3.400412 0.387941 -3.970246 7.125618 -0.356388 5.103983 6.580100 -1.552084 0.064095 -10.146894 4.573550 20.334929 -7.975651 2.650265 -8.244308 0.000000 0.000000 0.000000 -26.827952 28.147425 -0.046731 25.261340 -52.170889 -51.364510 -180.000000 -87.255241 180.000000 0.080479 -0.005239 -0.988820 0.000000 0.000000 0.607176 0.005215 0.000010 -0.110703 -0.012689 0.000454 -0.146434 0.022390 -0.001199 4.934506 0.000000 0.000000 0.746397 0.000014 0.006565 0.122572 -0.000022 -0.014325 0.164521 2.447046 -0.079831 2.056764 0.000000 0.000000 0.740482 -0.000002 0.007173 -0.014980 -0.000004 -0.015017 0.027776 4.260386 -0.094452 1.375350 0.000000 0.000000 0.754839 0.000000 0.009448 0.000229 -0.000006 -0.022452 0.026332 -6.917769 0.291382 2.291170 0.000000 0.000000 0.754038 -0.000001 0.004175 -0.008146 -0.000001 -0.009275 0.012467 0.441624 -0.014543 2.538997 21.597801 2.954435 -0.044512 29.951451 66.061020 -3.388123 -180.000000 75.309601 -180.000000 -0.080308 0.004629 -0.724563 0.000000 0.000000 0.472622 0.000000 0.000000 0.008252 0.000000 0.000000 -0.001366 -7.969741 -5.107087 -8.050663 0.000000 0.000000 0.467721 0.000000 0.000000 -0.015015 0.000000 0.000000 0.025121 6.271931 -1.933901 -4.817211 0.000000 0.000000 0.481966 0.000000 0.000000 -0.004083 0.000000 0.000000 -0.000628 -1.013052 -2.505694 -6.799366 0.000000 0.000000 0.479930 0.000000 0.000000 0.003389 0.000000 0.000000 -0.007978 -3.109834 -2.403556 -3.139792 0.000035 0.004242 0.480870 0.000001 -0.004242 0.042897 0.000000 0.000000 0.013196 -4.610124 -2.491975 -2.359596 4.387044 -2.722162 -15.354760 0.000000 0.000000 18.261925 -3.760908 1.005010 -3.037971 0.000000 0.000000 0.000000 -1.987070 -11.870990 -32.063722 0.000000 0.000000 81.209508 3.875527 -8.610868 -14.571069 0.000000 0.000000 -0.000003 
-2.216600 89.873900 -8.550500 -8.365386 4.745289 1.769050 5.510114 0.528852 -4.891604 8.230030 -0.213714 3.315592 7.044309 -2.901443 -0.903040 -10.187072 5.091620 22.479859 -7.376935 1.634785 -5.454339 0.000000 0.000000 0.000000 -26.680302 28.571604 -0.050752 44.719736 -63.807704 -78.433492 -0.000000 -74.090347 0.000000 0.080479 -0.005239 -0.988820 0.000000 0.000000 0.607176 0.005215 0.000010 -0.110703 -0.012689 0.000454 -0.146434 0.022390 -0.001199 4.934506 0.000000 0.000000 0.746397 0.000014 0.006565 0.122572 -0.000022 -0.014325 0.164521 2.447046 -0.079831 2.056764 0.000000 0.000000 0.740482 -0.000002 0.007173 -0.014980 -0.000004 -0.015017 0.027776 4.260386 -0.094452 1.375350 0.000000 0.000000 0.754839 0.000000 0.009448 0.000229 -0.000006 -0.022452 0.026332 -6.917769 0.291382 2.291170 0.000000 0.000000 0.754038 -0.000001 0.004175 -0.008146 -0.000001 -0.009275 0.012467 0.441624 -0.014543 2.538997 20.165171 2.925225 -0.042814 14.769963 74.660201 -18.023665 -180.000000 84.502220 -180.000000 -0.080308 0.004629 -0.724563 0.000000 0.000000 0.472622 0.000000 0.000000 0.008252 0.000000 0.000000 -0.001366 -7.969741 -5.107087 -8.050663 0.000000 0.000000 0.467721 0.000000 0.000000 -0.015015 0.000000 0.000000 0.025121 6.271931 -1.933901 -4.817211 0.000000 0.000000 0.481966 0.000000 0.000000 -0.004083 0.000000 0.000000 -0.000628 -1.013052 -2.505694 -6.799366 0.000000 0.000000 0.479930 0.000000 0.000000 0.003389 0.000000 0.000000 -0.007978 -3.109834 -2.403556 -3.139792 0.000035 0.004242 0.480870 0.000001 -0.004242 0.042897 0.000000 0.000000 0.013196 -4.610124 -2.491975 -2.359596 7.454972 -3.588762 -13.512834 0.000000 0.000000 12.616727 -3.973286 1.194847 -1.664500 0.000000 0.000000 0.000000 0.439940 -9.827369 -28.044343 0.000000 0.000000 68.137862 1.755116 -8.137791 -16.669989 0.000000 0.000000 -0.000003 
-2.864800 89.761900 -8.990100 -7.571677 8.846287 1.928748 4.602316 0.909341 -5.199244 7.782403 0.423582 1.546944 7.006749 -5.353817 -1.933840 -9.819305 5.216854 24.770833 -5.969881 3.338163 -4.034326 0.000000 0.000000 0.000000 -26.015801 29.111565 -0.055236 75.688056 -67.999560 -117.316694 -0.000000 -58.603512 0.000000 0.080479 -0.005239 -0.988820 0.000000 0.000000 0.607176 0.005215 0.000010 -0.110703 -0.012689 0.000454 -0.146434 0.022390 -0.001199 4.934506 0.000000 0.000000 0.746397 0.000014 0.006565 0.122572 -0.000022 -0.014325 0.164521 2.447046 -0.079831 2.056764 0.000000 0.000000 0.740482 -0.000002 0.007173 -0.014980 -0.000004 -0.015017 0.027776 4.260386 -0.094452 1.375350 0.000000 0.000000 0.754839 0.000000 0.009448 0.000229 -0.000006 -0.022452 0.026332 -6.917769 0.291382 2.291170 0.000000 0.000000 0.754038 -0.000001 0.004175 -0.008146 -0.000001 -0.009275 0.012467 0.441624 -0.014543 2.538997 18.391507 2.946723 -0.041649 -20.728981 79.977003 -51.737135 -0.000000 83.324806 -0.000000 -0.080308 0.004629 -0.724563 0.000000 0.000000 0.472622 0.000000 0.000000 0.008252 0.000000 0.000000 -0.001366 -7.969741 -5.107087 -8.050663 0.000000 0.000000 0.467721 0.000000 0.000000 -0.015015 0.000000 0.000000 0.025121 6.271931 -1.933901 -4.817211 0.000000 0.000000 0.481966 0.000000 0.000000 -0.004083 0.000000 0.000000 -0.000628 -1.013052 -2.505694 -6.799366 0.000000 0.000000 0.479930 0.000000 0.000000 0.003389 0.000000 0.000000 -0.007978 -3.109834 -2.403556 -3.139792 0.000035 0.004242 0.480870 0.000001 -0.004242 0.042897 0.000000 0.000000 0.013196 -4.610124 -2.491975 -2.359596 7.382881 -7.755822 -14.456326 0.000000 0.000000 11.957782 -4.667264 1.353927 -0.723100 0.000000 0.000000 0.000000 -0.734918 -4.392343 -21.256864 0.000000 0.000000 51.763739 -0.306793 -11.087265 -16.356260 0.000000 0.000000 -0.000003 
-3.757500 88.887800 -8.756700 -4.709008 12.961641 1.985212 2.814076 0.485217 -4.767341 5.892196 0.243253 0.476876 6.296788 -5.720004 -3.211976 -9.535686 5.562283 27.170328 -3.442601 1.455161 -1.437289 0.000000 0.000000 0.000000 -25.130045 29.639955 -0.054574 102.121249 -68.102309 -149.983699 -0.000000 -49.548611 0.000000 0.080479 -0.005239 -0.988820 0.000000 0.000000 0.607176 0.005215 0.000010 -0.110703 -0.012689 0.000454 -0.146434 0.022390 -0.001199 4.934506 0.000000 0.000000 0.746397 0.000014 0.006565 0.122572 -0.000022 -0.014325 0.164521 2.447046 -0.079831 2.056764 0.000000 0.000000 0.740482 -0.000002 0.007173 -0.014980 -0.000004 -0.015017 0.027776 4.260386 -0.094452 1.375350 0.000000 0.000000 0.754839 0.000000 0.009448 0.000229 -0.000006 -0.022452 0.026332 -6.917769 0.291382 2.291170 0.000000 0.000000 0.754038 -0.000001 0.004175 -0.008146 -0.000001 -0.009275 0.012467 0.441624 -0.014543 2.538997 16.663677 3.080470 -0.037376 -57.599490 78.657798 -86.582509 -0.000000 72.363213 -0.000000 -0.080308 0.004629 -0.724563 0.000000 0.000000 0.472622 0.000000 0.000000 0.008252 0.000000 0.000000 -0.001366 -7.969741 -5.107087 -8.050663 0.000000 0.000000 0.467721 0.000000 0.000000 -0.015015 0.000000 0.000000 0.025121 6.271931 -1.933901 -4.817211 0.000000 0.000000 0.481966 0.000000 0.000000 -0.004083 0.000000 0.000000 -0.000628 -1.013052 -2.505694 -6.799366 0.000000 0.000000 0.479930 0.000000 0.000000 0.003389 0.000000 0.000000 -0.007978 -3.109834 -2.403556 -3.139792 0.000035 0.004242 0.480870 0.000001 -0.004242 0.042897 0.000000 0.000000 0.013196 -4.610124 -2.491975 -2.359596 5.455517 -12.051692 -17.839555 0.000000 0.000000 17.778399 -5.780856 1.188700 -3.281037 0.000000 0.000000 0.000000 -3.140443 -2.126203 -15.917624 0.000000 0.000000 42.994217 1.365618 -13.906927 -17.996177 0.000000 0.000000 -0.000003 
-4.225800 87.627600 -8.405500 -1.945587 15.969396 1.792304 1.202940 -0.147682 -3.765655 4.615718 -0.241033 0.208096 4.910677 -5.527684 -4.061998 -9.159813 5.969720 29.021300 -1.901724 -0.563777 -0.488216 0.000000 0.000000 0.000000 -24.683642 30.228432 -0.047996 118.294426 -66.627564 -170.155099 -0.000000 -48.048481 0.000000 0.080479 -0.005239 -0.988820 0.000000 0.000000 0.607176 0.005215 0.000010 -0.110703 -0.012689 0.000454 -0.146434 0.022390 -0.001199 4.934506 0.000000 0.000000 0.746397 0.000014 0.006565 0.122572 -0.000022 -0.014325 0.164521 2.447046 -0.079831 2.056764 0.000000 0.000000 0.740482 -0.000002 0.007173 -0.014980 -0.000004 -0.015017 0.027776 4.260386 -0.094452 1.375350 0.000000 0.000000 0.754839 0.000000 0.009448 0.000229 -0.000006 -0.022452 0.026332 -6.917769 0.291382 2.291170 0.000000 0.000000 0.754038 -0.000001 0.004175 -0.008146 -0.000001 -0.009275 0.012467 0.441624 -0.014543 2.538997 15.431618 3.305191 -0.038551 -67.599643 75.235683 -95.343334 -0.000000 66.310333 -0.000000 -0.080308 0.004629 -0.724563 0.000000 0.000000 0.472622 0.000000 0.000000 0.008252 0.000000 0.000000 -0.001366 -7.969741 -5.107087 -8.050663 0.000000 0.000000 0.467721 0.000000 0.000000 -0.015015 0.000000 0.000000 0.025121 6.271931 -1.933901 -4.817211 0.000000 0.000000 0.481966 0.000000 0.000000 -0.004083 0.000000 0.000000 -0.000628 -1.013052 -2.505694 -6.799366 0.000000 0.000000 0.479930 0.000000 0.000000 0.003389 0.000000 0.000000 -0.007978 -3.109834 -2.403556 -3.139792 0.000035 0.004242 0.480870 0.000001 -0.004242 0.042897 0.000000 0.000000 0.013196 -4.610124 -2.491975 -2.359596 3.306854 -15.257335 -21.121460 0.000000 0.000000 24.909074 -7.781876 0.732543 -6.623062 0.000000 0.000000 0.000000 -5.262064 1.411621 -10.772348 0.000000 0.000000 35.514328 4.692697 -16.402154 -17.851800 0.000000 0.000000 -0.000003 
-4.584300 86.446700 -7.274600 -0.625968 16.603853 1.852323 0.812988 -0.136832 -3.576232 3.631704 -0.200511 0.250076 3.370239 -4.414943 -3.331069 -8.132278 5.241636 28.941079 -0.636945 -1.532075 0.087188 0.000000 0.000000 0.000000 -24.900982 30.711305 -0.044840 128.977937 -67.572883 175.637025 -0.000000 -54.227020 0.000000 0.080479 -0.005239 -0.988820 0.000000 0.000000 0.607176 0.005215 0.000010 -0.110703 -0.012689 0.000454 -0.146434 0.022390 -0.001199 4.934506 0.000000 0.000000 0.746397 0.000014 0.006565 0.122572 -0.000022 -0.014325 0.164521 2.447046 -0.079831 2.056764 0.000000 0.000000 0.740482 -0.000002 0.007173 -0.014980 -0.000004 -0.015017 0.027776 4.260386 -0.094452 1.375350 0.000000 0.000000 0.754839 0.000000 0.009448 0.000229 -0.000006 -0.022452 0.026332 -6.917769 0.291382 2.291170 0.000000 0.000000 0.754038 -0.000001 0.004175 -0.008146 -0.000001 -0.009275 0.012467 0.441624 -0.014543 2.538997 14.914655 3.381823 -0.042083 -62.775043 72.601618 -90.741119 -0.000000 66.410080 -0.000000 -0.080308 0.004629 -0.724563 0.000000 0.000000 0.472622 0.000000 0.000000 0.008252 0.000000 0.000000 -0.001366 -7.969741 -5.107087 -8.050663 0.000000 0.000000 0.467721 0.000000 0.000000 -0.015015 0.000000 0.000000 0.025121 6.271931 -1.933901 -4.817211 0.000000 0.000000 0.481966 0.000000 0.000000 -0.004083 0.000000 0.000000 -0.000628 -1.013052 -2.505694 -6.799366 0.000000 0.000000 0.479930 0.000000 0.000000 0.003389 0.000000 0.000000 -0.007978 -3.109834 -2.403556 -3.139792 0.000035 0.004242 0.480870 0.000001 -0.004242 0.042897 0.000000 0.000000 0.013196 -4.610124 -2.491975 -2.359596 2.351689 -16.013440 -23.667395 0.000000 0.000000 31.421374 -8.614977 0.180453 -10.379332 0.000000 0.000000 0.000000 -5.873672 5.181293 -7.721523 0.000000 0.000000 30.820223 8.525995 -17.547269 -17.825137 0.000000 0.000000 -0.000003 
-5.665700 85.521300 -6.844100 -0.483324 16.399814 1.387385 1.182028 -0.197803 -3.120682 2.501346 -0.323749 1.007944 2.524468 -1.181954 -3.213019 -6.500691 4.189252 29.255782 1.935318 -3.197318 -0.753137 0.000000 0.000000 0.000000 -25.396832 30.859306 -0.048049 142.193443 -72.529828 157.293283 -0.000000 -67.600166 0.000000 0.080479 -0.005239 -0.988820 0.000000 0.000000 0.607176 0.005215 0.000010 -0.110703 -0.012689 0.000454 -0.146434 0.022390 -0.001199 4.934506 0.000000 0.000000 0.746397 0.000014 0.006565 0.122572 -0.000022 -0.014325 0.164521 2.447046 -0.079831 2.056764 0.000000 0.000000 0.740482 -0.000002 0.007173 -0.014980 -0.000004 -0.015017 0.027776 4.260386 -0.094452 1.375350 0.000000 0.000000 0.754839 0.000000 0.009448 0.000229 -0.000006 -0.022452 0.026332 -6.917769 0.291382 2.291170 0.000000 0.000000 0.754038 -0.000001 0.004175 -0.008146 -0.000001 -0.009275 0.012467 0.441624 -0.014543 2.538997 15.054659 3.238631 -0.041876 -48.999507 70.179274 -78.694790 -0.000000 71.816116 -0.000000 -0.080308 0.004629 -0.724563 0.000000 0.000000 0.472622 0.000000 0.000000 0.008252 0.000000 0.000000 -0.001366 -7.969741 -5.107087 -8.050663 0.000000 0.000000 0.467721 0.000000 0.000000 -0.015015 0.000000 0.000000 0.025121 6.271931 -1.933901 -4.817211 0.000000 0.000000 0.481966 0.000000 0.000000 -0.004083 0.000000 0.000000 -0.000628 -1.013052 -2.505694 -6.799366 0.000000 0.000000 0.479930 0.000000 0.000000 0.003389 0.000000 0.000000 -0.007978 -3.109834 -2.403556 -3.139792 0.000035 0.004242 0.480870 0.000001 -0.004242 0.042897 0.000000 0.000000 0.013196 -4.610124 -2.491975 -2.359596 2.711755 -16.586394 -25.554848 0.000000 0.000000 36.140974 -7.087941 0.958859 -12.883837 0.000000 0.000000 0.000000 -5.431712 4.750779 -6.276952 0.000000 0.000000 30.358707 10.603282 -15.993198 -23.278351 0.000000 0.000000 -0.000003 
-6.653100 84.716100 -6.315900 -1.195723 15.657032 1.756515 2.066804 0.102043 -3.358438 1.666599 -0.050170 1.391851 1.559011 0.851019 -2.881465 -4.848346 2.993277 28.474542 3.700551 -2.833926 -1.350137 0.000000 0.000000 0.000000 -26.029760 30.693884 -0.054583 174.864177 -79.213703 119.337823 -0.000000 -84.987152 0.000000 0.080479 -0.005239 -0.988820 0.000000 0.000000 0.607176 0.005215 0.000010 -0.110703 -0.012689 0.000454 -0.146434 0.022390 -0.001199 4.934506 0.000000 0.000000 0.746397 0.000014 0.006565 0.122572 -0.000022 -0.014325 0.164521 2.447046 -0.079831 2.056764 0.000000 0.000000 0.740482 -0.000002 0.007173 -0.014980 -0.000004 -0.015017 0.027776 4.260386 -0.094452 1.375350 0.000000 0.000000 0.754839 0.000000 0.009448 0.000229 -0.000006 -0.022452 0.026332 -6.917769 0.291382 2.291170 0.000000 0.000000 0.754038 -0.000001 0.004175 -0.008146 -0.000001 -0.009275 0.012467 0.441624 -0.014543 2.538997 15.685127 3.033194 -0.040874 -31.040052 66.157436 -63.422450 -0.000000 80.602074 -0.000000 -0.080308 0.004629 -0.724563 0.000000 0.000000 0.472622 0.000000 0.000000 0.008252 0.000000 0.000000 -0.001366 -7.969741 -5.107087 -8.050663 0.000000 0.000000 0.467721 0.000000 0.000000 -0.015015 0.000000 0.000000 0.025121 6.271931 -1.933901 -4.817211 0.000000 0.000000 0.481966 0.000000 0.000000 -0.004083 0.000000 0.000000 -0.000628 -1.013052 -2.505694 -6.799366 0.000000 0.000000 0.479930 0.000000 0.000000 0.003389 0.000000 0.000000 -0.007978 -3.109834 -2.403556 -3.139792 0.000035 0.004242 0.480870 0.000001 -0.004242 0.042897 0.000000 0.000000 0.013196 -4.610124 -2.491975 -2.359596 4.161284 -16.170265 -27.980700 0.000000 0.000000 40.119111 -6.222939 1.327402 -15.118545 0.000000 0.000000 0.000000 -4.228249 1.742538 -7.870176 0.000000 0.000000 33.124232 9.888135 -13.891015 -31.314993 0.000000 0.000000 -0.000003 
-7.934400 83.238900 -7.313300 -0.905328 16.138061 1.809928 1.449239 0.099204 -2.518141 0.969432 -0.003421 1.675017 0.630548 1.665318 -2.703890 -3.137542 1.838211 27.476414 5.355033 -2.957636 -3.207266 0.000000 0.000000 0.000000 -26.989670 30.094198 -0.066452 -113.211724 -76.213790 44.471032 -180.000000 -77.492699 180.000000 0.080479 -0.005239 -0.988820 0.000000 0.000000 0.607176 0.005215 0.000010 -0.110703 -0.012689 0.000454 -0.146434 0.022390 -0.001199 4.934506 0.000000 0.000000 0.746397 0.000014 0.006565 0.122572 -0.000022 -0.014325 0.164521 2.447046 -0.079831 2.056764 0.000000 0.000000 0.740482 -0.000002 0.007173 -0.014980 -0.000004 -0.015017 0.027776 4.260386 -0.094452 1.375350 0.000000 0.000000 0.754839 0.000000 0.009448 0.000229 -0.000006 -0.022452 0.026332 -6.917769 0.291382 2.291170 0.000000 0.000000 0.754038 -0.000001 0.004175 -0.008146 -0.000001 -0.009275 0.012467 0.441624 -0.014543 2.538997 16.472643 2.865574 -0.041455 -14.472454 59.468601 -49.850838 -180.000000 89.119591 -180.000000 -0.080308 0.004629 -0.724563 0.000000 0.000000 0.472622 0.000000 0.000000 0.008252 0.000000 0.000000 -0.001366 -7.969741 -5.107087 -8.050663 0.000000 0.000000 0.467721 0.000000 0.000000 -0.015015 0.000000 0.000000 0.025121 6.271931 -1.933901 -4.817211 0.000000 0.000000 0.481966 0.000000 0.000000 -0.004083 0.000000 0.000000 -0.000628 -1.013052 -2.505694 -6.799366 0.000000 0.000000 0.479930 0.000000 0.000000 0.003389 0.000000 0.000000 -0.007978 -3.109834 -2.403556 -3.139792 0.000035 0.004242 0.480870 0.000001 -0.004242 0.042897 0.000000 0.000000 0.013196 -4.610124 -2.491975 -2.359596 4.831379 -16.417443 -31.878423 0.000000 0.000000 45.276718 -6.049682 1.021003 -16.568174 0.000000 0.000000 0.000000 -3.509551 -1.594983 -10.265017 0.000000 0.000000 38.073378 8.246379 -13.524980 -38.086692 0.000000 0.000000 -0.000003 
-9.198500 82.150200 -8.479600 -2.715261 15.421048 1.381034 2.652924 0.051259 -2.123472 0.623517 -0.078751 2.864373 -0.076355 3.871869 -1.517450 -1.648013 0.862174 24.183666 7.225120 -3.535969 -5.710347 0.000000 0.000000 0.000000 -28.173014 28.857842 -0.071477 -84.264821 -66.313968 16.201636 -180.000000 -61.551102 180.000000 0.080479 -0.005239 -0.988820 0.000000 0.000000 0.607176 0.005215 0.000010 -0.110703 -0.012689 0.000454 -0.146434 0.022390 -0.001199 4.934506 0.000000 0.000000 0.746397 0.000014 0.006565 0.122572 -0.000022 -0.014325 0.164521 2.447046 -0.079831 2.056764 0.000000 0.000000 0.740482 -0.000002 0.007173 -0.014980 -0.000004 -0.015017 0.027776 4.260386 -0.094452 1.375350 0.000000 0.000000 0.754839 0.000000 0.009448 0.000229 -0.000006 -0.022452 0.026332 -6.917769 0.291382 2.291170 0.000000 0.000000 0.754038 -0.000001 0.004175 -0.008146 -0.000001 -0.009275 0.012467 0.441624 -0.014543 2.538997 17.124888 2.789149 -0.043092 -1.197112 50.920210 -39.330004 -180.000000 78.726799 -180.000000 -0.080308 0.004629 -0.724563 0.000000 0.000000 0.472622 0.000000 0.000000 0.008252 0.000000 0.000000 -0.001366 -7.969741 -5.107087 -8.050663 0.000000 0.000000 0.467721 0.000000 0.000000 -0.015015 0.000000 0.000000 0.025121 6.271931 -1.933901 -4.817211 0.000000 0.000000 0.481966 0.000000 0.000000 -0.004083 0.000000 0.000000 -0.000628 -1.013052 -2.505694 -6.799366 0.000000 0.000000 0.479930 0.000000 0.000000 0.003389 0.000000 0.000000 -0.007978 -3.109834 -2.403556 -3.139792 0.000035 0.004242 0.480870 0.000001 -0.004242 0.042897 0.000000 0.000000 0.013196 -4.610124 -2.491975 -2.359596 7.040525 -13.785199 -35.059119 0.000000 0.000000 49.260494 -5.658542 0.243436 -17.291215 0.000000 0.000000 0.000000 -0.628682 -1.309721 -13.752054 0.000000 0.000000 43.191991 7.448820 -13.653127 -39.885130 0.000000 0.000000 -0.000003 
-10.580300 83.338400 -10.421200 -2.178566 14.577123 1.940873 1.914531 -0.703461 -1.282526 -0.339456 -0.708890 3.478952 -1.211614 5.450730 -0.577225 -0.635818 0.228700 21.011967 9.172821 -6.362833 -9.626010 0.000000 0.000000 0.000000 -29.234197 27.330995 -0.062020 -69.816936 -54.952138 5.489566 -180.000000 -47.984497 180.000000 0.080479 -0.005239 -0.988820 0.000000 0.000000 0.607176 0.005215 0.000010 -0.110703 -0.012689 0.000454 -0.146434 0.022390 -0.001199 4.934506 0.000000 0.000000 0.746397 0.000014 0.006565 0.122572 -0.000022 -0.014325 0.164521 2.447046 -0.079831 2.056764 0.000000 0.000000 0.740482 -0.000002 0.007173 -0.014980 -0.000004 -0.015017 0.027776 4.260386 -0.094452 1.375350 0.000000 0.000000 0.754839 0.000000 0.009448 0.000229 -0.000006 -0.022452 0.026332 -6.917769 0.291382 2.291170 0.000000 0.000000 0.754038 -0.000001 0.004175 -0.008146 -0.000001 -0.009275 0.012467 0.441624 -0.014543 2.538997 17.623283 2.803772 -0.043752 10.001356 42.221749 -30.436988 -180.000000 69.478600 -180.000000 -0.080308 0.004629 -0.724563 0.000000 0.000000 0.472622 0.000000 0.000000 0.008252 0.000000 0.000000 -0.001366 -7.969741 -5.107087 -8.050663 0.000000 0.000000 0.467721 0.000000 0.000000 -0.015015 0.000000 0.000000 0.025121 6.271931 -1.933901 -4.817211 0.000000 0.000000 0.481966 0.000000 0.000000 -0.004083 0.000000 0.000000 -0.000628 -1.013052 -2.505694 -6.799366 0.000000 0.000000 0.479930 0.000000 0.000000 0.003389 0.000000 0.000000 -0.007978 -3.109834 -2.403556 -3.139792 0.000035 0.004242 0.480870 0.000001 -0.004242 0.042897 0.000000 0.000000 0.013196 -4.610124 -2.491975 -2.359596 6.341241 -9.675682 -38.722378 0.000000 0.000000 50.267368 -3.309786 0.072786 -5.865426 0.000000 0.000000 0.000000 -0.085178 -0.210600 -14.846481 0.000000 0.000000 40.719999 7.939843 -13.393215 -36.115561 0.000000 0.000000 -0.000003 
-11.989700 84.548500 -13.084200 -0.207339 14.310230 3.290814 -1.216017 -0.802073 -1.485442 -1.321072 -0.697177 4.624072 -1.690274 2.939129 1.761227 0.573976 -0.180717 15.177174 10.774011 -3.198064 -12.330040 0.000000 0.000000 0.000000 -30.382869 26.520776 -0.044532 -61.288621 -45.746156 3.563914 -180.000000 -39.279007 180.000000 0.080479 -0.005239 -0.988820 0.000000 0.000000 0.607176 0.005215 0.000010 -0.110703 -0.012689 0.000454 -0.146434 0.022390 -0.001199 4.934506 0.000000 0.000000 0.746397 0.000014 0.006565 0.122572 -0.000022 -0.014325 0.164521 2.447046 -0.079831 2.056764 0.000000 0.000000 0.740482 -0.000002 0.007173 -0.014980 -0.000004 -0.015017 0.027776 4.260386 -0.094452 1.375350 0.000000 0.000000 0.754839 0.000000 0.009448 0.000229 -0.000006 -0.022452 0.026332 -6.917769 0.291382 2.291170 0.000000 0.000000 0.754038 -0.000001 0.004175 -0.008146 -0.000001 -0.009275 0.012467 0.441624 -0.014543 2.538997 18.044472 2.780326 -0.043385 19.954941 34.203445 -22.313880 -180.000000 62.711899 -180.000000 -0.080308 0.004629 -0.724563 0.000000 0.000000 0.472622 0.000000 0.000000 0.008252 0.000000 0.000000 -0.001366 -7.969741 -5.107087 -8.050663 0.000000 0.000000 0.467721 0.000000 0.000000 -0.015015 0.000000 0.000000 0.025121 6.271931 -1.933901 -4.817211 0.000000 0.000000 0.481966 0.000000 0.000000 -0.004083 0.000000 0.000000 -0.000628 -1.013052 -2.505694 -6.799366 0.000000 0.000000 0.479930 0.000000 0.000000 0.003389 0.000000 0.000000 -0.007978 -3.109834 -2.403556 -3.139792 0.000035 0.004242 0.480870 0.000001 -0.004242 0.042897 0.000000 0.000000 0.013196 -4.610124 -2.491975 -2.359596 3.991850 -6.539494 -44.356950 0.000000 0.000000 61.038635 -1.213585 3.295955 -13.379476 0.000000 0.000000 0.000000 -1.465764 0.485545 -17.351819 0.000000 0.000000 38.822859 4.300446 -10.608637 -29.250320 0.000000 0.000000 -0.000003 
-14.224000 83.840400 -15.939700 -1.438938 13.296640 2.807552 -0.281676 -0.319050 -1.394880 -2.146555 -0.019071 6.270909 -3.724996 -0.514869 4.139249 2.326854 -0.548298 10.596848 13.419104 0.685385 -14.459942 0.000000 0.000000 0.000000 -31.622903 26.794369 -0.027921 -55.627114 -39.931715 6.343703 -180.000000 -37.043396 180.000000 0.080479 -0.005239 -0.988820 0.000000 0.000000 0.607176 0.005215 0.000010 -0.110703 -0.012689 0.000454 -0.146434 0.022390 -0.001199 4.934506 0.000000 0.000000 0.746397 0.000014 0.006565 0.122572 -0.000022 -0.014325 0.164521 2.447046 -0.079831 2.056764 0.000000 0.000000 0.740482 -0.000002 0.007173 -0.014980 -0.000004 -0.015017 0.027776 4.260386 -0.094452 1.375350 0.000000 0.000000 0.754839 0.000000 0.009448 0.000229 -0.000006 -0.022452 0.026332 -6.917769 0.291382 2.291170 0.000000 0.000000 0.754038 -0.000001 0.004175 -0.008146 -0.000001 -0.009275 0.012467 0.441624 -0.014543 2.538997 18.437238 2.731211 -0.044287 28.456101 26.543623 -14.913522 -180.000000 59.246902 -180.000000 -0.080308 0.004629 -0.724563 0.000000 0.000000 0.472622 0.000000 0.000000 0.008252 0.000000 0.000000 -0.001366 -7.969741 -5.107087 -8.050663 0.000000 0.000000 0.467721 0.000000 0.000000 -0.015015 0.000000 0.000000 0.025121 6.271931 -1.933901 -4.817211 0.000000 0.000000 0.481966 0.000000 0.000000 -0.004083 0.000000 0.000000 -0.000628 -1.013052 -2.505694 -6.799366 0.000000 0.000000 0.479930 0.000000 0.000000 0.003389 0.000000 0.000000 -0.007978 -3.109834 -2.403556 -3.139792 0.000035 0.004242 0.480870 0.000001 -0.004242 0.042897 0.000000 0.000000 0.013196 -4.610124 -2.491975 -2.359596 4.919502 -3.863826 -49.624419 0.000000 0.000000 76.047956 -1.656422 8.666013 -22.403908 0.000000 0.000000 0.000000 0.183206 0.012058 -22.288433 0.000000 0.000000 42.790470 6.468636 -7.587808 -24.124803 0.000000 0.000000 -0.000003 
-14.465500 83.063500 -17.829700 -0.624667 12.803892 0.990435 -1.974809 -0.328971 0.100339 -2.902790 0.068818 8.023931 -4.918319 -4.442684 6.029445 3.704816 -0.713221 7.811037 14.862468 5.119315 -14.304541 0.000000 0.000000 0.000000 -32.538210 27.854963 -0.029339 -51.648453 -36.268001 11.071170 -180.000000 -40.448303 180.000000 0.080479 -0.005239 -0.988820 0.000000 0.000000 0.607176 0.005215 0.000010 -0.110703 -0.012689 0.000454 -0.146434 0.022390 -0.001199 4.934506 0.000000 0.000000 0.746397 0.000014 0.006565 0.122572 -0.000022 -0.014325 0.164521 2.447046 -0.079831 2.056764 0.000000 0.000000 0.740482 -0.000002 0.007173 -0.014980 -0.000004 -0.015017 0.027776 4.260386 -0.094452 1.375350 0.000000 0.000000 0.754839 0.000000 0.009448 0.000229 -0.000006 -0.022452 0.026332 -6.917769 0.291382 2.291170 0.000000 0.000000 0.754038 -0.000001 0.004175 -0.008146 -0.000001 -0.009275 0.012467 0.441624 -0.014543 2.538997 18.914174 2.883923 -0.046890 34.722038 18.593081 -8.153030 -180.000000 58.969902 -180.000000 -0.080308 0.004629 -0.724563 0.000000 0.000000 0.472622 0.000000 0.000000 0.008252 0.000000 0.000000 -0.001366 -7.969741 -5.107087 -8.050663 0.000000 0.000000 0.467721 0.000000 0.000000 -0.015015 0.000000 0.000000 0.025121 6.271931 -1.933901 -4.817211 0.000000 0.000000 0.481966 0.000000 0.000000 -0.004083 0.000000 0.000000 -0.000628 -1.013052 -2.505694 -6.799366 0.000000 0.000000 0.479930 0.000000 0.000000 0.003389 0.000000 0.000000 -0.007978 -3.109834 -2.403556 -3.139792 0.000035 0.004242 0.480870 0.000001 -0.004242 0.042897 0.000000 0.000000 0.013196 -4.610124 -2.491975 -2.359596 3.884702 -2.697463 -52.088391 0.000000 0.000000 89.935476 -1.779902 14.637236 -26.390335 0.000000 0.000000 0.000000 -0.273729 0.007609 -23.785092 0.000000 0.000000 46.427965 2.083332 -8.980107 -23.642662 0.000000 0.000000 -0.000003 
-15.008300 82.233700 -20.000500 -0.924415 11.999398 -0.010042 -2.348636 -0.060588 -0.837518 -3.347048 0.613671 10.732369 -5.797666 -8.082114 7.232539 4.567531 -0.977358 7.064433 15.192448 9.384841 -15.013589 0.000000 0.000000 0.000000 -32.683155 29.223659 -0.048046 -48.861813 -32.778877 15.884705 -180.000000 -48.466400 180.000000 0.080479 -0.005239 -0.988820 0.000000 0.000000 0.607176 0.005215 0.000010 -0.110703 -0.012689 0.000454 -0.146434 0.022390 -0.001199 4.934506 0.000000 0.000000 0.746397 0.000014 0.006565 0.122572 -0.000022 -0.014325 0.164521 2.447046 -0.079831 2.056764 0.000000 0.000000 0.740482 -0.000002 0.007173 -0.014980 -0.000004 -0.015017 0.027776 4.260386 -0.094452 1.375350 0.000000 0.000000 0.754839 0.000000 0.009448 0.000229 -0.000006 -0.022452 0.026332 -6.917769 0.291382 2.291170 0.000000 0.000000 0.754038 -0.000001 0.004175 -0.008146 -0.000001 -0.009275 0.012467 0.441624 -0.014543 2.538997 19.386050 3.278778 -0.047586 38.732840 10.310365 -2.133259 -180.000000 62.529099 -180.000000 -0.080308 0.004629 -0.724563 0.000000 0.000000 0.472622 0.000000 0.000000 0.008252 0.000000 0.000000 -0.001366 -7.969741 -5.107087 -8.050663 0.000000 0.000000 0.467721 0.000000 0.000000 -0.015015 0.000000 0.000000 0.025121 6.271931 -1.933901 -4.817211 0.000000 0.000000 0.481966 0.000000 0.000000 -0.004083 0.000000 0.000000 -0.000628 -1.013052 -2.505694 -6.799366 0.000000 0.000000 0.479930 0.000000 0.000000 0.003389 0.000000 0.000000 -0.007978 -3.109834 -2.403556 -3.139792 0.000035 0.004242 0.480870 0.000001 -0.004242 0.042897 0.000000 0.000000 0.013196 -4.610124 -2.491975 -2.359596 3.958895 -2.960599 -50.218407 0.000000 0.000000 98.880484 -3.220746 16.338089 -26.893083 0.000000 0.000000 0.000000 -0.037444 1.134336 -26.225091 0.000000 0.000000 49.396870 2.864231 -8.977794 -23.358185 0.000000 0.000000 -0.000003 
-15.438200 81.300000 -20.290200 -1.499887 11.449679 1.081091 -2.441746 0.207190 -2.601457 -3.453622 0.971266 10.679544 -6.466119 -12.606820 7.125631 4.320273 -0.960992 9.091889 15.771246 14.656556 -13.087135 0.000000 0.000000 0.000000 -31.725284 30.395591 -0.058508 -47.302822 -28.395218 19.827560 -180.000000 -61.933098 180.000000 0.080479 -0.005239 -0.988820 0.000000 0.000000 0.607176 0.005215 0.000010 -0.110703 -0.012689 0.000454 -0.146434 0.022390 -0.001199 4.934506 0.000000 0.000000 0.746397 0.000014 0.006565 0.122572 -0.000022 -0.014325 0.164521 2.447046 -0.079831 2.056764 0.000000 0.000000 0.740482 -0.000002 0.007173 -0.014980 -0.000004 -0.015017 0.027776 4.260386 -0.094452 1.375350 0.000000 0.000000 0.754839 0.000000 0.009448 0.000229 -0.000006 -0.022452 0.026332 -6.917769 0.291382 2.291170 0.000000 0.000000 0.754038 -0.000001 0.004175 -0.008146 -0.000001 -0.009275 0.012467 0.441624 -0.014543 2.538997 19.625321 3.592150 -0.045941 41.508993 3.371313 3.464407 -180.000000 72.942001 -180.000000 -0.080308 0.004629 -0.724563 0.000000 0.000000 0.472622 0.000000 0.000000 0.008252 0.000000 0.000000 -0.001366 -7.969741 -5.107087 -8.050663 0.000000 0.000000 0.467721 0.000000 0.000000 -0.015015 0.000000 0.000000 0.025121 6.271931 -1.933901 -4.817211 0.000000 0.000000 0.481966 0.000000 0.000000 -0.004083 0.000000 0.000000 -0.000628 -1.013052 -2.505694 -6.799366 0.000000 0.000000 0.479930 0.000000 0.000000 0.003389 0.000000 0.000000 -0.007978 -3.109834 -2.403556 -3.139792 0.000035 0.004242 0.480870 0.000001 -0.004242 0.042897 0.000000 0.000000 0.013196 -4.610124 -2.491975 -2.359596 3.346646 -3.318333 -45.042084 0.000000 0.000000 99.146609 -1.648413 17.291724 -28.190881 0.000000 0.000000 0.000000 0.680563 1.033937 -29.316253 0.000000 0.000000 52.313649 3.256238 -8.090024 -24.473596 0.000000 0.000000 -0.000003 
-15.726400 80.500600 -19.891000 -3.222330 10.544477 1.297627 -2.174694 0.359827 -3.861848 -2.941042 0.997210 10.212726 -6.214220 -15.164822 6.592611 4.096557 -1.043073 11.237184 15.016706 16.328248 -9.194072 0.000000 0.000000 0.000000 -29.707558 30.803512 -0.034725 -47.619507 -23.664833 22.970476 -180.000000 -82.011673 180.000000 0.080479 -0.005239 -0.988820 0.000000 0.000000 0.607176 0.005215 0.000010 -0.110703 -0.012689 0.000454 -0.146434 0.022390 -0.001199 4.934506 0.000000 0.000000 0.746397 0.000014 0.006565 0.122572 -0.000022 -0.014325 0.164521 2.447046 -0.079831 2.056764 0.000000 0.000000 0.740482 -0.000002 0.007173 -0.014980 -0.000004 -0.015017 0.027776 4.260386 -0.094452 1.375350 0.000000 0.000000 0.754839 0.000000 0.009448 0.000229 -0.000006 -0.022452 0.026332 -6.917769 0.291382 2.291170 0.000000 0.000000 0.754038 -0.000001 0.004175 -0.008146 -0.000001 -0.009275 0.012467 0.441624 -0.014543 2.538997 19.735172 3.541444 -0.046596 44.443514 -0.053637 9.446321 -0.000000 88.100418 -0.000000 -0.080308 0.004629 -0.724563 0.000000 0.000000 0.472622 0.000000 0.000000 0.008252 0.000000 0.000000 -0.001366 -7.969741 -5.107087 -8.050663 0.000000 0.000000 0.467721 0.000000 0.000000 -0.015015 0.000000 0.000000 0.025121 6.271931 -1.933901 -4.817211 0.000000 0.000000 0.481966 0.000000 0.000000 -0.004083 0.000000 0.000000 -0.000628 -1.013052 -2.505694 -6.799366 0.000000 0.000000 0.479930 0.000000 0.000000 0.003389 0.000000 0.000000 -0.007978 -3.109834 -2.403556 -3.139792 0.000035 0.004242 0.480870 0.000001 -0.004242 0.042897 0.000000 0.000000 0.013196 -4.610124 -2.491975 -2.359596 3.583844 -3.418500 -35.733340 0.000000 0.000000 91.111402 -0.113544 17.133949 -27.925723 0.000000 0.000000 0.000000 2.633852 0.865328 -30.689759 0.000000 0.000000 54.274806 2.810067 -7.059042 -25.549517 0.000000 0.000000 -0.000003 
-16.117500 79.806300 -19.529300 -4.873799 9.908167 0.655845 -1.542838 -0.126049 -4.383896 -2.951742 0.515544 9.879919 -5.983624 -16.796016 4.682215 3.270596 -1.218738 15.516795 15.820542 17.446140 -3.841338 0.000000 0.000000 0.000000 -27.508397 30.163546 -0.010027 -49.656173 -19.901315 25.656853 -0.000000 -73.136703 0.000000 0.080479 -0.005239 -0.988820 0.000000 0.000000 0.607176 0.005215 0.000010 -0.110703 -0.012689 0.000454 -0.146434 0.022390 -0.001199 4.934506 0.000000 0.000000 0.746397 0.000014 0.006565 0.122572 -0.000022 -0.014325 0.164521 2.447046 -0.079831 2.056764 0.000000 0.000000 0.740482 -0.000002 0.007173 -0.014980 -0.000004 -0.015017 0.027776 4.260386 -0.094452 1.375350 0.000000 0.000000 0.754839 0.000000 0.009448 0.000229 -0.000006 -0.022452 0.026332 -6.917769 0.291382 2.291170 0.000000 0.000000 0.754038 -0.000001 0.004175 -0.008146 -0.000001 -0.009275 0.012467 0.441624 -0.014543 2.538997 20.180458 3.559215 -0.053506 48.009951 -0.710976 14.817796 -0.000000 65.159882 -0.000000 -0.080308 0.004629 -0.724563 0.000000 0.000000 0.472622 0.000000 0.000000 0.008252 0.000000 0.000000 -0.001366 -7.969741 -5.107087 -8.050663 0.000000 0.000000 0.467721 0.000000 0.000000 -0.015015 0.000000 0.000000 0.025121 6.271931 -1.933901 -4.817211 0.000000 0.000000 0.481966 0.000000 0.000000 -0.004083 0.000000 0.000000 -0.000628 -1.013052 -2.505694 -6.799366 0.000000 0.000000 0.479930 0.000000 0.000000 0.003389 0.000000 0.000000 -0.007978 -3.109834 -2.403556 -3.139792 0.000035 0.004242 0.480870 0.000001 -0.004242 0.042897 0.000000 0.000000 0.013196 -4.610124 -2.491975 -2.359596 3.900798 -5.241812 -23.155550 0.000000 0.000000 74.809853 0.174334 16.686784 -25.428210 0.000000 0.000000 0.000000 4.578080 0.190209 -30.968199 0.000000 0.000000 55.868263 2.489558 -5.749194 -26.478842 0.000000 0.000000 -0.000003 
-16.416100 78.673900 -18.614100 -5.637076 9.521293 -0.429044 -2.490989 0.060609 -3.591144 -2.336389 0.639527 8.988212 -4.716647 -19.694745 2.702291 2.072323 -0.980788 19.647418 14.733074 18.288569 -0.021092 0.000000 0.000000 0.000000 -26.213304 28.784704 -0.022810 -51.921777 -18.174749 27.916930 -0.000000 -49.325909 0.000000 0.080479 -0.005239 -0.988820 0.000000 0.000000 0.607176 0.005215 0.000010 -0.110703 -0.012689 0.000454 -0.146434 0.022390 -0.001199 4.934506 0.000000 0.000000 0.746397 0.000014 0.006565 0.122572 -0.000022 -0.014325 0.164521 2.447046 -0.079831 2.056764 0.000000 0.000000 0.740482 -0.000002 0.007173 -0.014980 -0.000004 -0.015017 0.027776 4.260386 -0.094452 1.375350 0.000000 0.000000 0.754839 0.000000 0.009448 0.000229 -0.000006 -0.022452 0.026332 -6.917769 0.291382 2.291170 0.000000 0.000000 0.754038 -0.000001 0.004175 -0.008146 -0.000001 -0.009275 0.012467 0.441624 -0.014543 2.538997 21.166027 4.040804 -0.061372 50.948574 -1.165241 17.800264 -0.000000 46.843979 -0.000000 -0.080308 0.004629 -0.724563 0.000000 0.000000 0.472622 0.000000 0.000000 0.008252 0.000000 0.000000 -0.001366 -7.969741 -5.107087 -8.050663 0.000000 0.000000 0.467721 0.000000 0.000000 -0.015015 0.000000 0.000000 0.025121 6.271931 -1.933901 -4.817211 0.000000 0.000000 0.481966 0.000000 0.000000 -0.004083 0.000000 0.000000 -0.000628 -1.013052 -2.505694 -6.799366 0.000000 0.000000 0.479930 0.000000 0.000000 0.003389 0.000000 0.000000 -0.007978 -3.109834 -2.403556 -3.139792 0.000035 0.004242 0.480870 0.000001 -0.004242 0.042897 0.000000 0.000000 0.013196 -4.610124 -2.491975 -2.359596 4.085008 -5.826528 -13.979569 0.000000 0.000000 63.081041 0.944682 18.910509 -34.409854 0.000000 0.000000 0.000000 5.842820 -1.085758 -30.984129 0.000000 0.000000 58.952709 0.500802 -5.041813 -28.436514 0.000000 0.000000 -0.000003 
-16.844900 77.990600 -17.113700 -6.796778 8.719040 -1.162083 -2.171440 0.151731 -2.545312 -2.008185 0.651547 8.032938 -3.997814 -21.683393 0.260449 1.197629 -0.626756 22.742263 13.761394 18.362838 2.039901 0.000000 0.000000 0.000000 -26.019792 27.389248 -0.043347 -52.749871 -18.802657 29.580788 -0.000000 -33.607231 0.000000 0.080479 -0.005239 -0.988820 0.000000 0.000000 0.607176 0.005215 0.000010 -0.110703 -0.012689 0.000454 -0.146434 0.022390 -0.001199 4.934506 0.000000 0.000000 0.746397 0.000014 0.006565 0.122572 -0.000022 -0.014325 0.164521 2.447046 -0.079831 2.056764 0.000000 0.000000 0.740482 -0.000002 0.007173 -0.014980 -0.000004 -0.015017 0.027776 4.260386 -0.094452 1.375350 0.000000 0.000000 0.754839 0.000000 0.009448 0.000229 -0.000006 -0.022452 0.026332 -6.917769 0.291382 2.291170 0.000000 0.000000 0.754038 -0.000001 0.004175 -0.008146 -0.000001 -0.009275 0.012467 0.441624 -0.014543 2.538997 22.223327 4.614539 -0.056121 52.277783 -1.996301 18.301131 -0.000000 38.765980 -0.000000 -0.080308 0.004629 -0.724563 0.000000 0.000000 0.472622 0.000000 0.000000 0.008252 0.000000 0.000000 -0.001366 -7.969741 -5.107087 -8.050663 0.000000 0.000000 0.467721 0.000000 0.000000 -0.015015 0.000000 0.000000 0.025121 6.271931 -1.933901 -4.817211 0.000000 0.000000 0.481966 0.000000 0.000000 -0.004083 0.000000 0.000000 -0.000628 -1.013052 -2.505694 -6.799366 0.000000 0.000000 0.479930 0.000000 0.000000 0.003389 0.000000 0.000000 -0.007978 -3.109834 -2.403556 -3.139792 0.000035 0.004242 0.480870 0.000001 -0.004242 0.042897 0.000000 0.000000 0.013196 -4.610124 -2.491975 -2.359596 4.939471 -6.242185 -6.963445 0.000000 0.000000 53.197863 -0.102237 19.927723 -40.144482 0.000000 0.000000 0.000000 7.661373 -2.136006 -30.040494 0.000000 0.000000 60.393623 -2.168605 -4.613981 -30.094981 0.000000 0.000000 -0.000003 
-17.250800 78.179300 -16.484900 -7.740491 8.000280 -0.729951 -1.469047 0.535512 -2.317352 -1.860076 0.990023 7.298503 -3.723029 -23.906570 -1.124725 1.544923 -0.805027 23.185839 12.603764 18.996378 2.103641 0.000000 0.000000 0.000000 -26.596076 26.683210 -0.044114 -51.670373 -22.167120 30.859199 -0.000000 -29.074289 0.000000 0.080479 -0.005239 -0.988820 0.000000 0.000000 0.607176 0.005215 0.000010 -0.110703 -0.012689 0.000454 -0.146434 0.022390 -0.001199 4.934506 0.000000 0.000000 0.746397 0.000014 0.006565 0.122572 -0.000022 -0.014325 0.164521 2.447046 -0.079831 2.056764 0.000000 0.000000 0.740482 -0.000002 0.007173 -0.014980 -0.000004 -0.015017 0.027776 4.260386 -0.094452 1.375350 0.000000 0.000000 0.754839 0.000000 0.009448 0.000229 -0.000006 -0.022452 0.026332 -6.917769 0.291382 2.291170 0.000000 0.000000 0.754038 -0.000001 0.004175 -0.008146 -0.000001 -0.009275 0.012467 0.441624 -0.014543 2.538997 22.719380 4.682963 -0.050597 52.028061 -1.398176 17.504428 -0.000000 41.442291 -0.000000 -0.080308 0.004629 -0.724563 0.000000 0.000000 0.472622 0.000000 0.000000 0.008252 0.000000 0.000000 -0.001366 -7.969741 -5.107087 -8.050663 0.000000 0.000000 0.467721 0.000000 0.000000 -0.015015 0.000000 0.000000 0.025121 6.271931 -1.933901 -4.817211 0.000000 0.000000 0.481966 0.000000 0.000000 -0.004083 0.000000 0.000000 -0.000628 -1.013052 -2.505694 -6.799366 0.000000 0.000000 0.479930 0.000000 0.000000 0.003389 0.000000 0.000000 -0.007978 -3.109834 -2.403556 -3.139792 0.000035 0.004242 0.480870 0.000001 -0.004242 0.042897 0.000000 0.000000 0.013196 -4.610124 -2.491975 -2.359596 6.145861 -5.813023 -5.420792 0.000000 0.000000 50.498695 -1.888827 19.987617 -41.883746 0.000000 0.000000 0.000000 9.034974 -2.528562 -29.614842 0.000000 0.000000 59.453851 -3.587704 -4.078977 -30.058547 0.000000 0.000000 -0.000003 
-17.323400 78.899400 -17.721900 -8.062704 6.790236 0.408700 -1.158281 0.407121 -3.136959 -1.849823 0.766970 6.645382 -3.720421 -24.450152 0.071674 1.719235 -0.768748 21.094249 12.256291 20.480948 -0.412736 0.000000 0.000000 0.000000 -27.444295 26.792561 -0.038503 -49.318451 -28.105262 31.566327 -0.000000 -35.048851 0.000000 0.080479 -0.005239 -0.988820 0.000000 0.000000 0.607176 0.005215 0.000010 -0.110703 -0.012689 0.000454 -0.146434 0.022390 -0.001199 4.934506 0.000000 0.000000 0.746397 0.000014 0.006565 0.122572 -0.000022 -0.014325 0.164521 2.447046 -0.079831 2.056764 0.000000 0.000000 0.740482 -0.000002 0.007173 -0.014980 -0.000004 -0.015017 0.027776 4.260386 -0.094452 1.375350 0.000000 0.000000 0.754839 0.000000 0.009448 0.000229 -0.000006 -0.022452 0.026332 -6.917769 0.291382 2.291170 0.000000 0.000000 0.754038 -0.000001 0.004175 -0.008146 -0.000001 -0.009275 0.012467 0.441624 -0.014543 2.538997 22.527318 4.100875 -0.052218 50.510728 2.234687 16.170238 -0.000000 53.030479 -0.000000 -0.080308 0.004629 -0.724563 0.000000 0.000000 0.472622 0.000000 0.000000 0.008252 0.000000 0.000000 -0.001366 -7.969741 -5.107087 -8.050663 0.000000 0.000000 0.467721 0.000000 0.000000 -0.015015 0.000000 0.000000 0.025121 6.271931 -1.933901 -4.817211 0.000000 0.000000 0.481966 0.000000 0.000000 -0.004083 0.000000 0.000000 -0.000628 -1.013052 -2.505694 -6.799366 0.000000 0.000000 0.479930 0.000000 0.000000 0.003389 0.000000 0.000000 -0.007978 -3.109834 -2.403556 -3.139792 0.000035 0.004242 0.480870 0.000001 -0.004242 0.042897 0.000000 0.000000 0.013196 -4.610124 -2.491975 -2.359596 7.320871 -5.103401 -10.717120 0.000000 0.000000 55.892396 0.140478 16.107661 -35.440546 0.000000 0.000000 0.000000 9.332760 -1.398515 -30.609586 0.000000 0.000000 57.372794 -3.780427 -3.686563 -27.971182 0.000000 0.000000 -0.000003 
-17.053000 79.696600 -18.268500 -7.518130 5.036883 1.668059 -0.915579 -0.049656 -4.915652 -1.825826 0.329138 7.279995 -4.675159 -22.987585 1.675946 2.412589 -0.916042 18.149285 11.597838 19.791967 -2.574662 0.000000 0.000000 0.000000 -27.953448 27.217021 -0.040261 -46.206152 -35.418631 30.679350 -0.000000 -50.264469 0.000000 0.080479 -0.005239 -0.988820 0.000000 0.000000 0.607176 0.005215 0.000010 -0.110703 -0.012689 0.000454 -0.146434 0.022390 -0.001199 4.934506 0.000000 0.000000 0.746397 0.000014 0.006565 0.122572 -0.000022 -0.014325 0.164521 2.447046 -0.079831 2.056764 0.000000 0.000000 0.740482 -0.000002 0.007173 -0.014980 -0.000004 -0.015017 0.027776 4.260386 -0.094452 1.375350 0.000000 0.000000 0.754839 0.000000 0.009448 0.000229 -0.000006 -0.022452 0.026332 -6.917769 0.291382 2.291170 0.000000 0.000000 0.754038 -0.000001 0.004175 -0.008146 -0.000001 -0.009275 0.012467 0.441624 -0.014543 2.538997 22.308094 3.252148 -0.046673 47.453164 8.522290 13.922246 -0.000000 72.015129 -0.000000 -0.080308 0.004629 -0.724563 0.000000 0.000000 0.472622 0.000000 0.000000 0.008252 0.000000 0.000000 -0.001366 -7.969741 -5.107087 -8.050663 0.000000 0.000000 0.467721 0.000000 0.000000 -0.015015 0.000000 0.000000 0.025121 6.271931 -1.933901 -4.817211 0.000000 0.000000 0.481966 0.000000 0.000000 -0.004083 0.000000 0.000000 -0.000628 -1.013052 -2.505694 -6.799366 0.000000 0.000000 0.479930 0.000000 0.000000 0.003389 0.000000 0.000000 -0.007978 -3.109834 -2.403556 -3.139792 0.000035 0.004242 0.480870 0.000001 -0.004242 0.042897 0.000000 0.000000 0.013196 -4.610124 -2.491975 -2.359596 7.983385 -4.111000 -20.192019 0.000000 0.000000 66.562985 0.941635 9.060133 -19.302156 0.000000 0.000000 0.000000 8.247466 0.723292 -30.967812 0.000000 0.000000 55.248768 -1.680168 -2.748696 -26.516426 0.000000 0.000000 -0.000003 
-16.401000 81.077000 -18.452400 -5.697127 3.371922 2.327930 -1.802563 -0.055482 -5.372425 -2.108240 0.362530 7.214391 -4.598579 -21.676522 3.245550 1.825030 -0.614262 15.100260 10.043406 19.343817 -5.573444 0.000000 0.000000 0.000000 -27.785246 27.414727 -0.039835 -42.792570 -43.213492 27.371089 -0.000000 -70.583061 0.000000 0.080479 -0.005239 -0.988820 0.000000 0.000000 0.607176 0.005215 0.000010 -0.110703 -0.012689 0.000454 -0.146434 0.022390 -0.001199 4.934506 0.000000 0.000000 0.746397 0.000014 0.006565 0.122572 -0.000022 -0.014325 0.164521 2.447046 -0.079831 2.056764 0.000000 0.000000 0.740482 -0.000002 0.007173 -0.014980 -0.000004 -0.015017 0.027776 4.260386 -0.094452 1.375350 0.000000 0.000000 0.754839 0.000000 0.009448 0.000229 -0.000006 -0.022452 0.026332 -6.917769 0.291382 2.291170 0.000000 0.000000 0.754038 -0.000001 0.004175 -0.008146 -0.000001 -0.009275 0.012467 0.441624 -0.014543 2.538997 22.640375 2.702899 -0.041724 43.217255 16.430139 9.963793 -180.000000 86.194138 -180.000000 -0.080308 0.004629 -0.724563 0.000000 0.000000 0.472622 0.000000 0.000000 0.008252 0.000000 0.000000 -0.001366 -7.969741 -5.107087 -8.050663 0.000000 0.000000 0.467721 0.000000 0.000000 -0.015015 0.000000 0.000000 0.025121 6.271931 -1.933901 -4.817211 0.000000 0.000000 0.481966 0.000000 0.000000 -0.004083 0.000000 0.000000 -0.000628 -1.013052 -2.505694 -6.799366 0.000000 0.000000 0.479930 0.000000 0.000000 0.003389 0.000000 0.000000 -0.007978 -3.109834 -2.403556 -3.139792 0.000035 0.004242 0.480870 0.000001 -0.004242 0.042897 0.000000 0.000000 0.013196 -4.610124 -2.491975 -2.359596 7.406182 -3.047585 -30.150797 0.000000 0.000000 80.170198 -1.912646 5.966858 -16.637766 0.000000 0.000000 0.000000 5.676072 2.242176 -29.574564 0.000000 0.000000 51.539040 -0.068673 -1.798236 -24.606680 0.000000 0.000000 -0.000003 
-15.999700 82.315700 -18.761100 -3.892149 1.320189 1.123666 -2.163774 -0.359785 -4.213080 -2.746829 0.186528 7.593745 -5.200390 -19.288623 3.582391 1.730306 -0.627537 14.149006 9.223680 18.398175 -6.287774 0.000000 0.000000 0.000000 -26.776965 27.255883 -0.035704 -39.558884 -51.390811 21.510193 -0.000000 -88.714180 0.000000 0.080479 -0.005239 -0.988820 0.000000 0.000000 0.607176 0.005215 0.000010 -0.110703 -0.012689 0.000454 -0.146434 0.022390 -0.001199 4.934506 0.000000 0.000000 0.746397 0.000014 0.006565 0.122572 -0.000022 -0.014325 0.164521 2.447046 -0.079831 2.056764 0.000000 0.000000 0.740482 -0.000002 0.007173 -0.014980 -0.000004 -0.015017 0.027776 4.260386 -0.094452 1.375350 0.000000 0.000000 0.754839 0.000000 0.009448 0.000229 -0.000006 -0.022452 0.026332 -6.917769 0.291382 2.291170 0.000000 0.000000 0.754038 -0.000001 0.004175 -0.008146 -0.000001 -0.009275 0.012467 0.441624 -0.014543 2.538997 23.116787 2.638223 -0.042113 39.292149 25.444613 3.821063 -180.000000 69.205704 -180.000000 -0.080308 0.004629 -0.724563 0.000000 0.000000 0.472622 0.000000 0.000000 0.008252 0.000000 0.000000 -0.001366 -7.969741 -5.107087 -8.050663 0.000000 0.000000 0.467721 0.000000 0.000000 -0.015015 0.000000 0.000000 0.025121 6.271931 -1.933901 -4.817211 0.000000 0.000000 0.481966 0.000000 0.000000 -0.004083 0.000000 0.000000 -0.000628 -1.013052 -2.505694 -6.799366 0.000000 0.000000 0.479930 0.000000 0.000000 0.003389 0.000000 0.000000 -0.007978 -3.109834 -2.403556 -3.139792 0.000035 0.004242 0.480870 0.000001 -0.004242 0.042897 0.000000 0.000000 0.013196 -4.610124 -2.491975 -2.359596 6.577299 -1.294052 -38.148003 0.000000 0.000000 93.386694 -1.346921 5.542120 -18.111470 0.000000 0.000000 0.000000 3.281824 3.348519 -26.668316 0.000000 0.000000 47.998244 2.250506 0.022066 -22.603790 0.000000 0.000000 -0.000003 
-15.556900 83.262400 -19.104500 -1.843604 -1.329544 -0.550297 -2.464500 -0.274913 -2.397663 -3.288596 0.337777 7.955963 -5.955072 -17.566884 2.373796 0.889910 -0.305075 15.206008 7.808256 18.773147 -7.629351 0.000000 0.000000 0.000000 -25.212727 27.069170 -0.043659 -35.136587 -60.013537 12.860290 -180.000000 -79.569702 180.000000 0.080479 -0.005239 -0.988820 0.000000 0.000000 0.607176 0.005215 0.000010 -0.110703 -0.012689 0.000454 -0.146434 0.022390 -0.001199 4.934506 0.000000 0.000000 0.746397 0.000014 0.006565 0.122572 -0.000022 -0.014325 0.164521 2.447046 -0.079831 2.056764 0.000000 0.000000 0.740482 -0.000002 0.007173 -0.014980 -0.000004 -0.015017 0.027776 4.260386 -0.094452 1.375350 0.000000 0.000000 0.754839 0.000000 0.009448 0.000229 -0.000006 -0.022452 0.026332 -6.917769 0.291382 2.291170 0.000000 0.000000 0.754038 -0.000001 0.004175 -0.008146 -0.000001 -0.009275 0.012467 0.441624 -0.014543 2.538997 23.186291 2.795051 -0.041692 35.953804 35.214768 -4.032502 -180.000000 60.327103 -180.000000 -0.080308 0.004629 -0.724563 0.000000 0.000000 0.472622 0.000000 0.000000 0.008252 0.000000 0.000000 -0.001366 -7.969741 -5.107087 -8.050663 0.000000 0.000000 0.467721 0.000000 0.000000 -0.015015 0.000000 0.000000 0.025121 6.271931 -1.933901 -4.817211 0.000000 0.000000 0.481966 0.000000 0.000000 -0.004083 0.000000 0.000000 -0.000628 -1.013052 -2.505694 -6.799366 0.000000 0.000000 0.479930 0.000000 0.000000 0.003389 0.000000 0.000000 -0.007978 -3.109834 -2.403556 -3.139792 0.000035 0.004242 0.480870 0.000001 -0.004242 0.042897 0.000000 0.000000 0.013196 -4.610124 -2.491975 -2.359596 5.985021 0.213846 -43.245257 0.000000 0.000000 102.177424 -0.653323 8.116964 -19.943230 0.000000 0.000000 0.000000 0.763439 5.453155 -24.076262 0.000000 0.000000 45.539453 1.557690 1.945759 -20.963186 0.000000 0.000000 -0.000003 
-15.095000 84.581100 -18.488600 0.016967 -3.075476 -0.185097 -2.381851 -0.394091 -2.141160 -3.938850 0.225898 7.102049 -6.361284 -17.218782 2.008963 -1.100384 0.348181 14.401259 6.665527 18.668397 -7.339008 0.000000 0.000000 0.000000 -23.609290 27.302582 -0.061185 -25.859803 -68.979670 -0.355624 -180.000000 -74.664803 180.000000 0.080479 -0.005239 -0.988820 0.000000 0.000000 0.607176 0.005215 0.000010 -0.110703 -0.012689 0.000454 -0.146434 0.022390 -0.001199 4.934506 0.000000 0.000000 0.746397 0.000014 0.006565 0.122572 -0.000022 -0.014325 0.164521 2.447046 -0.079831 2.056764 0.000000 0.000000 0.740482 -0.000002 0.007173 -0.014980 -0.000004 -0.015017 0.027776 4.260386 -0.094452 1.375350 0.000000 0.000000 0.754839 0.000000 0.009448 0.000229 -0.000006 -0.022452 0.026332 -6.917769 0.291382 2.291170 0.000000 0.000000 0.754038 -0.000001 0.004175 -0.008146 -0.000001 -0.009275 0.012467 0.441624 -0.014543 2.538997 23.056713 2.928350 -0.041852 31.335036 45.116590 -13.243001 -180.000000 58.405701 -180.000000 -0.080308 0.004629 -0.724563 0.000000 0.000000 0.472622 0.000000 0.000000 0.008252 0.000000 0.000000 -0.001366 -7.969741 -5.107087 -8.050663 0.000000 0.000000 0.467721 0.000000 0.000000 -0.015015 0.000000 0.000000 0.025121 6.271931 -1.933901 -4.817211 0.000000 0.000000 0.481966 0.000000 0.000000 -0.004083 0.000000 0.000000 -0.000628 -1.013052 -2.505694 -6.799366 0.000000 0.000000 0.479930 0.000000 0.000000 0.003389 0.000000 0.000000 -0.007978 -3.109834 -2.403556 -3.139792 0.000035 0.004242 0.480870 0.000001 -0.004242 0.042897 0.000000 0.000000 0.013196 -4.610124 -2.491975 -2.359596 5.678085 1.151138 -45.040988 0.000000 0.000000 101.977657 0.437843 10.909917 -20.471850 0.000000 0.000000 0.000000 -1.665212 7.605232 -22.055990 0.000000 0.000000 41.472154 2.046541 2.766905 -19.415772 0.000000 0.000000 -0.000003 
-14.578500 85.877000 -17.378400 1.248081 -4.757451 0.916047 -2.277421 -0.349103 -1.857631 -4.182031 0.154725 5.282163 -6.057805 -17.040234 1.552573 -2.951035 0.931958 13.854053 6.230871 18.742377 -6.497163 0.000000 0.000000 0.000000 -22.108582 27.995543 -0.075800 -2.527199 -77.233557 -26.743288 -180.000000 -76.060097 180.000000 0.080479 -0.005239 -0.988820 0.000000 0.000000 0.607176 0.005215 0.000010 -0.110703 -0.012689 0.000454 -0.146434 0.022390 -0.001199 4.934506 0.000000 0.000000 0.746397 0.000014 0.006565 0.122572 -0.000022 -0.014325 0.164521 2.447046 -0.079831 2.056764 0.000000 0.000000 0.740482 -0.000002 0.007173 -0.014980 -0.000004 -0.015017 0.027776 4.260386 -0.094452 1.375350 0.000000 0.000000 0.754839 0.000000 0.009448 0.000229 -0.000006 -0.022452 0.026332 -6.917769 0.291382 2.291170 0.000000 0.000000 0.754038 -0.000001 0.004175 -0.008146 -0.000001 -0.009275 0.012467 0.441624 -0.014543 2.538997 23.126909 3.000609 -0.042002 23.487797 54.056372 -24.817097 -180.000000 62.252403 -180.000000 -0.080308 0.004629 -0.724563 0.000000 0.000000 0.472622 0.000000 0.000000 0.008252 0.000000 0.000000 -0.001366 -7.969741 -5.107087 -8.050663 0.000000 0.000000 0.467721 0.000000 0.000000 -0.015015 0.000000 0.000000 0.025121 6.271931 -1.933901 -4.817211 0.000000 0.000000 0.481966 0.000000 0.000000 -0.004083 0.000000 0.000000 -0.000628 -1.013052 -2.505694 -6.799366 0.000000 0.000000 0.479930 0.000000 0.000000 0.003389 0.000000 0.000000 -0.007978 -3.109834 -2.403556 -3.139792 0.000035 0.004242 0.480870 0.000001 -0.004242 0.042897 0.000000 0.000000 0.013196 -4.610124 -2.491975 -2.359596 6.054376 1.775764 -44.257325 0.000000 0.000000 96.543949 0.760016 11.904264 -21.670683 0.000000 0.000000 0.000000 -3.537789 10.401124 -19.996530 0.000000 0.000000 36.431154 3.457173 2.025112 -17.802171 0.000000 0.000000 -0.000003 
-14.305600 87.200900 -16.545300 2.529000 -5.832630 2.612629 -2.192476 -0.278833 -1.846120 -4.476428 0.103192 3.542501 -5.349198 -17.960593 0.148735 -4.736385 1.525995 14.593253 4.902709 19.823139 -6.061079 0.000000 0.000000 0.000000 -20.609380 29.045378 -0.085527 54.706028 -80.302127 -86.204769 -180.000000 -83.148727 180.000000 0.080479 -0.005239 -0.988820 0.000000 0.000000 0.607176 0.005215 0.000010 -0.110703 -0.012689 0.000454 -0.146434 0.022390 -0.001199 4.934506 0.000000 0.000000 0.746397 0.000014 0.006565 0.122572 -0.000022 -0.014325 0.164521 2.447046 -0.079831 2.056764 0.000000 0.000000 0.740482 -0.000002 0.007173 -0.014980 -0.000004 -0.015017 0.027776 4.260386 -0.094452 1.375350 0.000000 0.000000 0.754839 0.000000 0.009448 0.000229 -0.000006 -0.022452 0.026332 -6.917769 0.291382 2.291170 0.000000 0.000000 0.754038 -0.000001 0.004175 -0.008146 -0.000001 -0.009275 0.012467 0.441624 -0.014543 2.538997 23.396164 2.976883 -0.040926 12.327660 61.808549 -39.345981 -180.000000 71.842697 -180.000000 -0.080308 0.004629 -0.724563 0.000000 0.000000 0.472622 0.000000 0.000000 0.008252 0.000000 0.000000 -0.001366 -7.969741 -5.107087 -8.050663 0.000000 0.000000 0.467721 0.000000 0.000000 -0.015015 0.000000 0.000000 0.025121 6.271931 -1.933901 -4.817211 0.000000 0.000000 0.481966 0.000000 0.000000 -0.004083 0.000000 0.000000 -0.000628 -1.013052 -2.505694 -6.799366 0.000000 0.000000 0.479930 0.000000 0.000000 0.003389 0.000000 0.000000 -0.007978 -3.109834 -2.403556 -3.139792 0.000035 0.004242 0.480870 0.000001 -0.004242 0.042897 0.000000 0.000000 0.013196 -4.610124 -2.491975 -2.359596 6.350232 1.538034 -42.905374 0.000000 0.000000 87.858362 -0.085286 10.617469 -20.079661 0.000000 0.000000 0.000000 -5.774024 13.208810 -18.106947 0.000000 0.000000 29.989248 6.018405 1.171067 -15.393832 0.000000 0.000000 -0.000003 
-14.248400 88.007800 -15.589500 3.101168 -7.570526 5.098430 -1.599519 -0.245819 -2.186593 -4.359584 -0.034635 1.584101 -5.074351 -18.512336 -1.748810 -5.881719 2.063284 16.086280 4.418458 20.836587 -5.282581 0.000000 0.000000 0.000000 -19.390517 30.537781 -0.081989 99.546951 -72.717022 -131.368893 -0.000000 -84.987228 0.000000 0.080479 -0.005239 -0.988820 0.000000 0.000000 0.607176 0.005215 0.000010 -0.110703 -0.012689 0.000454 -0.146434 0.022390 -0.001199 4.934506 0.000000 0.000000 0.746397 0.000014 0.006565 0.122572 -0.000022 -0.014325 0.164521 2.447046 -0.079831 2.056764 0.000000 0.000000 0.740482 -0.000002 0.007173 -0.014980 -0.000004 -0.015017 0.027776 4.260386 -0.094452 1.375350 0.000000 0.000000 0.754839 0.000000 0.009448 0.000229 -0.000006 -0.022452 0.026332 -6.917769 0.291382 2.291170 0.000000 0.000000 0.754038 -0.000001 0.004175 -0.008146 -0.000001 -0.009275 0.012467 0.441624 -0.014543 2.538997 23.800247 2.822243 -0.039772 -4.195975 68.877351 -58.340471 -180.000000 87.176140 -180.000000 -0.080308 0.004629 -0.724563 0.000000 0.000000 0.472622 0.000000 0.000000 0.008252 0.000000 0.000000 -0.001366 -7.969741 -5.107087 -8.050663 0.000000 0.000000 0.467721 0.000000 0.000000 -0.015015 0.000000 0.000000 0.025121 6.271931 -1.933901 -4.817211 0.000000 0.000000 0.481966 0.000000 0.000000 -0.004083 0.000000 0.000000 -0.000628 -1.013052 -2.505694 -6.799366 0.000000 0.000000 0.479930 0.000000 0.000000 0.003389 0.000000 0.000000 -0.007978 -3.109834 -2.403556 -3.139792 0.000035 0.004242 0.480870 0.000001 -0.004242 0.042897 0.000000 0.000000 0.013196 -4.610124 -2.491975 -2.359596 6.589928 1.538134 -41.089665 0.000000 0.000000 77.243186 -0.830443 9.820739 -18.130486 0.000000 0.000000 0.000000 -7.831719 16.402095 -17.780280 0.000000 0.000000 24.741296 8.910458 1.304544 -13.552060 0.000000 0.000000 -0.000003 
-13.297700 88.449400 -14.452800 3.592100 -9.928464 8.558070 -1.693800 -0.321511 -3.435662 -4.090517 -0.285597 -0.775352 -3.983693 -18.775581 -2.579947 -7.289008 2.692237 16.332083 2.959985 20.079350 -5.524059 0.000000 0.000000 0.000000 -18.625511 32.256070 -0.070299 115.819426 -63.257754 -145.366581 -0.000000 -70.630142 0.000000 0.080479 -0.005239 -0.988820 0.000000 0.000000 0.607176 0.005215 0.000010 -0.110703 -0.012689 0.000454 -0.146434 0.022390 -0.001199 4.934506 0.000000 0.000000 0.746397 0.000014 0.006565 0.122572 -0.000022 -0.014325 0.164521 2.447046 -0.079831 2.056764 0.000000 0.000000 0.740482 -0.000002 0.007173 -0.014980 -0.000004 -0.015017 0.027776 4.260386 -0.094452 1.375350 0.000000 0.000000 0.754839 0.000000 0.009448 0.000229 -0.000006 -0.022452 0.026332 -6.917769 0.291382 2.291170 0.000000 0.000000 0.754038 -0.000001 0.004175 -0.008146 -0.000001 -0.009275 0.012467 0.441624 -0.014543 2.538997 24.215572 2.690256 -0.039953 -32.112992 73.651903 -86.585241 -0.000000 73.398064 -0.000000 -0.080308 0.004629 -0.724563 0.000000 0.000000 0.472622 0.000000 0.000000 0.008252 0.000000 0.000000 -0.001366 -7.969741 -5.107087 -8.050663 0.000000 0.000000 0.467721 0.000000 0.000000 -0.015015 0.000000 0.000000 0.025121 6.271931 -1.933901 -4.817211 0.000000 0.000000 0.481966 0.000000 0.000000 -0.004083 0.000000 0.000000 -0.000628 -1.013052 -2.505694 -6.799366 0.000000 0.000000 0.479930 0.000000 0.000000 0.003389 0.000000 0.000000 -0.007978 -3.109834 -2.403556 -3.139792 0.000035 0.004242 0.480870 0.000001 -0.004242 0.042897 0.000000 0.000000 0.013196 -4.610124 -2.491975 -2.359596 6.539242 1.235115 -38.253419 0.000000 0.000000 63.726910 -3.888284 8.582048 -15.921163 0.000000 0.000000 0.000000 -10.566865 19.511814 -19.233903 0.000000 0.000000 20.827520 11.973062 -1.254029 -12.926963 0.000000 0.000000 -0.000003 
-13.077400 88.870600 -13.584300 3.100413 -13.943221 11.626373 -1.061166 -0.339788 -4.846899 -3.531569 -0.442031 -2.574343 -3.625238 -17.130209 -2.521273 -8.298314 2.922096 15.433545 1.694731 18.332285 -5.837635 0.000000 0.000000 0.000000 -17.953950 33.495407 -0.057838 122.948197 -56.088188 -149.306464 -0.000000 -57.223961 0.000000 0.080479 -0.005239 -0.988820 0.000000 0.000000 0.607176 0.005215 0.000010 -0.110703 -0.012689 0.000454 -0.146434 0.022390 -0.001199 4.934506 0.000000 0.000000 0.746397 0.000014 0.006565 0.122572 -0.000022 -0.014325 0.164521 2.447046 -0.079831 2.056764 0.000000 0.000000 0.740482 -0.000002 0.007173 -0.014980 -0.000004 -0.015017 0.027776 4.260386 -0.094452 1.375350 0.000000 0.000000 0.754839 0.000000 0.009448 0.000229 -0.000006 -0.022452 0.026332 -6.917769 0.291382 2.291170 0.000000 0.000000 0.754038 -0.000001 0.004175 -0.008146 -0.000001 -0.009275 0.012467 0.441624 -0.014543 2.538997 24.397420 2.783001 -0.039799 -63.010396 73.844484 -115.878636 -0.000000 54.198158 -0.000000 -0.080308 0.004629 -0.724563 0.000000 0.000000 0.472622 0.000000 0.000000 0.008252 0.000000 0.000000 -0.001366 -7.969741 -5.107087 -8.050663 0.000000 0.000000 0.467721 0.000000 0.000000 -0.015015 0.000000 0.000000 0.025121 6.271931 -1.933901 -4.817211 0.000000 0.000000 0.481966 0.000000 0.000000 -0.004083 0.000000 0.000000 -0.000628 -1.013052 -2.505694 -6.799366 0.000000 0.000000 0.479930 0.000000 0.000000 0.003389 0.000000 0.000000 -0.007978 -3.109834 -2.403556 -3.139792 0.000035 0.004242 0.480870 0.000001 -0.004242 0.042897 0.000000 0.000000 0.013196 -4.610124 -2.491975 -2.359596 6.348818 2.160128 -32.478355 0.000000 0.000000 46.914766 -4.606848 10.329575 -10.232482 0.000000 0.000000 0.000000 -13.251085 24.154234 -21.950632 0.000000 0.000000 18.796005 14.564624 -9.825960 -12.675427 0.000000 0.000000 -0.000003 
-12.874700 88.068000 -12.622800 3.272366 -17.862992 11.238415 -1.378314 -0.121101 -4.160479 -3.339931 -0.158996 -2.180139 -2.697894 -15.909967 -3.057916 -9.286045 3.256365 14.974348 1.123087 15.917313 -5.735600 0.000000 0.000000 0.000000 -17.086638 33.555164 -0.037414 126.001522 -53.681069 -151.264928 -0.000000 -48.414761 0.000000 0.080479 -0.005239 -0.988820 0.000000 0.000000 0.607176 0.005215 0.000010 -0.110703 -0.012689 0.000454 -0.146434 0.022390 -0.001199 4.934506 0.000000 0.000000 0.746397 0.000014 0.006565 0.122572 -0.000022 -0.014325 0.164521 2.447046 -0.079831 2.056764 0.000000 0.000000 0.740482 -0.000002 0.007173 -0.014980 -0.000004 -0.015017 0.027776 4.260386 -0.094452 1.375350 0.000000 0.000000 0.754839 0.000000 0.009448 0.000229 -0.000006 -0.022452 0.026332 -6.917769 0.291382 2.291170 0.000000 0.000000 0.754038 -0.000001 0.004175 -0.008146 -0.000001 -0.009275 0.012467 0.441624 -0.014543 2.538997 24.384930 3.060277 -0.039441 -80.285018 72.757115 -131.482529 -0.000000 41.209160 -0.000000 -0.080308 0.004629 -0.724563 0.000000 0.000000 0.472622 0.000000 0.000000 0.008252 0.000000 0.000000 -0.001366 -7.969741 -5.107087 -8.050663 0.000000 0.000000 0.467721 0.000000 0.000000 -0.015015 0.000000 0.000000 0.025121 6.271931 -1.933901 -4.817211 0.000000 0.000000 0.481966 0.000000 0.000000 -0.004083 0.000000 0.000000 -0.000628 -1.013052 -2.505694 -6.799366 0.000000 0.000000 0.479930 0.000000 0.000000 0.003389 0.000000 0.000000 -0.007978 -3.109834 -2.403556 -3.139792 0.000035 0.004242 0.480870 0.000001 -0.004242 0.042897 0.000000 0.000000 0.013196 -4.610124 -2.491975 -2.359596 4.777558 5.090006 -27.776219 0.000000 0.000000 39.890508 -5.110337 9.039343 -9.664112 0.000000 0.000000 0.000000 -14.851886 25.899142 -23.786665 0.000000 0.000000 22.040555 15.270620 -15.772819 -16.715084 0.000000 0.000000 -0.000003 
-12.471000 86.672000 -12.262400 1.949414 -21.247153 10.086678 -0.135526 0.521997 -3.443561 -2.964808 0.477462 -1.000882 -2.194418 -14.841596 -3.020673 -9.259609 3.471170 16.314393 -1.453148 14.198382 -7.154690 0.000000 0.000000 0.000000 -16.330164 32.235944 -0.034435 127.197765 -56.671734 -154.935203 -0.000000 -46.904369 0.000000 0.080479 -0.005239 -0.988820 0.000000 0.000000 0.607176 0.005215 0.000010 -0.110703 -0.012689 0.000454 -0.146434 0.022390 -0.001199 4.934506 0.000000 0.000000 0.746397 0.000014 0.006565 0.122572 -0.000022 -0.014325 0.164521 2.447046 -0.079831 2.056764 0.000000 0.000000 0.740482 -0.000002 0.007173 -0.014980 -0.000004 -0.015017 0.027776 4.260386 -0.094452 1.375350 0.000000 0.000000 0.754839 0.000000 0.009448 0.000229 -0.000006 -0.022452 0.026332 -6.917769 0.291382 2.291170 0.000000 0.000000 0.754038 -0.000001 0.004175 -0.008146 -0.000001 -0.009275 0.012467 0.441624 -0.014543 2.538997 24.633142 3.227449 -0.038738 -85.282430 75.188429 -136.521404 -0.000000 39.021999 -0.000000 -0.080308 0.004629 -0.724563 0.000000 0.000000 0.472622 0.000000 0.000000 0.008252 0.000000 0.000000 -0.001366 -7.969741 -5.107087 -8.050663 0.000000 0.000000 0.467721 0.000000 0.000000 -0.015015 0.000000 0.000000 0.025121 6.271931 -1.933901 -4.817211 0.000000 0.000000 0.481966 0.000000 0.000000 -0.004083 0.000000 0.000000 -0.000628 -1.013052 -2.505694 -6.799366 0.000000 0.000000 0.479930 0.000000 0.000000 0.003389 0.000000 0.000000 -0.007978 -3.109834 -2.403556 -3.139792 0.000035 0.004242 0.480870 0.000001 -0.004242 0.042897 0.000000 0.000000 0.013196 -4.610124 -2.491975 -2.359596 4.819753 9.560127 -23.821584 0.000000 0.000000 36.555148 -5.475486 5.541354 -11.418938 0.000000 0.000000 0.000000 -14.497610 26.701364 -26.928788 0.000000 0.000000 29.401538 15.852221 -19.321218 -19.910209 0.000000 0.000000 -0.000003 
-11.328100 85.352600 -12.855900 2.883126 -21.411733 8.052007 -0.864398 0.261106 -3.546838 -2.392386 0.360158 0.907576 -2.504052 -14.623216 -1.704021 -8.575179 3.070667 16.325373 -2.046786 6.571904 -7.127876 0.000000 0.000000 0.000000 -16.170894 29.808644 -0.063505 128.210151 -64.727242 -161.276404 -0.000000 -53.825081 0.000000 0.080479 -0.005239 -0.988820 0.000000 0.000000 0.607176 0.005215 0.000010 -0.110703 -0.012689 0.000454 -0.146434 0.022390 -0.001199 4.934506 0.000000 0.000000 0.746397 0.000014 0.006565 0.122572 -0.000022 -0.014325 0.164521 2.447046 -0.079831 2.056764 0.000000 0.000000 0.740482 -0.000002 0.007173 -0.014980 -0.000004 -0.015017 0.027776 4.260386 -0.094452 1.375350 0.000000 0.000000 0.754839 0.000000 0.009448 0.000229 -0.000006 -0.022452 0.026332 -6.917769 0.291382 2.291170 0.000000 0.000000 0.754038 -0.000001 0.004175 -0.008146 -0.000001 -0.009275 0.012467 0.441624 -0.014543 2.538997 25.327995 3.164555 -0.037828 -74.222415 81.421927 -127.580613 -0.000000 48.325611 -0.000000 -0.080308 0.004629 -0.724563 0.000000 0.000000 0.472622 0.000000 0.000000 0.008252 0.000000 0.000000 -0.001366 -7.969741 -5.107087 -8.050663 0.000000 0.000000 0.467721 0.000000 0.000000 -0.015015 0.000000 0.000000 0.025121 6.271931 -1.933901 -4.817211 0.000000 0.000000 0.481966 0.000000 0.000000 -0.004083 0.000000 0.000000 -0.000628 -1.013052 -2.505694 -6.799366 0.000000 0.000000 0.479930 0.000000 0.000000 0.003389 0.000000 0.000000 -0.007978 -3.109834 -2.403556 -3.139792 0.000035 0.004242 0.480870 0.000001 -0.004242 0.042897 0.000000 0.000000 0.013196 -4.610124 -2.491975 -2.359596 3.316664 11.690523 -22.921944 0.000000 0.000000 38.070641 -6.446354 4.586768 -17.186927 0.000000 0.000000 0.000000 -14.980016 23.292439 -28.946676 0.000000 0.000000 35.931610 11.399530 -21.280614 -19.947410 0.000000 0.000000 -0.000003 
-9.617200 83.255900 -14.581900 3.391440 -19.970709 5.014728 -0.982655 -0.012670 -0.853853 -2.098434 0.099209 1.688453 -1.858696 -14.733364 -1.630705 -8.463170 3.170215 17.032713 -1.828817 0.557877 -7.478929 0.000000 0.000000 0.000000 -16.678888 26.857140 -0.095500 131.649611 -77.183134 -170.999026 -0.000000 -68.242409 0.000000 0.080479 -0.005239 -0.988820 0.000000 0.000000 0.607176 0.005215 0.000010 -0.110703 -0.012689 0.000454 -0.146434 0.022390 -0.001199 4.934506 0.000000 0.000000 0.746397 0.000014 0.006565 0.122572 -0.000022 -0.014325 0.164521 2.447046 -0.079831 2.056764 0.000000 0.000000 0.740482 -0.000002 0.007173 -0.014980 -0.000004 -0.015017 0.027776 4.260386 -0.094452 1.375350 0.000000 0.000000 0.754839 0.000000 0.009448 0.000229 -0.000006 -0.022452 0.026332 -6.917769 0.291382 2.291170 0.000000 0.000000 0.754038 -0.000001 0.004175 -0.008146 -0.000001 -0.009275 0.012467 0.441624 -0.014543 2.538997 26.231945 3.044447 -0.038209 28.977537 83.526544 -26.935906 -0.000000 65.324707 -0.000000 -0.080308 0.004629 -0.724563 0.000000 0.000000 0.472622 0.000000 0.000000 0.008252 0.000000 0.000000 -0.001366 -7.969741 -5.107087 -8.050663 0.000000 0.000000 0.467721 0.000000 0.000000 -0.015015 0.000000 0.000000 0.025121 6.271931 -1.933901 -4.817211 0.000000 0.000000 0.481966 0.000000 0.000000 -0.004083 0.000000 0.000000 -0.000628 -1.013052 -2.505694 -6.799366 0.000000 0.000000 0.479930 0.000000 0.000000 0.003389 0.000000 0.000000 -0.007978 -3.109834 -2.403556 -3.139792 0.000035 0.004242 0.480870 0.000001 -0.004242 0.042897 0.000000 0.000000 0.013196 -4.610124 -2.491975 -2.359596 2.505774 12.287896 -23.568624 0.000000 0.000000 42.605892 -6.138637 2.781148 -23.597443 0.000000 0.000000 0.000000 -14.799143 18.246398 -30.750257 0.000000 0.000000 44.017277 8.548546 -21.160216 -20.697977 0.000000 0.000000 -0.000003 
-7.480100 81.496300 -15.314800 4.539381 -17.845200 4.449372 -1.260129 -0.600061 -0.774904 -2.225869 -0.438979 3.162729 -1.555255 -14.518724 -1.292036 -7.567473 2.760667 15.954429 -3.534111 7.433540 -10.851748 0.000000 0.000000 0.000000 -17.813458 24.252103 -0.105109 -84.571223 -85.337352 41.188266 -0.000000 -86.131340 0.000000 0.080479 -0.005239 -0.988820 0.000000 0.000000 0.607176 0.005215 0.000010 -0.110703 -0.012689 0.000454 -0.146434 0.022390 -0.001199 4.934506 0.000000 0.000000 0.746397 0.000014 0.006565 0.122572 -0.000022 -0.014325 0.164521 2.447046 -0.079831 2.056764 0.000000 0.000000 0.740482 -0.000002 0.007173 -0.014980 -0.000004 -0.015017 0.027776 4.260386 -0.094452 1.375350 0.000000 0.000000 0.754839 0.000000 0.009448 0.000229 -0.000006 -0.022452 0.026332 -6.917769 0.291382 2.291170 0.000000 0.000000 0.754038 -0.000001 0.004175 -0.008146 -0.000001 -0.009275 0.012467 0.441624 -0.014543 2.538997 27.234346 2.957823 -0.038762 55.239563 72.754121 -1.702673 -0.000000 84.023697 -0.000000 -0.080308 0.004629 -0.724563 0.000000 0.000000 0.472622 0.000000 0.000000 0.008252 0.000000 0.000000 -0.001366 -7.969741 -5.107087 -8.050663 0.000000 0.000000 0.467721 0.000000 0.000000 -0.015015 0.000000 0.000000 0.025121 6.271931 -1.933901 -4.817211 0.000000 0.000000 0.481966 0.000000 0.000000 -0.004083 0.000000 0.000000 -0.000628 -1.013052 -2.505694 -6.799366 0.000000 0.000000 0.479930 0.000000 0.000000 0.003389 0.000000 0.000000 -0.007978 -3.109834 -2.403556 -3.139792 0.000035 0.004242 0.480870 0.000001 -0.004242 0.042897 0.000000 0.000000 0.013196 -4.610124 -2.491975 -2.359596 0.112035 11.730657 -28.281397 0.000000 0.000000 49.548094 -2.830276 1.226138 -25.890707 0.000000 0.000000 0.000000 -16.111937 11.412086 -34.513639 0.000000 0.000000 49.737955 8.374698 -21.439899 -20.569199 0.000000 0.000000 -0.000003 
-4.973100 80.043700 -16.951400 6.103536 -16.761929 6.063975 -2.267943 -0.744815 -1.823729 -1.671210 -0.575501 3.819168 -1.565084 -16.062120 -0.736999 -7.495834 1.927729 12.298586 -4.667260 10.438350 -14.692306 0.000000 0.000000 0.000000 -19.545612 22.888874 -0.067760 -54.741755 -72.711863 12.813427 -180.000000 -78.646301 180.000000 0.080479 -0.005239 -0.988820 0.000000 0.000000 0.607176 0.005215 0.000010 -0.110703 -0.012689 0.000454 -0.146434 0.022390 -0.001199 4.934506 0.000000 0.000000 0.746397 0.000014 0.006565 0.122572 -0.000022 -0.014325 0.164521 2.447046 -0.079831 2.056764 0.000000 0.000000 0.740482 -0.000002 0.007173 -0.014980 -0.000004 -0.015017 0.027776 4.260386 -0.094452 1.375350 0.000000 0.000000 0.754839 0.000000 0.009448 0.000229 -0.000006 -0.022452 0.026332 -6.917769 0.291382 2.291170 0.000000 0.000000 0.754038 -0.000001 0.004175 -0.008146 -0.000001 -0.009275 0.012467 0.441624 -0.014543 2.538997 28.122136 2.894237 -0.038560 60.366897 62.328514 4.798582 -180.000000 80.362343 -180.000000 -0.080308 0.004629 -0.724563 0.000000 0.000000 0.472622 0.000000 0.000000 0.008252 0.000000 0.000000 -0.001366 -7.969741 -5.107087 -8.050663 0.000000 0.000000 0.467721 0.000000 0.000000 -0.015015 0.000000 0.000000 0.025121 6.271931 -1.933901 -4.817211 0.000000 0.000000 0.481966 0.000000 0.000000 -0.004083 0.000000 0.000000 -0.000628 -1.013052 -2.505694 -6.799366 0.000000 0.000000 0.479930 0.000000 0.000000 0.003389 0.000000 0.000000 -0.007978 -3.109834 -2.403556 -3.139792 0.000035 0.004242 0.480870 0.000001 -0.004242 0.042897 0.000000 0.000000 0.013196 -4.610124 -2.491975 -2.359596 -3.202332 10.754446 -34.846555 0.000000 0.000000 54.507816 -3.193348 0.517377 -26.738547 0.000000 0.000000 0.000000 -18.061702 5.250598 -40.522947 0.000000 0.000000 53.935705 10.491290 -22.623710 -19.802618 0.000000 0.000000 -0.000003 
-4.542600 79.645900 -19.339100 5.272987 -16.065630 6.783565 -1.115807 -0.377450 -1.327114 -1.903786 -0.210767 4.704924 -1.577822 -18.647667 1.354760 -4.847304 0.995180 7.340321 -5.449589 13.794913 -18.140153 0.000000 0.000000 0.000000 -21.435537 23.072344 -0.016702 -45.456922 -63.334240 10.122102 -180.000000 -69.821800 180.000000 0.080479 -0.005239 -0.988820 0.000000 0.000000 0.607176 0.005215 0.000010 -0.110703 -0.012689 0.000454 -0.146434 0.022390 -0.001199 4.934506 0.000000 0.000000 0.746397 0.000014 0.006565 0.122572 -0.000022 -0.014325 0.164521 2.447046 -0.079831 2.056764 0.000000 0.000000 0.740482 -0.000002 0.007173 -0.014980 -0.000004 -0.015017 0.027776 4.260386 -0.094452 1.375350 0.000000 0.000000 0.754839 0.000000 0.009448 0.000229 -0.000006 -0.022452 0.026332 -6.917769 0.291382 2.291170 0.000000 0.000000 0.754038 -0.000001 0.004175 -0.008146 -0.000001 -0.009275 0.012467 0.441624 -0.014543 2.538997 28.703043 2.834978 -0.038561 61.798811 53.707685 10.033022 -180.000000 69.764702 -180.000000 -0.080308 0.004629 -0.724563 0.000000 0.000000 0.472622 0.000000 0.000000 0.008252 0.000000 0.000000 -0.001366 -7.969741 -5.107087 -8.050663 0.000000 0.000000 0.467721 0.000000 0.000000 -0.015015 0.000000 0.000000 0.025121 6.271931 -1.933901 -4.817211 0.000000 0.000000 0.481966 0.000000 0.000000 -0.004083 0.000000 0.000000 -0.000628 -1.013052 -2.505694 -6.799366 0.000000 0.000000 0.479930 0.000000 0.000000 0.003389 0.000000 0.000000 -0.007978 -3.109834 -2.403556 -3.139792 0.000035 0.004242 0.480870 0.000001 -0.004242 0.042897 0.000000 0.000000 0.013196 -4.610124 -2.491975 -2.359596 -2.835468 8.195239 -38.253032 0.000000 0.000000 56.074697 0.149671 4.221163 -25.283714 0.000000 0.000000 0.000000 -17.204925 1.038472 -45.052613 0.000000 0.000000 57.348982 9.344050 -17.008319 -13.595606 0.000000 0.000000 -0.000003 
-3.708000 79.303500 -21.041900 3.942933 -15.695597 8.303681 -0.487689 0.158191 -1.126817 -0.705512 0.208780 5.097973 -1.530345 -22.209089 2.858583 -3.100369 0.389287 3.980525 -6.410284 18.827822 -22.439716 0.000000 0.000000 0.000000 -23.127086 24.177796 -0.004460 -37.722244 -56.285247 11.187257 -180.000000 -66.589302 180.000000 0.080479 -0.005239 -0.988820 0.000000 0.000000 0.607176 0.005215 0.000010 -0.110703 -0.012689 0.000454 -0.146434 0.022390 -0.001199 4.934506 0.000000 0.000000 0.746397 0.000014 0.006565 0.122572 -0.000022 -0.014325 0.164521 2.447046 -0.079831 2.056764 0.000000 0.000000 0.740482 -0.000002 0.007173 -0.014980 -0.000004 -0.015017 0.027776 4.260386 -0.094452 1.375350 0.000000 0.000000 0.754839 0.000000 0.009448 0.000229 -0.000006 -0.022452 0.026332 -6.917769 0.291382 2.291170 0.000000 0.000000 0.754038 -0.000001 0.004175 -0.008146 -0.000001 -0.009275 0.012467 0.441624 -0.014543 2.538997 28.816908 2.882420 -0.038866 61.576339 45.740024 14.304383 -180.000000 62.818100 -180.000000 -0.080308 0.004629 -0.724563 0.000000 0.000000 0.472622 0.000000 0.000000 0.008252 0.000000 0.000000 -0.001366 -7.969741 -5.107087 -8.050663 0.000000 0.000000 0.467721 0.000000 0.000000 -0.015015 0.000000 0.000000 0.025121 6.271931 -1.933901 -4.817211 0.000000 0.000000 0.481966 0.000000 0.000000 -0.004083 0.000000 0.000000 -0.000628 -1.013052 -2.505694 -6.799366 0.000000 0.000000 0.479930 0.000000 0.000000 0.003389 0.000000 0.000000 -0.007978 -3.109834 -2.403556 -3.139792 0.000035 0.004242 0.480870 0.000001 -0.004242 0.042897 0.000000 0.000000 0.013196 -4.610124 -2.491975 -2.359596 -1.770156 6.241087 -41.704826 0.000000 0.000000 57.518821 -2.031932 6.006263 -24.582037 0.000000 0.000000 0.000000 -15.432251 -1.995139 -50.065829 0.000000 0.000000 62.519648 10.807985 -11.131285 -10.640844 0.000000 0.000000 -0.000003 
-2.667300 79.523100 -22.590800 1.955383 -15.400892 10.329310 0.319350 0.416817 -1.138133 0.953614 0.302583 5.428764 -1.222644 -24.461237 3.500225 -1.559161 0.123161 1.479561 -6.928924 22.483034 -26.432186 0.000000 0.000000 0.000000 -24.245906 25.489165 -0.022140 -32.765653 -49.904296 13.981894 -180.000000 -67.509598 180.000000 0.080479 -0.005239 -0.988820 0.000000 0.000000 0.607176 0.005215 0.000010 -0.110703 -0.012689 0.000454 -0.146434 0.022390 -0.001199 4.934506 0.000000 0.000000 0.746397 0.000014 0.006565 0.122572 -0.000022 -0.014325 0.164521 2.447046 -0.079831 2.056764 0.000000 0.000000 0.740482 -0.000002 0.007173 -0.014980 -0.000004 -0.015017 0.027776 4.260386 -0.094452 1.375350 0.000000 0.000000 0.754839 0.000000 0.009448 0.000229 -0.000006 -0.022452 0.026332 -6.917769 0.291382 2.291170 0.000000 0.000000 0.754038 -0.000001 0.004175 -0.008146 -0.000001 -0.009275 0.012467 0.441624 -0.014543 2.538997 28.630901 3.008944 -0.039180 60.290583 37.078856 16.880086 -180.000000 58.544601 -180.000000 -0.080308 0.004629 -0.724563 0.000000 0.000000 0.472622 0.000000 0.000000 0.008252 0.000000 0.000000 -0.001366 -7.969741 -5.107087 -8.050663 0.000000 0.000000 0.467721 0.000000 0.000000 -0.015015 0.000000 0.000000 0.025121 6.271931 -1.933901 -4.817211 0.000000 0.000000 0.481966 0.000000 0.000000 -0.004083 0.000000 0.000000 -0.000628 -1.013052 -2.505694 -6.799366 0.000000 0.000000 0.479930 0.000000 0.000000 0.003389 0.000000 0.000000 -0.007978 -3.109834 -2.403556 -3.139792 0.000035 0.004242 0.480870 0.000001 -0.004242 0.042897 0.000000 0.000000 0.013196 -4.610124 -2.491975 -2.359596 -0.636245 5.865723 -44.603069 0.000000 0.000000 57.367809 -1.125061 6.698999 -23.082390 0.000000 0.000000 0.000000 -12.685987 -3.775874 -54.824399 0.000000 0.000000 68.963268 14.234301 -7.279810 -10.886678 0.000000 0.000000 -0.000003 
-1.786500 79.976600 -24.393600 0.085550 -15.754388 12.715962 1.417067 0.638706 -1.495404 1.735487 0.496357 4.858534 -0.824642 -25.381880 4.142391 -0.892653 -0.003978 -0.855276 -6.089254 23.907612 -27.907205 0.000000 0.000000 0.000000 -24.692793 26.668845 -0.040039 -31.643630 -43.881912 17.791750 -180.000000 -72.679199 180.000000 0.080479 -0.005239 -0.988820 0.000000 0.000000 0.607176 0.005215 0.000010 -0.110703 -0.012689 0.000454 -0.146434 0.022390 -0.001199 4.934506 0.000000 0.000000 0.746397 0.000014 0.006565 0.122572 -0.000022 -0.014325 0.164521 2.447046 -0.079831 2.056764 0.000000 0.000000 0.740482 -0.000002 0.007173 -0.014980 -0.000004 -0.015017 0.027776 4.260386 -0.094452 1.375350 0.000000 0.000000 0.754839 0.000000 0.009448 0.000229 -0.000006 -0.022452 0.026332 -6.917769 0.291382 2.291170 0.000000 0.000000 0.754038 -0.000001 0.004175 -0.008146 -0.000001 -0.009275 0.012467 0.441624 -0.014543 2.538997 28.450236 3.052898 -0.039844 58.369615 27.701943 18.200355 -180.000000 58.438202 -180.000000 -0.080308 0.004629 -0.724563 0.000000 0.000000 0.472622 0.000000 0.000000 0.008252 0.000000 0.000000 -0.001366 -7.969741 -5.107087 -8.050663 0.000000 0.000000 0.467721 0.000000 0.000000 -0.015015 0.000000 0.000000 0.025121 6.271931 -1.933901 -4.817211 0.000000 0.000000 0.481966 0.000000 0.000000 -0.004083 0.000000 0.000000 -0.000628 -1.013052 -2.505694 -6.799366 0.000000 0.000000 0.479930 0.000000 0.000000 0.003389 0.000000 0.000000 -0.007978 -3.109834 -2.403556 -3.139792 0.000035 0.004242 0.480870 0.000001 -0.004242 0.042897 0.000000 0.000000 0.013196 -4.610124 -2.491975 -2.359596 0.400435 6.155689 -47.539400 0.000000 0.000000 56.373653 -4.120188 8.295139 -21.501607 0.000000 0.000000 0.000000 -9.331765 -4.308699 -59.399507 0.000000 0.000000 76.052966 13.454136 -6.493034 -12.016247 0.000000 0.000000 -0.000003 
-1.237300 80.288200 -25.450500 -0.632353 -16.209513 13.148925 1.737909 0.331104 -1.392930 2.267524 0.141339 5.169220 -0.946634 -24.098508 4.634827 -0.487393 -0.024784 -2.488414 -6.223011 23.967428 -27.913211 0.000000 0.000000 0.000000 -24.730863 27.578178 -0.046291 -33.788975 -38.154394 21.342020 -180.000000 -82.217827 180.000000 0.080479 -0.005239 -0.988820 0.000000 0.000000 0.607176 0.005215 0.000010 -0.110703 -0.012689 0.000454 -0.146434 0.022390 -0.001199 4.934506 0.000000 0.000000 0.746397 0.000014 0.006565 0.122572 -0.000022 -0.014325 0.164521 2.447046 -0.079831 2.056764 0.000000 0.000000 0.740482 -0.000002 0.007173 -0.014980 -0.000004 -0.015017 0.027776 4.260386 -0.094452 1.375350 0.000000 0.000000 0.754839 0.000000 0.009448 0.000229 -0.000006 -0.022452 0.026332 -6.917769 0.291382 2.291170 0.000000 0.000000 0.754038 -0.000001 0.004175 -0.008146 -0.000001 -0.009275 0.012467 0.441624 -0.014543 2.538997 28.267255 2.938456 -0.040788 56.079025 18.642075 19.146647 -180.000000 64.389099 -180.000000 -0.080308 0.004629 -0.724563 0.000000 0.000000 0.472622 0.000000 0.000000 0.008252 0.000000 0.000000 -0.001366 -7.969741 -5.107087 -8.050663 0.000000 0.000000 0.467721 0.000000 0.000000 -0.015015 0.000000 0.000000 0.025121 6.271931 -1.933901 -4.817211 0.000000 0.000000 0.481966 0.000000 0.000000 -0.004083 0.000000 0.000000 -0.000628 -1.013052 -2.505694 -6.799366 0.000000 0.000000 0.479930 0.000000 0.000000 0.003389 0.000000 0.000000 -0.007978 -3.109834 -2.403556 -3.139792 0.000035 0.004242 0.480870 0.000001 -0.004242 0.042897 0.000000 0.000000 0.013196 -4.610124 -2.491975 -2.359596 0.384089 6.125788 -48.197781 0.000000 0.000000 55.267624 -5.840443 11.564521 -20.497975 0.000000 0.000000 0.000000 -6.595987 -4.416865 -61.095265 0.000000 0.000000 83.088547 9.974763 -7.889678 -14.012870 0.000000 0.000000 -0.000003 
-0.709900 80.347600 -26.269200 -0.162910 -16.679720 12.904337 1.318912 -0.009689 -1.467284 2.088008 -0.186824 5.188626 -0.408939 -22.270259 4.291267 -1.423724 0.051822 -2.410156 -6.192935 22.248144 -26.327242 0.000000 0.000000 0.000000 -24.861326 28.210822 -0.043249 -37.682341 -32.240255 23.161305 -0.000000 -85.058693 0.000000 0.080479 -0.005239 -0.988820 0.000000 0.000000 0.607176 0.005215 0.000010 -0.110703 -0.012689 0.000454 -0.146434 0.022390 -0.001199 4.934506 0.000000 0.000000 0.746397 0.000014 0.006565 0.122572 -0.000022 -0.014325 0.164521 2.447046 -0.079831 2.056764 0.000000 0.000000 0.740482 -0.000002 0.007173 -0.014980 -0.000004 -0.015017 0.027776 4.260386 -0.094452 1.375350 0.000000 0.000000 0.754839 0.000000 0.009448 0.000229 -0.000006 -0.022452 0.026332 -6.917769 0.291382 2.291170 0.000000 0.000000 0.754038 -0.000001 0.004175 -0.008146 -0.000001 -0.009275 0.012467 0.441624 -0.014543 2.538997 27.846159 2.794562 -0.041551 53.517342 11.043528 20.356608 -180.000000 76.484398 -180.000000 -0.080308 0.004629 -0.724563 0.000000 0.000000 0.472622 0.000000 0.000000 0.008252 0.000000 0.000000 -0.001366 -7.969741 -5.107087 -8.050663 0.000000 0.000000 0.467721 0.000000 0.000000 -0.015015 0.000000 0.000000 0.025121 6.271931 -1.933901 -4.817211 0.000000 0.000000 0.481966 0.000000 0.000000 -0.004083 0.000000 0.000000 -0.000628 -1.013052 -2.505694 -6.799366 0.000000 0.000000 0.479930 0.000000 0.000000 0.003389 0.000000 0.000000 -0.007978 -3.109834 -2.403556 -3.139792 0.000035 0.004242 0.480870 0.000001 -0.004242 0.042897 0.000000 0.000000 0.013196 -4.610124 -2.491975 -2.359596 -0.284273 5.094645 -48.433136 0.000000 0.000000 54.457438 -6.226932 14.667035 -19.639655 0.000000 0.000000 0.000000 -4.925301 -4.749940 -60.807099 0.000000 0.000000 89.332410 7.378347 -9.540383 -16.800279 0.000000 0.000000 -0.000003 
-0.134500 80.289000 -26.215500 0.343546 -17.607390 12.211704 0.725341 -0.355818 -1.542444 1.749800 -0.510597 5.067913 0.164582 -20.512954 3.513935 -2.270151 0.149845 -0.619912 -6.058476 21.540948 -24.814479 0.000000 0.000000 0.000000 -25.424070 28.731502 -0.038469 -41.699637 -26.036111 22.430464 -0.000000 -70.331146 0.000000 0.080479 -0.005239 -0.988820 0.000000 0.000000 0.607176 0.005215 0.000010 -0.110703 -0.012689 0.000454 -0.146434 0.022390 -0.001199 4.934506 0.000000 0.000000 0.746397 0.000014 0.006565 0.122572 -0.000022 -0.014325 0.164521 2.447046 -0.079831 2.056764 0.000000 0.000000 0.740482 -0.000002 0.007173 -0.014980 -0.000004 -0.015017 0.027776 4.260386 -0.094452 1.375350 0.000000 0.000000 0.754839 0.000000 0.009448 0.000229 -0.000006 -0.022452 0.026332 -6.917769 0.291382 2.291170 0.000000 0.000000 0.754038 -0.000001 0.004175 -0.008146 -0.000001 -0.009275 0.012467 0.441624 -0.014543 2.538997 27.200686 2.744380 -0.040646 51.039490 5.582062 22.129565 -0.000000 86.425407 -0.000000 -0.080308 0.004629 -0.724563 0.000000 0.000000 0.472622 0.000000 0.000000 0.008252 0.000000 0.000000 -0.001366 -7.969741 -5.107087 -8.050663 0.000000 0.000000 0.467721 0.000000 0.000000 -0.015015 0.000000 0.000000 0.025121 6.271931 -1.933901 -4.817211 0.000000 0.000000 0.481966 0.000000 0.000000 -0.004083 0.000000 0.000000 -0.000628 -1.013052 -2.505694 -6.799366 0.000000 0.000000 0.479930 0.000000 0.000000 0.003389 0.000000 0.000000 -0.007978 -3.109834 -2.403556 -3.139792 0.000035 0.004242 0.480870 0.000001 -0.004242 0.042897 0.000000 0.000000 0.013196 -4.610124 -2.491975 -2.359596 -0.886931 4.296967 -47.941388 0.000000 0.000000 54.640941 -5.287492 16.117040 -19.617643 0.000000 0.000000 0.000000 -3.661339 -4.820802 -58.522383 0.000000 0.000000 94.170969 6.918934 -10.188159 -19.740086 0.000000 0.000000 -0.000003 
-0.005900 80.071800 -26.249800 -0.199655 -20.002327 12.795086 0.456055 0.027770 -2.925935 1.716117 -0.121201 4.556832 0.712839 -18.031580 2.216571 -2.630759 0.341874 2.798046 -6.381538 21.193648 -22.361601 0.000000 0.000000 0.000000 -26.244261 29.304669 -0.035912 -44.969274 -19.917899 19.141272 -0.000000 -54.106670 0.000000 0.080479 -0.005239 -0.988820 0.000000 0.000000 0.607176 0.005215 0.000010 -0.110703 -0.012689 0.000454 -0.146434 0.022390 -0.001199 4.934506 0.000000 0.000000 0.746397 0.000014 0.006565 0.122572 -0.000022 -0.014325 0.164521 2.447046 -0.079831 2.056764 0.000000 0.000000 0.740482 -0.000002 0.007173 -0.014980 -0.000004 -0.015017 0.027776 4.260386 -0.094452 1.375350 0.000000 0.000000 0.754839 0.000000 0.009448 0.000229 -0.000006 -0.022452 0.026332 -6.917769 0.291382 2.291170 0.000000 0.000000 0.754038 -0.000001 0.004175 -0.008146 -0.000001 -0.009275 0.012467 0.441624 -0.014543 2.538997 26.638450 2.895593 -0.040089 49.249467 1.969330 24.036198 -0.000000 66.142097 -0.000000 -0.080308 0.004629 -0.724563 0.000000 0.000000 0.472622 0.000000 0.000000 0.008252 0.000000 0.000000 -0.001366 -7.969741 -5.107087 -8.050663 0.000000 0.000000 0.467721 0.000000 0.000000 -0.015015 0.000000 0.000000 0.025121 6.271931 -1.933901 -4.817211 0.000000 0.000000 0.481966 0.000000 0.000000 -0.004083 0.000000 0.000000 -0.000628 -1.013052 -2.505694 -6.799366 0.000000 0.000000 0.479930 0.000000 0.000000 0.003389 0.000000 0.000000 -0.007978 -3.109834 -2.403556 -3.139792 0.000035 0.004242 0.480870 0.000001 -0.004242 0.042897 0.000000 0.000000 0.013196 -4.610124 -2.491975 -2.359596 -0.796821 5.396074 -48.371330 0.000000 0.000000 55.492938 -4.078757 15.658038 -22.952200 0.000000 0.000000 0.000000 -2.293870 -3.563744 -48.887628 0.000000 0.000000 88.713330 4.611312 -6.761835 -22.124046 0.000000 0.000000 -0.000003 
0.029800 79.519100 -25.839700 -0.558827 -21.709216 14.010528 -0.049251 -0.072049 -4.725728 1.429808 -0.157597 2.983516 1.297724 -14.879979 0.388059 -2.293479 0.423408 8.137525 -5.531292 19.091624 -17.985682 0.000000 0.000000 0.000000 -26.919779 30.055415 -0.038037 -47.003030 -14.244023 13.618517 -0.000000 -37.898880 0.000000 0.080479 -0.005239 -0.988820 0.000000 0.000000 0.607176 0.005215 0.000010 -0.110703 -0.012689 0.000454 -0.146434 0.022390 -0.001199 4.934506 0.000000 0.000000 0.746397 0.000014 0.006565 0.122572 -0.000022 -0.014325 0.164521 2.447046 -0.079831 2.056764 0.000000 0.000000 0.740482 -0.000002 0.007173 -0.014980 -0.000004 -0.015017 0.027776 4.260386 -0.094452 1.375350 0.000000 0.000000 0.754839 0.000000 0.009448 0.000229 -0.000006 -0.022452 0.026332 -6.917769 0.291382 2.291170 0.000000 0.000000 0.754038 -0.000001 0.004175 -0.008146 -0.000001 -0.009275 0.012467 0.441624 -0.014543 2.538997 26.427345 3.266458 -0.042861 48.354574 -0.248105 25.487712 -0.000000 45.393509 -0.000000 -0.080308 0.004629 -0.724563 0.000000 0.000000 0.472622 0.000000 0.000000 0.008252 0.000000 0.000000 -0.001366 -7.969741 -5.107087 -8.050663 0.000000 0.000000 0.467721 0.000000 0.000000 -0.015015 0.000000 0.000000 0.025121 6.271931 -1.933901 -4.817211 0.000000 0.000000 0.481966 0.000000 0.000000 -0.004083 0.000000 0.000000 -0.000628 -1.013052 -2.505694 -6.799366 0.000000 0.000000 0.479930 0.000000 0.000000 0.003389 0.000000 0.000000 -0.007978 -3.109834 -2.403556 -3.139792 0.000035 0.004242 0.480870 0.000001 -0.004242 0.042897 0.000000 0.000000 0.013196 -4.610124 -2.491975 -2.359596 -0.914148 6.359396 -49.803414 0.000000 0.000000 57.455774 -3.174295 13.026172 -26.800802 0.000000 0.000000 0.000000 -1.872762 -3.265082 -35.085798 0.000000 0.000000 72.182289 4.813540 -3.981635 -20.827771 0.000000 0.000000 -0.000003 
-0.038400 78.641900 -24.649800 -1.672516 -22.698697 12.978748 0.079109 0.171986 -3.918868 1.554273 0.105815 2.017965 1.961406 -13.381528 -2.204574 -1.855572 0.537529 14.431607 -5.184273 17.608295 -13.396442 0.000000 0.000000 0.000000 -27.177212 30.944127 -0.046661 -47.293484 -8.969853 6.438403 -0.000000 -24.982901 0.000000 0.080479 -0.005239 -0.988820 0.000000 0.000000 0.607176 0.005215 0.000010 -0.110703 -0.012689 0.000454 -0.146434 0.022390 -0.001199 4.934506 0.000000 0.000000 0.746397 0.000014 0.006565 0.122572 -0.000022 -0.014325 0.164521 2.447046 -0.079831 2.056764 0.000000 0.000000 0.740482 -0.000002 0.007173 -0.014980 -0.000004 -0.015017 0.027776 4.260386 -0.094452 1.375350 0.000000 0.000000 0.754839 0.000000 0.009448 0.000229 -0.000006 -0.022452 0.026332 -6.917769 0.291382 2.291170 0.000000 0.000000 0.754038 -0.000001 0.004175 -0.008146 -0.000001 -0.009275 0.012467 0.441624 -0.014543 2.538997 26.648007 3.854338 -0.046278 47.808248 -1.474231 26.120875 -0.000000 28.447140 -0.000000 -0.080308 0.004629 -0.724563 0.000000 0.000000 0.472622 0.000000 0.000000 0.008252 0.000000 0.000000 -0.001366 -7.969741 -5.107087 -8.050663 0.000000 0.000000 0.467721 0.000000 0.000000 -0.015015 0.000000 0.000000 0.025121 6.271931 -1.933901 -4.817211 0.000000 0.000000 0.481966 0.000000 0.000000 -0.004083 0.000000 0.000000 -0.000628 -1.013052 -2.505694 -6.799366 0.000000 0.000000 0.479930 0.000000 0.000000 0.003389 0.000000 0.000000 -0.007978 -3.109834 -2.403556 -3.139792 0.000035 0.004242 0.480870 0.000001 -0.004242 0.042897 0.000000 0.000000 0.013196 -4.610124 -2.491975 -2.359596 0.305535 6.813196 -49.013118 0.000000 0.000000 60.677209 -3.773007 9.095516 -29.408115 0.000000 0.000000 0.000000 -1.347689 -2.984228 -25.192011 0.000000 0.000000 61.926602 3.473542 -2.748856 -25.055074 0.000000 0.000000 -0.000003 
-0.542800 77.674700 -23.447000 -2.916905 -23.685845 12.450827 0.513480 0.095624 -3.600649 1.439973 0.003843 1.244124 2.586238 -11.397852 -4.628574 -1.519306 0.670803 21.519742 -4.860012 16.380463 -8.636061 0.000000 0.000000 0.000000 -26.864589 31.817570 -0.056770 -45.663785 -4.199162 -1.456923 -0.000000 -17.632910 0.000000 0.080479 -0.005239 -0.988820 0.000000 0.000000 0.607176 0.005215 0.000010 -0.110703 -0.012689 0.000454 -0.146434 0.022390 -0.001199 4.934506 0.000000 0.000000 0.746397 0.000014 0.006565 0.122572 -0.000022 -0.014325 0.164521 2.447046 -0.079831 2.056764 0.000000 0.000000 0.740482 -0.000002 0.007173 -0.014980 -0.000004 -0.015017 0.027776 4.260386 -0.094452 1.375350 0.000000 0.000000 0.754839 0.000000 0.009448 0.000229 -0.000006 -0.022452 0.026332 -6.917769 0.291382 2.291170 0.000000 0.000000 0.754038 -0.000001 0.004175 -0.008146 -0.000001 -0.009275 0.012467 0.441624 -0.014543 2.538997 27.097070 4.389411 -0.045168 47.173894 -1.432747 26.159294 -0.000000 18.463381 -0.000000 -0.080308 0.004629 -0.724563 0.000000 0.000000 0.472622 0.000000 0.000000 0.008252 0.000000 0.000000 -0.001366 -7.969741 -5.107087 -8.050663 0.000000 0.000000 0.467721 0.000000 0.000000 -0.015015 0.000000 0.000000 0.025121 6.271931 -1.933901 -4.817211 0.000000 0.000000 0.481966 0.000000 0.000000 -0.004083 0.000000 0.000000 -0.000628 -1.013052 -2.505694 -6.799366 0.000000 0.000000 0.479930 0.000000 0.000000 0.003389 0.000000 0.000000 -0.007978 -3.109834 -2.403556 -3.139792 0.000035 0.004242 0.480870 0.000001 -0.004242 0.042897 0.000000 0.000000 0.013196 -4.610124 -2.491975 -2.359596 2.244904 6.766842 -48.784914 0.000000 0.000000 63.938575 -4.807601 3.685764 -29.277475 0.000000 0.000000 0.000000 -0.686191 -2.714513 -16.896446 0.000000 0.000000 53.353884 3.158419 -1.499214 -36.544416 0.000000 0.000000 -0.000003 
-0.813400 76.304200 -23.328500 -3.659676 -24.612418 11.383993 0.726612 -0.048239 -3.126585 1.170158 -0.161870 1.205283 2.413141 -9.393548 -5.453977 -0.595888 0.309679 26.885499 -4.552702 15.217957 -6.623157 0.000000 0.000000 0.000000 -26.073128 32.534616 -0.060012 -42.364255 -0.420136 -9.097116 -0.000000 -15.210190 0.000000 0.080479 -0.005239 -0.988820 0.000000 0.000000 0.607176 0.005215 0.000010 -0.110703 -0.012689 0.000454 -0.146434 0.022390 -0.001199 4.934506 0.000000 0.000000 0.746397 0.000014 0.006565 0.122572 -0.000022 -0.014325 0.164521 2.447046 -0.079831 2.056764 0.000000 0.000000 0.740482 -0.000002 0.007173 -0.014980 -0.000004 -0.015017 0.027776 4.260386 -0.094452 1.375350 0.000000 0.000000 0.754839 0.000000 0.009448 0.000229 -0.000006 -0.022452 0.026332 -6.917769 0.291382 2.291170 0.000000 0.000000 0.754038 -0.000001 0.004175 -0.008146 -0.000001 -0.009275 0.012467 0.441624 -0.014543 2.538997 27.366624 4.586774 -0.042512 46.636234 0.631472 26.002475 -0.000000 15.680190 -0.000000 -0.080308 0.004629 -0.724563 0.000000 0.000000 0.472622 0.000000 0.000000 0.008252 0.000000 0.000000 -0.001366 -7.969741 -5.107087 -8.050663 0.000000 0.000000 0.467721 0.000000 0.000000 -0.015015 0.000000 0.000000 0.025121 6.271931 -1.933901 -4.817211 0.000000 0.000000 0.481966 0.000000 0.000000 -0.004083 0.000000 0.000000 -0.000628 -1.013052 -2.505694 -6.799366 0.000000 0.000000 0.479930 0.000000 0.000000 0.003389 0.000000 0.000000 -0.007978 -3.109834 -2.403556 -3.139792 0.000035 0.004242 0.480870 0.000001 -0.004242 0.042897 0.000000 0.000000 0.013196 -4.610124 -2.491975 -2.359596 3.346383 7.219996 -49.539051 0.000000 0.000000 67.706377 -3.562478 -0.520445 -27.963641 0.000000 0.000000 0.000000 -0.471475 -2.741961 -11.291812 0.000000 0.000000 47.652385 3.271204 0.068410 -45.255938 0.000000 0.000000 -0.000003 
-0.702700 75.203700 -23.563900 -4.766441 -26.472524 11.369128 0.603137 0.107371 -3.295818 1.577106 -0.007106 1.551767 2.555732 -7.723328 -5.095638 -0.684959 0.416285 29.584273 -4.375607 14.360947 -6.746343 0.000000 0.000000 0.000000 -25.140405 33.008608 -0.056295 -37.974088 2.428810 -16.011888 -0.000000 -15.820030 0.000000 0.080479 -0.005239 -0.988820 0.000000 0.000000 0.607176 0.005215 0.000010 -0.110703 -0.012689 0.000454 -0.146434 0.022390 -0.001199 4.934506 0.000000 0.000000 0.746397 0.000014 0.006565 0.122572 -0.000022 -0.014325 0.164521 2.447046 -0.079831 2.056764 0.000000 0.000000 0.740482 -0.000002 0.007173 -0.014980 -0.000004 -0.015017 0.027776 4.260386 -0.094452 1.375350 0.000000 0.000000 0.754839 0.000000 0.009448 0.000229 -0.000006 -0.022452 0.026332 -6.917769 0.291382 2.291170 0.000000 0.000000 0.754038 -0.000001 0.004175 -0.008146 -0.000001 -0.009275 0.012467 0.441624 -0.014543 2.538997 27.153747 4.475530 -0.043743 46.452355 4.634135 25.574813 -0.000000 19.184731 -0.000000 -0.080308 0.004629 -0.724563 0.000000 0.000000 0.472622 0.000000 0.000000 0.008252 0.000000 0.000000 -0.001366 -7.969741 -5.107087 -8.050663 0.000000 0.000000 0.467721 0.000000 0.000000 -0.015015 0.000000 0.000000 0.025121 6.271931 -1.933901 -4.817211 0.000000 0.000000 0.481966 0.000000 0.000000 -0.004083 0.000000 0.000000 -0.000628 -1.013052 -2.505694 -6.799366 0.000000 0.000000 0.479930 0.000000 0.000000 0.003389 0.000000 0.000000 -0.007978 -3.109834 -2.403556 -3.139792 0.000035 0.004242 0.480870 0.000001 -0.004242 0.042897 0.000000 0.000000 0.013196 -4.610124 -2.491975 -2.359596 4.209757 8.696585 -50.626350 0.000000 0.000000 70.723040 -4.038463 -0.268990 -29.265384 0.000000 0.000000 0.000000 -0.252624 -3.367628 -10.768824 0.000000 0.000000 47.781154 3.019811 1.299818 -49.045343 0.000000 0.000000 -0.000003 
-0.477000 74.894500 -24.450400 -6.544170 -28.182899 12.357707 1.012591 0.264486 -3.294938 2.360769 0.093867 1.915583 2.543814 -6.134991 -4.335436 -0.510865 0.290893 29.487470 -4.533638 13.794929 -7.391584 0.000000 0.000000 0.000000 -24.342186 33.275802 -0.053603 -33.143856 4.921457 -22.076207 -0.000000 -17.962870 0.000000 0.080479 -0.005239 -0.988820 0.000000 0.000000 0.607176 0.005215 0.000010 -0.110703 -0.012689 0.000454 -0.146434 0.022390 -0.001199 4.934506 0.000000 0.000000 0.746397 0.000014 0.006565 0.122572 -0.000022 -0.014325 0.164521 2.447046 -0.079831 2.056764 0.000000 0.000000 0.740482 -0.000002 0.007173 -0.014980 -0.000004 -0.015017 0.027776 4.260386 -0.094452 1.375350 0.000000 0.000000 0.754839 0.000000 0.009448 0.000229 -0.000006 -0.022452 0.026332 -6.917769 0.291382 2.291170 0.000000 0.000000 0.754038 -0.000001 0.004175 -0.008146 -0.000001 -0.009275 0.012467 0.441624 -0.014543 2.538997 26.441394 4.176545 -0.047347 46.768971 9.771587 24.690715 -0.000000 28.337240 -0.000000 -0.080308 0.004629 -0.724563 0.000000 0.000000 0.472622 0.000000 0.000000 0.008252 0.000000 0.000000 -0.001366 -7.969741 -5.107087 -8.050663 0.000000 0.000000 0.467721 0.000000 0.000000 -0.015015 0.000000 0.000000 0.025121 6.271931 -1.933901 -4.817211 0.000000 0.000000 0.481966 0.000000 0.000000 -0.004083 0.000000 0.000000 -0.000628 -1.013052 -2.505694 -6.799366 0.000000 0.000000 0.479930 0.000000 0.000000 0.003389 0.000000 0.000000 -0.007978 -3.109834 -2.403556 -3.139792 0.000035 0.004242 0.480870 0.000001 -0.004242 0.042897 0.000000 0.000000 0.013196 -4.610124 -2.491975 -2.359596 5.748654 9.350327 -51.796799 0.000000 0.000000 71.769894 -4.251806 1.213219 -29.157823 0.000000 0.000000 0.000000 0.272038 -5.545083 -14.454926 0.000000 0.000000 52.863952 3.050879 4.744017 -47.084060 0.000000 0.000000 -0.000003 
-0.474600 75.253700 -25.849700 -8.933893 -29.666811 15.566944 1.463352 0.523962 -4.394207 3.599997 0.257444 2.104052 3.823903 -5.506665 -3.484923 -1.774675 1.067952 27.099619 -5.919197 14.324079 -9.847172 0.000000 0.000000 0.000000 -23.679184 33.569712 -0.058408 -28.090955 7.542532 -27.201521 -0.000000 -20.526119 0.000000 0.080479 -0.005239 -0.988820 0.000000 0.000000 0.607176 0.005215 0.000010 -0.110703 -0.012689 0.000454 -0.146434 0.022390 -0.001199 4.934506 0.000000 0.000000 0.746397 0.000014 0.006565 0.122572 -0.000022 -0.014325 0.164521 2.447046 -0.079831 2.056764 0.000000 0.000000 0.740482 -0.000002 0.007173 -0.014980 -0.000004 -0.015017 0.027776 4.260386 -0.094452 1.375350 0.000000 0.000000 0.754839 0.000000 0.009448 0.000229 -0.000006 -0.022452 0.026332 -6.917769 0.291382 2.291170 0.000000 0.000000 0.754038 -0.000001 0.004175 -0.008146 -0.000001 -0.009275 0.012467 0.441624 -0.014543 2.538997 25.458300 3.776458 -0.049234 48.010631 15.458722 23.529179 -0.000000 42.080269 -0.000000 -0.080308 0.004629 -0.724563 0.000000 0.000000 0.472622 0.000000 0.000000 0.008252 0.000000 0.000000 -0.001366 -7.969741 -5.107087 -8.050663 0.000000 0.000000 0.467721 0.000000 0.000000 -0.015015 0.000000 0.000000 0.025121 6.271931 -1.933901 -4.817211 0.000000 0.000000 0.481966 0.000000 0.000000 -0.004083 0.000000 0.000000 -0.000628 -1.013052 -2.505694 -6.799366 0.000000 0.000000 0.479930 0.000000 0.000000 0.003389 0.000000 0.000000 -0.007978 -3.109834 -2.403556 -3.139792 0.000035 0.004242 0.480870 0.000001 -0.004242 0.042897 0.000000 0.000000 0.013196 -4.610124 -2.491975 -2.359596 8.056098 9.289199 -54.139548 0.000000 0.000000 71.175683 -4.759725 3.701044 -27.989612 0.000000 0.000000 0.000000 1.520742 -8.504755 -21.749763 0.000000 0.000000 59.667464 3.299796 10.607565 -39.923596 0.000000 0.000000 -0.000003 
-0.185300 76.070100 -27.004200 -10.790710 -30.847833 19.279089 2.210816 0.525616 -4.573244 4.698336 0.270639 1.167927 4.064069 -4.730530 -3.166232 -2.524262 1.297673 24.358663 -7.106109 13.558514 -14.133425 0.000000 0.000000 0.000000 -22.779108 34.101917 -0.070347 -22.959227 10.519955 -31.326600 -0.000000 -22.913540 0.000000 0.080479 -0.005239 -0.988820 0.000000 0.000000 0.607176 0.005215 0.000010 -0.110703 -0.012689 0.000454 -0.146434 0.022390 -0.001199 4.934506 0.000000 0.000000 0.746397 0.000014 0.006565 0.122572 -0.000022 -0.014325 0.164521 2.447046 -0.079831 2.056764 0.000000 0.000000 0.740482 -0.000002 0.007173 -0.014980 -0.000004 -0.015017 0.027776 4.260386 -0.094452 1.375350 0.000000 0.000000 0.754839 0.000000 0.009448 0.000229 -0.000006 -0.022452 0.026332 -6.917769 0.291382 2.291170 0.000000 0.000000 0.754038 -0.000001 0.004175 -0.008146 -0.000001 -0.009275 0.012467 0.441624 -0.014543 2.538997 24.587019 3.407960 -0.046397 50.764685 21.565319 22.719683 -0.000000 58.576561 -0.000000 -0.080308 0.004629 -0.724563 0.000000 0.000000 0.472622 0.000000 0.000000 0.008252 0.000000 0.000000 -0.001366 -7.969741 -5.107087 -8.050663 0.000000 0.000000 0.467721 0.000000 0.000000 -0.015015 0.000000 0.000000 0.025121 6.271931 -1.933901 -4.817211 0.000000 0.000000 0.481966 0.000000 0.000000 -0.004083 0.000000 0.000000 -0.000628 -1.013052 -2.505694 -6.799366 0.000000 0.000000 0.479930 0.000000 0.000000 0.003389 0.000000 0.000000 -0.007978 -3.109834 -2.403556 -3.139792 0.000035 0.004242 0.480870 0.000001 -0.004242 0.042897 0.000000 0.000000 0.013196 -4.610124 -2.491975 -2.359596 9.625790 9.354891 -56.354794 0.000000 0.000000 69.290180 -5.751703 5.606767 -26.430981 0.000000 0.000000 0.000000 3.117815 -12.458913 -30.301114 0.000000 0.000000 65.236993 4.451011 11.354596 -35.475015 0.000000 0.000000 -0.000003 
0.444900 77.550400 -27.996700 -11.405599 -31.699057 23.264333 2.385553 0.620601 -4.252339 5.441897 0.577826 -0.863819 4.736435 -4.788113 -3.826176 -4.008215 1.846178 21.005049 -8.685139 14.020300 -17.728643 0.000000 0.000000 0.000000 -21.461574 34.804647 -0.075066 -18.094304 13.621732 -34.426697 -0.000000 -25.055941 0.000000 0.080479 -0.005239 -0.988820 0.000000 0.000000 0.607176 0.005215 0.000010 -0.110703 -0.012689 0.000454 -0.146434 0.022390 -0.001199 4.934506 0.000000 0.000000 0.746397 0.000014 0.006565 0.122572 -0.000022 -0.014325 0.164521 2.447046 -0.079831 2.056764 0.000000 0.000000 0.740482 -0.000002 0.007173 -0.014980 -0.000004 -0.015017 0.027776 4.260386 -0.094452 1.375350 0.000000 0.000000 0.754839 0.000000 0.009448 0.000229 -0.000006 -0.022452 0.026332 -6.917769 0.291382 2.291170 0.000000 0.000000 0.754038 -0.000001 0.004175 -0.008146 -0.000001 -0.009275 0.012467 0.441624 -0.014543 2.538997 23.948247 3.266877 -0.043445 55.126208 28.259480 23.050452 -0.000000 75.892639 -0.000000 -0.080308 0.004629 -0.724563 0.000000 0.000000 0.472622 0.000000 0.000000 0.008252 0.000000 0.000000 -0.001366 -7.969741 -5.107087 -8.050663 0.000000 0.000000 0.467721 0.000000 0.000000 -0.015015 0.000000 0.000000 0.025121 6.271931 -1.933901 -4.817211 0.000000 0.000000 0.481966 0.000000 0.000000 -0.004083 0.000000 0.000000 -0.000628 -1.013052 -2.505694 -6.799366 0.000000 0.000000 0.479930 0.000000 0.000000 0.003389 0.000000 0.000000 -0.007978 -3.109834 -2.403556 -3.139792 0.000035 0.004242 0.480870 0.000001 -0.004242 0.042897 0.000000 0.000000 0.013196 -4.610124 -2.491975 -2.359596 9.626401 9.661964 -58.401690 0.000000 0.000000 65.316491 -6.461557 6.890473 -24.014973 0.000000 0.000000 0.000000 5.257415 -17.141609 -39.644477 0.000000 0.000000 68.358967 4.741717 8.558526 -33.144101 0.000000 0.000000 -0.000003 
1.033700 79.731500 -29.305300 -10.856097 -32.584135 26.278234 2.593225 0.664810 -3.524215 5.438390 0.850834 -2.818641 4.851781 -4.830418 -4.209453 -5.105934 1.888924 16.971670 -10.302516 13.384337 -21.701346 0.000000 0.000000 0.000000 -19.916234 35.241204 -0.059018 -13.850998 16.241370 -36.535503 -0.000000 -27.217899 0.000000 0.080479 -0.005239 -0.988820 0.000000 0.000000 0.607176 0.005215 0.000010 -0.110703 -0.012689 0.000454 -0.146434 0.022390 -0.001199 4.934506 0.000000 0.000000 0.746397 0.000014 0.006565 0.122572 -0.000022 -0.014325 0.164521 2.447046 -0.079831 2.056764 0.000000 0.000000 0.740482 -0.000002 0.007173 -0.014980 -0.000004 -0.015017 0.027776 4.260386 -0.094452 1.375350 0.000000 0.000000 0.754839 0.000000 0.009448 0.000229 -0.000006 -0.022452 0.026332 -6.917769 0.291382 2.291170 0.000000 0.000000 0.754038 -0.000001 0.004175 -0.008146 -0.000001 -0.009275 0.012467 0.441624 -0.014543 2.538997 23.392522 3.176966 -0.044421 60.718334 36.277643 25.618020 -180.000000 88.821831 -180.000000 -0.080308 0.004629 -0.724563 0.000000 0.000000 0.472622 0.000000 0.000000 0.008252 0.000000 0.000000 -0.001366 -7.969741 -5.107087 -8.050663 0.000000 0.000000 0.467721 0.000000 0.000000 -0.015015 0.000000 0.000000 0.025121 6.271931 -1.933901 -4.817211 0.000000 0.000000 0.481966 0.000000 0.000000 -0.004083 0.000000 0.000000 -0.000628 -1.013052 -2.505694 -6.799366 0.000000 0.000000 0.479930 0.000000 0.000000 0.003389 0.000000 0.000000 -0.007978 -3.109834 -2.403556 -3.139792 0.000035 0.004242 0.480870 0.000001 -0.004242 0.042897 0.000000 0.000000 0.013196 -4.610124 -2.491975 -2.359596 8.663937 9.897343 -58.852002 0.000000 0.000000 58.663114 -6.222829 8.250861 -20.126770 0.000000 0.000000 0.000000 7.880648 -21.797558 -48.080935 0.000000 0.000000 68.336171 4.814072 4.327863 -31.666943 0.000000 0.000000 -0.000003 
1.759200 82.121200 -30.705100 -9.391739 -33.231990 28.413559 3.107323 0.273848 -2.558087 4.719284 0.606920 -5.003361 4.671800 -2.513942 -4.133015 -6.086465 1.807276 13.398506 -11.893696 11.362294 -25.587514 0.000000 0.000000 0.000000 -18.553916 35.099328 -0.043346 -10.263944 17.609803 -37.764777 -0.000000 -29.417660 0.000000 0.080479 -0.005239 -0.988820 0.000000 0.000000 0.607176 0.005215 0.000010 -0.110703 -0.012689 0.000454 -0.146434 0.022390 -0.001199 4.934506 0.000000 0.000000 0.746397 0.000014 0.006565 0.122572 -0.000022 -0.014325 0.164521 2.447046 -0.079831 2.056764 0.000000 0.000000 0.740482 -0.000002 0.007173 -0.014980 -0.000004 -0.015017 0.027776 4.260386 -0.094452 1.375350 0.000000 0.000000 0.754839 0.000000 0.009448 0.000229 -0.000006 -0.022452 0.026332 -6.917769 0.291382 2.291170 0.000000 0.000000 0.754038 -0.000001 0.004175 -0.008146 -0.000001 -0.009275 0.012467 0.441624 -0.014543 2.538997 22.843778 2.989365 -0.044618 66.882869 45.313789 30.809797 -180.000000 77.895302 -180.000000 -0.080308 0.004629 -0.724563 0.000000 0.000000 0.472622 0.000000 0.000000 0.008252 0.000000 0.000000 -0.001366 -7.969741 -5.107087 -8.050663 0.000000 0.000000 0.467721 0.000000 0.000000 -0.015015 0.000000 0.000000 0.025121 6.271931 -1.933901 -4.817211 0.000000 0.000000 0.481966 0.000000 0.000000 -0.004083 0.000000 0.000000 -0.000628 -1.013052 -2.505694 -6.799366 0.000000 0.000000 0.479930 0.000000 0.000000 0.003389 0.000000 0.000000 -0.007978 -3.109834 -2.403556 -3.139792 0.000035 0.004242 0.480870 0.000001 -0.004242 0.042897 0.000000 0.000000 0.013196 -4.610124 -2.491975 -2.359596 7.009970 9.842547 -58.110172 0.000000 0.000000 50.160761 -6.276526 9.071802 -15.389592 0.000000 0.000000 0.000000 11.252609 -26.396245 -55.239740 0.000000 0.000000 65.074475 4.083604 0.619174 -30.937345 0.000000 0.000000 -0.000003 
2.102000 83.576200 -31.098800 -7.426165 -33.367746 28.534963 3.389736 0.184397 -1.701324 4.450656 0.562838 -5.580593 3.955708 -0.472014 -4.240795 -7.015165 1.878810 11.978314 -11.851770 8.705077 -27.405883 0.000000 0.000000 0.000000 -17.919407 34.655411 -0.048755 -7.097358 17.187788 -38.243523 -0.000000 -31.412689 0.000000 0.080479 -0.005239 -0.988820 0.000000 0.000000 0.607176 0.005215 0.000010 -0.110703 -0.012689 0.000454 -0.146434 0.022390 -0.001199 4.934506 0.000000 0.000000 0.746397 0.000014 0.006565 0.122572 -0.000022 -0.014325 0.164521 2.447046 -0.079831 2.056764 0.000000 0.000000 0.740482 -0.000002 0.007173 -0.014980 -0.000004 -0.015017 0.027776 4.260386 -0.094452 1.375350 0.000000 0.000000 0.754839 0.000000 0.009448 0.000229 -0.000006 -0.022452 0.026332 -6.917769 0.291382 2.291170 0.000000 0.000000 0.754038 -0.000001 0.004175 -0.008146 -0.000001 -0.009275 0.012467 0.441624 -0.014543 2.538997 22.366148 2.936354 -0.041968 72.765106 53.762864 37.427804 -180.000000 71.465401 -180.000000 -0.080308 0.004629 -0.724563 0.000000 0.000000 0.472622 0.000000 0.000000 0.008252 0.000000 0.000000 -0.001366 -7.969741 -5.107087 -8.050663 0.000000 0.000000 0.467721 0.000000 0.000000 -0.015015 0.000000 0.000000 0.025121 6.271931 -1.933901 -4.817211 0.000000 0.000000 0.481966 0.000000 0.000000 -0.004083 0.000000 0.000000 -0.000628 -1.013052 -2.505694 -6.799366 0.000000 0.000000 0.479930 0.000000 0.000000 0.003389 0.000000 0.000000 -0.007978 -3.109834 -2.403556 -3.139792 0.000035 0.004242 0.480870 0.000001 -0.004242 0.042897 0.000000 0.000000 0.013196 -4.610124 -2.491975 -2.359596 4.986573 9.589738 -56.407047 0.000000 0.000000 44.119541 -6.066792 8.943076 -12.411749 0.000000 0.000000 0.000000 14.670131 -31.043205 -59.401271 0.000000 0.000000 58.927365 3.300868 -1.320918 -30.992540 0.000000 0.000000 -0.000003 
2.494200 84.810000 -31.337000 -4.863734 -33.809015 28.103233 3.343860 0.315624 -0.933710 3.803220 0.729496 -6.166474 3.802292 0.922853 -4.116649 -8.743769 2.289478 11.144921 -12.497354 5.899918 -29.267642 0.000000 0.000000 0.000000 -18.432172 34.215657 -0.062855 -3.929136 15.377152 -38.220285 -0.000000 -33.261829 0.000000 0.080479 -0.005239 -0.988820 0.000000 0.000000 0.607176 0.005215 0.000010 -0.110703 -0.012689 0.000454 -0.146434 0.022390 -0.001199 4.934506 0.000000 0.000000 0.746397 0.000014 0.006565 0.122572 -0.000022 -0.014325 0.164521 2.447046 -0.079831 2.056764 0.000000 0.000000 0.740482 -0.000002 0.007173 -0.014980 -0.000004 -0.015017 0.027776 4.260386 -0.094452 1.375350 0.000000 0.000000 0.754839 0.000000 0.009448 0.000229 -0.000006 -0.022452 0.026332 -6.917769 0.291382 2.291170 0.000000 0.000000 0.754038 -0.000001 0.004175 -0.008146 -0.000001 -0.009275 0.012467 0.441624 -0.014543 2.538997 21.864069 3.096936 -0.040064 77.653082 60.467239 43.848687 -180.000000 67.645103 -180.000000 -0.080308 0.004629 -0.724563 0.000000 0.000000 0.472622 0.000000 0.000000 0.008252 0.000000 0.000000 -0.001366 -7.969741 -5.107087 -8.050663 0.000000 0.000000 0.467721 0.000000 0.000000 -0.015015 0.000000 0.000000 0.025121 6.271931 -1.933901 -4.817211 0.000000 0.000000 0.481966 0.000000 0.000000 -0.004083 0.000000 0.000000 -0.000628 -1.013052 -2.505694 -6.799366 0.000000 0.000000 0.479930 0.000000 0.000000 0.003389 0.000000 0.000000 -0.007978 -3.109834 -2.403556 -3.139792 0.000035 0.004242 0.480870 0.000001 -0.004242 0.042897 0.000000 0.000000 0.013196 -4.610124 -2.491975 -2.359596 1.234040 10.658735 -54.569120 0.000000 0.000000 38.035436 -4.088881 7.361649 -9.188397 0.000000 0.000000 0.000000 17.986502 -34.744392 -62.216606 0.000000 0.000000 50.399504 2.060774 -1.894852 -31.407526 0.000000 0.000000 -0.000003 
3.009200 85.802900 -31.354900 -1.474167 -33.739278 27.414531 3.515280 0.525410 -0.744075 2.598624 0.896245 -6.656069 3.596718 2.194062 -3.743902 -11.795111 2.905091 9.920165 -11.235471 1.621694 -30.068777 0.000000 0.000000 0.000000 -19.816775 33.662153 -0.078223 -0.916777 12.866028 -37.963606 -0.000000 -35.165272 0.000000 0.080479 -0.005239 -0.988820 0.000000 0.000000 0.607176 0.005215 0.000010 -0.110703 -0.012689 0.000454 -0.146434 0.022390 -0.001199 4.934506 0.000000 0.000000 0.746397 0.000014 0.006565 0.122572 -0.000022 -0.014325 0.164521 2.447046 -0.079831 2.056764 0.000000 0.000000 0.740482 -0.000002 0.007173 -0.014980 -0.000004 -0.015017 0.027776 4.260386 -0.094452 1.375350 0.000000 0.000000 0.754839 0.000000 0.009448 0.000229 -0.000006 -0.022452 0.026332 -6.917769 0.291382 2.291170 0.000000 0.000000 0.754038 -0.000001 0.004175 -0.008146 -0.000001 -0.009275 0.012467 0.441624 -0.014543 2.538997 21.198571 3.290651 -0.040828 80.490608 65.326532 48.356625 -180.000000 64.877800 -180.000000 -0.080308 0.004629 -0.724563 0.000000 0.000000 0.472622 0.000000 0.000000 0.008252 0.000000 0.000000 -0.001366 -7.969741 -5.107087 -8.050663 0.000000 0.000000 0.467721 0.000000 0.000000 -0.015015 0.000000 0.000000 0.025121 6.271931 -1.933901 -4.817211 0.000000 0.000000 0.481966 0.000000 0.000000 -0.004083 0.000000 0.000000 -0.000628 -1.013052 -2.505694 -6.799366 0.000000 0.000000 0.479930 0.000000 0.000000 0.003389 0.000000 0.000000 -0.007978 -3.109834 -2.403556 -3.139792 0.000035 0.004242 0.480870 0.000001 -0.004242 0.042897 0.000000 0.000000 0.013196 -4.610124 -2.491975 -2.359596 -4.527800 12.588716 -53.092607 0.000000 0.000000 31.801335 -0.905578 3.508078 -5.922652 0.000000 0.000000 0.000000 21.308207 -37.865014 -64.363480 0.000000 0.000000 39.866984 0.552246 -2.330192 -31.194093 0.000000 0.000000 -0.000003 
3.445500 86.522200 -30.964600 3.554248 -32.137234 24.576633 4.108004 0.075748 0.131470 0.452981 0.290070 -6.593027 2.896666 3.410599 -2.752606 -15.584660 3.130089 7.268983 -9.983882 -2.375050 -29.748948 0.000000 0.000000 0.000000 -21.419225 32.731197 -0.089419 1.396880 10.206270 -37.640787 -0.000000 -37.132011 0.000000 0.080479 -0.005239 -0.988820 0.000000 0.000000 0.607176 0.005215 0.000010 -0.110703 -0.012689 0.000454 -0.146434 0.022390 -0.001199 4.934506 0.000000 0.000000 0.746397 0.000014 0.006565 0.122572 -0.000022 -0.014325 0.164521 2.447046 -0.079831 2.056764 0.000000 0.000000 0.740482 -0.000002 0.007173 -0.014980 -0.000004 -0.015017 0.027776 4.260386 -0.094452 1.375350 0.000000 0.000000 0.754839 0.000000 0.009448 0.000229 -0.000006 -0.022452 0.026332 -6.917769 0.291382 2.291170 0.000000 0.000000 0.754038 -0.000001 0.004175 -0.008146 -0.000001 -0.009275 0.012467 0.441624 -0.014543 2.538997 20.351091 3.346473 -0.043613 79.692145 68.741858 49.126713 -180.000000 62.929100 -180.000000 -0.080308 0.004629 -0.724563 0.000000 0.000000 0.472622 0.000000 0.000000 0.008252 0.000000 0.000000 -0.001366 -7.969741 -5.107087 -8.050663 0.000000 0.000000 0.467721 0.000000 0.000000 -0.015015 0.000000 0.000000 0.025121 6.271931 -1.933901 -4.817211 0.000000 0.000000 0.481966 0.000000 0.000000 -0.004083 0.000000 0.000000 -0.000628 -1.013052 -2.505694 -6.799366 0.000000 0.000000 0.479930 0.000000 0.000000 0.003389 0.000000 0.000000 -0.007978 -3.109834 -2.403556 -3.139792 0.000035 0.004242 0.480870 0.000001 -0.004242 0.042897 0.000000 0.000000 0.013196 -4.610124 -2.491975 -2.359596 -7.999641 9.252020 -48.971820 0.000000 0.000000 25.049090 -0.324628 3.428435 -2.908869 0.000000 0.000000 0.000000 24.014054 -42.641777 -65.144765 0.000000 0.000000 27.482472 -0.426114 -2.378937 -28.833519 0.000000 0.000000 -0.000003 
3.842200 86.945900 -30.532600 9.329580 -30.552240 22.481134 3.622661 -0.286597 -0.833131 -1.899295 -0.318414 -5.984104 2.786367 5.716272 -2.005353 -19.563525 3.578018 5.890777 -7.634192 -8.466462 -27.669154 0.000000 0.000000 0.000000 -22.877164 31.505292 -0.086502 2.858474 7.962565 -37.299204 -0.000000 -38.996841 0.000000 0.080479 -0.005239 -0.988820 0.000000 0.000000 0.607176 0.005215 0.000010 -0.110703 -0.012689 0.000454 -0.146434 0.022390 -0.001199 4.934506 0.000000 0.000000 0.746397 0.000014 0.006565 0.122572 -0.000022 -0.014325 0.164521 2.447046 -0.079831 2.056764 0.000000 0.000000 0.740482 -0.000002 0.007173 -0.014980 -0.000004 -0.015017 0.027776 4.260386 -0.094452 1.375350 0.000000 0.000000 0.754839 0.000000 0.009448 0.000229 -0.000006 -0.022452 0.026332 -6.917769 0.291382 2.291170 0.000000 0.000000 0.754038 -0.000001 0.004175 -0.008146 -0.000001 -0.009275 0.012467 0.441624 -0.014543 2.538997 19.362710 3.279617 -0.044764 74.690209 70.848727 45.409898 -180.000000 61.829903 -180.000000 -0.080308 0.004629 -0.724563 0.000000 0.000000 0.472622 0.000000 0.000000 0.008252 0.000000 0.000000 -0.001366 -7.969741 -5.107087 -8.050663 0.000000 0.000000 0.467721 0.000000 0.000000 -0.015015 0.000000 0.000000 0.025121 6.271931 -1.933901 -4.817211 0.000000 0.000000 0.481966 0.000000 0.000000 -0.004083 0.000000 0.000000 -0.000628 -1.013052 -2.505694 -6.799366 0.000000 0.000000 0.479930 0.000000 0.000000 0.003389 0.000000 0.000000 -0.007978 -3.109834 -2.403556 -3.139792 0.000035 0.004242 0.480870 0.000001 -0.004242 0.042897 0.000000 0.000000 0.013196 -4.610124 -2.491975 -2.359596 -12.217765 5.737855 -45.266747 0.000000 0.000000 17.787174 -1.053362 3.303790 0.240444 0.000000 0.000000 0.000000 22.353355 -46.068881 -60.461436 0.000000 0.000000 11.245902 -0.514224 -1.778938 -16.227795 0.000000 0.000000 -0.000003 
4.181500 87.123700 -30.220600 11.562440 -29.812485 21.475927 5.246450 -0.062422 -0.739680 -3.106996 -0.166261 -5.213283 2.376383 7.430560 -1.440477 -23.327956 3.640330 4.677923 -6.987166 -11.340131 -26.999812 0.000000 0.000000 0.000000 -24.169878 30.470203 -0.070400 3.625544 6.646347 -36.901304 -0.000000 -40.786629 0.000000 0.080479 -0.005239 -0.988820 0.000000 0.000000 0.607176 0.005215 0.000010 -0.110703 -0.012689 0.000454 -0.146434 0.022390 -0.001199 4.934506 0.000000 0.000000 0.746397 0.000014 0.006565 0.122572 -0.000022 -0.014325 0.164521 2.447046 -0.079831 2.056764 0.000000 0.000000 0.740482 -0.000002 0.007173 -0.014980 -0.000004 -0.015017 0.027776 4.260386 -0.094452 1.375350 0.000000 0.000000 0.754839 0.000000 0.009448 0.000229 -0.000006 -0.022452 0.026332 -6.917769 0.291382 2.291170 0.000000 0.000000 0.754038 -0.000001 0.004175 -0.008146 -0.000001 -0.009275 0.012467 0.441624 -0.014543 2.538997 18.400195 3.221548 -0.043731 68.352411 71.566697 39.692856 -180.000000 61.343102 -180.000000 -0.080308 0.004629 -0.724563 0.000000 0.000000 0.472622 0.000000 0.000000 0.008252 0.000000 0.000000 -0.001366 -7.969741 -5.107087 -8.050663 0.000000 0.000000 0.467721 0.000000 0.000000 -0.015015 0.000000 0.000000 0.025121 6.271931 -1.933901 -4.817211 0.000000 0.000000 0.481966 0.000000 0.000000 -0.004083 0.000000 0.000000 -0.000628 -1.013052 -2.505694 -6.799366 0.000000 0.000000 0.479930 0.000000 0.000000 0.003389 0.000000 0.000000 -0.007978 -3.109834 -2.403556 -3.139792 0.000035 0.004242 0.480870 0.000001 -0.004242 0.042897 0.000000 0.000000 0.013196 -4.610124 -2.491975 -2.359596 -13.881709 4.401916 -42.910857 0.000000 0.000000 13.928223 -2.494029 3.240900 1.825583 0.000000 0.000000 0.000000 17.447714 -46.107608 -57.324058 0.000000 0.000000 9.422752 2.229687 -0.503060 -18.382619 0.000000 0.000000 -0.000003 
4.087400 87.123800 -29.632700 12.805432 -29.633805 20.932888 7.377843 -0.322584 0.851348 -4.670403 -0.467613 -6.301132 2.339853 9.399646 -1.255029 -25.994743 3.842104 4.144964 -6.722371 -12.274160 -26.222391 0.000000 0.000000 0.000000 -25.173480 29.927883 -0.055002 3.999500 6.253321 -36.445168 -0.000000 -42.382999 0.000000 0.080479 -0.005239 -0.988820 0.000000 0.000000 0.607176 0.005215 0.000010 -0.110703 -0.012689 0.000454 -0.146434 0.022390 -0.001199 4.934506 0.000000 0.000000 0.746397 0.000014 0.006565 0.122572 -0.000022 -0.014325 0.164521 2.447046 -0.079831 2.056764 0.000000 0.000000 0.740482 -0.000002 0.007173 -0.014980 -0.000004 -0.015017 0.027776 4.260386 -0.094452 1.375350 0.000000 0.000000 0.754839 0.000000 0.009448 0.000229 -0.000006 -0.022452 0.026332 -6.917769 0.291382 2.291170 0.000000 0.000000 0.754038 -0.000001 0.004175 -0.008146 -0.000001 -0.009275 0.012467 0.441624 -0.014543 2.538997 17.804569 3.183096 -0.042990 63.668074 71.202376 34.886230 -180.000000 61.235199 -180.000000 -0.080308 0.004629 -0.724563 0.000000 0.000000 0.472622 0.000000 0.000000 0.008252 0.000000 0.000000 -0.001366 -7.969741 -5.107087 -8.050663 0.000000 0.000000 0.467721 0.000000 0.000000 -0.015015 0.000000 0.000000 0.025121 6.271931 -1.933901 -4.817211 0.000000 0.000000 0.481966 0.000000 0.000000 -0.004083 0.000000 0.000000 -0.000628 -1.013052 -2.505694 -6.799366 0.000000 0.000000 0.479930 0.000000 0.000000 0.003389 0.000000 0.000000 -0.007978 -3.109834 -2.403556 -3.139792 0.000035 0.004242 0.480870 0.000001 -0.004242 0.042897 0.000000 0.000000 0.013196 -4.610124 -2.491975 -2.359596 -14.806184 4.015125 -42.092638 0.000000 0.000000 13.327560 -4.080900 3.139786 1.588874 0.000000 0.000000 0.000000 10.852605 -44.321976 -52.744836 0.000000 0.000000 8.879764 5.404801 1.258578 -21.374898 0.000000 0.000000 -0.000003 
3.739400 87.060800 -29.375400 13.765312 -29.879367 21.840176 8.608688 -0.414099 0.499201 -5.331588 -0.767020 -6.882848 1.824503 11.960971 -1.945090 -27.044578 4.763806 5.675055 -6.613695 -14.386447 -25.676286 0.000000 0.000000 0.000000 -25.726460 29.753424 -0.048370 4.233054 6.582116 -35.980644 -0.000000 -43.665741 0.000000 0.080479 -0.005239 -0.988820 0.000000 0.000000 0.607176 0.005215 0.000010 -0.110703 -0.012689 0.000454 -0.146434 0.022390 -0.001199 4.934506 0.000000 0.000000 0.746397 0.000014 0.006565 0.122572 -0.000022 -0.014325 0.164521 2.447046 -0.079831 2.056764 0.000000 0.000000 0.740482 -0.000002 0.007173 -0.014980 -0.000004 -0.015017 0.027776 4.260386 -0.094452 1.375350 0.000000 0.000000 0.754839 0.000000 0.009448 0.000229 -0.000006 -0.022452 0.026332 -6.917769 0.291382 2.291170 0.000000 0.000000 0.754038 -0.000001 0.004175 -0.008146 -0.000001 -0.009275 0.012467 0.441624 -0.014543 2.538997 17.813736 3.105651 -0.042845 60.407453 70.404448 31.408125 -180.000000 61.391998 -180.000000 -0.080308 0.004629 -0.724563 0.000000 0.000000 0.472622 0.000000 0.000000 0.008252 0.000000 0.000000 -0.001366 -7.969741 -5.107087 -8.050663 0.000000 0.000000 0.467721 0.000000 0.000000 -0.015015 0.000000 0.000000 0.025121 6.271931 -1.933901 -4.817211 0.000000 0.000000 0.481966 0.000000 0.000000 -0.004083 0.000000 0.000000 -0.000628 -1.013052 -2.505694 -6.799366 0.000000 0.000000 0.479930 0.000000 0.000000 0.003389 0.000000 0.000000 -0.007978 -3.109834 -2.403556 -3.139792 0.000035 0.004242 0.480870 0.000001 -0.004242 0.042897 0.000000 0.000000 0.013196 -4.610124 -2.491975 -2.359596 -15.614017 3.831596 -43.237031 0.000000 0.000000 13.559054 -5.003428 2.989757 1.164204 0.000000 0.000000 0.000000 10.604621 -43.458439 -54.412105 0.000000 0.000000 10.409253 2.626376 0.794157 -25.649508 0.000000 0.000000 -0.000003 
3.356100 86.953300 -29.184300 14.845257 -29.974871 21.623825 8.969869 -0.507711 1.286552 -6.069325 -0.967065 -7.824978 1.490026 13.032725 -2.514781 -27.421553 5.699540 6.987960 -5.739102 -15.113406 -25.370838 0.000000 0.000000 0.000000 -25.939269 29.878049 -0.047346 4.538267 7.349405 -35.535010 -0.000000 -44.569302 0.000000 0.080479 -0.005239 -0.988820 0.000000 0.000000 0.607176 0.005215 0.000010 -0.110703 -0.012689 0.000454 -0.146434 0.022390 -0.001199 4.934506 0.000000 0.000000 0.746397 0.000014 0.006565 0.122572 -0.000022 -0.014325 0.164521 2.447046 -0.079831 2.056764 0.000000 0.000000 0.740482 -0.000002 0.007173 -0.014980 -0.000004 -0.015017 0.027776 4.260386 -0.094452 1.375350 0.000000 0.000000 0.754839 0.000000 0.009448 0.000229 -0.000006 -0.022452 0.026332 -6.917769 0.291382 2.291170 0.000000 0.000000 0.754038 -0.000001 0.004175 -0.008146 -0.000001 -0.009275 0.012467 0.441624 -0.014543 2.538997 18.309529 3.047389 -0.043133 57.726114 69.595863 28.900049 -180.000000 61.609802 -180.000000 -0.080308 0.004629 -0.724563 0.000000 0.000000 0.472622 0.000000 0.000000 0.008252 0.000000 0.000000 -0.001366 -7.969741 -5.107087 -8.050663 0.000000 0.000000 0.467721 0.000000 0.000000 -0.015015 0.000000 0.000000 0.025121 6.271931 -1.933901 -4.817211 0.000000 0.000000 0.481966 0.000000 0.000000 -0.004083 0.000000 0.000000 -0.000628 -1.013052 -2.505694 -6.799366 0.000000 0.000000 0.479930 0.000000 0.000000 0.003389 0.000000 0.000000 -0.007978 -3.109834 -2.403556 -3.139792 0.000035 0.004242 0.480870 0.000001 -0.004242 0.042897 0.000000 0.000000 0.013196 -4.610124 -2.491975 -2.359596 -16.318232 3.766009 -43.469482 0.000000 0.000000 14.021421 -6.271256 2.824742 0.667183 0.000000 0.000000 0.000000 9.543278 -42.966062 -55.955122 0.000000 0.000000 13.659437 -0.565603 -0.381590 -28.348851 0.000000 0.000000 -0.000003 
2.312400 87.010400 -29.220300 14.709380 -30.112647 22.166825 9.044968 -0.322669 1.163571 -6.049385 -0.860229 -8.329968 1.034625 13.179184 -3.159093 -26.673326 6.336908 8.896328 -4.845187 -14.758930 -25.604777 0.000000 0.000000 0.000000 -25.911278 30.299477 -0.049724 4.959051 8.311321 -35.130192 -0.000000 -45.267750 0.000000 0.080479 -0.005239 -0.988820 0.000000 0.000000 0.607176 0.005215 0.000010 -0.110703 -0.012689 0.000454 -0.146434 0.022390 -0.001199 4.934506 0.000000 0.000000 0.746397 0.000014 0.006565 0.122572 -0.000022 -0.014325 0.164521 2.447046 -0.079831 2.056764 0.000000 0.000000 0.740482 -0.000002 0.007173 -0.014980 -0.000004 -0.015017 0.027776 4.260386 -0.094452 1.375350 0.000000 0.000000 0.754839 0.000000 0.009448 0.000229 -0.000006 -0.022452 0.026332 -6.917769 0.291382 2.291170 0.000000 0.000000 0.754038 -0.000001 0.004175 -0.008146 -0.000001 -0.009275 0.012467 0.441624 -0.014543 2.538997 19.020959 3.045026 -0.043490 55.834931 68.828153 27.450880 -180.000000 61.801697 -180.000000 -0.080308 0.004629 -0.724563 0.000000 0.000000 0.472622 0.000000 0.000000 0.008252 0.000000 0.000000 -0.001366 -7.969741 -5.107087 -8.050663 0.000000 0.000000 0.467721 0.000000 0.000000 -0.015015 0.000000 0.000000 0.025121 6.271931 -1.933901 -4.817211 0.000000 0.000000 0.481966 0.000000 0.000000 -0.004083 0.000000 0.000000 -0.000628 -1.013052 -2.505694 -6.799366 0.000000 0.000000 0.479930 0.000000 0.000000 0.003389 0.000000 0.000000 -0.007978 -3.109834 -2.403556 -3.139792 0.000035 0.004242 0.480870 0.000001 -0.004242 0.042897 0.000000 0.000000 0.013196 -4.610124 -2.491975 -2.359596 -15.825950 4.218092 -43.708949 0.000000 0.000000 14.017718 -6.119471 2.659613 0.497295 0.000000 0.000000 0.000000 9.652811 -42.118596 -57.851177 0.000000 0.000000 17.211551 -1.130290 -0.274295 -27.189435 0.000000 0.000000 -0.000003 
1.041200 87.068200 -29.804800 13.558361 -29.672816 22.565381 8.914444 -0.381313 1.213214 -5.815678 -0.931759 -8.730333 1.155884 12.841766 -3.808259 -25.141355 7.107729 10.877338 -4.279713 -13.929136 -25.425363 0.000000 0.000000 0.000000 -25.592731 30.973420 -0.055943 5.556585 9.160848 -34.806471 -0.000000 -45.811790 0.000000 0.080479 -0.005239 -0.988820 0.000000 0.000000 0.607176 0.005215 0.000010 -0.110703 -0.012689 0.000454 -0.146434 0.022390 -0.001199 4.934506 0.000000 0.000000 0.746397 0.000014 0.006565 0.122572 -0.000022 -0.014325 0.164521 2.447046 -0.079831 2.056764 0.000000 0.000000 0.740482 -0.000002 0.007173 -0.014980 -0.000004 -0.015017 0.027776 4.260386 -0.094452 1.375350 0.000000 0.000000 0.754839 0.000000 0.009448 0.000229 -0.000006 -0.022452 0.026332 -6.917769 0.291382 2.291170 0.000000 0.000000 0.754038 -0.000001 0.004175 -0.008146 -0.000001 -0.009275 0.012467 0.441624 -0.014543 2.538997 19.695567 3.075344 -0.043596 55.188268 67.952792 27.198359 -180.000000 62.045601 -180.000000 -0.080308 0.004629 -0.724563 0.000000 0.000000 0.472622 0.000000 0.000000 0.008252 0.000000 0.000000 -0.001366 -7.969741 -5.107087 -8.050663 0.000000 0.000000 0.467721 0.000000 0.000000 -0.015015 0.000000 0.000000 0.025121 6.271931 -1.933901 -4.817211 0.000000 0.000000 0.481966 0.000000 0.000000 -0.004083 0.000000 0.000000 -0.000628 -1.013052 -2.505694 -6.799366 0.000000 0.000000 0.479930 0.000000 0.000000 0.003389 0.000000 0.000000 -0.007978 -3.109834 -2.403556 -3.139792 0.000035 0.004242 0.480870 0.000001 -0.004242 0.042897 0.000000 0.000000 0.013196 -4.610124 -2.491975 -2.359596 -13.892218 4.864164 -43.438929 0.000000 0.000000 13.721668 -7.667838 2.570728 0.749102 0.000000 0.000000 0.000000 10.986185 -41.525999 -58.721989 0.000000 0.000000 19.584923 -1.909812 -0.220997 -25.569141 0.000000 0.000000 -0.000003 
-0.635900 87.055400 -30.709500 11.829410 -28.956114 22.807400 8.073689 -0.262128 0.455996 -5.171460 -0.822092 -8.234674 1.258246 11.923430 -4.418809 -22.559780 7.310318 13.217706 -2.798869 -12.184439 -24.877827 0.000000 0.000000 0.000000 -24.766561 31.694867 -0.063684 6.346647 9.713789 -34.583385 -0.000000 -46.069118 0.000000 0.080479 -0.005239 -0.988820 0.000000 0.000000 0.607176 0.005215 0.000010 -0.110703 -0.012689 0.000454 -0.146434 0.022390 -0.001199 4.934506 0.000000 0.000000 0.746397 0.000014 0.006565 0.122572 -0.000022 -0.014325 0.164521 2.447046 -0.079831 2.056764 0.000000 0.000000 0.740482 -0.000002 0.007173 -0.014980 -0.000004 -0.015017 0.027776 4.260386 -0.094452 1.375350 0.000000 0.000000 0.754839 0.000000 0.009448 0.000229 -0.000006 -0.022452 0.026332 -6.917769 0.291382 2.291170 0.000000 0.000000 0.754038 -0.000001 0.004175 -0.008146 -0.000001 -0.009275 0.012467 0.441624 -0.014543 2.538997 20.207285 3.109043 -0.043211 55.478816 66.907421 27.844188 -180.000000 62.585602 -180.000000 -0.080308 0.004629 -0.724563 0.000000 0.000000 0.472622 0.000000 0.000000 0.008252 0.000000 0.000000 -0.001366 -7.969741 -5.107087 -8.050663 0.000000 0.000000 0.467721 0.000000 0.000000 -0.015015 0.000000 0.000000 0.025121 6.271931 -1.933901 -4.817211 0.000000 0.000000 0.481966 0.000000 0.000000 -0.004083 0.000000 0.000000 -0.000628 -1.013052 -2.505694 -6.799366 0.000000 0.000000 0.479930 0.000000 0.000000 0.003389 0.000000 0.000000 -0.007978 -3.109834 -2.403556 -3.139792 0.000035 0.004242 0.480870 0.000001 -0.004242 0.042897 0.000000 0.000000 0.013196 -4.610124 -2.491975 -2.359596 -11.105622 5.644977 -43.273306 0.000000 0.000000 14.207128 -8.596031 2.455447 0.839956 0.000000 0.000000 0.000000 11.643782 -40.118033 -58.027693 0.000000 0.000000 21.756591 -2.555061 -0.115810 -25.238388 0.000000 0.000000 -0.000003 
-2.742800 87.070100 -31.494300 7.730275 -28.883345 23.205425 7.820516 0.344978 0.122663 -3.552514 -0.064549 -7.275437 1.283274 11.151392 -5.097686 -18.895250 7.099535 16.096381 -2.055005 -9.635503 -23.499384 0.000000 0.000000 0.000000 -23.230090 32.249939 -0.064148 7.269637 9.753306 -34.467200 -0.000000 -45.864811 0.000000 0.080479 -0.005239 -0.988820 0.000000 0.000000 0.607176 0.005215 0.000010 -0.110703 -0.012689 0.000454 -0.146434 0.022390 -0.001199 4.934506 0.000000 0.000000 0.746397 0.000014 0.006565 0.122572 -0.000022 -0.014325 0.164521 2.447046 -0.079831 2.056764 0.000000 0.000000 0.740482 -0.000002 0.007173 -0.014980 -0.000004 -0.015017 0.027776 4.260386 -0.094452 1.375350 0.000000 0.000000 0.754839 0.000000 0.009448 0.000229 -0.000006 -0.022452 0.026332 -6.917769 0.291382 2.291170 0.000000 0.000000 0.754038 -0.000001 0.004175 -0.008146 -0.000001 -0.009275 0.012467 0.441624 -0.014543 2.538997 20.481579 3.105838 -0.042851 56.240861 65.671508 29.031132 -180.000000 63.588402 -180.000000 -0.080308 0.004629 -0.724563 0.000000 0.000000 0.472622 0.000000 0.000000 0.008252 0.000000 0.000000 -0.001366 -7.969741 -5.107087 -8.050663 0.000000 0.000000 0.467721 0.000000 0.000000 -0.015015 0.000000 0.000000 0.025121 6.271931 -1.933901 -4.817211 0.000000 0.000000 0.481966 0.000000 0.000000 -0.004083 0.000000 0.000000 -0.000628 -1.013052 -2.505694 -6.799366 0.000000 0.000000 0.479930 0.000000 0.000000 0.003389 0.000000 0.000000 -0.007978 -3.109834 -2.403556 -3.139792 0.000035 0.004242 0.480870 0.000001 -0.004242 0.042897 0.000000 0.000000 0.013196 -4.610124 -2.491975 -2.359596 -6.434894 7.961189 -43.233680 0.000000 0.000000 16.820719 -8.282650 2.151644 -0.184871 0.000000 0.000000 0.000000 10.306945 -35.004135 -53.191182 0.000000 0.000000 22.404934 -2.856856 -0.829992 -23.039098 0.000000 0.000000 -0.000003 
-5.490800 87.187800 -32.462700 5.527753 -27.268738 22.580338 6.623320 0.239751 -0.397654 -2.244699 -0.058180 -6.451155 0.453246 10.386955 -6.143926 -14.767076 6.447286 19.449507 0.706192 -6.735048 -21.237550 0.000000 0.000000 0.000000 -21.070479 32.486685 -0.050064 8.286422 9.062309 -34.484063 -0.000000 -45.205330 0.000000 0.080479 -0.005239 -0.988820 0.000000 0.000000 0.607176 0.005215 0.000010 -0.110703 -0.012689 0.000454 -0.146434 0.022390 -0.001199 4.934506 0.000000 0.000000 0.746397 0.000014 0.006565 0.122572 -0.000022 -0.014325 0.164521 2.447046 -0.079831 2.056764 0.000000 0.000000 0.740482 -0.000002 0.007173 -0.014980 -0.000004 -0.015017 0.027776 4.260386 -0.094452 1.375350 0.000000 0.000000 0.754839 0.000000 0.009448 0.000229 -0.000006 -0.022452 0.026332 -6.917769 0.291382 2.291170 0.000000 0.000000 0.754038 -0.000001 0.004175 -0.008146 -0.000001 -0.009275 0.012467 0.441624 -0.014543 2.538997 20.589482 3.092779 -0.042650 57.040364 64.157864 30.413848 -180.000000 64.990997 -180.000000 -0.080308 0.004629 -0.724563 0.000000 0.000000 0.472622 0.000000 0.000000 0.008252 0.000000 0.000000 -0.001366 -7.969741 -5.107087 -8.050663 0.000000 0.000000 0.467721 0.000000 0.000000 -0.015015 0.000000 0.000000 0.025121 6.271931 -1.933901 -4.817211 0.000000 0.000000 0.481966 0.000000 0.000000 -0.004083 0.000000 0.000000 -0.000628 -1.013052 -2.505694 -6.799366 0.000000 0.000000 0.479930 0.000000 0.000000 0.003389 0.000000 0.000000 -0.007978 -3.109834 -2.403556 -3.139792 0.000035 0.004242 0.480870 0.000001 -0.004242 0.042897 0.000000 0.000000 0.013196 -4.610124 -2.491975 -2.359596 -3.720644 10.156136 -45.290029 0.000000 0.000000 22.569743 -8.420164 2.302440 2.086293 0.000000 0.000000 0.000000 9.718273 -32.029642 -49.922735 0.000000 0.000000 23.891622 -2.415814 -1.407359 -20.912679 0.000000 0.000000 -0.000003 
-6.998300 87.082100 -33.135000 3.277994 -27.335573 21.898929 5.032285 0.119157 -0.934591 -1.667565 -0.112851 -6.079872 1.113733 10.809927 -6.020419 -11.888204 5.907689 22.340667 2.011780 -5.841121 -19.613451 0.000000 0.000000 0.000000 -18.642268 32.298569 -0.023767 9.319135 7.398652 -34.673540 -0.000000 -43.884651 0.000000 0.080479 -0.005239 -0.988820 0.000000 0.000000 0.607176 0.005215 0.000010 -0.110703 -0.012689 0.000454 -0.146434 0.022390 -0.001199 4.934506 0.000000 0.000000 0.746397 0.000014 0.006565 0.122572 -0.000022 -0.014325 0.164521 2.447046 -0.079831 2.056764 0.000000 0.000000 0.740482 -0.000002 0.007173 -0.014980 -0.000004 -0.015017 0.027776 4.260386 -0.094452 1.375350 0.000000 0.000000 0.754839 0.000000 0.009448 0.000229 -0.000006 -0.022452 0.026332 -6.917769 0.291382 2.291170 0.000000 0.000000 0.754038 -0.000001 0.004175 -0.008146 -0.000001 -0.009275 0.012467 0.441624 -0.014543 2.538997 20.719826 3.129339 -0.042350 57.618782 62.311907 31.773702 -180.000000 66.675797 -180.000000 -0.080308 0.004629 -0.724563 0.000000 0.000000 0.472622 0.000000 0.000000 0.008252 0.000000 0.000000 -0.001366 -7.969741 -5.107087 -8.050663 0.000000 0.000000 0.467721 0.000000 0.000000 -0.015015 0.000000 0.000000 0.025121 6.271931 -1.933901 -4.817211 0.000000 0.000000 0.481966 0.000000 0.000000 -0.004083 0.000000 0.000000 -0.000628 -1.013052 -2.505694 -6.799366 0.000000 0.000000 0.479930 0.000000 0.000000 0.003389 0.000000 0.000000 -0.007978 -3.109834 -2.403556 -3.139792 0.000035 0.004242 0.480870 0.000001 -0.004242 0.042897 0.000000 0.000000 0.013196 -4.610124 -2.491975 -2.359596 0.734779 9.765870 -47.564952 0.000000 0.000000 29.102182 -7.432346 2.395432 4.686005 0.000000 0.000000 0.000000 6.947203 -25.600425 -45.817502 0.000000 0.000000 24.428560 -1.994642 -2.281548 -20.754994 0.000000 0.000000 -0.000003 
-8.893200 86.845500 -33.481000 0.556532 -27.638193 20.568031 3.602476 -0.046815 -1.253877 -0.420901 -0.158126 -4.660423 1.030218 12.398166 -6.495772 -9.006797 5.115888 25.619818 3.409708 -3.606127 -16.945797 0.000000 0.000000 0.000000 -16.268827 31.645029 -0.005091 10.489976 4.626575 -35.082087 -0.000000 -41.396091 0.000000 0.080479 -0.005239 -0.988820 0.000000 0.000000 0.607176 0.005215 0.000010 -0.110703 -0.012689 0.000454 -0.146434 0.022390 -0.001199 4.934506 0.000000 0.000000 0.746397 0.000014 0.006565 0.122572 -0.000022 -0.014325 0.164521 2.447046 -0.079831 2.056764 0.000000 0.000000 0.740482 -0.000002 0.007173 -0.014980 -0.000004 -0.015017 0.027776 4.260386 -0.094452 1.375350 0.000000 0.000000 0.754839 0.000000 0.009448 0.000229 -0.000006 -0.022452 0.026332 -6.917769 0.291382 2.291170 0.000000 0.000000 0.754038 -0.000001 0.004175 -0.008146 -0.000001 -0.009275 0.012467 0.441624 -0.014543 2.538997 21.104333 3.115905 -0.041469 58.406299 60.132159 33.309070 -180.000000 68.460899 -180.000000 -0.080308 0.004629 -0.724563 0.000000 0.000000 0.472622 0.000000 0.000000 0.008252 0.000000 0.000000 -0.001366 -7.969741 -5.107087 -8.050663 0.000000 0.000000 0.467721 0.000000 0.000000 -0.015015 0.000000 0.000000 0.025121 6.271931 -1.933901 -4.817211 0.000000 0.000000 0.481966 0.000000 0.000000 -0.004083 0.000000 0.000000 -0.000628 -1.013052 -2.505694 -6.799366 0.000000 0.000000 0.479930 0.000000 0.000000 0.003389 0.000000 0.000000 -0.007978 -3.109834 -2.403556 -3.139792 0.000035 0.004242 0.480870 0.000001 -0.004242 0.042897 0.000000 0.000000 0.013196 -4.610124 -2.491975 -2.359596 6.909430 6.230527 -49.173839 0.000000 0.000000 39.888909 -7.602329 2.728408 -1.579537 0.000000 0.000000 0.000000 5.473033 -19.559879 -41.891193 0.000000 0.000000 25.763675 0.360809 -2.625141 -20.807093 0.000000 0.000000 -0.000003 
-10.472300 86.748100 -33.088900 -1.901161 -27.202436 19.044400 2.075514 -0.096920 -1.868760 0.680827 -0.122772 -3.358028 1.174605 12.646801 -6.464736 -5.862675 3.643924 28.364077 4.814174 -0.870201 -13.696944 0.000000 0.000000 0.000000 -14.277206 30.724902 -0.008262 11.940594 1.192418 -35.703395 -0.000000 -37.681831 0.000000 0.080479 -0.005239 -0.988820 0.000000 0.000000 0.607176 0.005215 0.000010 -0.110703 -0.012689 0.000454 -0.146434 0.022390 -0.001199 4.934506 0.000000 0.000000 0.746397 0.000014 0.006565 0.122572 -0.000022 -0.014325 0.164521 2.447046 -0.079831 2.056764 0.000000 0.000000 0.740482 -0.000002 0.007173 -0.014980 -0.000004 -0.015017 0.027776 4.260386 -0.094452 1.375350 0.000000 0.000000 0.754839 0.000000 0.009448 0.000229 -0.000006 -0.022452 0.026332 -6.917769 0.291382 2.291170 0.000000 0.000000 0.754038 -0.000001 0.004175 -0.008146 -0.000001 -0.009275 0.012467 0.441624 -0.014543 2.538997 21.861425 3.037838 -0.041226 60.136526 57.575318 35.351418 -180.000000 69.852501 -180.000000 -0.080308 0.004629 -0.724563 0.000000 0.000000 0.472622 0.000000 0.000000 0.008252 0.000000 0.000000 -0.001366 -7.969741 -5.107087 -8.050663 0.000000 0.000000 0.467721 0.000000 0.000000 -0.015015 0.000000 0.000000 0.025121 6.271931 -1.933901 -4.817211 0.000000 0.000000 0.481966 0.000000 0.000000 -0.004083 0.000000 0.000000 -0.000628 -1.013052 -2.505694 -6.799366 0.000000 0.000000 0.479930 0.000000 0.000000 0.003389 0.000000 0.000000 -0.007978 -3.109834 -2.403556 -3.139792 0.000035 0.004242 0.480870 0.000001 -0.004242 0.042897 0.000000 0.000000 0.013196 -4.610124 -2.491975 -2.359596 11.381041 2.304890 -49.920595 0.000000 0.000000 49.868783 -6.744439 1.796258 -8.086648 0.000000 0.000000 0.000000 4.448010 -14.182321 -37.966003 0.000000 0.000000 26.380707 2.151951 -2.159851 -19.293399 0.000000 0.000000 -0.000003 
-11.875300 86.433200 -32.493800 -5.948889 -27.373684 18.942520 1.358219 -0.336377 -2.906978 2.552638 -0.288248 -2.449198 1.907958 13.143971 -6.424494 -3.777130 2.555628 30.948722 5.364242 2.410789 -10.294760 0.000000 0.000000 0.000000 -12.774789 29.805246 -0.021751 13.303564 -2.038538 -36.464260 -0.000000 -33.400131 0.000000 0.080479 -0.005239 -0.988820 0.000000 0.000000 0.607176 0.005215 0.000010 -0.110703 -0.012689 0.000454 -0.146434 0.022390 -0.001199 4.934506 0.000000 0.000000 0.746397 0.000014 0.006565 0.122572 -0.000022 -0.014325 0.164521 2.447046 -0.079831 2.056764 0.000000 0.000000 0.740482 -0.000002 0.007173 -0.014980 -0.000004 -0.015017 0.027776 4.260386 -0.094452 1.375350 0.000000 0.000000 0.754839 0.000000 0.009448 0.000229 -0.000006 -0.022452 0.026332 -6.917769 0.291382 2.291170 0.000000 0.000000 0.754038 -0.000001 0.004175 -0.008146 -0.000001 -0.009275 0.012467 0.441624 -0.014543 2.538997 22.953332 3.007858 -0.042820 62.833229 54.522147 37.625557 -180.000000 70.110298 -180.000000 -0.080308 0.004629 -0.724563 0.000000 0.000000 0.472622 0.000000 0.000000 0.008252 0.000000 0.000000 -0.001366 -7.969741 -5.107087 -8.050663 0.000000 0.000000 0.467721 0.000000 0.000000 -0.015015 0.000000 0.000000 0.025121 6.271931 -1.933901 -4.817211 0.000000 0.000000 0.481966 0.000000 0.000000 -0.004083 0.000000 0.000000 -0.000628 -1.013052 -2.505694 -6.799366 0.000000 0.000000 0.479930 0.000000 0.000000 0.003389 0.000000 0.000000 -0.007978 -3.109834 -2.403556 -3.139792 0.000035 0.004242 0.480870 0.000001 -0.004242 0.042897 0.000000 0.000000 0.013196 -4.610124 -2.491975 -2.359596 15.907075 -0.685945 -49.835448 0.000000 0.000000 57.565754 -7.352461 0.908594 -11.986978 0.000000 0.000000 0.000000 5.899933 -8.851865 -35.675829 0.000000 0.000000 27.183584 3.127671 -1.641650 -14.596494 0.000000 0.000000 -0.000003 
-13.654000 85.899000 -32.186900 -11.314020 -27.887911 19.296890 1.654285 0.071677 -3.380056 5.004258 0.127436 -1.677634 2.727857 12.313372 -6.430806 -3.094325 2.265746 33.343330 6.442026 4.617565 -8.028806 0.000000 0.000000 0.000000 -11.636178 29.036753 -0.033323 14.066981 -4.471848 -37.338111 -0.000000 -29.293039 0.000000 0.080479 -0.005239 -0.988820 0.000000 0.000000 0.607176 0.005215 0.000010 -0.110703 -0.012689 0.000454 -0.146434 0.022390 -0.001199 4.934506 0.000000 0.000000 0.746397 0.000014 0.006565 0.122572 -0.000022 -0.014325 0.164521 2.447046 -0.079831 2.056764 0.000000 0.000000 0.740482 -0.000002 0.007173 -0.014980 -0.000004 -0.015017 0.027776 4.260386 -0.094452 1.375350 0.000000 0.000000 0.754839 0.000000 0.009448 0.000229 -0.000006 -0.022452 0.026332 -6.917769 0.291382 2.291170 0.000000 0.000000 0.754038 -0.000001 0.004175 -0.008146 -0.000001 -0.009275 0.012467 0.441624 -0.014543 2.538997 24.318104 3.071205 -0.044647 65.406843 51.069930 39.265200 -180.000000 68.690498 -180.000000 -0.080308 0.004629 -0.724563 0.000000 0.000000 0.472622 0.000000 0.000000 0.008252 0.000000 0.000000 -0.001366 -7.969741 -5.107087 -8.050663 0.000000 0.000000 0.467721 0.000000 0.000000 -0.015015 0.000000 0.000000 0.025121 6.271931 -1.933901 -4.817211 0.000000 0.000000 0.481966 0.000000 0.000000 -0.004083 0.000000 0.000000 -0.000628 -1.013052 -2.505694 -6.799366 0.000000 0.000000 0.479930 0.000000 0.000000 0.003389 0.000000 0.000000 -0.007978 -3.109834 -2.403556 -3.139792 0.000035 0.004242 0.480870 0.000001 -0.004242 0.042897 0.000000 0.000000 0.013196 -4.610124 -2.491975 -2.359596 20.479572 -2.888564 -48.218799 0.000000 0.000000 62.659596 -8.262236 -0.820235 -12.167298 0.000000 0.000000 0.000000 10.043664 -5.461894 -33.572619 0.000000 0.000000 27.817568 3.845766 -2.215566 -8.002073 0.000000 0.000000 -0.000003 
-15.361900 85.207100 -31.854300 -14.716653 -28.047473 19.096840 0.888777 0.166916 -3.948894 6.536305 0.211813 -0.893027 3.709406 10.815260 -6.643389 -2.390445 1.869991 35.331653 7.363244 8.241305 -6.167829 0.000000 0.000000 0.000000 -10.824540 28.405099 -0.041886 14.159795 -5.624564 -38.323447 -0.000000 -25.910299 0.000000 0.080479 -0.005239 -0.988820 0.000000 0.000000 0.607176 0.005215 0.000010 -0.110703 -0.012689 0.000454 -0.146434 0.022390 -0.001199 4.934506 0.000000 0.000000 0.746397 0.000014 0.006565 0.122572 -0.000022 -0.014325 0.164521 2.447046 -0.079831 2.056764 0.000000 0.000000 0.740482 -0.000002 0.007173 -0.014980 -0.000004 -0.015017 0.027776 4.260386 -0.094452 1.375350 0.000000 0.000000 0.754839 0.000000 0.009448 0.000229 -0.000006 -0.022452 0.026332 -6.917769 0.291382 2.291170 0.000000 0.000000 0.754038 -0.000001 0.004175 -0.008146 -0.000001 -0.009275 0.012467 0.441624 -0.014543 2.538997 25.820973 3.174402 -0.044132 66.618781 47.796668 39.784549 -180.000000 65.729500 -180.000000 -0.080308 0.004629 -0.724563 0.000000 0.000000 0.472622 0.000000 0.000000 0.008252 0.000000 0.000000 -0.001366 -7.969741 -5.107087 -8.050663 0.000000 0.000000 0.467721 0.000000 0.000000 -0.015015 0.000000 0.000000 0.025121 6.271931 -1.933901 -4.817211 0.000000 0.000000 0.481966 0.000000 0.000000 -0.004083 0.000000 0.000000 -0.000628 -1.013052 -2.505694 -6.799366 0.000000 0.000000 0.479930 0.000000 0.000000 0.003389 0.000000 0.000000 -0.007978 -3.109834 -2.403556 -3.139792 0.000035 0.004242 0.480870 0.000001 -0.004242 0.042897 0.000000 0.000000 0.013196 -4.610124 -2.491975 -2.359596 22.590036 -5.003654 -46.457040 0.000000 0.000000 64.999409 -6.054490 -3.341702 -7.449701 0.000000 0.000000 0.000000 13.489104 -4.404142 -32.258793 0.000000 0.000000 30.600299 2.582333 -2.439770 -10.162017 0.000000 0.000000 -0.000003 
-16.725700 83.471000 -32.306600 -19.980878 -28.358448 19.482059 1.857400 0.431487 -3.936394 8.721141 0.276778 0.223657 4.930974 9.569728 -6.388106 -2.306484 1.858974 36.173468 6.383620 10.706290 -5.629526 0.000000 0.000000 0.000000 -10.530617 27.860903 -0.048385 13.950828 -5.130113 -39.457293 -0.000000 -23.473379 0.000000 0.080479 -0.005239 -0.988820 0.000000 0.000000 0.607176 0.005215 0.000010 -0.110703 -0.012689 0.000454 -0.146434 0.022390 -0.001199 4.934506 0.000000 0.000000 0.746397 0.000014 0.006565 0.122572 -0.000022 -0.014325 0.164521 2.447046 -0.079831 2.056764 0.000000 0.000000 0.740482 -0.000002 0.007173 -0.014980 -0.000004 -0.015017 0.027776 4.260386 -0.094452 1.375350 0.000000 0.000000 0.754839 0.000000 0.009448 0.000229 -0.000006 -0.022452 0.026332 -6.917769 0.291382 2.291170 0.000000 0.000000 0.754038 -0.000001 0.004175 -0.008146 -0.000001 -0.009275 0.012467 0.441624 -0.014543 2.538997 27.083193 3.230430 -0.041563 66.359858 45.407347 39.644179 -180.000000 61.939003 -180.000000 -0.080308 0.004629 -0.724563 0.000000 0.000000 0.472622 0.000000 0.000000 0.008252 0.000000 0.000000 -0.001366 -7.969741 -5.107087 -8.050663 0.000000 0.000000 0.467721 0.000000 0.000000 -0.015015 0.000000 0.000000 0.025121 6.271931 -1.933901 -4.817211 0.000000 0.000000 0.481966 0.000000 0.000000 -0.004083 0.000000 0.000000 -0.000628 -1.013052 -2.505694 -6.799366 0.000000 0.000000 0.479930 0.000000 0.000000 0.003389 0.000000 0.000000 -0.007978 -3.109834 -2.403556 -3.139792 0.000035 0.004242 0.480870 0.000001 -0.004242 0.042897 0.000000 0.000000 0.013196 -4.610124 -2.491975 -2.359596 25.785521 -5.347824 -44.191769 0.000000 0.000000 66.858362 -2.044097 -4.798273 -3.263469 0.000000 0.000000 0.000000 18.783219 -4.544619 -32.958645 0.000000 0.000000 36.849756 2.124684 -0.866873 -13.243480 0.000000 0.000000 -0.000003 
-17.760500 81.736100 -33.095700 -23.122564 -27.395670 19.575404 2.251691 0.231596 -4.129571 10.075471 -0.097093 1.061786 6.016148 7.777380 -5.915486 -2.008769 1.578766 35.765935 5.867182 11.687505 -6.631499 0.000000 0.000000 0.000000 -10.787364 27.597708 -0.047245 13.718668 -3.408960 -40.915161 -0.000000 -21.564960 0.000000 0.080479 -0.005239 -0.988820 0.000000 0.000000 0.607176 0.005215 0.000010 -0.110703 -0.012689 0.000454 -0.146434 0.022390 -0.001199 4.934506 0.000000 0.000000 0.746397 0.000014 0.006565 0.122572 -0.000022 -0.014325 0.164521 2.447046 -0.079831 2.056764 0.000000 0.000000 0.740482 -0.000002 0.007173 -0.014980 -0.000004 -0.015017 0.027776 4.260386 -0.094452 1.375350 0.000000 0.000000 0.754839 0.000000 0.009448 0.000229 -0.000006 -0.022452 0.026332 -6.917769 0.291382 2.291170 0.000000 0.000000 0.754038 -0.000001 0.004175 -0.008146 -0.000001 -0.009275 0.012467 0.441624 -0.014543 2.538997 27.885922 3.250285 -0.040485 65.370714 44.234908 39.433729 -180.000000 58.068199 -180.000000 -0.080308 0.004629 -0.724563 0.000000 0.000000 0.472622 0.000000 0.000000 0.008252 0.000000 0.000000 -0.001366 -7.969741 -5.107087 -8.050663 0.000000 0.000000 0.467721 0.000000 0.000000 -0.015015 0.000000 0.000000 0.025121 6.271931 -1.933901 -4.817211 0.000000 0.000000 0.481966 0.000000 0.000000 -0.004083 0.000000 0.000000 -0.000628 -1.013052 -2.505694 -6.799366 0.000000 0.000000 0.479930 0.000000 0.000000 0.003389 0.000000 0.000000 -0.007978 -3.109834 -2.403556 -3.139792 0.000035 0.004242 0.480870 0.000001 -0.004242 0.042897 0.000000 0.000000 0.013196 -4.610124 -2.491975 -2.359596 28.088345 -6.214691 -43.507072 0.000000 0.000000 69.931078 0.010777 3.495914 -10.309396 0.000000 0.000000 0.000000 22.926640 -7.398206 -34.964785 0.000000 0.000000 42.753801 1.718259 1.770030 -15.907151 0.000000 0.000000 -0.000003 
-18.434400 80.129000 -33.559700 -24.800090 -27.474726 19.327900 2.339292 0.109300 -3.616056 10.612266 -0.281337 1.447695 6.609047 5.452669 -5.523620 -2.011964 1.528216 34.664048 5.063961 12.532377 -7.538397 0.000000 0.000000 0.000000 -11.454044 27.813619 -0.039192 13.383863 -1.041755 -42.823177 -0.000000 -19.718479 0.000000 0.080479 -0.005239 -0.988820 0.000000 0.000000 0.607176 0.005215 0.000010 -0.110703 -0.012689 0.000454 -0.146434 0.022390 -0.001199 4.934506 0.000000 0.000000 0.746397 0.000014 0.006565 0.122572 -0.000022 -0.014325 0.164521 2.447046 -0.079831 2.056764 0.000000 0.000000 0.740482 -0.000002 0.007173 -0.014980 -0.000004 -0.015017 0.027776 4.260386 -0.094452 1.375350 0.000000 0.000000 0.754839 0.000000 0.009448 0.000229 -0.000006 -0.022452 0.026332 -6.917769 0.291382 2.291170 0.000000 0.000000 0.754038 -0.000001 0.004175 -0.008146 -0.000001 -0.009275 0.012467 0.441624 -0.014543 2.538997 28.247102 3.381749 -0.040214 64.633075 44.304575 39.571431 -180.000000 54.910400 -180.000000 -0.080308 0.004629 -0.724563 0.000000 0.000000 0.472622 0.000000 0.000000 0.008252 0.000000 0.000000 -0.001366 -7.969741 -5.107087 -8.050663 0.000000 0.000000 0.467721 0.000000 0.000000 -0.015015 0.000000 0.000000 0.025121 6.271931 -1.933901 -4.817211 0.000000 0.000000 0.481966 0.000000 0.000000 -0.004083 0.000000 0.000000 -0.000628 -1.013052 -2.505694 -6.799366 0.000000 0.000000 0.479930 0.000000 0.000000 0.003389 0.000000 0.000000 -0.007978 -3.109834 -2.403556 -3.139792 0.000035 0.004242 0.480870 0.000001 -0.004242 0.042897 0.000000 0.000000 0.013196 -4.610124 -2.491975 -2.359596 29.074825 -5.467176 -42.427014 0.000000 0.000000 71.932268 0.579174 7.499531 -16.499503 0.000000 0.000000 0.000000 25.257677 -9.751648 -36.825839 0.000000 0.000000 48.053245 0.355067 4.129172 -18.286240 0.000000 0.000000 -0.000003 
-18.528100 78.992700 -34.198800 -25.579615 -28.584822 18.991898 2.312621 0.315099 -2.946391 10.977985 -0.189971 2.074932 7.077233 2.196657 -5.025227 -3.499490 2.490786 32.478311 3.660310 14.407698 -8.831372 0.000000 0.000000 0.000000 -12.313965 28.381448 -0.036007 12.637704 1.513876 -45.204685 -0.000000 -18.006260 0.000000 0.080479 -0.005239 -0.988820 0.000000 0.000000 0.607176 0.005215 0.000010 -0.110703 -0.012689 0.000454 -0.146434 0.022390 -0.001199 4.934506 0.000000 0.000000 0.746397 0.000014 0.006565 0.122572 -0.000022 -0.014325 0.164521 2.447046 -0.079831 2.056764 0.000000 0.000000 0.740482 -0.000002 0.007173 -0.014980 -0.000004 -0.015017 0.027776 4.260386 -0.094452 1.375350 0.000000 0.000000 0.754839 0.000000 0.009448 0.000229 -0.000006 -0.022452 0.026332 -6.917769 0.291382 2.291170 0.000000 0.000000 0.754038 -0.000001 0.004175 -0.008146 -0.000001 -0.009275 0.012467 0.441624 -0.014543 2.538997 28.229857 3.615346 -0.039738 65.009634 45.526454 40.482971 -180.000000 53.160500 -180.000000 -0.080308 0.004629 -0.724563 0.000000 0.000000 0.472622 0.000000 0.000000 0.008252 0.000000 0.000000 -0.001366 -7.969741 -5.107087 -8.050663 0.000000 0.000000 0.467721 0.000000 0.000000 -0.015015 0.000000 0.000000 0.025121 6.271931 -1.933901 -4.817211 0.000000 0.000000 0.481966 0.000000 0.000000 -0.004083 0.000000 0.000000 -0.000628 -1.013052 -2.505694 -6.799366 0.000000 0.000000 0.479930 0.000000 0.000000 0.003389 0.000000 0.000000 -0.007978 -3.109834 -2.403556 -3.139792 0.000035 0.004242 0.480870 0.000001 -0.004242 0.042897 0.000000 0.000000 0.013196 -4.610124 -2.491975 -2.359596 29.240890 -3.257693 -40.911174 0.000000 0.000000 72.492696 0.485212 8.213788 -21.880510 0.000000 0.000000 0.000000 25.994678 -10.640942 -38.077183 0.000000 0.000000 51.513405 0.291723 6.036048 -19.319916 0.000000 0.000000 -0.000003 
-18.002100 78.631100 -34.700100 -24.293323 -29.835817 18.568353 2.021939 0.555906 -2.620703 9.704758 0.147311 2.012229 7.734549 -1.324497 -4.242292 -4.806552 3.238554 30.697034 0.550456 16.667231 -11.949447 0.000000 0.000000 0.000000 -13.091946 29.012991 -0.039498 11.355123 3.558437 -48.026730 -0.000000 -16.848749 0.000000 0.080479 -0.005239 -0.988820 0.000000 0.000000 0.607176 0.005215 0.000010 -0.110703 -0.012689 0.000454 -0.146434 0.022390 -0.001199 4.934506 0.000000 0.000000 0.746397 0.000014 0.006565 0.122572 -0.000022 -0.014325 0.164521 2.447046 -0.079831 2.056764 0.000000 0.000000 0.740482 -0.000002 0.007173 -0.014980 -0.000004 -0.015017 0.027776 4.260386 -0.094452 1.375350 0.000000 0.000000 0.754839 0.000000 0.009448 0.000229 -0.000006 -0.022452 0.026332 -6.917769 0.291382 2.291170 0.000000 0.000000 0.754038 -0.000001 0.004175 -0.008146 -0.000001 -0.009275 0.012467 0.441624 -0.014543 2.538997 27.893559 3.792290 -0.040172 66.761759 47.505260 42.179686 -180.000000 52.833603 -180.000000 -0.080308 0.004629 -0.724563 0.000000 0.000000 0.472622 0.000000 0.000000 0.008252 0.000000 0.000000 -0.001366 -7.969741 -5.107087 -8.050663 0.000000 0.000000 0.467721 0.000000 0.000000 -0.015015 0.000000 0.000000 0.025121 6.271931 -1.933901 -4.817211 0.000000 0.000000 0.481966 0.000000 0.000000 -0.004083 0.000000 0.000000 -0.000628 -1.013052 -2.505694 -6.799366 0.000000 0.000000 0.479930 0.000000 0.000000 0.003389 0.000000 0.000000 -0.007978 -3.109834 -2.403556 -3.139792 0.000035 0.004242 0.480870 0.000001 -0.004242 0.042897 0.000000 0.000000 0.013196 -4.610124 -2.491975 -2.359596 27.704961 -0.742350 -40.133155 0.000000 0.000000 71.564564 0.365627 6.188515 -24.877783 0.000000 0.000000 0.000000 24.598055 -10.468322 -39.346786 0.000000 0.000000 52.888228 0.770182 6.881239 -19.199574 0.000000 0.000000 -0.000003 
-17.589300 78.600900 -35.513200 -22.633409 -30.129046 18.277047 2.049827 0.600462 -1.966368 9.518464 0.219581 1.929655 7.045358 -4.133442 -4.408358 -5.902693 3.719780 28.785277 -1.448937 18.719533 -14.112211 0.000000 0.000000 0.000000 -13.763494 29.591688 -0.041704 9.887181 4.338750 -51.116524 -0.000000 -16.429510 0.000000 0.080479 -0.005239 -0.988820 0.000000 0.000000 0.607176 0.005215 0.000010 -0.110703 -0.012689 0.000454 -0.146434 0.022390 -0.001199 4.934506 0.000000 0.000000 0.746397 0.000014 0.006565 0.122572 -0.000022 -0.014325 0.164521 2.447046 -0.079831 2.056764 0.000000 0.000000 0.740482 -0.000002 0.007173 -0.014980 -0.000004 -0.015017 0.027776 4.260386 -0.094452 1.375350 0.000000 0.000000 0.754839 0.000000 0.009448 0.000229 -0.000006 -0.022452 0.026332 -6.917769 0.291382 2.291170 0.000000 0.000000 0.754038 -0.000001 0.004175 -0.008146 -0.000001 -0.009275 0.012467 0.441624 -0.014543 2.538997 27.217456 3.811657 -0.042216 69.423552 49.874524 44.322615 -180.000000 53.393600 -180.000000 -0.080308 0.004629 -0.724563 0.000000 0.000000 0.472622 0.000000 0.000000 0.008252 0.000000 0.000000 -0.001366 -7.969741 -5.107087 -8.050663 0.000000 0.000000 0.467721 0.000000 0.000000 -0.015015 0.000000 0.000000 0.025121 6.271931 -1.933901 -4.817211 0.000000 0.000000 0.481966 0.000000 0.000000 -0.004083 0.000000 0.000000 -0.000628 -1.013052 -2.505694 -6.799366 0.000000 0.000000 0.479930 0.000000 0.000000 0.003389 0.000000 0.000000 -0.007978 -3.109834 -2.403556 -3.139792 0.000035 0.004242 0.480870 0.000001 -0.004242 0.042897 0.000000 0.000000 0.013196 -4.610124 -2.491975 -2.359596 25.938208 1.301890 -40.020076 0.000000 0.000000 69.714795 -0.101071 5.913595 -26.877844 0.000000 0.000000 0.000000 22.923643 -10.630570 -41.063880 0.000000 0.000000 53.487821 2.406966 9.643306 -17.637130 0.000000 0.000000 -0.000003 
-16.646700 79.004500 -36.542100 -20.429942 -29.841548 18.310828 2.639127 0.344653 -1.832340 8.479908 -0.018097 1.954287 6.868586 -5.066289 -4.148441 -6.943482 4.026474 26.284606 -3.258717 18.020753 -17.121058 0.000000 0.000000 0.000000 -14.503802 30.118749 -0.039810 8.667380 3.804011 -54.099415 -0.000000 -16.591261 0.000000 0.080479 -0.005239 -0.988820 0.000000 0.000000 0.607176 0.005215 0.000010 -0.110703 -0.012689 0.000454 -0.146434 0.022390 -0.001199 4.934506 0.000000 0.000000 0.746397 0.000014 0.006565 0.122572 -0.000022 -0.014325 0.164521 2.447046 -0.079831 2.056764 0.000000 0.000000 0.740482 -0.000002 0.007173 -0.014980 -0.000004 -0.015017 0.027776 4.260386 -0.094452 1.375350 0.000000 0.000000 0.754839 0.000000 0.009448 0.000229 -0.000006 -0.022452 0.026332 -6.917769 0.291382 2.291170 0.000000 0.000000 0.754038 -0.000001 0.004175 -0.008146 -0.000001 -0.009275 0.012467 0.441624 -0.014543 2.538997 26.242424 3.687502 -0.044732 72.255216 52.643348 46.800327 -180.000000 54.321701 -180.000000 -0.080308 0.004629 -0.724563 0.000000 0.000000 0.472622 0.000000 0.000000 0.008252 0.000000 0.000000 -0.001366 -7.969741 -5.107087 -8.050663 0.000000 0.000000 0.467721 0.000000 0.000000 -0.015015 0.000000 0.000000 0.025121 6.271931 -1.933901 -4.817211 0.000000 0.000000 0.481966 0.000000 0.000000 -0.004083 0.000000 0.000000 -0.000628 -1.013052 -2.505694 -6.799366 0.000000 0.000000 0.479930 0.000000 0.000000 0.003389 0.000000 0.000000 -0.007978 -3.109834 -2.403556 -3.139792 0.000035 0.004242 0.480870 0.000001 -0.004242 0.042897 0.000000 0.000000 0.013196 -4.610124 -2.491975 -2.359596 23.466246 3.108135 -40.590534 0.000000 0.000000 66.635534 -0.034818 5.459698 -27.886389 0.000000 0.000000 0.000000 20.885335 -11.472118 -43.474894 0.000000 0.000000 53.001386 5.050353 13.010250 -14.006956 0.000000 0.000000 -0.000003 
-15.552600 79.724400 -37.757400 -17.502514 -29.707014 19.075478 3.027457 0.067304 -1.754551 7.722950 -0.161111 1.181985 6.406808 -5.328752 -4.030867 -8.490022 4.205067 22.522025 -5.094220 16.166321 -19.071901 0.000000 0.000000 0.000000 -15.352012 30.745117 -0.034442 7.972074 2.457331 -56.566025 -0.000000 -16.819719 0.000000 0.080479 -0.005239 -0.988820 0.000000 0.000000 0.607176 0.005215 0.000010 -0.110703 -0.012689 0.000454 -0.146434 0.022390 -0.001199 4.934506 0.000000 0.000000 0.746397 0.000014 0.006565 0.122572 -0.000022 -0.014325 0.164521 2.447046 -0.079831 2.056764 0.000000 0.000000 0.740482 -0.000002 0.007173 -0.014980 -0.000004 -0.015017 0.027776 4.260386 -0.094452 1.375350 0.000000 0.000000 0.754839 0.000000 0.009448 0.000229 -0.000006 -0.022452 0.026332 -6.917769 0.291382 2.291170 0.000000 0.000000 0.754038 -0.000001 0.004175 -0.008146 -0.000001 -0.009275 0.012467 0.441624 -0.014543 2.538997 25.084549 3.489985 -0.046382 75.241578 55.737603 49.861120 -180.000000 55.434799 -180.000000 -0.080308 0.004629 -0.724563 0.000000 0.000000 0.472622 0.000000 0.000000 0.008252 0.000000 0.000000 -0.001366 -7.969741 -5.107087 -8.050663 0.000000 0.000000 0.467721 0.000000 0.000000 -0.015015 0.000000 0.000000 0.025121 6.271931 -1.933901 -4.817211 0.000000 0.000000 0.481966 0.000000 0.000000 -0.004083 0.000000 0.000000 -0.000628 -1.013052 -2.505694 -6.799366 0.000000 0.000000 0.479930 0.000000 0.000000 0.003389 0.000000 0.000000 -0.007978 -3.109834 -2.403556 -3.139792 0.000035 0.004242 0.480870 0.000001 -0.004242 0.042897 0.000000 0.000000 0.013196 -4.610124 -2.491975 -2.359596 19.790611 5.185292 -41.966981 0.000000 0.000000 62.538233 -0.008672 5.993532 -27.702688 0.000000 0.000000 0.000000 18.399383 -12.929450 -46.638388 0.000000 0.000000 52.103718 6.452854 10.247884 -13.848383 0.000000 0.000000 -0.000003 
-14.083800 80.975200 -39.031400 -14.025569 -30.407559 20.721673 3.979938 0.239794 -1.849615 6.246574 0.200323 -0.290970 5.459143 -5.662138 -4.286403 -10.710792 4.214086 18.019647 -7.834260 15.141112 -20.302038 0.000000 0.000000 0.000000 -16.234663 31.623762 -0.027429 7.882181 0.641777 -58.291732 -0.000000 -16.682470 0.000000 0.080479 -0.005239 -0.988820 0.000000 0.000000 0.607176 0.005215 0.000010 -0.110703 -0.012689 0.000454 -0.146434 0.022390 -0.001199 4.934506 0.000000 0.000000 0.746397 0.000014 0.006565 0.122572 -0.000022 -0.014325 0.164521 2.447046 -0.079831 2.056764 0.000000 0.000000 0.740482 -0.000002 0.007173 -0.014980 -0.000004 -0.015017 0.027776 4.260386 -0.094452 1.375350 0.000000 0.000000 0.754839 0.000000 0.009448 0.000229 -0.000006 -0.022452 0.026332 -6.917769 0.291382 2.291170 0.000000 0.000000 0.754038 -0.000001 0.004175 -0.008146 -0.000001 -0.009275 0.012467 0.441624 -0.014543 2.538997 23.925285 3.266118 -0.046035 78.654006 58.765688 53.501111 -180.000000 56.778198 -180.000000 -0.080308 0.004629 -0.724563 0.000000 0.000000 0.472622 0.000000 0.000000 0.008252 0.000000 0.000000 -0.001366 -7.969741 -5.107087 -8.050663 0.000000 0.000000 0.467721 0.000000 0.000000 -0.015015 0.000000 0.000000 0.025121 6.271931 -1.933901 -4.817211 0.000000 0.000000 0.481966 0.000000 0.000000 -0.004083 0.000000 0.000000 -0.000628 -1.013052 -2.505694 -6.799366 0.000000 0.000000 0.479930 0.000000 0.000000 0.003389 0.000000 0.000000 -0.007978 -3.109834 -2.403556 -3.139792 0.000035 0.004242 0.480870 0.000001 -0.004242 0.042897 0.000000 0.000000 0.013196 -4.610124 -2.491975 -2.359596 15.222853 7.108140 -43.955441 0.000000 0.000000 57.324245 -2.556477 6.301835 -25.721738 0.000000 0.000000 0.000000 15.532980 -14.435729 -50.085862 0.000000 0.000000 49.895526 5.472712 6.599138 -16.245118 0.000000 0.000000 -0.000003 
-12.532200 82.440400 -39.647700 -8.872867 -32.027092 21.749284 4.200541 0.077719 -1.175912 3.757132 0.224145 -2.806094 4.181959 -4.001366 -4.772203 -13.075361 4.260778 14.082161 -8.732151 12.995755 -20.155526 0.000000 0.000000 0.000000 -17.203403 32.712413 -0.020887 8.327705 -1.439843 -59.262538 -0.000000 -16.233021 0.000000 0.080479 -0.005239 -0.988820 0.000000 0.000000 0.607176 0.005215 0.000010 -0.110703 -0.012689 0.000454 -0.146434 0.022390 -0.001199 4.934506 0.000000 0.000000 0.746397 0.000014 0.006565 0.122572 -0.000022 -0.014325 0.164521 2.447046 -0.079831 2.056764 0.000000 0.000000 0.740482 -0.000002 0.007173 -0.014980 -0.000004 -0.015017 0.027776 4.260386 -0.094452 1.375350 0.000000 0.000000 0.754839 0.000000 0.009448 0.000229 -0.000006 -0.022452 0.026332 -6.917769 0.291382 2.291170 0.000000 0.000000 0.754038 -0.000001 0.004175 -0.008146 -0.000001 -0.009275 0.012467 0.441624 -0.014543 2.538997 22.850691 3.104590 -0.043782 82.180262 61.233032 57.024955 -180.000000 58.150299 -180.000000 -0.080308 0.004629 -0.724563 0.000000 0.000000 0.472622 0.000000 0.000000 0.008252 0.000000 0.000000 -0.001366 -7.969741 -5.107087 -8.050663 0.000000 0.000000 0.467721 0.000000 0.000000 -0.015015 0.000000 0.000000 0.025121 6.271931 -1.933901 -4.817211 0.000000 0.000000 0.481966 0.000000 0.000000 -0.004083 0.000000 0.000000 -0.000628 -1.013052 -2.505694 -6.799366 0.000000 0.000000 0.479930 0.000000 0.000000 0.003389 0.000000 0.000000 -0.007978 -3.109834 -2.403556 -3.139792 0.000035 0.004242 0.480870 0.000001 -0.004242 0.042897 0.000000 0.000000 0.013196 -4.610124 -2.491975 -2.359596 8.846876 8.249803 -45.468514 0.000000 0.000000 51.382233 -1.176786 6.035754 -22.093459 0.000000 0.000000 0.000000 11.210355 -16.218135 -52.861755 0.000000 0.000000 46.010674 3.835039 3.751624 -20.218711 0.000000 0.000000 -0.000003 
-11.241700 83.921100 -40.153600 -3.596381 -34.225265 23.203386 4.626832 0.251543 -1.391599 1.009817 0.304201 -4.973200 2.730171 -2.454222 -5.010610 -16.788980 3.979895 9.563575 -8.918631 12.516663 -19.827606 0.000000 0.000000 0.000000 -18.458077 33.700546 -0.026228 9.092204 -3.441383 -59.521683 -0.000000 -15.721900 0.000000 0.080479 -0.005239 -0.988820 0.000000 0.000000 0.607176 0.005215 0.000010 -0.110703 -0.012689 0.000454 -0.146434 0.022390 -0.001199 4.934506 0.000000 0.000000 0.746397 0.000014 0.006565 0.122572 -0.000022 -0.014325 0.164521 2.447046 -0.079831 2.056764 0.000000 0.000000 0.740482 -0.000002 0.007173 -0.014980 -0.000004 -0.015017 0.027776 4.260386 -0.094452 1.375350 0.000000 0.000000 0.754839 0.000000 0.009448 0.000229 -0.000006 -0.022452 0.026332 -6.917769 0.291382 2.291170 0.000000 0.000000 0.754038 -0.000001 0.004175 -0.008146 -0.000001 -0.009275 0.012467 0.441624 -0.014543 2.538997 21.731314 3.059369 -0.042721 85.368460 63.000693 59.759847 -180.000000 59.222801 -180.000000 -0.080308 0.004629 -0.724563 0.000000 0.000000 0.472622 0.000000 0.000000 0.008252 0.000000 0.000000 -0.001366 -7.969741 -5.107087 -8.050663 0.000000 0.000000 0.467721 0.000000 0.000000 -0.015015 0.000000 0.000000 0.025121 6.271931 -1.933901 -4.817211 0.000000 0.000000 0.481966 0.000000 0.000000 -0.004083 0.000000 0.000000 -0.000628 -1.013052 -2.505694 -6.799366 0.000000 0.000000 0.479930 0.000000 0.000000 0.003389 0.000000 0.000000 -0.007978 -3.109834 -2.403556 -3.139792 0.000035 0.004242 0.480870 0.000001 -0.004242 0.042897 0.000000 0.000000 0.013196 -4.610124 -2.491975 -2.359596 2.429454 8.897209 -46.839062 0.000000 0.000000 44.500095 0.077784 6.228681 -18.275782 0.000000 0.000000 0.000000 6.878227 -17.777704 -54.991064 0.000000 0.000000 39.907952 2.799313 1.444404 -23.787290 0.000000 0.000000 -0.000003 
-9.853200 85.185000 -40.419300 1.938834 -36.457234 23.353588 5.077753 0.084512 -0.691309 -1.899325 -0.111679 -7.018397 1.315359 0.703672 -5.008544 -20.949920 3.790738 6.095756 -8.420084 10.046401 -19.824260 0.000000 0.000000 0.000000 -20.042995 34.140083 -0.050352 9.858345 -4.990837 -59.146650 -0.000000 -15.251830 0.000000 0.080479 -0.005239 -0.988820 0.000000 0.000000 0.607176 0.005215 0.000010 -0.110703 -0.012689 0.000454 -0.146434 0.022390 -0.001199 4.934506 0.000000 0.000000 0.746397 0.000014 0.006565 0.122572 -0.000022 -0.014325 0.164521 2.447046 -0.079831 2.056764 0.000000 0.000000 0.740482 -0.000002 0.007173 -0.014980 -0.000004 -0.015017 0.027776 4.260386 -0.094452 1.375350 0.000000 0.000000 0.754839 0.000000 0.009448 0.000229 -0.000006 -0.022452 0.026332 -6.917769 0.291382 2.291170 0.000000 0.000000 0.754038 -0.000001 0.004175 -0.008146 -0.000001 -0.009275 0.012467 0.441624 -0.014543 2.538997 20.600324 3.041530 -0.043294 87.111443 64.615122 61.202673 -180.000000 59.782700 -180.000000 -0.080308 0.004629 -0.724563 0.000000 0.000000 0.472622 0.000000 0.000000 0.008252 0.000000 0.000000 -0.001366 -7.969741 -5.107087 -8.050663 0.000000 0.000000 0.467721 0.000000 0.000000 -0.015015 0.000000 0.000000 0.025121 6.271931 -1.933901 -4.817211 0.000000 0.000000 0.481966 0.000000 0.000000 -0.004083 0.000000 0.000000 -0.000628 -1.013052 -2.505694 -6.799366 0.000000 0.000000 0.479930 0.000000 0.000000 0.003389 0.000000 0.000000 -0.007978 -3.109834 -2.403556 -3.139792 0.000035 0.004242 0.480870 0.000001 -0.004242 0.042897 0.000000 0.000000 0.013196 -4.610124 -2.491975 -2.359596 -4.461190 10.063224 -47.070424 0.000000 0.000000 37.400145 0.491631 4.784378 -14.668108 0.000000 0.000000 0.000000 3.344833 -21.168174 -55.369810 0.000000 0.000000 31.874067 2.917389 1.303023 -25.627098 0.000000 0.000000 -0.000003 
-8.637500 86.164400 -40.494800 7.623338 -37.475416 22.602953 5.442172 0.083648 -0.275944 -4.620659 -0.457400 -8.226653 0.020959 2.828058 -4.686439 -25.049494 3.300990 3.465478 -7.632230 8.139707 -19.142783 0.000000 0.000000 0.000000 -21.832282 33.847869 -0.077257 10.313181 -5.497427 -58.194623 -0.000000 -15.133460 0.000000 0.080479 -0.005239 -0.988820 0.000000 0.000000 0.607176 0.005215 0.000010 -0.110703 -0.012689 0.000454 -0.146434 0.022390 -0.001199 4.934506 0.000000 0.000000 0.746397 0.000014 0.006565 0.122572 -0.000022 -0.014325 0.164521 2.447046 -0.079831 2.056764 0.000000 0.000000 0.740482 -0.000002 0.007173 -0.014980 -0.000004 -0.015017 0.027776 4.260386 -0.094452 1.375350 0.000000 0.000000 0.754839 0.000000 0.009448 0.000229 -0.000006 -0.022452 0.026332 -6.917769 0.291382 2.291170 0.000000 0.000000 0.754038 -0.000001 0.004175 -0.008146 -0.000001 -0.009275 0.012467 0.441624 -0.014543 2.538997 19.718957 3.046215 -0.043562 86.020158 66.702858 60.727150 -180.000000 59.696404 -180.000000 -0.080308 0.004629 -0.724563 0.000000 0.000000 0.472622 0.000000 0.000000 0.008252 0.000000 0.000000 -0.001366 -7.969741 -5.107087 -8.050663 0.000000 0.000000 0.467721 0.000000 0.000000 -0.015015 0.000000 0.000000 0.025121 6.271931 -1.933901 -4.817211 0.000000 0.000000 0.481966 0.000000 0.000000 -0.004083 0.000000 0.000000 -0.000628 -1.013052 -2.505694 -6.799366 0.000000 0.000000 0.479930 0.000000 0.000000 0.003389 0.000000 0.000000 -0.007978 -3.109834 -2.403556 -3.139792 0.000035 0.004242 0.480870 0.000001 -0.004242 0.042897 0.000000 0.000000 0.013196 -4.610124 -2.491975 -2.359596 -11.989564 12.062722 -46.569608 0.000000 0.000000 30.247374 0.489018 0.650666 -11.189576 0.000000 0.000000 0.000000 0.536169 -25.862739 -54.256808 0.000000 0.000000 22.139588 4.220986 1.573689 -24.988702 0.000000 0.000000 -0.000003 
-7.986600 86.487300 -40.329400 14.052658 -36.545047 21.002569 5.170327 -0.319201 -0.389569 -7.205223 -1.189238 -8.708523 -0.902219 3.835281 -4.396780 -27.996891 3.708630 3.049051 -7.523542 5.204279 -19.895924 0.000000 0.000000 0.000000 -23.546844 33.020532 -0.084125 10.066051 -4.134655 -56.700281 -0.000000 -16.097670 0.000000 0.080479 -0.005239 -0.988820 0.000000 0.000000 0.607176 0.005215 0.000010 -0.110703 -0.012689 0.000454 -0.146434 0.022390 -0.001199 4.934506 0.000000 0.000000 0.746397 0.000014 0.006565 0.122572 -0.000022 -0.014325 0.164521 2.447046 -0.079831 2.056764 0.000000 0.000000 0.740482 -0.000002 0.007173 -0.014980 -0.000004 -0.015017 0.027776 4.260386 -0.094452 1.375350 0.000000 0.000000 0.754839 0.000000 0.009448 0.000229 -0.000006 -0.022452 0.026332 -6.917769 0.291382 2.291170 0.000000 0.000000 0.754038 -0.000001 0.004175 -0.008146 -0.000001 -0.009275 0.012467 0.441624 -0.014543 2.538997 19.384614 3.135075 -0.044508 81.967856 69.276493 58.139805 -180.000000 59.162003 -180.000000 -0.080308 0.004629 -0.724563 0.000000 0.000000 0.472622 0.000000 0.000000 0.008252 0.000000 0.000000 -0.001366 -7.969741 -5.107087 -8.050663 0.000000 0.000000 0.467721 0.000000 0.000000 -0.015015 0.000000 0.000000 0.025121 6.271931 -1.933901 -4.817211 0.000000 0.000000 0.481966 0.000000 0.000000 -0.004083 0.000000 0.000000 -0.000628 -1.013052 -2.505694 -6.799366 0.000000 0.000000 0.479930 0.000000 0.000000 0.003389 0.000000 0.000000 -0.007978 -3.109834 -2.403556 -3.139792 0.000035 0.004242 0.480870 0.000001 -0.004242 0.042897 0.000000 0.000000 0.013196 -4.610124 -2.491975 -2.359596 -20.396458 14.179535 -46.104661 0.000000 0.000000 24.956606 -0.127445 -5.995146 -8.584329 0.000000 0.000000 0.000000 -5.259404 -29.552775 -49.597256 0.000000 0.000000 14.565642 5.739115 1.474998 -20.624758 0.000000 0.000000 -0.000003 
-7.815000 86.704200 -39.730900 17.069970 -37.450085 20.013308 6.035360 -0.134868 1.114598 -9.267103 -1.358594 -9.570917 -1.592323 5.004875 -3.840519 -29.614417 3.570454 2.327357 -7.294316 4.376168 -20.450782 0.000000 0.000000 0.000000 -24.899785 32.201285 -0.068988 8.903854 -0.911468 -54.870618 -0.000000 -18.521391 0.000000 0.080479 -0.005239 -0.988820 0.000000 0.000000 0.607176 0.005215 0.000010 -0.110703 -0.012689 0.000454 -0.146434 0.022390 -0.001199 4.934506 0.000000 0.000000 0.746397 0.000014 0.006565 0.122572 -0.000022 -0.014325 0.164521 2.447046 -0.079831 2.056764 0.000000 0.000000 0.740482 -0.000002 0.007173 -0.014980 -0.000004 -0.015017 0.027776 4.260386 -0.094452 1.375350 0.000000 0.000000 0.754839 0.000000 0.009448 0.000229 -0.000006 -0.022452 0.026332 -6.917769 0.291382 2.291170 0.000000 0.000000 0.754038 -0.000001 0.004175 -0.008146 -0.000001 -0.009275 0.012467 0.441624 -0.014543 2.538997 19.635719 3.313187 -0.045223 76.459362 71.707947 54.067494 -180.000000 58.597099 -180.000000 -0.080308 0.004629 -0.724563 0.000000 0.000000 0.472622 0.000000 0.000000 0.008252 0.000000 0.000000 -0.001366 -7.969741 -5.107087 -8.050663 0.000000 0.000000 0.467721 0.000000 0.000000 -0.015015 0.000000 0.000000 0.025121 6.271931 -1.933901 -4.817211 0.000000 0.000000 0.481966 0.000000 0.000000 -0.004083 0.000000 0.000000 -0.000628 -1.013052 -2.505694 -6.799366 0.000000 0.000000 0.479930 0.000000 0.000000 0.003389 0.000000 0.000000 -0.007978 -3.109834 -2.403556 -3.139792 0.000035 0.004242 0.480870 0.000001 -0.004242 0.042897 0.000000 0.000000 0.013196 -4.610124 -2.491975 -2.359596 -27.778142 20.776454 -46.209179 0.000000 0.000000 21.882334 -1.950077 -14.451442 -6.917696 0.000000 0.000000 0.000000 -5.983932 -31.045538 -50.357942 0.000000 0.000000 13.347444 3.606306 0.495995 -22.280460 0.000000 0.000000 -0.000003 
-7.973100 86.730700 -39.727200 18.320200 -36.603204 20.137874 6.786892 -0.223365 1.953957 -9.779874 -1.484678 -9.846849 -2.122463 4.852735 -4.073466 -29.775742 3.785487 2.604767 -7.657555 4.004965 -21.847755 0.000000 0.000000 0.000000 -25.743429 31.830784 -0.053470 7.082070 3.111701 -53.041443 -0.000000 -22.059891 0.000000 0.080479 -0.005239 -0.988820 0.000000 0.000000 0.607176 0.005215 0.000010 -0.110703 -0.012689 0.000454 -0.146434 0.022390 -0.001199 4.934506 0.000000 0.000000 0.746397 0.000014 0.006565 0.122572 -0.000022 -0.014325 0.164521 2.447046 -0.079831 2.056764 0.000000 0.000000 0.740482 -0.000002 0.007173 -0.014980 -0.000004 -0.015017 0.027776 4.260386 -0.094452 1.375350 0.000000 0.000000 0.754839 0.000000 0.009448 0.000229 -0.000006 -0.022452 0.026332 -6.917769 0.291382 2.291170 0.000000 0.000000 0.754038 -0.000001 0.004175 -0.008146 -0.000001 -0.009275 0.012467 0.441624 -0.014543 2.538997 20.118924 3.457062 -0.044163 71.626614 73.279601 49.765817 -180.000000 58.266403 -180.000000 -0.080308 0.004629 -0.724563 0.000000 0.000000 0.472622 0.000000 0.000000 0.008252 0.000000 0.000000 -0.001366 -7.969741 -5.107087 -8.050663 0.000000 0.000000 0.467721 0.000000 0.000000 -0.015015 0.000000 0.000000 0.025121 6.271931 -1.933901 -4.817211 0.000000 0.000000 0.481966 0.000000 0.000000 -0.004083 0.000000 0.000000 -0.000628 -1.013052 -2.505694 -6.799366 0.000000 0.000000 0.479930 0.000000 0.000000 0.003389 0.000000 0.000000 -0.007978 -3.109834 -2.403556 -3.139792 0.000035 0.004242 0.480870 0.000001 -0.004242 0.042897 0.000000 0.000000 0.013196 -4.610124 -2.491975 -2.359596 -32.320053 24.962981 -47.227234 0.000000 0.000000 20.364843 -4.293470 -21.211290 -4.861602 0.000000 0.000000 0.000000 -6.497770 -31.450074 -52.133780 0.000000 0.000000 15.407501 0.354233 -1.142420 -22.456637 0.000000 0.000000 -0.000003 
-8.461200 86.812000 -40.192700 17.818814 -35.068054 21.287940 7.250713 -0.240026 2.100566 -9.397644 -1.490198 -10.168183 -2.101737 5.079495 -4.283924 -28.952954 3.977708 3.445667 -6.977220 2.466374 -22.153877 0.000000 0.000000 0.000000 -26.163949 31.902780 -0.047871 5.225852 6.936346 -51.416051 -0.000000 -26.225771 0.000000 0.080479 -0.005239 -0.988820 0.000000 0.000000 0.607176 0.005215 0.000010 -0.110703 -0.012689 0.000454 -0.146434 0.022390 -0.001199 4.934506 0.000000 0.000000 0.746397 0.000014 0.006565 0.122572 -0.000022 -0.014325 0.164521 2.447046 -0.079831 2.056764 0.000000 0.000000 0.740482 -0.000002 0.007173 -0.014980 -0.000004 -0.015017 0.027776 4.260386 -0.094452 1.375350 0.000000 0.000000 0.754839 0.000000 0.009448 0.000229 -0.000006 -0.022452 0.026332 -6.917769 0.291382 2.291170 0.000000 0.000000 0.754038 -0.000001 0.004175 -0.008146 -0.000001 -0.009275 0.012467 0.441624 -0.014543 2.538997 20.477632 3.499765 -0.043130 67.879217 73.862227 45.729623 -180.000000 58.190903 -180.000000 -0.080308 0.004629 -0.724563 0.000000 0.000000 0.472622 0.000000 0.000000 0.008252 0.000000 0.000000 -0.001366 -7.969741 -5.107087 -8.050663 0.000000 0.000000 0.467721 0.000000 0.000000 -0.015015 0.000000 0.000000 0.025121 6.271931 -1.933901 -4.817211 0.000000 0.000000 0.481966 0.000000 0.000000 -0.004083 0.000000 0.000000 -0.000628 -1.013052 -2.505694 -6.799366 0.000000 0.000000 0.479930 0.000000 0.000000 0.003389 0.000000 0.000000 -0.007978 -3.109834 -2.403556 -3.139792 0.000035 0.004242 0.480870 0.000001 -0.004242 0.042897 0.000000 0.000000 0.013196 -4.610124 -2.491975 -2.359596 -33.554701 26.661699 -48.055086 0.000000 0.000000 19.165513 -6.295541 -24.979435 -2.710698 0.000000 0.000000 0.000000 -5.761193 -31.615233 -53.253213 0.000000 0.000000 16.702903 -0.582122 -1.825058 -21.532990 0.000000 0.000000 -0.000003 
-9.794800 86.932900 -40.942400 16.489382 -32.707109 22.644910 7.391968 -0.323850 1.827189 -8.755278 -1.528201 -10.233608 -1.420754 5.188270 -5.040583 -27.365585 5.110951 5.615998 -7.041224 1.057794 -22.793879 0.000000 0.000000 0.000000 -26.338570 32.224195 -0.047431 3.900769 9.919563 -50.047963 -0.000000 -30.559750 0.000000 0.080479 -0.005239 -0.988820 0.000000 0.000000 0.607176 0.005215 0.000010 -0.110703 -0.012689 0.000454 -0.146434 0.022390 -0.001199 4.934506 0.000000 0.000000 0.746397 0.000014 0.006565 0.122572 -0.000022 -0.014325 0.164521 2.447046 -0.079831 2.056764 0.000000 0.000000 0.740482 -0.000002 0.007173 -0.014980 -0.000004 -0.015017 0.027776 4.260386 -0.094452 1.375350 0.000000 0.000000 0.754839 0.000000 0.009448 0.000229 -0.000006 -0.022452 0.026332 -6.917769 0.291382 2.291170 0.000000 0.000000 0.754038 -0.000001 0.004175 -0.008146 -0.000001 -0.009275 0.012467 0.441624 -0.014543 2.538997 20.518412 3.464072 -0.043177 64.323706 73.776447 41.654541 -180.000000 58.315201 -180.000000 -0.080308 0.004629 -0.724563 0.000000 0.000000 0.472622 0.000000 0.000000 0.008252 0.000000 0.000000 -0.001366 -7.969741 -5.107087 -8.050663 0.000000 0.000000 0.467721 0.000000 0.000000 -0.015015 0.000000 0.000000 0.025121 6.271931 -1.933901 -4.817211 0.000000 0.000000 0.481966 0.000000 0.000000 -0.004083 0.000000 0.000000 -0.000628 -1.013052 -2.505694 -6.799366 0.000000 0.000000 0.479930 0.000000 0.000000 0.003389 0.000000 0.000000 -0.007978 -3.109834 -2.403556 -3.139792 0.000035 0.004242 0.480870 0.000001 -0.004242 0.042897 0.000000 0.000000 0.013196 -4.610124 -2.491975 -2.359596 -30.061063 24.375740 -47.180475 0.000000 0.000000 18.182912 -6.800236 -23.812658 -1.907614 0.000000 0.000000 0.000000 -4.368153 -31.576305 -54.322488 0.000000 0.000000 19.272385 -0.980475 -2.268429 -20.305752 0.000000 0.000000 -0.000003 
-11.615600 87.123700 -41.391400 13.784413 -30.177797 24.026951 7.993053 -0.050531 0.931217 -7.903283 -1.134586 -9.504125 -0.981896 5.677172 -5.034095 -24.962444 4.970554 6.486712 -6.435924 -0.666673 -21.876158 0.000000 0.000000 0.000000 -26.326668 32.651602 -0.048761 3.306635 11.480744 -48.928350 -0.000000 -34.474171 0.000000 0.080479 -0.005239 -0.988820 0.000000 0.000000 0.607176 0.005215 0.000010 -0.110703 -0.012689 0.000454 -0.146434 0.022390 -0.001199 4.934506 0.000000 0.000000 0.746397 0.000014 0.006565 0.122572 -0.000022 -0.014325 0.164521 2.447046 -0.079831 2.056764 0.000000 0.000000 0.740482 -0.000002 0.007173 -0.014980 -0.000004 -0.015017 0.027776 4.260386 -0.094452 1.375350 0.000000 0.000000 0.754839 0.000000 0.009448 0.000229 -0.000006 -0.022452 0.026332 -6.917769 0.291382 2.291170 0.000000 0.000000 0.754038 -0.000001 0.004175 -0.008146 -0.000001 -0.009275 0.012467 0.441624 -0.014543 2.538997 20.154314 3.383897 -0.044410 60.453468 73.332107 37.509984 -180.000000 58.501404 -180.000000 -0.080308 0.004629 -0.724563 0.000000 0.000000 0.472622 0.000000 0.000000 0.008252 0.000000 0.000000 -0.001366 -7.969741 -5.107087 -8.050663 0.000000 0.000000 0.467721 0.000000 0.000000 -0.015015 0.000000 0.000000 0.025121 6.271931 -1.933901 -4.817211 0.000000 0.000000 0.481966 0.000000 0.000000 -0.004083 0.000000 0.000000 -0.000628 -1.013052 -2.505694 -6.799366 0.000000 0.000000 0.479930 0.000000 0.000000 0.003389 0.000000 0.000000 -0.007978 -3.109834 -2.403556 -3.139792 0.000035 0.004242 0.480870 0.000001 -0.004242 0.042897 0.000000 0.000000 0.013196 -4.610124 -2.491975 -2.359596 -21.702581 18.618818 -44.821590 0.000000 0.000000 17.647416 -7.518229 -17.567595 -2.423068 0.000000 0.000000 0.000000 -3.605833 -29.924133 -52.579170 0.000000 0.000000 20.315726 -0.210694 -0.133264 -20.184035 0.000000 0.000000 -0.000003 
-13.422800 87.265400 -42.067700 9.862285 -28.453437 24.871426 9.017292 0.588550 0.131030 -6.837362 -0.319698 -8.078015 -0.986283 6.474781 -4.626510 -22.492940 4.387487 6.676979 -4.526926 -1.867356 -20.811418 0.000000 0.000000 0.000000 -26.002800 32.976654 -0.048937 3.276908 11.657342 -47.991680 -0.000000 -37.757629 0.000000 0.080479 -0.005239 -0.988820 0.000000 0.000000 0.607176 0.005215 0.000010 -0.110703 -0.012689 0.000454 -0.146434 0.022390 -0.001199 4.934506 0.000000 0.000000 0.746397 0.000014 0.006565 0.122572 -0.000022 -0.014325 0.164521 2.447046 -0.079831 2.056764 0.000000 0.000000 0.740482 -0.000002 0.007173 -0.014980 -0.000004 -0.015017 0.027776 4.260386 -0.094452 1.375350 0.000000 0.000000 0.754839 0.000000 0.009448 0.000229 -0.000006 -0.022452 0.026332 -6.917769 0.291382 2.291170 0.000000 0.000000 0.754038 -0.000001 0.004175 -0.008146 -0.000001 -0.009275 0.012467 0.441624 -0.014543 2.538997 19.364675 3.249717 -0.047143 57.274407 72.563378 34.304542 -180.000000 58.834900 -180.000000 -0.080308 0.004629 -0.724563 0.000000 0.000000 0.472622 0.000000 0.000000 0.008252 0.000000 0.000000 -0.001366 -7.969741 -5.107087 -8.050663 0.000000 0.000000 0.467721 0.000000 0.000000 -0.015015 0.000000 0.000000 0.025121 6.271931 -1.933901 -4.817211 0.000000 0.000000 0.481966 0.000000 0.000000 -0.004083 0.000000 0.000000 -0.000628 -1.013052 -2.505694 -6.799366 0.000000 0.000000 0.479930 0.000000 0.000000 0.003389 0.000000 0.000000 -0.007978 -3.109834 -2.403556 -3.139792 0.000035 0.004242 0.480870 0.000001 -0.004242 0.042897 0.000000 0.000000 0.013196 -4.610124 -2.491975 -2.359596 -12.198581 12.943992 -43.179905 0.000000 0.000000 18.676902 -6.751354 -9.975207 -4.084423 0.000000 0.000000 0.000000 -3.208380 -25.788250 -49.087444 0.000000 0.000000 19.980734 1.548832 0.572389 -19.373429 0.000000 0.000000 -0.000003 
-15.307500 87.558500 -42.917200 9.190761 -25.598941 23.241541 7.548660 0.427133 -0.900187 -6.124137 -0.264397 -6.105136 -1.051511 7.153726 -4.017206 -19.749788 4.162961 7.648806 -2.161417 -4.332658 -20.261028 0.000000 0.000000 0.000000 -25.323620 33.014015 -0.046293 3.704739 10.974079 -47.115359 -0.000000 -40.309971 0.000000 0.080479 -0.005239 -0.988820 0.000000 0.000000 0.607176 0.005215 0.000010 -0.110703 -0.012689 0.000454 -0.146434 0.022390 -0.001199 4.934506 0.000000 0.000000 0.746397 0.000014 0.006565 0.122572 -0.000022 -0.014325 0.164521 2.447046 -0.079831 2.056764 0.000000 0.000000 0.740482 -0.000002 0.007173 -0.014980 -0.000004 -0.015017 0.027776 4.260386 -0.094452 1.375350 0.000000 0.000000 0.754839 0.000000 0.009448 0.000229 -0.000006 -0.022452 0.026332 -6.917769 0.291382 2.291170 0.000000 0.000000 0.754038 -0.000001 0.004175 -0.008146 -0.000001 -0.009275 0.012467 0.441624 -0.014543 2.538997 18.331964 3.046020 -0.047879 55.802870 71.391588 32.974909 -180.000000 59.628700 -180.000000 -0.080308 0.004629 -0.724563 0.000000 0.000000 0.472622 0.000000 0.000000 0.008252 0.000000 0.000000 -0.001366 -7.969741 -5.107087 -8.050663 0.000000 0.000000 0.467721 0.000000 0.000000 -0.015015 0.000000 0.000000 0.025121 6.271931 -1.933901 -4.817211 0.000000 0.000000 0.481966 0.000000 0.000000 -0.004083 0.000000 0.000000 -0.000628 -1.013052 -2.505694 -6.799366 0.000000 0.000000 0.479930 0.000000 0.000000 0.003389 0.000000 0.000000 -0.007978 -3.109834 -2.403556 -3.139792 0.000035 0.004242 0.480870 0.000001 -0.004242 0.042897 0.000000 0.000000 0.013196 -4.610124 -2.491975 -2.359596 -5.900683 6.522314 -44.618855 0.000000 0.000000 24.825665 -10.205880 -1.783725 -0.853588 0.000000 0.000000 0.000000 -5.609347 -22.702905 -44.751467 0.000000 0.000000 20.118643 4.460366 -0.352934 -20.494759 0.000000 0.000000 -0.000003 
-17.129800 87.692600 -43.042500 7.820592 -23.905521 21.193864 6.101390 0.227253 -1.677218 -5.326215 -0.252570 -4.289097 -0.806631 8.480497 -3.081816 -17.120905 3.993972 9.136889 -0.347848 -5.047372 -18.893056 0.000000 0.000000 0.000000 -24.427955 32.861242 -0.045774 4.471419 9.973087 -46.087787 -0.000000 -42.068821 0.000000 0.080479 -0.005239 -0.988820 0.000000 0.000000 0.607176 0.005215 0.000010 -0.110703 -0.012689 0.000454 -0.146434 0.022390 -0.001199 4.934506 0.000000 0.000000 0.746397 0.000014 0.006565 0.122572 -0.000022 -0.014325 0.164521 2.447046 -0.079831 2.056764 0.000000 0.000000 0.740482 -0.000002 0.007173 -0.014980 -0.000004 -0.015017 0.027776 4.260386 -0.094452 1.375350 0.000000 0.000000 0.754839 0.000000 0.009448 0.000229 -0.000006 -0.022452 0.026332 -6.917769 0.291382 2.291170 0.000000 0.000000 0.754038 -0.000001 0.004175 -0.008146 -0.000001 -0.009275 0.012467 0.441624 -0.014543 2.538997 17.338932 2.911227 -0.044591 56.114105 69.517836 33.392831 -180.000000 60.980003 -180.000000 -0.080308 0.004629 -0.724563 0.000000 0.000000 0.472622 0.000000 0.000000 0.008252 0.000000 0.000000 -0.001366 -7.969741 -5.107087 -8.050663 0.000000 0.000000 0.467721 0.000000 0.000000 -0.015015 0.000000 0.000000 0.025121 6.271931 -1.933901 -4.817211 0.000000 0.000000 0.481966 0.000000 0.000000 -0.004083 0.000000 0.000000 -0.000628 -1.013052 -2.505694 -6.799366 0.000000 0.000000 0.479930 0.000000 0.000000 0.003389 0.000000 0.000000 -0.007978 -3.109834 -2.403556 -3.139792 0.000035 0.004242 0.480870 0.000001 -0.004242 0.042897 0.000000 0.000000 0.013196 -4.610124 -2.491975 -2.359596 -1.833897 3.902611 -47.100336 0.000000 0.000000 32.926034 -12.196982 4.088497 3.689182 0.000000 0.000000 0.000000 -9.311404 -15.211677 -39.715459 0.000000 0.000000 20.476760 7.222412 -3.707843 -21.759464 0.000000 0.000000 -0.000003 
-18.806300 87.572600 -42.756200 5.483767 -22.974795 18.914825 4.380227 0.377611 -1.864832 -3.519685 0.124855 -2.300456 -0.482677 8.823088 -3.550081 -13.682641 3.979673 12.004643 0.613598 -5.063982 -15.938161 0.000000 0.000000 0.000000 -23.521008 32.774724 -0.049001 5.396519 8.787862 -44.644799 -0.000000 -43.112881 0.000000 0.080479 -0.005239 -0.988820 0.000000 0.000000 0.607176 0.005215 0.000010 -0.110703 -0.012689 0.000454 -0.146434 0.022390 -0.001199 4.934506 0.000000 0.000000 0.746397 0.000014 0.006565 0.122572 -0.000022 -0.014325 0.164521 2.447046 -0.079831 2.056764 0.000000 0.000000 0.740482 -0.000002 0.007173 -0.014980 -0.000004 -0.015017 0.027776 4.260386 -0.094452 1.375350 0.000000 0.000000 0.754839 0.000000 0.009448 0.000229 -0.000006 -0.022452 0.026332 -6.917769 0.291382 2.291170 0.000000 0.000000 0.754038 -0.000001 0.004175 -0.008146 -0.000001 -0.009275 0.012467 0.441624 -0.014543 2.538997 16.609623 2.910283 -0.042245 57.651499 66.484604 34.676504 -180.000000 62.754303 -180.000000 -0.080308 0.004629 -0.724563 0.000000 0.000000 0.472622 0.000000 0.000000 0.008252 0.000000 0.000000 -0.001366 -7.969741 -5.107087 -8.050663 0.000000 0.000000 0.467721 0.000000 0.000000 -0.015015 0.000000 0.000000 0.025121 6.271931 -1.933901 -4.817211 0.000000 0.000000 0.481966 0.000000 0.000000 -0.004083 0.000000 0.000000 -0.000628 -1.013052 -2.505694 -6.799366 0.000000 0.000000 0.479930 0.000000 0.000000 0.003389 0.000000 0.000000 -0.007978 -3.109834 -2.403556 -3.139792 0.000035 0.004242 0.480870 0.000001 -0.004242 0.042897 0.000000 0.000000 0.013196 -4.610124 -2.491975 -2.359596 1.344480 3.149302 -48.557489 0.000000 0.000000 39.977313 -11.483476 10.427822 8.435562 0.000000 0.000000 0.000000 -11.313892 -6.172708 -35.497671 0.000000 0.000000 21.453602 10.126973 -7.640955 -23.559719 0.000000 0.000000 -0.000003 
-20.103300 87.467300 -42.421800 3.705594 -20.519823 16.913230 2.847484 0.051933 -2.921913 -1.673796 -0.071419 -0.211473 -0.671071 8.000534 -3.830162 -10.598686 3.456802 14.235834 2.203819 -1.848331 -12.561593 0.000000 0.000000 0.000000 -22.890506 32.871545 -0.050984 6.303223 7.267989 -42.481935 -0.000000 -43.396961 0.000000 0.080479 -0.005239 -0.988820 0.000000 0.000000 0.607176 0.005215 0.000010 -0.110703 -0.012689 0.000454 -0.146434 0.022390 -0.001199 4.934506 0.000000 0.000000 0.746397 0.000014 0.006565 0.122572 -0.000022 -0.014325 0.164521 2.447046 -0.079831 2.056764 0.000000 0.000000 0.740482 -0.000002 0.007173 -0.014980 -0.000004 -0.015017 0.027776 4.260386 -0.094452 1.375350 0.000000 0.000000 0.754839 0.000000 0.009448 0.000229 -0.000006 -0.022452 0.026332 -6.917769 0.291382 2.291170 0.000000 0.000000 0.754038 -0.000001 0.004175 -0.008146 -0.000001 -0.009275 0.012467 0.441624 -0.014543 2.538997 16.485647 2.856418 -0.040664 59.219850 62.213128 35.915809 -180.000000 65.275398 -180.000000 -0.080308 0.004629 -0.724563 0.000000 0.000000 0.472622 0.000000 0.000000 0.008252 0.000000 0.000000 -0.001366 -7.969741 -5.107087 -8.050663 0.000000 0.000000 0.467721 0.000000 0.000000 -0.015015 0.000000 0.000000 0.025121 6.271931 -1.933901 -4.817211 0.000000 0.000000 0.481966 0.000000 0.000000 -0.004083 0.000000 0.000000 -0.000628 -1.013052 -2.505694 -6.799366 0.000000 0.000000 0.479930 0.000000 0.000000 0.003389 0.000000 0.000000 -0.007978 -3.109834 -2.403556 -3.139792 0.000035 0.004242 0.480870 0.000001 -0.004242 0.042897 0.000000 0.000000 0.013196 -4.610124 -2.491975 -2.359596 2.571632 2.005439 -50.412704 0.000000 0.000000 49.659837 -8.625716 9.040392 -2.181304 0.000000 0.000000 0.000000 -11.247792 -0.864009 -32.093732 0.000000 0.000000 22.273941 11.590205 -10.671137 -25.275146 0.000000 0.000000 -0.000003 
-20.550500 87.255000 -41.822300 2.608340 -18.125478 14.978950 1.273674 -0.545555 -3.520656 -0.901788 -0.592615 0.719936 0.233082 6.992469 -3.465918 -8.648621 3.162002 16.106157 3.016378 -1.397342 -9.995265 0.000000 0.000000 0.000000 -22.734257 33.097607 -0.049111 6.856784 5.580526 -39.247703 -0.000000 -42.660278 0.000000 0.080479 -0.005239 -0.988820 0.000000 0.000000 0.607176 0.005215 0.000010 -0.110703 -0.012689 0.000454 -0.146434 0.022390 -0.001199 4.934506 0.000000 0.000000 0.746397 0.000014 0.006565 0.122572 -0.000022 -0.014325 0.164521 2.447046 -0.079831 2.056764 0.000000 0.000000 0.740482 -0.000002 0.007173 -0.014980 -0.000004 -0.015017 0.027776 4.260386 -0.094452 1.375350 0.000000 0.000000 0.754839 0.000000 0.009448 0.000229 -0.000006 -0.022452 0.026332 -6.917769 0.291382 2.291170 0.000000 0.000000 0.754038 -0.000001 0.004175 -0.008146 -0.000001 -0.009275 0.012467 0.441624 -0.014543 2.538997 17.232747 2.667893 -0.038098 59.745075 56.514353 36.186430 -180.000000 68.937401 -180.000000 -0.080308 0.004629 -0.724563 0.000000 0.000000 0.472622 0.000000 0.000000 0.008252 0.000000 0.000000 -0.001366 -7.969741 -5.107087 -8.050663 0.000000 0.000000 0.467721 0.000000 0.000000 -0.015015 0.000000 0.000000 0.025121 6.271931 -1.933901 -4.817211 0.000000 0.000000 0.481966 0.000000 0.000000 -0.004083 0.000000 0.000000 -0.000628 -1.013052 -2.505694 -6.799366 0.000000 0.000000 0.479930 0.000000 0.000000 0.003389 0.000000 0.000000 -0.007978 -3.109834 -2.403556 -3.139792 0.000035 0.004242 0.480870 0.000001 -0.004242 0.042897 0.000000 0.000000 0.013196 -4.610124 -2.491975 -2.359596 2.348264 0.781361 -50.772507 0.000000 0.000000 56.501592 -6.757490 9.342066 -12.298175 0.000000 0.000000 0.000000 -11.451185 3.989483 -29.959304 0.000000 0.000000 24.028742 10.762026 -13.396281 -25.355533 0.000000 0.000000 -0.000003 
-21.025900 86.795000 -41.013400 0.875904 -16.189030 14.342125 0.414760 -0.937738 -4.448672 0.234648 -0.958559 1.021157 0.495605 4.628027 -3.729144 -7.306240 2.881387 17.738266 3.726736 2.236147 -6.766614 0.000000 0.000000 0.000000 -23.158144 33.407562 -0.043817 6.661100 3.906934 -34.589453 -0.000000 -40.224400 0.000000 0.080479 -0.005239 -0.988820 0.000000 0.000000 0.607176 0.005215 0.000010 -0.110703 -0.012689 0.000454 -0.146434 0.022390 -0.001199 4.934506 0.000000 0.000000 0.746397 0.000014 0.006565 0.122572 -0.000022 -0.014325 0.164521 2.447046 -0.079831 2.056764 0.000000 0.000000 0.740482 -0.000002 0.007173 -0.014980 -0.000004 -0.015017 0.027776 4.260386 -0.094452 1.375350 0.000000 0.000000 0.754839 0.000000 0.009448 0.000229 -0.000006 -0.022452 0.026332 -6.917769 0.291382 2.291170 0.000000 0.000000 0.754038 -0.000001 0.004175 -0.008146 -0.000001 -0.009275 0.012467 0.441624 -0.014543 2.538997 18.765932 2.522873 -0.042529 58.725391 48.882865 34.377057 -180.000000 73.731796 -180.000000 -0.080308 0.004629 -0.724563 0.000000 0.000000 0.472622 0.000000 0.000000 0.008252 0.000000 0.000000 -0.001366 -7.969741 -5.107087 -8.050663 0.000000 0.000000 0.467721 0.000000 0.000000 -0.015015 0.000000 0.000000 0.025121 6.271931 -1.933901 -4.817211 0.000000 0.000000 0.481966 0.000000 0.000000 -0.004083 0.000000 0.000000 -0.000628 -1.013052 -2.505694 -6.799366 0.000000 0.000000 0.479930 0.000000 0.000000 0.003389 0.000000 0.000000 -0.007978 -3.109834 -2.403556 -3.139792 0.000035 0.004242 0.480870 0.000001 -0.004242 0.042897 0.000000 0.000000 0.013196 -4.610124 -2.491975 -2.359596 2.084311 0.258873 -50.048717 0.000000 0.000000 59.342947 -7.273970 11.761011 -19.047925 0.000000 0.000000 0.000000 -10.821169 8.328961 -30.253848 0.000000 0.000000 27.175833 11.471540 -16.145355 -21.891262 0.000000 0.000000 -0.000003 
-21.607800 85.935800 -40.000400 -1.846826 -13.219342 13.030545 -0.090029 -0.845188 -3.775269 2.279126 -0.860727 0.981465 1.530466 0.424221 -4.237125 -6.703041 2.879690 19.213637 4.081041 4.929695 -5.266114 0.000000 0.000000 0.000000 -24.232558 33.789809 -0.035767 5.552393 2.372507 -28.310620 -0.000000 -35.174980 0.000000 0.080479 -0.005239 -0.988820 0.000000 0.000000 0.607176 0.005215 0.000010 -0.110703 -0.012689 0.000454 -0.146434 0.022390 -0.001199 4.934506 0.000000 0.000000 0.746397 0.000014 0.006565 0.122572 -0.000022 -0.014325 0.164521 2.447046 -0.079831 2.056764 0.000000 0.000000 0.740482 -0.000002 0.007173 -0.014980 -0.000004 -0.015017 0.027776 4.260386 -0.094452 1.375350 0.000000 0.000000 0.754839 0.000000 0.009448 0.000229 -0.000006 -0.022452 0.026332 -6.917769 0.291382 2.291170 0.000000 0.000000 0.754038 -0.000001 0.004175 -0.008146 -0.000001 -0.009275 0.012467 0.441624 -0.014543 2.538997 20.701921 2.689748 -0.058161 56.312117 39.470015 30.373049 -180.000000 79.380997 -180.000000 -0.080308 0.004629 -0.724563 0.000000 0.000000 0.472622 0.000000 0.000000 0.008252 0.000000 0.000000 -0.001366 -7.969741 -5.107087 -8.050663 0.000000 0.000000 0.467721 0.000000 0.000000 -0.015015 0.000000 0.000000 0.025121 6.271931 -1.933901 -4.817211 0.000000 0.000000 0.481966 0.000000 0.000000 -0.004083 0.000000 0.000000 -0.000628 -1.013052 -2.505694 -6.799366 0.000000 0.000000 0.479930 0.000000 0.000000 0.003389 0.000000 0.000000 -0.007978 -3.109834 -2.403556 -3.139792 0.000035 0.004242 0.480870 0.000001 -0.004242 0.042897 0.000000 0.000000 0.013196 -4.610124 -2.491975 -2.359596 2.587759 -0.442923 -46.712231 0.000000 0.000000 58.677179 -7.385613 14.580596 -23.284987 0.000000 0.000000 0.000000 -7.617606 9.332347 -30.207332 0.000000 0.000000 31.320149 8.984582 -16.962929 -14.881328 0.000000 0.000000 -0.000003 
-22.626700 84.555900 -41.059900 -5.095708 -10.485377 12.594873 0.291638 -0.177816 -3.324394 4.587770 -0.184798 -0.001849 2.404882 -6.680793 -5.131672 -7.451683 3.358190 21.025330 3.624536 11.403548 -3.595711 0.000000 0.000000 0.000000 -25.734450 34.276109 -0.028924 3.395727 1.481877 -20.244242 -0.000000 -28.324949 0.000000 0.080479 -0.005239 -0.988820 0.000000 0.000000 0.607176 0.005215 0.000010 -0.110703 -0.012689 0.000454 -0.146434 0.022390 -0.001199 4.934506 0.000000 0.000000 0.746397 0.000014 0.006565 0.122572 -0.000022 -0.014325 0.164521 2.447046 -0.079831 2.056764 0.000000 0.000000 0.740482 -0.000002 0.007173 -0.014980 -0.000004 -0.015017 0.027776 4.260386 -0.094452 1.375350 0.000000 0.000000 0.754839 0.000000 0.009448 0.000229 -0.000006 -0.022452 0.026332 -6.917769 0.291382 2.291170 0.000000 0.000000 0.754038 -0.000001 0.004175 -0.008146 -0.000001 -0.009275 0.012467 0.441624 -0.014543 2.538997 22.651740 3.300783 -0.069569 53.404103 29.581476 25.341633 -180.000000 84.273293 -180.000000 -0.080308 0.004629 -0.724563 0.000000 0.000000 0.472622 0.000000 0.000000 0.008252 0.000000 0.000000 -0.001366 -7.969741 -5.107087 -8.050663 0.000000 0.000000 0.467721 0.000000 0.000000 -0.015015 0.000000 0.000000 0.025121 6.271931 -1.933901 -4.817211 0.000000 0.000000 0.481966 0.000000 0.000000 -0.004083 0.000000 0.000000 -0.000628 -1.013052 -2.505694 -6.799366 0.000000 0.000000 0.479930 0.000000 0.000000 0.003389 0.000000 0.000000 -0.007978 -3.109834 -2.403556 -3.139792 0.000035 0.004242 0.480870 0.000001 -0.004242 0.042897 0.000000 0.000000 0.013196 -4.610124 -2.491975 -2.359596 3.539488 0.126385 -43.807163 0.000000 0.000000 56.686269 -5.378540 16.750738 -23.123156 0.000000 0.000000 0.000000 -2.932034 7.015583 -32.253107 0.000000 0.000000 36.877977 9.359482 -15.887940 -17.161279 0.000000 0.000000 -0.000003 
-22.794900 82.422800 -41.148000 -6.949016 -8.667765 12.706087 0.129687 0.448799 -3.314478 5.484419 0.522069 -0.764499 3.854535 -13.125260 -6.620878 -8.406881 3.956146 21.701002 4.055645 17.240010 -2.742954 0.000000 0.000000 0.000000 -27.340369 34.781420 -0.031991 0.266435 1.645827 -10.511938 -0.000000 -22.806850 0.000000 0.080479 -0.005239 -0.988820 0.000000 0.000000 0.607176 0.005215 0.000010 -0.110703 -0.012689 0.000454 -0.146434 0.022390 -0.001199 4.934506 0.000000 0.000000 0.746397 0.000014 0.006565 0.122572 -0.000022 -0.014325 0.164521 2.447046 -0.079831 2.056764 0.000000 0.000000 0.740482 -0.000002 0.007173 -0.014980 -0.000004 -0.015017 0.027776 4.260386 -0.094452 1.375350 0.000000 0.000000 0.754839 0.000000 0.009448 0.000229 -0.000006 -0.022452 0.026332 -6.917769 0.291382 2.291170 0.000000 0.000000 0.754038 -0.000001 0.004175 -0.008146 -0.000001 -0.009275 0.012467 0.441624 -0.014543 2.538997 24.458877 4.021419 -0.062659 50.913487 21.400127 20.727445 -180.000000 85.750557 -180.000000 -0.080308 0.004629 -0.724563 0.000000 0.000000 0.472622 0.000000 0.000000 0.008252 0.000000 0.000000 -0.001366 -7.969741 -5.107087 -8.050663 0.000000 0.000000 0.467721 0.000000 0.000000 -0.015015 0.000000 0.000000 0.025121 6.271931 -1.933901 -4.817211 0.000000 0.000000 0.481966 0.000000 0.000000 -0.004083 0.000000 0.000000 -0.000628 -1.013052 -2.505694 -6.799366 0.000000 0.000000 0.479930 0.000000 0.000000 0.003389 0.000000 0.000000 -0.007978 -3.109834 -2.403556 -3.139792 0.000035 0.004242 0.480870 0.000001 -0.004242 0.042897 0.000000 0.000000 0.013196 -4.610124 -2.491975 -2.359596 3.630076 1.615518 -42.400347 0.000000 0.000000 55.270657 -5.364603 18.287204 -20.870905 0.000000 0.000000 0.000000 0.161350 3.806375 -36.248119 0.000000 0.000000 44.863491 5.013087 -15.075363 -19.567208 0.000000 0.000000 -0.000003 
-22.788700 80.981200 -40.576900 -6.691474 -6.597574 11.492825 -0.661221 0.627754 -3.474109 5.398102 0.704346 -0.008643 3.787623 -18.787190 -6.542818 -7.802177 3.545599 20.970101 3.798492 22.432516 -3.349627 0.000000 0.000000 0.000000 -28.576122 35.115444 -0.041171 -3.609528 2.853936 0.406369 -0.000000 -21.751869 0.000000 0.080479 -0.005239 -0.988820 0.000000 0.000000 0.607176 0.005215 0.000010 -0.110703 -0.012689 0.000454 -0.146434 0.022390 -0.001199 4.934506 0.000000 0.000000 0.746397 0.000014 0.006565 0.122572 -0.000022 -0.014325 0.164521 2.447046 -0.079831 2.056764 0.000000 0.000000 0.740482 -0.000002 0.007173 -0.014980 -0.000004 -0.015017 0.027776 4.260386 -0.094452 1.375350 0.000000 0.000000 0.754839 0.000000 0.009448 0.000229 -0.000006 -0.022452 0.026332 -6.917769 0.291382 2.291170 0.000000 0.000000 0.754038 -0.000001 0.004175 -0.008146 -0.000001 -0.009275 0.012467 0.441624 -0.014543 2.538997 25.999555 4.461305 -0.049685 49.802984 16.657235 17.169052 -180.000000 82.847420 -180.000000 -0.080308 0.004629 -0.724563 0.000000 0.000000 0.472622 0.000000 0.000000 0.008252 0.000000 0.000000 -0.001366 -7.969741 -5.107087 -8.050663 0.000000 0.000000 0.467721 0.000000 0.000000 -0.015015 0.000000 0.000000 0.025121 6.271931 -1.933901 -4.817211 0.000000 0.000000 0.481966 0.000000 0.000000 -0.004083 0.000000 0.000000 -0.000628 -1.013052 -2.505694 -6.799366 0.000000 0.000000 0.479930 0.000000 0.000000 0.003389 0.000000 0.000000 -0.007978 -3.109834 -2.403556 -3.139792 0.000035 0.004242 0.480870 0.000001 -0.004242 0.042897 0.000000 0.000000 0.013196 -4.610124 -2.491975 -2.359596 1.878371 3.256585 -41.030265 0.000000 0.000000 55.755636 -3.319800 18.957643 -26.668417 0.000000 0.000000 0.000000 0.965385 -1.389938 -39.552281 0.000000 0.000000 53.146692 3.723623 -12.673741 -18.827053 0.000000 0.000000 -0.000003 
-22.724200 80.153600 -40.217300 -5.442229 -4.226186 11.103291 -1.685726 0.634645 -3.995579 4.717044 0.791462 0.037941 3.841016 -22.680720 -6.523640 -7.844901 3.576747 21.185457 3.563923 27.584492 -4.242680 0.000000 0.000000 0.000000 -29.238883 35.164177 -0.043734 -7.219663 4.569328 12.033660 -0.000000 -26.797070 0.000000 0.080479 -0.005239 -0.988820 0.000000 0.000000 0.607176 0.005215 0.000010 -0.110703 -0.012689 0.000454 -0.146434 0.022390 -0.001199 4.934506 0.000000 0.000000 0.746397 0.000014 0.006565 0.122572 -0.000022 -0.014325 0.164521 2.447046 -0.079831 2.056764 0.000000 0.000000 0.740482 -0.000002 0.007173 -0.014980 -0.000004 -0.015017 0.027776 4.260386 -0.094452 1.375350 0.000000 0.000000 0.754839 0.000000 0.009448 0.000229 -0.000006 -0.022452 0.026332 -6.917769 0.291382 2.291170 0.000000 0.000000 0.754038 -0.000001 0.004175 -0.008146 -0.000001 -0.009275 0.012467 0.441624 -0.014543 2.538997 27.025258 4.645018 -0.042945 50.472109 15.491805 14.292679 -180.000000 76.000999 -180.000000 -0.080308 0.004629 -0.724563 0.000000 0.000000 0.472622 0.000000 0.000000 0.008252 0.000000 0.000000 -0.001366 -7.969741 -5.107087 -8.050663 0.000000 0.000000 0.467721 0.000000 0.000000 -0.015015 0.000000 0.000000 0.025121 6.271931 -1.933901 -4.817211 0.000000 0.000000 0.481966 0.000000 0.000000 -0.004083 0.000000 0.000000 -0.000628 -1.013052 -2.505694 -6.799366 0.000000 0.000000 0.479930 0.000000 0.000000 0.003389 0.000000 0.000000 -0.007978 -3.109834 -2.403556 -3.139792 0.000035 0.004242 0.480870 0.000001 -0.004242 0.042897 0.000000 0.000000 0.013196 -4.610124 -2.491975 -2.359596 -0.298494 4.457388 -42.020458 0.000000 0.000000 57.814521 1.540463 17.391124 -26.613864 0.000000 0.000000 0.000000 -0.216589 -6.871936 -43.896940 0.000000 0.000000 60.630587 3.998419 -6.942844 -14.177806 0.000000 0.000000 -0.000003 
-22.497200 80.000600 -40.121400 -4.502762 -2.409600 11.165792 -1.606704 0.904554 -4.925723 3.481033 1.054153 0.268427 3.032189 -24.445627 -6.318476 -7.290980 3.396297 21.443121 4.173425 31.730553 -3.391501 0.000000 0.000000 0.000000 -29.293465 34.756320 -0.034382 -9.236318 5.592036 24.025749 -0.000000 -37.959259 0.000000 0.080479 -0.005239 -0.988820 0.000000 0.000000 0.607176 0.005215 0.000010 -0.110703 -0.012689 0.000454 -0.146434 0.022390 -0.001199 4.934506 0.000000 0.000000 0.746397 0.000014 0.006565 0.122572 -0.000022 -0.014325 0.164521 2.447046 -0.079831 2.056764 0.000000 0.000000 0.740482 -0.000002 0.007173 -0.014980 -0.000004 -0.015017 0.027776 4.260386 -0.094452 1.375350 0.000000 0.000000 0.754839 0.000000 0.009448 0.000229 -0.000006 -0.022452 0.026332 -6.917769 0.291382 2.291170 0.000000 0.000000 0.754038 -0.000001 0.004175 -0.008146 -0.000001 -0.009275 0.012467 0.441624 -0.014543 2.538997 27.448381 4.552131 -0.040756 51.917487 17.766053 11.822153 -180.000000 67.441299 -180.000000 -0.080308 0.004629 -0.724563 0.000000 0.000000 0.472622 0.000000 0.000000 0.008252 0.000000 0.000000 -0.001366 -7.969741 -5.107087 -8.050663 0.000000 0.000000 0.467721 0.000000 0.000000 -0.015015 0.000000 0.000000 0.025121 6.271931 -1.933901 -4.817211 0.000000 0.000000 0.481966 0.000000 0.000000 -0.004083 0.000000 0.000000 -0.000628 -1.013052 -2.505694 -6.799366 0.000000 0.000000 0.479930 0.000000 0.000000 0.003389 0.000000 0.000000 -0.007978 -3.109834 -2.403556 -3.139792 0.000035 0.004242 0.480870 0.000001 -0.004242 0.042897 0.000000 0.000000 0.013196 -4.610124 -2.491975 -2.359596 -1.407059 5.217243 -42.387567 0.000000 0.000000 58.323218 0.687819 13.992900 -27.467686 0.000000 0.000000 0.000000 -2.648440 -10.213502 -48.006128 0.000000 0.000000 65.663765 7.383167 1.300445 -4.732593 0.000000 0.000000 -0.000003 
-22.465200 80.084900 -40.174600 -2.953435 0.732867 10.427554 -2.193681 0.765374 -5.769945 1.993156 0.959567 1.533047 1.826769 -20.975357 -4.780656 -4.910881 2.284873 21.151597 4.807340 29.555544 -4.433152 0.000000 0.000000 0.000000 -28.676205 33.810197 -0.021638 -9.802314 4.735542 36.019108 -0.000000 -53.196098 0.000000 0.080479 -0.005239 -0.988820 0.000000 0.000000 0.607176 0.005215 0.000010 -0.110703 -0.012689 0.000454 -0.146434 0.022390 -0.001199 4.934506 0.000000 0.000000 0.746397 0.000014 0.006565 0.122572 -0.000022 -0.014325 0.164521 2.447046 -0.079831 2.056764 0.000000 0.000000 0.740482 -0.000002 0.007173 -0.014980 -0.000004 -0.015017 0.027776 4.260386 -0.094452 1.375350 0.000000 0.000000 0.754839 0.000000 0.009448 0.000229 -0.000006 -0.022452 0.026332 -6.917769 0.291382 2.291170 0.000000 0.000000 0.754038 -0.000001 0.004175 -0.008146 -0.000001 -0.009275 0.012467 0.441624 -0.014543 2.538997 27.442324 4.121286 -0.041871 51.914996 22.856682 9.445574 -180.000000 60.294502 -180.000000 -0.080308 0.004629 -0.724563 0.000000 0.000000 0.472622 0.000000 0.000000 0.008252 0.000000 0.000000 -0.001366 -7.969741 -5.107087 -8.050663 0.000000 0.000000 0.467721 0.000000 0.000000 -0.015015 0.000000 0.000000 0.025121 6.271931 -1.933901 -4.817211 0.000000 0.000000 0.481966 0.000000 0.000000 -0.004083 0.000000 0.000000 -0.000628 -1.013052 -2.505694 -6.799366 0.000000 0.000000 0.479930 0.000000 0.000000 0.003389 0.000000 0.000000 -0.007978 -3.109834 -2.403556 -3.139792 0.000035 0.004242 0.480870 0.000001 -0.004242 0.042897 0.000000 0.000000 0.013196 -4.610124 -2.491975 -2.359596 -2.425538 3.606909 -41.678092 0.000000 0.000000 58.256048 1.332335 11.247742 -27.252443 0.000000 0.000000 0.000000 -7.142467 -12.807023 -49.574726 0.000000 0.000000 67.720370 10.414198 2.950451 1.639152 0.000000 0.000000 -0.000003 
-22.500000 81.982600 -40.142100 -3.999212 5.110573 10.704410 -2.218848 0.315078 -7.162958 2.871289 0.483652 2.185201 2.106970 -17.019151 -3.740156 -3.545211 1.579791 20.490502 6.031808 23.922596 -5.136705 0.000000 0.000000 0.000000 -27.690059 32.614075 -0.016140 -10.307584 2.181838 47.373377 -0.000000 -69.097633 0.000000 0.080479 -0.005239 -0.988820 0.000000 0.000000 0.607176 0.005215 0.000010 -0.110703 -0.012689 0.000454 -0.146434 0.022390 -0.001199 4.934506 0.000000 0.000000 0.746397 0.000014 0.006565 0.122572 -0.000022 -0.014325 0.164521 2.447046 -0.079831 2.056764 0.000000 0.000000 0.740482 -0.000002 0.007173 -0.014980 -0.000004 -0.015017 0.027776 4.260386 -0.094452 1.375350 0.000000 0.000000 0.754839 0.000000 0.009448 0.000229 -0.000006 -0.022452 0.026332 -6.917769 0.291382 2.291170 0.000000 0.000000 0.754038 -0.000001 0.004175 -0.008146 -0.000001 -0.009275 0.012467 0.441624 -0.014543 2.538997 27.050326 3.639399 -0.043997 49.573153 28.952900 6.276541 -180.000000 56.823700 -180.000000 -0.080308 0.004629 -0.724563 0.000000 0.000000 0.472622 0.000000 0.000000 0.008252 0.000000 0.000000 -0.001366 -7.969741 -5.107087 -8.050663 0.000000 0.000000 0.467721 0.000000 0.000000 -0.015015 0.000000 0.000000 0.025121 6.271931 -1.933901 -4.817211 0.000000 0.000000 0.481966 0.000000 0.000000 -0.004083 0.000000 0.000000 -0.000628 -1.013052 -2.505694 -6.799366 0.000000 0.000000 0.479930 0.000000 0.000000 0.003389 0.000000 0.000000 -0.007978 -3.109834 -2.403556 -3.139792 0.000035 0.004242 0.480870 0.000001 -0.004242 0.042897 0.000000 0.000000 0.013196 -4.610124 -2.491975 -2.359596 -0.059718 -0.519552 -39.100950 0.000000 0.000000 52.196774 0.928638 9.890121 -24.211976 0.000000 0.000000 0.000000 -10.546524 -13.267676 -49.429802 0.000000 0.000000 66.544473 11.094118 2.318401 5.493209 0.000000 0.000000 -0.000003 
-22.563000 83.870600 -39.624100 -7.145260 11.204431 10.409693 -1.709534 0.071407 -7.189021 5.188028 0.158257 1.441045 4.062513 -13.653047 -4.011123 -1.862416 0.875176 21.775814 5.393312 16.401371 -6.499341 0.000000 0.000000 0.000000 -26.523809 31.452250 -0.018423 -12.086024 -1.274273 57.470642 -0.000000 -81.582542 0.000000 0.080479 -0.005239 -0.988820 0.000000 0.000000 0.607176 0.005215 0.000010 -0.110703 -0.012689 0.000454 -0.146434 0.022390 -0.001199 4.934506 0.000000 0.000000 0.746397 0.000014 0.006565 0.122572 -0.000022 -0.014325 0.164521 2.447046 -0.079831 2.056764 0.000000 0.000000 0.740482 -0.000002 0.007173 -0.014980 -0.000004 -0.015017 0.027776 4.260386 -0.094452 1.375350 0.000000 0.000000 0.754839 0.000000 0.009448 0.000229 -0.000006 -0.022452 0.026332 -6.917769 0.291382 2.291170 0.000000 0.000000 0.754038 -0.000001 0.004175 -0.008146 -0.000001 -0.009275 0.012467 0.441624 -0.014543 2.538997 26.350541 3.262337 -0.045268 46.328167 34.428617 2.226139 -180.000000 56.915199 -180.000000 -0.080308 0.004629 -0.724563 0.000000 0.000000 0.472622 0.000000 0.000000 0.008252 0.000000 0.000000 -0.001366 -7.969741 -5.107087 -8.050663 0.000000 0.000000 0.467721 0.000000 0.000000 -0.015015 0.000000 0.000000 0.025121 6.271931 -1.933901 -4.817211 0.000000 0.000000 0.481966 0.000000 0.000000 -0.004083 0.000000 0.000000 -0.000628 -1.013052 -2.505694 -6.799366 0.000000 0.000000 0.479930 0.000000 0.000000 0.003389 0.000000 0.000000 -0.007978 -3.109834 -2.403556 -3.139792 0.000035 0.004242 0.480870 0.000001 -0.004242 0.042897 0.000000 0.000000 0.013196 -4.610124 -2.491975 -2.359596 4.946515 -7.069023 -36.014445 0.000000 0.000000 46.157987 0.336853 8.884562 -27.630145 0.000000 0.000000 0.000000 -13.943805 -10.797603 -45.775504 0.000000 0.000000 62.064980 14.543357 0.406044 9.702204 0.000000 0.000000 -0.000003 
-22.779400 84.979100 -39.045600 -10.718214 18.635479 7.750176 -1.982860 -0.121095 -5.731126 8.644999 -0.135760 1.639121 5.731260 -9.998050 -3.922167 2.311154 -1.057957 20.037889 3.934522 3.424229 -7.842159 0.000000 0.000000 0.000000 -25.295936 30.602260 -0.029112 -15.208052 -4.406803 66.161898 -0.000000 -88.430519 0.000000 0.080479 -0.005239 -0.988820 0.000000 0.000000 0.607176 0.005215 0.000010 -0.110703 -0.012689 0.000454 -0.146434 0.022390 -0.001199 4.934506 0.000000 0.000000 0.746397 0.000014 0.006565 0.122572 -0.000022 -0.014325 0.164521 2.447046 -0.079831 2.056764 0.000000 0.000000 0.740482 -0.000002 0.007173 -0.014980 -0.000004 -0.015017 0.027776 4.260386 -0.094452 1.375350 0.000000 0.000000 0.754839 0.000000 0.009448 0.000229 -0.000006 -0.022452 0.026332 -6.917769 0.291382 2.291170 0.000000 0.000000 0.754038 -0.000001 0.004175 -0.008146 -0.000001 -0.009275 0.012467 0.441624 -0.014543 2.538997 25.703735 2.926354 -0.044627 43.550419 38.757983 -1.854666 -180.000000 58.783501 -180.000000 -0.080308 0.004629 -0.724563 0.000000 0.000000 0.472622 0.000000 0.000000 0.008252 0.000000 0.000000 -0.001366 -7.969741 -5.107087 -8.050663 0.000000 0.000000 0.467721 0.000000 0.000000 -0.015015 0.000000 0.000000 0.025121 6.271931 -1.933901 -4.817211 0.000000 0.000000 0.481966 0.000000 0.000000 -0.004083 0.000000 0.000000 -0.000628 -1.013052 -2.505694 -6.799366 0.000000 0.000000 0.479930 0.000000 0.000000 0.003389 0.000000 0.000000 -0.007978 -3.109834 -2.403556 -3.139792 0.000035 0.004242 0.480870 0.000001 -0.004242 0.042897 0.000000 0.000000 0.013196 -4.610124 -2.491975 -2.359596 10.371908 -15.671611 -33.219077 0.000000 0.000000 42.947336 -2.958925 8.955238 -31.726368 0.000000 0.000000 0.000000 -17.756648 -4.690943 -37.798431 0.000000 0.000000 55.207167 16.535951 0.453991 15.365369 0.000000 0.000000 -0.000003 
-23.119200 85.562500 -37.930300 -13.555608 27.074536 8.455959 -2.407074 -0.635259 -6.575791 11.264260 -0.201493 -0.641755 7.203851 -7.851477 -5.122437 4.692349 -2.014487 19.359677 4.926512 -9.088617 -7.558673 0.000000 0.000000 0.000000 -24.084558 30.154971 -0.033610 -18.444449 -5.424916 73.087781 -180.000000 -89.777550 180.000000 0.080479 -0.005239 -0.988820 0.000000 0.000000 0.607176 0.005215 0.000010 -0.110703 -0.012689 0.000454 -0.146434 0.022390 -0.001199 4.934506 0.000000 0.000000 0.746397 0.000014 0.006565 0.122572 -0.000022 -0.014325 0.164521 2.447046 -0.079831 2.056764 0.000000 0.000000 0.740482 -0.000002 0.007173 -0.014980 -0.000004 -0.015017 0.027776 4.260386 -0.094452 1.375350 0.000000 0.000000 0.754839 0.000000 0.009448 0.000229 -0.000006 -0.022452 0.026332 -6.917769 0.291382 2.291170 0.000000 0.000000 0.754038 -0.000001 0.004175 -0.008146 -0.000001 -0.009275 0.012467 0.441624 -0.014543 2.538997 25.427308 2.741985 -0.043008 40.802508 41.277410 -6.071349 -180.000000 60.981903 -180.000000 -0.080308 0.004629 -0.724563 0.000000 0.000000 0.472622 0.000000 0.000000 0.008252 0.000000 0.000000 -0.001366 -7.969741 -5.107087 -8.050663 0.000000 0.000000 0.467721 0.000000 0.000000 -0.015015 0.000000 0.000000 0.025121 6.271931 -1.933901 -4.817211 0.000000 0.000000 0.481966 0.000000 0.000000 -0.004083 0.000000 0.000000 -0.000628 -1.013052 -2.505694 -6.799366 0.000000 0.000000 0.479930 0.000000 0.000000 0.003389 0.000000 0.000000 -0.007978 -3.109834 -2.403556 -3.139792 0.000035 0.004242 0.480870 0.000001 -0.004242 0.042897 0.000000 0.000000 0.013196 -4.610124 -2.491975 -2.359596 15.832733 -22.186555 -36.245728 0.000000 0.000000 41.600517 -3.522961 8.625655 -31.276995 0.000000 0.000000 0.000000 -21.168540 4.396795 -31.636968 0.000000 0.000000 47.246146 18.123923 1.656456 20.516920 0.000000 0.000000 -0.000003 
-23.253800 85.856700 -36.830300 -16.048049 33.918830 8.631393 -2.419523 -0.370099 -6.852978 12.227907 0.640434 -3.113552 8.908483 -6.863896 -6.645864 5.678454 -2.441867 18.860766 4.652725 -15.110264 -8.285741 0.000000 0.000000 0.000000 -22.618187 29.776538 -0.021412 -20.787424 -3.350947 77.653607 -0.000000 -88.184280 0.000000 0.080479 -0.005239 -0.988820 0.000000 0.000000 0.607176 0.005215 0.000010 -0.110703 -0.012689 0.000454 -0.146434 0.022390 -0.001199 4.934506 0.000000 0.000000 0.746397 0.000014 0.006565 0.122572 -0.000022 -0.014325 0.164521 2.447046 -0.079831 2.056764 0.000000 0.000000 0.740482 -0.000002 0.007173 -0.014980 -0.000004 -0.015017 0.027776 4.260386 -0.094452 1.375350 0.000000 0.000000 0.754839 0.000000 0.009448 0.000229 -0.000006 -0.022452 0.026332 -6.917769 0.291382 2.291170 0.000000 0.000000 0.754038 -0.000001 0.004175 -0.008146 -0.000001 -0.009275 0.012467 0.441624 -0.014543 2.538997 25.779425 2.779213 -0.042904 36.915298 41.369140 -10.807951 -180.000000 63.656097 -180.000000 -0.080308 0.004629 -0.724563 0.000000 0.000000 0.472622 0.000000 0.000000 0.008252 0.000000 0.000000 -0.001366 -7.969741 -5.107087 -8.050663 0.000000 0.000000 0.467721 0.000000 0.000000 -0.015015 0.000000 0.000000 0.025121 6.271931 -1.933901 -4.817211 0.000000 0.000000 0.481966 0.000000 0.000000 -0.004083 0.000000 0.000000 -0.000628 -1.013052 -2.505694 -6.799366 0.000000 0.000000 0.479930 0.000000 0.000000 0.003389 0.000000 0.000000 -0.007978 -3.109834 -2.403556 -3.139792 0.000035 0.004242 0.480870 0.000001 -0.004242 0.042897 0.000000 0.000000 0.013196 -4.610124 -2.491975 -2.359596 19.667930 -24.140195 -39.259284 0.000000 0.000000 41.224144 -3.624459 8.657928 -29.765433 0.000000 0.000000 0.000000 -20.634501 11.157536 -27.692841 0.000000 0.000000 43.078112 19.929678 1.008721 22.477019 0.000000 0.000000 -0.000003 
-23.516400 85.633300 -35.516700 -17.126733 38.999242 10.097155 -2.034238 -0.309450 -7.393836 11.298361 1.146650 -5.707823 8.760007 -3.097055 -8.714995 8.073168 -3.301361 18.093973 4.876462 -24.931736 -6.423156 0.000000 0.000000 0.000000 -20.637001 29.249584 -0.017892 -22.193475 1.234547 79.868553 -0.000000 -82.257523 0.000000 0.080479 -0.005239 -0.988820 0.000000 0.000000 0.607176 0.005215 0.000010 -0.110703 -0.012689 0.000454 -0.146434 0.022390 -0.001199 4.934506 0.000000 0.000000 0.746397 0.000014 0.006565 0.122572 -0.000022 -0.014325 0.164521 2.447046 -0.079831 2.056764 0.000000 0.000000 0.740482 -0.000002 0.007173 -0.014980 -0.000004 -0.015017 0.027776 4.260386 -0.094452 1.375350 0.000000 0.000000 0.754839 0.000000 0.009448 0.000229 -0.000006 -0.022452 0.026332 -6.917769 0.291382 2.291170 0.000000 0.000000 0.754038 -0.000001 0.004175 -0.008146 -0.000001 -0.009275 0.012467 0.441624 -0.014543 2.538997 26.841362 2.875855 -0.041684 31.982014 39.433846 -15.489189 -180.000000 67.976601 -180.000000 -0.080308 0.004629 -0.724563 0.000000 0.000000 0.472622 0.000000 0.000000 0.008252 0.000000 0.000000 -0.001366 -7.969741 -5.107087 -8.050663 0.000000 0.000000 0.467721 0.000000 0.000000 -0.015015 0.000000 0.000000 0.025121 6.271931 -1.933901 -4.817211 0.000000 0.000000 0.481966 0.000000 0.000000 -0.004083 0.000000 0.000000 -0.000628 -1.013052 -2.505694 -6.799366 0.000000 0.000000 0.479930 0.000000 0.000000 0.003389 0.000000 0.000000 -0.007978 -3.109834 -2.403556 -3.139792 0.000035 0.004242 0.480870 0.000001 -0.004242 0.042897 0.000000 0.000000 0.013196 -4.610124 -2.491975 -2.359596 21.869522 -23.874698 -43.463742 0.000000 0.000000 42.510932 -2.842528 9.839151 -26.304863 0.000000 0.000000 0.000000 -18.189071 12.664818 -23.591932 0.000000 0.000000 34.833846 23.457271 -0.046700 20.006665 0.000000 0.000000 -0.000003 
-23.700400 84.385800 -34.660400 -15.171511 43.913144 12.997207 -2.967947 -1.670800 -8.087038 10.466382 0.256468 -7.213401 7.508934 1.021206 -10.246551 9.477456 -3.675834 17.674958 4.131666 -35.578529 -4.055124 0.000000 0.000000 0.000000 -18.894765 28.838989 -0.034651 -22.261139 6.255159 80.461104 -0.000000 -73.824173 0.000000 0.080479 -0.005239 -0.988820 0.000000 0.000000 0.607176 0.005215 0.000010 -0.110703 -0.012689 0.000454 -0.146434 0.022390 -0.001199 4.934506 0.000000 0.000000 0.746397 0.000014 0.006565 0.122572 -0.000022 -0.014325 0.164521 2.447046 -0.079831 2.056764 0.000000 0.000000 0.740482 -0.000002 0.007173 -0.014980 -0.000004 -0.015017 0.027776 4.260386 -0.094452 1.375350 0.000000 0.000000 0.754839 0.000000 0.009448 0.000229 -0.000006 -0.022452 0.026332 -6.917769 0.291382 2.291170 0.000000 0.000000 0.754038 -0.000001 0.004175 -0.008146 -0.000001 -0.009275 0.012467 0.441624 -0.014543 2.538997 28.185466 2.901497 -0.039868 27.008351 36.943531 -18.898817 -180.000000 74.486099 -180.000000 -0.080308 0.004629 -0.724563 0.000000 0.000000 0.472622 0.000000 0.000000 0.008252 0.000000 0.000000 -0.001366 -7.969741 -5.107087 -8.050663 0.000000 0.000000 0.467721 0.000000 0.000000 -0.015015 0.000000 0.000000 0.025121 6.271931 -1.933901 -4.817211 0.000000 0.000000 0.481966 0.000000 0.000000 -0.004083 0.000000 0.000000 -0.000628 -1.013052 -2.505694 -6.799366 0.000000 0.000000 0.479930 0.000000 0.000000 0.003389 0.000000 0.000000 -0.007978 -3.109834 -2.403556 -3.139792 0.000035 0.004242 0.480870 0.000001 -0.004242 0.042897 0.000000 0.000000 0.013196 -4.610124 -2.491975 -2.359596 22.589240 -25.575917 -49.474074 0.000000 0.000000 46.457769 -5.324133 11.704062 -23.225139 0.000000 0.000000 0.000000 -16.225436 13.471458 -16.155903 0.000000 0.000000 17.945328 23.617591 -6.607287 24.134929 0.000000 0.000000 -0.000003 
-23.699900 83.425500 -33.735100 -16.865967 45.122791 12.874898 -1.810884 -0.780907 -9.182704 10.189905 1.046619 -7.665873 7.029453 3.224975 -11.250047 9.602762 -3.822432 17.832577 3.353179 -38.327811 -3.102385 0.000000 0.000000 0.000000 -18.030597 28.642477 -0.046347 -20.709782 9.839974 80.072435 -0.000000 -66.927017 0.000000 0.080479 -0.005239 -0.988820 0.000000 0.000000 0.607176 0.005215 0.000010 -0.110703 -0.012689 0.000454 -0.146434 0.022390 -0.001199 4.934506 0.000000 0.000000 0.746397 0.000014 0.006565 0.122572 -0.000022 -0.014325 0.164521 2.447046 -0.079831 2.056764 0.000000 0.000000 0.740482 -0.000002 0.007173 -0.014980 -0.000004 -0.015017 0.027776 4.260386 -0.094452 1.375350 0.000000 0.000000 0.754839 0.000000 0.009448 0.000229 -0.000006 -0.022452 0.026332 -6.917769 0.291382 2.291170 0.000000 0.000000 0.754038 -0.000001 0.004175 -0.008146 -0.000001 -0.009275 0.012467 0.441624 -0.014543 2.538997 29.245073 2.888281 -0.039319 22.684485 34.735832 -20.294937 -180.000000 81.375397 -180.000000 -0.080308 0.004629 -0.724563 0.000000 0.000000 0.472622 0.000000 0.000000 0.008252 0.000000 0.000000 -0.001366 -7.969741 -5.107087 -8.050663 0.000000 0.000000 0.467721 0.000000 0.000000 -0.015015 0.000000 0.000000 0.025121 6.271931 -1.933901 -4.817211 0.000000 0.000000 0.481966 0.000000 0.000000 -0.004083 0.000000 0.000000 -0.000628 -1.013052 -2.505694 -6.799366 0.000000 0.000000 0.479930 0.000000 0.000000 0.003389 0.000000 0.000000 -0.007978 -3.109834 -2.403556 -3.139792 0.000035 0.004242 0.480870 0.000001 -0.004242 0.042897 0.000000 0.000000 0.013196 -4.610124 -2.491975 -2.359596 24.312469 -24.773796 -52.147406 0.000000 0.000000 50.149496 -5.415196 10.301066 -25.470505 0.000000 0.000000 0.000000 -15.112956 13.329992 -15.946891 0.000000 0.000000 18.541905 28.241194 -7.167191 18.652763 0.000000 0.000000 -0.000003 
-23.551800 82.400300 -33.403900 -17.541476 44.733040 12.710236 -0.662906 -0.593276 -9.830646 9.707442 0.907136 -7.626091 6.502533 6.096631 -11.427994 9.971556 -4.005998 17.990659 2.886546 -40.484909 -1.979537 0.000000 0.000000 0.000000 -17.957196 28.546433 -0.048652 -18.206081 11.501639 78.754803 -0.000000 -63.380970 0.000000 0.080479 -0.005239 -0.988820 0.000000 0.000000 0.607176 0.005215 0.000010 -0.110703 -0.012689 0.000454 -0.146434 0.022390 -0.001199 4.934506 0.000000 0.000000 0.746397 0.000014 0.006565 0.122572 -0.000022 -0.014325 0.164521 2.447046 -0.079831 2.056764 0.000000 0.000000 0.740482 -0.000002 0.007173 -0.014980 -0.000004 -0.015017 0.027776 4.260386 -0.094452 1.375350 0.000000 0.000000 0.754839 0.000000 0.009448 0.000229 -0.000006 -0.022452 0.026332 -6.917769 0.291382 2.291170 0.000000 0.000000 0.754038 -0.000001 0.004175 -0.008146 -0.000001 -0.009275 0.012467 0.441624 -0.014543 2.538997 29.943114 2.827425 -0.038774 19.565182 32.739601 -19.456024 -180.000000 85.387306 -180.000000 -0.080308 0.004629 -0.724563 0.000000 0.000000 0.472622 0.000000 0.000000 0.008252 0.000000 0.000000 -0.001366 -7.969741 -5.107087 -8.050663 0.000000 0.000000 0.467721 0.000000 0.000000 -0.015015 0.000000 0.000000 0.025121 6.271931 -1.933901 -4.817211 0.000000 0.000000 0.481966 0.000000 0.000000 -0.004083 0.000000 0.000000 -0.000628 -1.013052 -2.505694 -6.799366 0.000000 0.000000 0.479930 0.000000 0.000000 0.003389 0.000000 0.000000 -0.007978 -3.109834 -2.403556 -3.139792 0.000035 0.004242 0.480870 0.000001 -0.004242 0.042897 0.000000 0.000000 0.013196 -4.610124 -2.491975 -2.359596 24.165284 -23.638011 -53.592212 0.000000 0.000000 53.656057 -4.133987 10.113186 -27.164262 0.000000 0.000000 0.000000 -14.611072 11.128639 -16.003667 0.000000 0.000000 20.104958 28.920742 -3.175222 14.607884 0.000000 0.000000 -0.000003 
-23.005800 81.075300 -33.809300 -17.036040 43.662383 11.673237 -0.168333 -0.711840 -8.620488 9.910760 0.617113 -7.334007 6.279015 6.943765 -10.881631 9.242643 -3.592990 17.820136 2.799233 -41.021970 -2.345923 0.000000 0.000000 0.000000 -18.470891 28.568502 -0.044173 -15.747225 11.447744 76.194390 -0.000000 -62.572689 0.000000 0.080479 -0.005239 -0.988820 0.000000 0.000000 0.607176 0.005215 0.000010 -0.110703 -0.012689 0.000454 -0.146434 0.022390 -0.001199 4.934506 0.000000 0.000000 0.746397 0.000014 0.006565 0.122572 -0.000022 -0.014325 0.164521 2.447046 -0.079831 2.056764 0.000000 0.000000 0.740482 -0.000002 0.007173 -0.014980 -0.000004 -0.015017 0.027776 4.260386 -0.094452 1.375350 0.000000 0.000000 0.754839 0.000000 0.009448 0.000229 -0.000006 -0.022452 0.026332 -6.917769 0.291382 2.291170 0.000000 0.000000 0.754038 -0.000001 0.004175 -0.008146 -0.000001 -0.009275 0.012467 0.441624 -0.014543 2.538997 30.303652 2.688922 -0.038523 18.280870 30.466950 -16.388173 -180.000000 83.716927 -180.000000 -0.080308 0.004629 -0.724563 0.000000 0.000000 0.472622 0.000000 0.000000 0.008252 0.000000 0.000000 -0.001366 -7.969741 -5.107087 -8.050663 0.000000 0.000000 0.467721 0.000000 0.000000 -0.015015 0.000000 0.000000 0.025121 6.271931 -1.933901 -4.817211 0.000000 0.000000 0.481966 0.000000 0.000000 -0.004083 0.000000 0.000000 -0.000628 -1.013052 -2.505694 -6.799366 0.000000 0.000000 0.479930 0.000000 0.000000 0.003389 0.000000 0.000000 -0.007978 -3.109834 -2.403556 -3.139792 0.000035 0.004242 0.480870 0.000001 -0.004242 0.042897 0.000000 0.000000 0.013196 -4.610124 -2.491975 -2.359596 22.153541 -23.307834 -53.729367 0.000000 0.000000 57.637419 -3.664045 10.095036 -28.920666 0.000000 0.000000 0.000000 -14.795707 8.324536 -15.876759 0.000000 0.000000 24.141754 26.572048 0.694907 9.750233 0.000000 0.000000 -0.000003 
-22.702900 80.428100 -34.258800 -16.515985 40.917802 12.195122 1.196976 -0.519267 -9.090875 9.830424 0.393232 -6.453570 5.794794 6.733804 -11.007904 7.888178 -3.290117 18.990065 0.668092 -37.631800 -1.735782 0.000000 0.000000 0.000000 -19.650888 28.825686 -0.028835 -13.336265 10.159560 72.165264 -0.000000 -64.988823 0.000000 0.080479 -0.005239 -0.988820 0.000000 0.000000 0.607176 0.005215 0.000010 -0.110703 -0.012689 0.000454 -0.146434 0.022390 -0.001199 4.934506 0.000000 0.000000 0.746397 0.000014 0.006565 0.122572 -0.000022 -0.014325 0.164521 2.447046 -0.079831 2.056764 0.000000 0.000000 0.740482 -0.000002 0.007173 -0.014980 -0.000004 -0.015017 0.027776 4.260386 -0.094452 1.375350 0.000000 0.000000 0.754839 0.000000 0.009448 0.000229 -0.000006 -0.022452 0.026332 -6.917769 0.291382 2.291170 0.000000 0.000000 0.754038 -0.000001 0.004175 -0.008146 -0.000001 -0.009275 0.012467 0.441624 -0.014543 2.538997 30.161811 2.540698 -0.040139 18.881080 27.497409 -11.312541 -180.000000 76.239502 -180.000000 -0.080308 0.004629 -0.724563 0.000000 0.000000 0.472622 0.000000 0.000000 0.008252 0.000000 0.000000 -0.001366 -7.969741 -5.107087 -8.050663 0.000000 0.000000 0.467721 0.000000 0.000000 -0.015015 0.000000 0.000000 0.025121 6.271931 -1.933901 -4.817211 0.000000 0.000000 0.481966 0.000000 0.000000 -0.004083 0.000000 0.000000 -0.000628 -1.013052 -2.505694 -6.799366 0.000000 0.000000 0.479930 0.000000 0.000000 0.003389 0.000000 0.000000 -0.007978 -3.109834 -2.403556 -3.139792 0.000035 0.004242 0.480870 0.000001 -0.004242 0.042897 0.000000 0.000000 0.013196 -4.610124 -2.491975 -2.359596 20.703430 -22.038444 -53.903700 0.000000 0.000000 59.509405 -2.718871 11.861322 -29.565162 0.000000 0.000000 0.000000 -15.141293 5.351994 -19.296888 0.000000 0.000000 29.221415 21.900496 3.196687 8.632384 0.000000 0.000000 -0.000003 
-22.265600 80.204800 -34.847200 -15.257243 35.756233 13.174855 1.759366 -0.691345 -9.444738 9.875688 -0.133505 -5.120444 6.792061 4.805795 -10.332433 4.555632 -2.032851 20.155479 -0.699780 -33.113348 -1.653510 0.000000 0.000000 0.000000 -21.969516 29.343011 -0.008460 -10.012318 8.218390 66.419199 -0.000000 -71.654266 0.000000 0.080479 -0.005239 -0.988820 0.000000 0.000000 0.607176 0.005215 0.000010 -0.110703 -0.012689 0.000454 -0.146434 0.022390 -0.001199 4.934506 0.000000 0.000000 0.746397 0.000014 0.006565 0.122572 -0.000022 -0.014325 0.164521 2.447046 -0.079831 2.056764 0.000000 0.000000 0.740482 -0.000002 0.007173 -0.014980 -0.000004 -0.015017 0.027776 4.260386 -0.094452 1.375350 0.000000 0.000000 0.754839 0.000000 0.009448 0.000229 -0.000006 -0.022452 0.026332 -6.917769 0.291382 2.291170 0.000000 0.000000 0.754038 -0.000001 0.004175 -0.008146 -0.000001 -0.009275 0.012467 0.441624 -0.014543 2.538997 29.265564 2.408901 -0.045021 20.627057 24.014911 -4.440172 -180.000000 66.243797 -180.000000 -0.080308 0.004629 -0.724563 0.000000 0.000000 0.472622 0.000000 0.000000 0.008252 0.000000 0.000000 -0.001366 -7.969741 -5.107087 -8.050663 0.000000 0.000000 0.467721 0.000000 0.000000 -0.015015 0.000000 0.000000 0.025121 6.271931 -1.933901 -4.817211 0.000000 0.000000 0.481966 0.000000 0.000000 -0.004083 0.000000 0.000000 -0.000628 -1.013052 -2.505694 -6.799366 0.000000 0.000000 0.479930 0.000000 0.000000 0.003389 0.000000 0.000000 -0.007978 -3.109834 -2.403556 -3.139792 0.000035 0.004242 0.480870 0.000001 -0.004242 0.042897 0.000000 0.000000 0.013196 -4.610124 -2.491975 -2.359596 17.745211 -19.037220 -52.535979 0.000000 0.000000 59.956653 -1.275376 14.247398 -29.503047 0.000000 0.000000 0.000000 -15.560170 3.316808 -25.320436 0.000000 0.000000 35.855558 14.818513 -1.068276 9.966193 0.000000 0.000000 -0.000003 
-21.470300 80.384000 -35.690200 -13.677154 28.370031 13.722556 1.946266 -0.621485 -8.905955 9.945943 -0.221432 -3.979324 7.760055 1.305587 -9.010399 0.009433 -0.044632 21.611603 -1.238033 -23.498647 -2.685558 0.000000 0.000000 0.000000 -25.529069 29.937530 -0.002317 -5.039973 6.302049 58.620180 -0.000000 -82.352287 0.000000 0.080479 -0.005239 -0.988820 0.000000 0.000000 0.607176 0.005215 0.000010 -0.110703 -0.012689 0.000454 -0.146434 0.022390 -0.001199 4.934506 0.000000 0.000000 0.746397 0.000014 0.006565 0.122572 -0.000022 -0.014325 0.164521 2.447046 -0.079831 2.056764 0.000000 0.000000 0.740482 -0.000002 0.007173 -0.014980 -0.000004 -0.015017 0.027776 4.260386 -0.094452 1.375350 0.000000 0.000000 0.754839 0.000000 0.009448 0.000229 -0.000006 -0.022452 0.026332 -6.917769 0.291382 2.291170 0.000000 0.000000 0.754038 -0.000001 0.004175 -0.008146 -0.000001 -0.009275 0.012467 0.441624 -0.014543 2.538997 27.622965 2.225148 -0.042536 22.724893 19.719402 3.701268 -180.000000 57.506302 -180.000000 -0.080308 0.004629 -0.724563 0.000000 0.000000 0.472622 0.000000 0.000000 0.008252 0.000000 0.000000 -0.001366 -7.969741 -5.107087 -8.050663 0.000000 0.000000 0.467721 0.000000 0.000000 -0.015015 0.000000 0.000000 0.025121 6.271931 -1.933901 -4.817211 0.000000 0.000000 0.481966 0.000000 0.000000 -0.004083 0.000000 0.000000 -0.000628 -1.013052 -2.505694 -6.799366 0.000000 0.000000 0.479930 0.000000 0.000000 0.003389 0.000000 0.000000 -0.007978 -3.109834 -2.403556 -3.139792 0.000035 0.004242 0.480870 0.000001 -0.004242 0.042897 0.000000 0.000000 0.013196 -4.610124 -2.491975 -2.359596 13.132097 -13.381211 -49.522432 0.000000 0.000000 59.027778 0.612133 15.799051 -28.841660 0.000000 0.000000 0.000000 -14.734532 2.099610 -32.661002 0.000000 0.000000 43.287486 4.526921 -5.484848 8.998048 0.000000 0.000000 -0.000003 
-20.830200 80.763000 -37.255200 -11.190453 21.257660 12.867949 1.680608 -0.090704 -7.268827 9.090806 0.008741 -1.748151 8.315019 -4.001049 -7.367951 -5.118866 2.280562 20.379044 -3.644273 -9.514556 -4.197218 0.000000 0.000000 0.000000 -29.162130 30.548170 -0.010041 -0.270501 5.604427 49.142673 -180.000000 -85.473457 180.000000 0.080479 -0.005239 -0.988820 0.000000 0.000000 0.607176 0.005215 0.000010 -0.110703 -0.012689 0.000454 -0.146434 0.022390 -0.001199 4.934506 0.000000 0.000000 0.746397 0.000014 0.006565 0.122572 -0.000022 -0.014325 0.164521 2.447046 -0.079831 2.056764 0.000000 0.000000 0.740482 -0.000002 0.007173 -0.014980 -0.000004 -0.015017 0.027776 4.260386 -0.094452 1.375350 0.000000 0.000000 0.754839 0.000000 0.009448 0.000229 -0.000006 -0.022452 0.026332 -6.917769 0.291382 2.291170 0.000000 0.000000 0.754038 -0.000001 0.004175 -0.008146 -0.000001 -0.009275 0.012467 0.441624 -0.014543 2.538997 25.521267 2.371298 -0.018683 24.692922 12.664999 11.958771 -180.000000 52.149002 -180.000000 -0.080308 0.004629 -0.724563 0.000000 0.000000 0.472622 0.000000 0.000000 0.008252 0.000000 0.000000 -0.001366 -7.969741 -5.107087 -8.050663 0.000000 0.000000 0.467721 0.000000 0.000000 -0.015015 0.000000 0.000000 0.025121 6.271931 -1.933901 -4.817211 0.000000 0.000000 0.481966 0.000000 0.000000 -0.004083 0.000000 0.000000 -0.000628 -1.013052 -2.505694 -6.799366 0.000000 0.000000 0.479930 0.000000 0.000000 0.003389 0.000000 0.000000 -0.007978 -3.109834 -2.403556 -3.139792 0.000035 0.004242 0.480870 0.000001 -0.004242 0.042897 0.000000 0.000000 0.013196 -4.610124 -2.491975 -2.359596 7.668978 -7.172195 -45.769056 0.000000 0.000000 57.142916 2.141132 15.726671 -27.382761 0.000000 0.000000 0.000000 -12.794962 0.631338 -38.073187 0.000000 0.000000 50.555409 -1.797703 -7.954480 1.152954 0.000000 0.000000 -0.000003 
-19.942000 81.643100 -37.909000 -7.452609 15.902438 14.218941 1.775779 0.801754 -6.781453 6.721901 0.731984 -0.901706 6.809951 -12.325223 -7.575092 -10.027170 4.208195 19.306695 -2.245468 3.224167 -6.054927 0.000000 0.000000 0.000000 -31.397385 31.178529 -0.026102 0.967326 5.536693 39.038618 -180.000000 -74.720398 180.000000 0.080479 -0.005239 -0.988820 0.000000 0.000000 0.607176 0.005215 0.000010 -0.110703 -0.012689 0.000454 -0.146434 0.022390 -0.001199 4.934506 0.000000 0.000000 0.746397 0.000014 0.006565 0.122572 -0.000022 -0.014325 0.164521 2.447046 -0.079831 2.056764 0.000000 0.000000 0.740482 -0.000002 0.007173 -0.014980 -0.000004 -0.015017 0.027776 4.260386 -0.094452 1.375350 0.000000 0.000000 0.754839 0.000000 0.009448 0.000229 -0.000006 -0.022452 0.026332 -6.917769 0.291382 2.291170 0.000000 0.000000 0.754038 -0.000001 0.004175 -0.008146 -0.000001 -0.009275 0.012467 0.441624 -0.014543 2.538997 23.520273 3.108526 -0.006765 25.779200 1.875919 19.505657 -180.000000 52.517097 -180.000000 -0.080308 0.004629 -0.724563 0.000000 0.000000 0.472622 0.000000 0.000000 0.008252 0.000000 0.000000 -0.001366 -7.969741 -5.107087 -8.050663 0.000000 0.000000 0.467721 0.000000 0.000000 -0.015015 0.000000 0.000000 0.025121 6.271931 -1.933901 -4.817211 0.000000 0.000000 0.481966 0.000000 0.000000 -0.004083 0.000000 0.000000 -0.000628 -1.013052 -2.505694 -6.799366 0.000000 0.000000 0.479930 0.000000 0.000000 0.003389 0.000000 0.000000 -0.007978 -3.109834 -2.403556 -3.139792 0.000035 0.004242 0.480870 0.000001 -0.004242 0.042897 0.000000 0.000000 0.013196 -4.610124 -2.491975 -2.359596 2.295322 -1.645101 -45.303558 0.000000 0.000000 56.223420 0.349244 12.994460 -23.403574 0.000000 0.000000 0.000000 -10.889228 -2.123109 -43.744807 0.000000 0.000000 56.313669 3.538524 -6.782586 -10.618425 0.000000 0.000000 -0.000003 
-19.097800 82.587900 -38.099100 -2.151304 10.181344 15.332682 1.572870 0.371642 -6.217504 2.153860 0.243123 -0.239814 4.251627 -16.677459 -8.153428 -13.032471 6.018417 20.373184 1.026249 14.643136 -7.365105 0.000000 0.000000 0.000000 -32.121407 31.423508 -0.036776 -2.330800 2.538152 28.895384 -180.000000 -67.149002 180.000000 0.080479 -0.005239 -0.988820 0.000000 0.000000 0.607176 0.005215 0.000010 -0.110703 -0.012689 0.000454 -0.146434 0.022390 -0.001199 4.934506 0.000000 0.000000 0.746397 0.000014 0.006565 0.122572 -0.000022 -0.014325 0.164521 2.447046 -0.079831 2.056764 0.000000 0.000000 0.740482 -0.000002 0.007173 -0.014980 -0.000004 -0.015017 0.027776 4.260386 -0.094452 1.375350 0.000000 0.000000 0.754839 0.000000 0.009448 0.000229 -0.000006 -0.022452 0.026332 -6.917769 0.291382 2.291170 0.000000 0.000000 0.754038 -0.000001 0.004175 -0.008146 -0.000001 -0.009275 0.012467 0.441624 -0.014543 2.538997 22.350493 3.746528 -0.022899 25.508922 -10.015156 26.936328 -180.000000 59.677200 -180.000000 -0.080308 0.004629 -0.724563 0.000000 0.000000 0.472622 0.000000 0.000000 0.008252 0.000000 0.000000 -0.001366 -7.969741 -5.107087 -8.050663 0.000000 0.000000 0.467721 0.000000 0.000000 -0.015015 0.000000 0.000000 0.025121 6.271931 -1.933901 -4.817211 0.000000 0.000000 0.481966 0.000000 0.000000 -0.004083 0.000000 0.000000 -0.000628 -1.013052 -2.505694 -6.799366 0.000000 0.000000 0.479930 0.000000 0.000000 0.003389 0.000000 0.000000 -0.007978 -3.109834 -2.403556 -3.139792 0.000035 0.004242 0.480870 0.000001 -0.004242 0.042897 0.000000 0.000000 0.013196 -4.610124 -2.491975 -2.359596 -3.440732 3.691037 -45.612912 0.000000 0.000000 56.422630 -4.778123 6.213461 -16.996438 0.000000 0.000000 0.000000 -10.590790 -3.389825 -47.315189 0.000000 0.000000 58.944144 14.526258 -0.068062 -16.928889 0.000000 0.000000 -0.000003 
-18.789400 83.004400 -38.380300 2.874925 4.871659 14.923947 0.863756 0.722663 -5.419989 -1.316211 0.669608 0.539221 0.831740 -18.811461 -7.492087 -15.304579 6.757887 19.990371 0.945320 20.421036 -8.492339 0.000000 0.000000 0.000000 -31.859035 30.905515 -0.033305 -8.790275 -6.851208 19.997309 -180.000000 -62.695602 180.000000 0.080479 -0.005239 -0.988820 0.000000 0.000000 0.607176 0.005215 0.000010 -0.110703 -0.012689 0.000454 -0.146434 0.022390 -0.001199 4.934506 0.000000 0.000000 0.746397 0.000014 0.006565 0.122572 -0.000022 -0.014325 0.164521 2.447046 -0.079831 2.056764 0.000000 0.000000 0.740482 -0.000002 0.007173 -0.014980 -0.000004 -0.015017 0.027776 4.260386 -0.094452 1.375350 0.000000 0.000000 0.754839 0.000000 0.009448 0.000229 -0.000006 -0.022452 0.026332 -6.917769 0.291382 2.291170 0.000000 0.000000 0.754038 -0.000001 0.004175 -0.008146 -0.000001 -0.009275 0.012467 0.441624 -0.014543 2.538997 22.258604 3.718245 -0.033728 24.779951 -20.208898 34.890768 -180.000000 70.953697 -180.000000 -0.080308 0.004629 -0.724563 0.000000 0.000000 0.472622 0.000000 0.000000 0.008252 0.000000 0.000000 -0.001366 -7.969741 -5.107087 -8.050663 0.000000 0.000000 0.467721 0.000000 0.000000 -0.015015 0.000000 0.000000 0.025121 6.271931 -1.933901 -4.817211 0.000000 0.000000 0.481966 0.000000 0.000000 -0.004083 0.000000 0.000000 -0.000628 -1.013052 -2.505694 -6.799366 0.000000 0.000000 0.479930 0.000000 0.000000 0.003389 0.000000 0.000000 -0.007978 -3.109834 -2.403556 -3.139792 0.000035 0.004242 0.480870 0.000001 -0.004242 0.042897 0.000000 0.000000 0.013196 -4.610124 -2.491975 -2.359596 -7.109600 8.425047 -45.295014 0.000000 0.000000 56.399066 -8.685579 -6.302339 -9.573401 0.000000 0.000000 0.000000 -9.739852 -4.726430 -47.659799 0.000000 0.000000 58.329617 14.858076 6.462178 -17.777429 0.000000 0.000000 -0.000003 
-18.977300 81.679900 -38.185800 8.185482 1.286481 13.150997 -0.144693 0.833132 -4.348896 -5.677954 0.949418 1.155103 -2.620474 -19.533466 -5.524881 -15.924670 7.394162 20.153421 4.561031 24.459706 -7.887033 0.000000 0.000000 0.000000 -31.277653 29.430535 -0.022801 -16.991631 -21.634367 14.693125 -180.000000 -59.421204 180.000000 0.080479 -0.005239 -0.988820 0.000000 0.000000 0.607176 0.005215 0.000010 -0.110703 -0.012689 0.000454 -0.146434 0.022390 -0.001199 4.934506 0.000000 0.000000 0.746397 0.000014 0.006565 0.122572 -0.000022 -0.014325 0.164521 2.447046 -0.079831 2.056764 0.000000 0.000000 0.740482 -0.000002 0.007173 -0.014980 -0.000004 -0.015017 0.027776 4.260386 -0.094452 1.375350 0.000000 0.000000 0.754839 0.000000 0.009448 0.000229 -0.000006 -0.022452 0.026332 -6.917769 0.291382 2.291170 0.000000 0.000000 0.754038 -0.000001 0.004175 -0.008146 -0.000001 -0.009275 0.012467 0.441624 -0.014543 2.538997 22.704273 3.336968 -0.036815 24.808472 -28.033954 42.699495 -180.000000 83.919411 -180.000000 -0.080308 0.004629 -0.724563 0.000000 0.000000 0.472622 0.000000 0.000000 0.008252 0.000000 0.000000 -0.001366 -7.969741 -5.107087 -8.050663 0.000000 0.000000 0.467721 0.000000 0.000000 -0.015015 0.000000 0.000000 0.025121 6.271931 -1.933901 -4.817211 0.000000 0.000000 0.481966 0.000000 0.000000 -0.004083 0.000000 0.000000 -0.000628 -1.013052 -2.505694 -6.799366 0.000000 0.000000 0.479930 0.000000 0.000000 0.003389 0.000000 0.000000 -0.007978 -3.109834 -2.403556 -3.139792 0.000035 0.004242 0.480870 0.000001 -0.004242 0.042897 0.000000 0.000000 0.013196 -4.610124 -2.491975 -2.359596 -8.401467 10.740244 -43.315990 0.000000 0.000000 56.470642 -10.442737 -9.941138 -12.415802 0.000000 0.000000 0.000000 -9.920786 -6.631003 -45.041447 0.000000 0.000000 56.191314 8.010440 6.570299 -19.967738 0.000000 0.000000 -0.000003 
-18.898600 82.371600 -37.505600 13.631585 -1.455198 13.149332 -2.012007 0.361031 -5.906438 -9.296271 0.804472 1.724768 -6.097398 -20.983217 -4.103702 -16.233085 7.618913 20.472656 8.724563 26.771629 -5.605526 0.000000 0.000000 0.000000 -30.725112 26.991095 -0.008596 -27.895657 -36.747292 14.572745 -180.000000 -57.172302 180.000000 0.080479 -0.005239 -0.988820 0.000000 0.000000 0.607176 0.005215 0.000010 -0.110703 -0.012689 0.000454 -0.146434 0.022390 -0.001199 4.934506 0.000000 0.000000 0.746397 0.000014 0.006565 0.122572 -0.000022 -0.014325 0.164521 2.447046 -0.079831 2.056764 0.000000 0.000000 0.740482 -0.000002 0.007173 -0.014980 -0.000004 -0.015017 0.027776 4.260386 -0.094452 1.375350 0.000000 0.000000 0.754839 0.000000 0.009448 0.000229 -0.000006 -0.022452 0.026332 -6.917769 0.291382 2.291170 0.000000 0.000000 0.754038 -0.000001 0.004175 -0.008146 -0.000001 -0.009275 0.012467 0.441624 -0.014543 2.538997 23.189206 3.069719 -0.039401 25.368360 -33.083453 49.736583 -0.000000 83.465088 -0.000000 -0.080308 0.004629 -0.724563 0.000000 0.000000 0.472622 0.000000 0.000000 0.008252 0.000000 0.000000 -0.001366 -7.969741 -5.107087 -8.050663 0.000000 0.000000 0.467721 0.000000 0.000000 -0.015015 0.000000 0.000000 0.025121 6.271931 -1.933901 -4.817211 0.000000 0.000000 0.481966 0.000000 0.000000 -0.004083 0.000000 0.000000 -0.000628 -1.013052 -2.505694 -6.799366 0.000000 0.000000 0.479930 0.000000 0.000000 0.003389 0.000000 0.000000 -0.007978 -3.109834 -2.403556 -3.139792 0.000035 0.004242 0.480870 0.000001 -0.004242 0.042897 0.000000 0.000000 0.013196 -4.610124 -2.491975 -2.359596 -7.970567 10.281362 -41.838047 0.000000 0.000000 53.293288 -13.032476 -6.610135 -10.122444 0.000000 0.000000 0.000000 -12.527802 -7.514146 -43.828250 0.000000 0.000000 54.139330 4.128319 -3.374856 -23.732066 0.000000 0.000000 -0.000003 
-18.363300 82.581200 -36.683900 17.463722 -4.199980 9.917682 -2.266439 0.568304 -4.217930 -12.876611 1.306452 2.380057 -10.018057 -23.830314 -2.215512 -16.302412 6.964832 18.532344 11.292074 33.761455 -3.720023 0.000000 0.000000 0.000000 -30.235979 24.223368 -0.018383 -43.006450 -48.336517 20.273872 -180.000000 -57.824303 180.000000 0.080479 -0.005239 -0.988820 0.000000 0.000000 0.607176 0.005215 0.000010 -0.110703 -0.012689 0.000454 -0.146434 0.022390 -0.001199 4.934506 0.000000 0.000000 0.746397 0.000014 0.006565 0.122572 -0.000022 -0.014325 0.164521 2.447046 -0.079831 2.056764 0.000000 0.000000 0.740482 -0.000002 0.007173 -0.014980 -0.000004 -0.015017 0.027776 4.260386 -0.094452 1.375350 0.000000 0.000000 0.754839 0.000000 0.009448 0.000229 -0.000006 -0.022452 0.026332 -6.917769 0.291382 2.291170 0.000000 0.000000 0.754038 -0.000001 0.004175 -0.008146 -0.000001 -0.009275 0.012467 0.441624 -0.014543 2.538997 23.402925 3.163039 -0.039212 26.180487 -35.541743 55.174384 -0.000000 73.026367 -0.000000 -0.080308 0.004629 -0.724563 0.000000 0.000000 0.472622 0.000000 0.000000 0.008252 0.000000 0.000000 -0.001366 -7.969741 -5.107087 -8.050663 0.000000 0.000000 0.467721 0.000000 0.000000 -0.015015 0.000000 0.000000 0.025121 6.271931 -1.933901 -4.817211 0.000000 0.000000 0.481966 0.000000 0.000000 -0.004083 0.000000 0.000000 -0.000628 -1.013052 -2.505694 -6.799366 0.000000 0.000000 0.479930 0.000000 0.000000 0.003389 0.000000 0.000000 -0.007978 -3.109834 -2.403556 -3.139792 0.000035 0.004242 0.480870 0.000001 -0.004242 0.042897 0.000000 0.000000 0.013196 -4.610124 -2.491975 -2.359596 -4.237169 8.349259 -35.623539 0.000000 0.000000 47.329066 -15.105952 -1.337119 -5.722454 0.000000 0.000000 0.000000 -17.003887 -4.096088 -41.419757 0.000000 0.000000 54.728951 -1.576823 -6.705643 -23.721549 0.000000 0.000000 -0.000003 
-18.376200 81.537100 -34.775900 19.381704 -6.907086 8.014480 -2.697797 0.911274 -3.945438 -14.389357 2.215340 3.686566 -12.062970 -28.688105 -1.813670 -18.044526 6.110649 15.135620 16.448499 44.434867 0.417502 0.000000 0.000000 0.000000 -30.275018 21.915711 -0.045093 -57.956864 -54.731499 28.709897 -180.000000 -60.630402 180.000000 0.080479 -0.005239 -0.988820 0.000000 0.000000 0.607176 0.005215 0.000010 -0.110703 -0.012689 0.000454 -0.146434 0.022390 -0.001199 4.934506 0.000000 0.000000 0.746397 0.000014 0.006565 0.122572 -0.000022 -0.014325 0.164521 2.447046 -0.079831 2.056764 0.000000 0.000000 0.740482 -0.000002 0.007173 -0.014980 -0.000004 -0.015017 0.027776 4.260386 -0.094452 1.375350 0.000000 0.000000 0.754839 0.000000 0.009448 0.000229 -0.000006 -0.022452 0.026332 -6.917769 0.291382 2.291170 0.000000 0.000000 0.754038 -0.000001 0.004175 -0.008146 -0.000001 -0.009275 0.012467 0.441624 -0.014543 2.538997 23.115720 3.591755 -0.035950 27.467718 -36.415386 58.293556 -0.000000 65.535507 -0.000000 -0.080308 0.004629 -0.724563 0.000000 0.000000 0.472622 0.000000 0.000000 0.008252 0.000000 0.000000 -0.001366 -7.969741 -5.107087 -8.050663 0.000000 0.000000 0.467721 0.000000 0.000000 -0.015015 0.000000 0.000000 0.025121 6.271931 -1.933901 -4.817211 0.000000 0.000000 0.481966 0.000000 0.000000 -0.004083 0.000000 0.000000 -0.000628 -1.013052 -2.505694 -6.799366 0.000000 0.000000 0.479930 0.000000 0.000000 0.003389 0.000000 0.000000 -0.007978 -3.109834 -2.403556 -3.139792 0.000035 0.004242 0.480870 0.000001 -0.004242 0.042897 0.000000 0.000000 0.013196 -4.610124 -2.491975 -2.359596 1.400679 3.186144 -29.511965 0.000000 0.000000 39.499541 -18.746940 4.556001 0.187137 0.000000 0.000000 0.000000 -19.750684 -1.026594 -41.276767 0.000000 0.000000 58.548571 0.261162 -6.434299 -26.932897 0.000000 0.000000 -0.000003 
-18.213800 81.342800 -33.831100 19.388411 -9.848954 7.313753 -2.351330 0.899745 -4.530194 -14.164456 2.242725 4.034723 -13.602433 -32.412377 -0.957678 -19.941642 5.636671 11.449956 17.499560 49.840891 0.145931 0.000000 0.000000 0.000000 -30.757548 20.623900 -0.047962 -66.892367 -56.786362 34.686538 -180.000000 -63.422501 180.000000 0.080479 -0.005239 -0.988820 0.000000 0.000000 0.607176 0.005215 0.000010 -0.110703 -0.012689 0.000454 -0.146434 0.022390 -0.001199 4.934506 0.000000 0.000000 0.746397 0.000014 0.006565 0.122572 -0.000022 -0.014325 0.164521 2.447046 -0.079831 2.056764 0.000000 0.000000 0.740482 -0.000002 0.007173 -0.014980 -0.000004 -0.015017 0.027776 4.260386 -0.094452 1.375350 0.000000 0.000000 0.754839 0.000000 0.009448 0.000229 -0.000006 -0.022452 0.026332 -6.917769 0.291382 2.291170 0.000000 0.000000 0.754038 -0.000001 0.004175 -0.008146 -0.000001 -0.009275 0.012467 0.441624 -0.014543 2.538997 22.423740 4.043903 -0.036839 29.461268 -36.437638 59.004445 -0.000000 61.303730 -0.000000 -0.080308 0.004629 -0.724563 0.000000 0.000000 0.472622 0.000000 0.000000 0.008252 0.000000 0.000000 -0.001366 -7.969741 -5.107087 -8.050663 0.000000 0.000000 0.467721 0.000000 0.000000 -0.015015 0.000000 0.000000 0.025121 6.271931 -1.933901 -4.817211 0.000000 0.000000 0.481966 0.000000 0.000000 -0.004083 0.000000 0.000000 -0.000628 -1.013052 -2.505694 -6.799366 0.000000 0.000000 0.479930 0.000000 0.000000 0.003389 0.000000 0.000000 -0.007978 -3.109834 -2.403556 -3.139792 0.000035 0.004242 0.480870 0.000001 -0.004242 0.042897 0.000000 0.000000 0.013196 -4.610124 -2.491975 -2.359596 7.491267 -2.612810 -24.572876 0.000000 0.000000 31.911587 -20.903079 6.905671 7.864609 0.000000 0.000000 0.000000 -20.269494 1.214735 -41.409699 0.000000 0.000000 59.074509 0.437871 -5.604262 -27.695538 0.000000 0.000000 -0.000003 
-18.373300 80.983400 -33.313900 18.267815 -12.766231 6.678736 -0.800235 0.715602 -4.154526 -14.642989 1.718060 3.317513 -13.697367 -32.759820 -1.048372 -20.774412 5.417129 10.298692 16.368805 53.186966 -0.547832 0.000000 0.000000 0.000000 -31.363270 20.492148 -0.036222 -68.867031 -56.166021 36.281408 -180.000000 -65.619499 180.000000 0.080479 -0.005239 -0.988820 0.000000 0.000000 0.607176 0.005215 0.000010 -0.110703 -0.012689 0.000454 -0.146434 0.022390 -0.001199 4.934506 0.000000 0.000000 0.746397 0.000014 0.006565 0.122572 -0.000022 -0.014325 0.164521 2.447046 -0.079831 2.056764 0.000000 0.000000 0.740482 -0.000002 0.007173 -0.014980 -0.000004 -0.015017 0.027776 4.260386 -0.094452 1.375350 0.000000 0.000000 0.754839 0.000000 0.009448 0.000229 -0.000006 -0.022452 0.026332 -6.917769 0.291382 2.291170 0.000000 0.000000 0.754038 -0.000001 0.004175 -0.008146 -0.000001 -0.009275 0.012467 0.441624 -0.014543 2.538997 21.794181 4.275905 -0.040979 32.073264 -35.483834 57.033468 -0.000000 60.303532 -0.000000 -0.080308 0.004629 -0.724563 0.000000 0.000000 0.472622 0.000000 0.000000 0.008252 0.000000 0.000000 -0.001366 -7.969741 -5.107087 -8.050663 0.000000 0.000000 0.467721 0.000000 0.000000 -0.015015 0.000000 0.000000 0.025121 6.271931 -1.933901 -4.817211 0.000000 0.000000 0.481966 0.000000 0.000000 -0.004083 0.000000 0.000000 -0.000628 -1.013052 -2.505694 -6.799366 0.000000 0.000000 0.479930 0.000000 0.000000 0.003389 0.000000 0.000000 -0.007978 -3.109834 -2.403556 -3.139792 0.000035 0.004242 0.480870 0.000001 -0.004242 0.042897 0.000000 0.000000 0.013196 -4.610124 -2.491975 -2.359596 12.881922 -8.770151 -20.540104 0.000000 0.000000 26.491113 -24.685782 7.035357 12.625803 0.000000 0.000000 0.000000 -19.455123 3.393657 -41.789296 0.000000 0.000000 59.732250 1.229963 -4.116531 -28.288719 0.000000 0.000000 -0.000003 
-18.402100 80.193200 -33.068500 17.692571 -14.412980 5.265636 -1.055116 0.787504 -3.621579 -14.447861 1.926952 3.706298 -13.371036 -33.293205 -0.345961 -20.379407 5.201532 10.390177 16.761778 57.235011 0.669098 0.000000 0.000000 0.000000 -32.043958 21.375940 -0.027971 -65.213772 -53.619863 34.204792 -180.000000 -66.769897 180.000000 0.080479 -0.005239 -0.988820 0.000000 0.000000 0.607176 0.005215 0.000010 -0.110703 -0.012689 0.000454 -0.146434 0.022390 -0.001199 4.934506 0.000000 0.000000 0.746397 0.000014 0.006565 0.122572 -0.000022 -0.014325 0.164521 2.447046 -0.079831 2.056764 0.000000 0.000000 0.740482 -0.000002 0.007173 -0.014980 -0.000004 -0.015017 0.027776 4.260386 -0.094452 1.375350 0.000000 0.000000 0.754839 0.000000 0.009448 0.000229 -0.000006 -0.022452 0.026332 -6.917769 0.291382 2.291170 0.000000 0.000000 0.754038 -0.000001 0.004175 -0.008146 -0.000001 -0.009275 0.012467 0.441624 -0.014543 2.538997 21.571415 4.299849 -0.041911 35.058942 -33.010834 52.427767 -0.000000 62.749279 -0.000000 -0.080308 0.004629 -0.724563 0.000000 0.000000 0.472622 0.000000 0.000000 0.008252 0.000000 0.000000 -0.001366 -7.969741 -5.107087 -8.050663 0.000000 0.000000 0.467721 0.000000 0.000000 -0.015015 0.000000 0.000000 0.025121 6.271931 -1.933901 -4.817211 0.000000 0.000000 0.481966 0.000000 0.000000 -0.004083 0.000000 0.000000 -0.000628 -1.013052 -2.505694 -6.799366 0.000000 0.000000 0.479930 0.000000 0.000000 0.003389 0.000000 0.000000 -0.007978 -3.109834 -2.403556 -3.139792 0.000035 0.004242 0.480870 0.000001 -0.004242 0.042897 0.000000 0.000000 0.013196 -4.610124 -2.491975 -2.359596 15.199287 -13.528981 -18.464943 0.000000 0.000000 25.838211 -27.918558 7.140717 10.504250 0.000000 0.000000 0.000000 -18.942726 5.126311 -41.898615 0.000000 0.000000 61.751213 1.054578 -3.786404 -29.275260 0.000000 0.000000 -0.000003 
-18.766100 79.918000 -33.209700 17.545913 -14.050277 4.797519 -1.691895 0.389653 -3.416281 -14.895635 1.833748 4.505512 -11.410109 -32.447322 -1.533120 -19.643481 6.382128 13.851698 15.423730 54.098251 -0.432224 0.000000 0.000000 0.000000 -32.476330 23.195121 -0.032147 -57.536134 -48.834913 30.100866 -180.000000 -66.294403 180.000000 0.080479 -0.005239 -0.988820 0.000000 0.000000 0.607176 0.005215 0.000010 -0.110703 -0.012689 0.000454 -0.146434 0.022390 -0.001199 4.934506 0.000000 0.000000 0.746397 0.000014 0.006565 0.122572 -0.000022 -0.014325 0.164521 2.447046 -0.079831 2.056764 0.000000 0.000000 0.740482 -0.000002 0.007173 -0.014980 -0.000004 -0.015017 0.027776 4.260386 -0.094452 1.375350 0.000000 0.000000 0.754839 0.000000 0.009448 0.000229 -0.000006 -0.022452 0.026332 -6.917769 0.291382 2.291170 0.000000 0.000000 0.754038 -0.000001 0.004175 -0.008146 -0.000001 -0.009275 0.012467 0.441624 -0.014543 2.538997 21.880656 4.114108 -0.036328 37.975972 -28.890639 46.134958 -0.000000 70.363503 -0.000000 -0.080308 0.004629 -0.724563 0.000000 0.000000 0.472622 0.000000 0.000000 0.008252 0.000000 0.000000 -0.001366 -7.969741 -5.107087 -8.050663 0.000000 0.000000 0.467721 0.000000 0.000000 -0.015015 0.000000 0.000000 0.025121 6.271931 -1.933901 -4.817211 0.000000 0.000000 0.481966 0.000000 0.000000 -0.004083 0.000000 0.000000 -0.000628 -1.013052 -2.505694 -6.799366 0.000000 0.000000 0.479930 0.000000 0.000000 0.003389 0.000000 0.000000 -0.007978 -3.109834 -2.403556 -3.139792 0.000035 0.004242 0.480870 0.000001 -0.004242 0.042897 0.000000 0.000000 0.013196 -4.610124 -2.491975 -2.359596 14.541321 -12.250183 -20.584998 0.000000 0.000000 29.618941 -26.365924 4.742993 8.066994 0.000000 0.000000 0.000000 -18.507495 5.189714 -41.731804 0.000000 0.000000 62.496434 1.451381 -3.792139 -29.620834 0.000000 0.000000 -0.000003 
-19.360000 79.409700 -33.237800 16.388835 -12.417699 4.582628 -2.636909 0.190252 -4.442292 -13.448941 2.059839 6.233022 -11.116666 -30.968640 0.927127 -16.810768 6.068246 15.633403 14.774791 46.926193 -1.167306 0.000000 0.000000 0.000000 -32.479997 25.700704 -0.045253 -46.670008 -41.176685 25.879223 -180.000000 -64.533600 180.000000 0.080479 -0.005239 -0.988820 0.000000 0.000000 0.607176 0.005215 0.000010 -0.110703 -0.012689 0.000454 -0.146434 0.022390 -0.001199 4.934506 0.000000 0.000000 0.746397 0.000014 0.006565 0.122572 -0.000022 -0.014325 0.164521 2.447046 -0.079831 2.056764 0.000000 0.000000 0.740482 -0.000002 0.007173 -0.014980 -0.000004 -0.015017 0.027776 4.260386 -0.094452 1.375350 0.000000 0.000000 0.754839 0.000000 0.009448 0.000229 -0.000006 -0.022452 0.026332 -6.917769 0.291382 2.291170 0.000000 0.000000 0.754038 -0.000001 0.004175 -0.008146 -0.000001 -0.009275 0.012467 0.441624 -0.014543 2.538997 23.186080 3.746651 -0.022885 39.881941 -22.691682 39.603044 -0.000000 84.315666 -0.000000 -0.080308 0.004629 -0.724563 0.000000 0.000000 0.472622 0.000000 0.000000 0.008252 0.000000 0.000000 -0.001366 -7.969741 -5.107087 -8.050663 0.000000 0.000000 0.467721 0.000000 0.000000 -0.015015 0.000000 0.000000 0.025121 6.271931 -1.933901 -4.817211 0.000000 0.000000 0.481966 0.000000 0.000000 -0.004083 0.000000 0.000000 -0.000628 -1.013052 -2.505694 -6.799366 0.000000 0.000000 0.479930 0.000000 0.000000 0.003389 0.000000 0.000000 -0.007978 -3.109834 -2.403556 -3.139792 0.000035 0.004242 0.480870 0.000001 -0.004242 0.042897 0.000000 0.000000 0.013196 -4.610124 -2.491975 -2.359596 12.818963 -8.341577 -25.406215 0.000000 0.000000 37.918085 -23.728763 2.008232 1.429935 0.000000 0.000000 0.000000 -16.809331 4.322336 -41.166968 0.000000 0.000000 63.589772 2.118349 -3.854304 -30.402816 0.000000 0.000000 -0.000003 
-19.442700 79.361900 -34.068500 12.441058 -10.437535 5.057123 -1.630830 -0.219336 -4.352322 -10.797279 1.380024 6.955604 -9.921376 -29.564716 2.523457 -12.433539 4.811742 17.190083 10.951343 40.730131 -2.687813 0.000000 0.000000 0.000000 -32.006835 28.134897 -0.060455 -34.488274 -29.829551 23.330453 -180.000000 -62.118896 180.000000 0.080479 -0.005239 -0.988820 0.000000 0.000000 0.607176 0.005215 0.000010 -0.110703 -0.012689 0.000454 -0.146434 0.022390 -0.001199 4.934506 0.000000 0.000000 0.746397 0.000014 0.006565 0.122572 -0.000022 -0.014325 0.164521 2.447046 -0.079831 2.056764 0.000000 0.000000 0.740482 -0.000002 0.007173 -0.014980 -0.000004 -0.015017 0.027776 4.260386 -0.094452 1.375350 0.000000 0.000000 0.754839 0.000000 0.009448 0.000229 -0.000006 -0.022452 0.026332 -6.917769 0.291382 2.291170 0.000000 0.000000 0.754038 -0.000001 0.004175 -0.008146 -0.000001 -0.009275 0.012467 0.441624 -0.014543 2.538997 25.560996 3.292421 -0.015277 40.024181 -14.026165 33.661124 -180.000000 77.255798 -180.000000 -0.080308 0.004629 -0.724563 0.000000 0.000000 0.472622 0.000000 0.000000 0.008252 0.000000 0.000000 -0.001366 -7.969741 -5.107087 -8.050663 0.000000 0.000000 0.467721 0.000000 0.000000 -0.015015 0.000000 0.000000 0.025121 6.271931 -1.933901 -4.817211 0.000000 0.000000 0.481966 0.000000 0.000000 -0.004083 0.000000 0.000000 -0.000628 -1.013052 -2.505694 -6.799366 0.000000 0.000000 0.479930 0.000000 0.000000 0.003389 0.000000 0.000000 -0.007978 -3.109834 -2.403556 -3.139792 0.000035 0.004242 0.480870 0.000001 -0.004242 0.042897 0.000000 0.000000 0.013196 -4.610124 -2.491975 -2.359596 12.136284 -3.955828 -31.281982 0.000000 0.000000 47.493759 -21.737115 -1.357467 -5.191666 0.000000 0.000000 0.000000 -12.288274 2.704947 -40.405139 0.000000 0.000000 62.610095 0.359947 -4.652187 -29.337578 0.000000 0.000000 -0.000003 
-19.640800 80.334000 -35.177600 7.568075 -8.778783 6.971138 0.384117 -0.270493 -3.561356 -7.044924 0.436027 5.906142 -8.024595 -27.244804 0.770359 -9.552761 4.373266 20.880424 5.950456 30.568584 -6.017162 0.000000 0.000000 0.000000 -30.906851 29.658964 -0.061163 -24.383852 -16.363599 24.113883 -180.000000 -60.058197 180.000000 0.080479 -0.005239 -0.988820 0.000000 0.000000 0.607176 0.005215 0.000010 -0.110703 -0.012689 0.000454 -0.146434 0.022390 -0.001199 4.934506 0.000000 0.000000 0.746397 0.000014 0.006565 0.122572 -0.000022 -0.014325 0.164521 2.447046 -0.079831 2.056764 0.000000 0.000000 0.740482 -0.000002 0.007173 -0.014980 -0.000004 -0.015017 0.027776 4.260386 -0.094452 1.375350 0.000000 0.000000 0.754839 0.000000 0.009448 0.000229 -0.000006 -0.022452 0.026332 -6.917769 0.291382 2.291170 0.000000 0.000000 0.754038 -0.000001 0.004175 -0.008146 -0.000001 -0.009275 0.012467 0.441624 -0.014543 2.538997 27.894590 2.997508 -0.026240 39.534041 -3.718260 28.167667 -180.000000 59.208099 -180.000000 -0.080308 0.004629 -0.724563 0.000000 0.000000 0.472622 0.000000 0.000000 0.008252 0.000000 0.000000 -0.001366 -7.969741 -5.107087 -8.050663 0.000000 0.000000 0.467721 0.000000 0.000000 -0.015015 0.000000 0.000000 0.025121 6.271931 -1.933901 -4.817211 0.000000 0.000000 0.481966 0.000000 0.000000 -0.004083 0.000000 0.000000 -0.000628 -1.013052 -2.505694 -6.799366 0.000000 0.000000 0.479930 0.000000 0.000000 0.003389 0.000000 0.000000 -0.007978 -3.109834 -2.403556 -3.139792 0.000035 0.004242 0.480870 0.000001 -0.004242 0.042897 0.000000 0.000000 0.013196 -4.610124 -2.491975 -2.359596 11.146420 0.309708 -37.678274 0.000000 0.000000 55.348341 -21.476267 -4.746881 -9.275742 0.000000 0.000000 0.000000 -6.836404 -0.460345 -39.724950 0.000000 0.000000 58.374806 -0.295609 -2.748659 -26.709533 0.000000 0.000000 -0.000003 
-19.737200 80.915400 -34.472700 4.755903 -8.503649 8.013298 -0.260341 -0.170242 -2.291449 -4.123363 0.166487 4.420002 -4.636548 -23.217056 -0.941758 -8.299993 4.326913 23.413812 4.725603 22.417879 -7.712445 0.000000 0.000000 0.000000 -29.479311 30.071188 -0.046606 -18.190554 -4.654703 28.556114 -180.000000 -59.538803 180.000000 0.080479 -0.005239 -0.988820 0.000000 0.000000 0.607176 0.005215 0.000010 -0.110703 -0.012689 0.000454 -0.146434 0.022390 -0.001199 4.934506 0.000000 0.000000 0.746397 0.000014 0.006565 0.122572 -0.000022 -0.014325 0.164521 2.447046 -0.079831 2.056764 0.000000 0.000000 0.740482 -0.000002 0.007173 -0.014980 -0.000004 -0.015017 0.027776 4.260386 -0.094452 1.375350 0.000000 0.000000 0.754839 0.000000 0.009448 0.000229 -0.000006 -0.022452 0.026332 -6.917769 0.291382 2.291170 0.000000 0.000000 0.754038 -0.000001 0.004175 -0.008146 -0.000001 -0.009275 0.012467 0.441624 -0.014543 2.538997 29.014058 3.059028 -0.036988 40.006511 7.193276 23.045688 -180.000000 47.228394 -180.000000 -0.080308 0.004629 -0.724563 0.000000 0.000000 0.472622 0.000000 0.000000 0.008252 0.000000 0.000000 -0.001366 -7.969741 -5.107087 -8.050663 0.000000 0.000000 0.467721 0.000000 0.000000 -0.015015 0.000000 0.000000 0.025121 6.271931 -1.933901 -4.817211 0.000000 0.000000 0.481966 0.000000 0.000000 -0.004083 0.000000 0.000000 -0.000628 -1.013052 -2.505694 -6.799366 0.000000 0.000000 0.479930 0.000000 0.000000 0.003389 0.000000 0.000000 -0.007978 -3.109834 -2.403556 -3.139792 0.000035 0.004242 0.480870 0.000001 -0.004242 0.042897 0.000000 0.000000 0.013196 -4.610124 -2.491975 -2.359596 7.261514 4.492299 -41.302934 0.000000 0.000000 59.492595 -18.773514 -6.848108 -11.357209 0.000000 0.000000 0.000000 -3.770786 -4.403548 -38.324232 0.000000 0.000000 55.733816 0.665264 2.186097 -26.128342 0.000000 0.000000 -0.000003 
-19.801300 81.429400 -34.685500 1.729348 -7.560220 8.970206 0.302985 -0.179735 -3.031159 -2.152561 0.023464 4.450456 -2.214318 -19.214123 -0.646146 -7.044356 3.625867 23.487444 4.153101 16.969252 -8.172480 0.000000 0.000000 0.000000 -28.483049 29.513098 -0.041791 -15.204963 3.651067 35.478848 -180.000000 -61.031898 180.000000 0.080479 -0.005239 -0.988820 0.000000 0.000000 0.607176 0.005215 0.000010 -0.110703 -0.012689 0.000454 -0.146434 0.022390 -0.001199 4.934506 0.000000 0.000000 0.746397 0.000014 0.006565 0.122572 -0.000022 -0.014325 0.164521 2.447046 -0.079831 2.056764 0.000000 0.000000 0.740482 -0.000002 0.007173 -0.014980 -0.000004 -0.015017 0.027776 4.260386 -0.094452 1.375350 0.000000 0.000000 0.754839 0.000000 0.009448 0.000229 -0.000006 -0.022452 0.026332 -6.917769 0.291382 2.291170 0.000000 0.000000 0.754038 -0.000001 0.004175 -0.008146 -0.000001 -0.009275 0.012467 0.441624 -0.014543 2.538997 28.973866 3.177779 -0.041343 41.379071 18.280327 18.985491 -180.000000 43.695999 -180.000000 -0.080308 0.004629 -0.724563 0.000000 0.000000 0.472622 0.000000 0.000000 0.008252 0.000000 0.000000 -0.001366 -7.969741 -5.107087 -8.050663 0.000000 0.000000 0.467721 0.000000 0.000000 -0.015015 0.000000 0.000000 0.025121 6.271931 -1.933901 -4.817211 0.000000 0.000000 0.481966 0.000000 0.000000 -0.004083 0.000000 0.000000 -0.000628 -1.013052 -2.505694 -6.799366 0.000000 0.000000 0.479930 0.000000 0.000000 0.003389 0.000000 0.000000 -0.007978 -3.109834 -2.403556 -3.139792 0.000035 0.004242 0.480870 0.000001 -0.004242 0.042897 0.000000 0.000000 0.013196 -4.610124 -2.491975 -2.359596 4.339702 6.349780 -42.844610 0.000000 0.000000 60.391514 -16.140354 -5.469060 -14.710588 0.000000 0.000000 0.000000 -1.630119 -9.457653 -37.470795 0.000000 0.000000 52.795311 2.486076 14.541224 -23.582215 0.000000 0.000000 -0.000003 
-19.568100 80.495000 -34.880900 -2.615644 -7.012151 9.441365 1.383142 -0.479929 -3.857976 1.081333 -0.611868 5.265391 0.833727 -12.306251 -0.714737 -5.910434 3.182321 24.124627 1.831735 6.958865 -10.561222 0.000000 0.000000 0.000000 -28.422378 28.150706 -0.061292 -14.115143 9.828469 43.052570 -180.000000 -64.200996 180.000000 0.080479 -0.005239 -0.988820 0.000000 0.000000 0.607176 0.005215 0.000010 -0.110703 -0.012689 0.000454 -0.146434 0.022390 -0.001199 4.934506 0.000000 0.000000 0.746397 0.000014 0.006565 0.122572 -0.000022 -0.014325 0.164521 2.447046 -0.079831 2.056764 0.000000 0.000000 0.740482 -0.000002 0.007173 -0.014980 -0.000004 -0.015017 0.027776 4.260386 -0.094452 1.375350 0.000000 0.000000 0.754839 0.000000 0.009448 0.000229 -0.000006 -0.022452 0.026332 -6.917769 0.291382 2.291170 0.000000 0.000000 0.754038 -0.000001 0.004175 -0.008146 -0.000001 -0.009275 0.012467 0.441624 -0.014543 2.538997 28.349606 3.003464 -0.045230 43.363811 29.447838 16.967613 -180.000000 46.597107 -180.000000 -0.080308 0.004629 -0.724563 0.000000 0.000000 0.472622 0.000000 0.000000 0.008252 0.000000 0.000000 -0.001366 -7.969741 -5.107087 -8.050663 0.000000 0.000000 0.467721 0.000000 0.000000 -0.015015 0.000000 0.000000 0.025121 6.271931 -1.933901 -4.817211 0.000000 0.000000 0.481966 0.000000 0.000000 -0.004083 0.000000 0.000000 -0.000628 -1.013052 -2.505694 -6.799366 0.000000 0.000000 0.479930 0.000000 0.000000 0.003389 0.000000 0.000000 -0.007978 -3.109834 -2.403556 -3.139792 0.000035 0.004242 0.480870 0.000001 -0.004242 0.042897 0.000000 0.000000 0.013196 -4.610124 -2.491975 -2.359596 3.798048 7.992755 -42.100071 0.000000 0.000000 59.448739 -9.446082 -0.624370 -21.134059 0.000000 0.000000 0.000000 0.186156 -13.178935 -37.965497 0.000000 0.000000 52.588912 8.148839 21.030503 -21.471092 0.000000 0.000000 -0.000003 
-19.449900 80.344900 -34.312100 -7.899018 -6.650699 10.601836 2.636421 -0.233560 -5.421795 5.327901 -0.912075 5.844186 4.074162 -7.704790 -0.421506 -5.618350 2.813839 23.560510 -0.848560 1.726181 -10.926784 0.000000 0.000000 0.000000 -29.483975 26.591492 -0.081292 -13.654104 14.873899 50.121011 -180.000000 -68.413498 180.000000 0.080479 -0.005239 -0.988820 0.000000 0.000000 0.607176 0.005215 0.000010 -0.110703 -0.012689 0.000454 -0.146434 0.022390 -0.001199 4.934506 0.000000 0.000000 0.746397 0.000014 0.006565 0.122572 -0.000022 -0.014325 0.164521 2.447046 -0.079831 2.056764 0.000000 0.000000 0.740482 -0.000002 0.007173 -0.014980 -0.000004 -0.015017 0.027776 4.260386 -0.094452 1.375350 0.000000 0.000000 0.754839 0.000000 0.009448 0.000229 -0.000006 -0.022452 0.026332 -6.917769 0.291382 2.291170 0.000000 0.000000 0.754038 -0.000001 0.004175 -0.008146 -0.000001 -0.009275 0.012467 0.441624 -0.014543 2.538997 27.549239 2.662042 -0.045287 46.690779 40.482965 17.753345 -180.000000 52.581398 -180.000000 -0.080308 0.004629 -0.724563 0.000000 0.000000 0.472622 0.000000 0.000000 0.008252 0.000000 0.000000 -0.001366 -7.969741 -5.107087 -8.050663 0.000000 0.000000 0.467721 0.000000 0.000000 -0.015015 0.000000 0.000000 0.025121 6.271931 -1.933901 -4.817211 0.000000 0.000000 0.481966 0.000000 0.000000 -0.004083 0.000000 0.000000 -0.000628 -1.013052 -2.505694 -6.799366 0.000000 0.000000 0.479930 0.000000 0.000000 0.003389 0.000000 0.000000 -0.007978 -3.109834 -2.403556 -3.139792 0.000035 0.004242 0.480870 0.000001 -0.004242 0.042897 0.000000 0.000000 0.013196 -4.610124 -2.491975 -2.359596 6.116478 8.822941 -41.572657 0.000000 0.000000 58.420388 -6.306896 10.517739 -27.368972 0.000000 0.000000 0.000000 1.105067 -13.760202 -38.897967 0.000000 0.000000 51.188445 15.482084 22.094534 -14.654923 0.000000 0.000000 -0.000003 
-19.746500 79.676600 -32.647900 -13.190940 -4.747442 10.694948 3.525795 -0.131384 -5.848518 9.470125 -1.440278 6.199725 8.734813 -3.971931 -0.164779 -5.517521 2.685830 22.035598 -3.784652 -4.948438 -9.894526 0.000000 0.000000 0.000000 -31.294263 25.479689 -0.071760 -13.423056 18.189399 56.438431 -180.000000 -73.525200 180.000000 0.080479 -0.005239 -0.988820 0.000000 0.000000 0.607176 0.005215 0.000010 -0.110703 -0.012689 0.000454 -0.146434 0.022390 -0.001199 4.934506 0.000000 0.000000 0.746397 0.000014 0.006565 0.122572 -0.000022 -0.014325 0.164521 2.447046 -0.079831 2.056764 0.000000 0.000000 0.740482 -0.000002 0.007173 -0.014980 -0.000004 -0.015017 0.027776 4.260386 -0.094452 1.375350 0.000000 0.000000 0.754839 0.000000 0.009448 0.000229 -0.000006 -0.022452 0.026332 -6.917769 0.291382 2.291170 0.000000 0.000000 0.754038 -0.000001 0.004175 -0.008146 -0.000001 -0.009275 0.012467 0.441624 -0.014543 2.538997 26.788490 2.449789 -0.042266 52.153596 50.297934 21.500568 -180.000000 59.287201 -180.000000 -0.080308 0.004629 -0.724563 0.000000 0.000000 0.472622 0.000000 0.000000 0.008252 0.000000 0.000000 -0.001366 -7.969741 -5.107087 -8.050663 0.000000 0.000000 0.467721 0.000000 0.000000 -0.015015 0.000000 0.000000 0.025121 6.271931 -1.933901 -4.817211 0.000000 0.000000 0.481966 0.000000 0.000000 -0.004083 0.000000 0.000000 -0.000628 -1.013052 -2.505694 -6.799366 0.000000 0.000000 0.479930 0.000000 0.000000 0.003389 0.000000 0.000000 -0.007978 -3.109834 -2.403556 -3.139792 0.000035 0.004242 0.480870 0.000001 -0.004242 0.042897 0.000000 0.000000 0.013196 -4.610124 -2.491975 -2.359596 11.486438 6.215468 -42.158927 0.000000 0.000000 61.876680 -1.816167 14.814221 -28.903393 0.000000 0.000000 0.000000 0.155007 -11.890682 -36.850868 0.000000 0.000000 46.942268 20.472337 19.779910 -10.283801 0.000000 0.000000 -0.000003 
-19.737300 79.002500 -31.161100 -18.193957 -0.856000 9.564298 5.331031 -0.011359 -5.397702 13.252423 -2.145378 6.329422 12.085529 -2.103720 0.197315 -5.068541 2.071684 19.333497 -5.615192 -15.098538 -10.101092 0.000000 0.000000 0.000000 -32.946361 24.946596 -0.052999 -13.669162 19.236591 61.797243 -180.000000 -79.181999 180.000000 0.080479 -0.005239 -0.988820 0.000000 0.000000 0.607176 0.005215 0.000010 -0.110703 -0.012689 0.000454 -0.146434 0.022390 -0.001199 4.934506 0.000000 0.000000 0.746397 0.000014 0.006565 0.122572 -0.000022 -0.014325 0.164521 2.447046 -0.079831 2.056764 0.000000 0.000000 0.740482 -0.000002 0.007173 -0.014980 -0.000004 -0.015017 0.027776 4.260386 -0.094452 1.375350 0.000000 0.000000 0.754839 0.000000 0.009448 0.000229 -0.000006 -0.022452 0.026332 -6.917769 0.291382 2.291170 0.000000 0.000000 0.754038 -0.000001 0.004175 -0.008146 -0.000001 -0.009275 0.012467 0.441624 -0.014543 2.538997 26.281923 2.448056 -0.040835 58.486200 57.526469 26.735611 -180.000000 65.895798 -180.000000 -0.080308 0.004629 -0.724563 0.000000 0.000000 0.472622 0.000000 0.000000 0.008252 0.000000 0.000000 -0.001366 -7.969741 -5.107087 -8.050663 0.000000 0.000000 0.467721 0.000000 0.000000 -0.015015 0.000000 0.000000 0.025121 6.271931 -1.933901 -4.817211 0.000000 0.000000 0.481966 0.000000 0.000000 -0.004083 0.000000 0.000000 -0.000628 -1.013052 -2.505694 -6.799366 0.000000 0.000000 0.479930 0.000000 0.000000 0.003389 0.000000 0.000000 -0.007978 -3.109834 -2.403556 -3.139792 0.000035 0.004242 0.480870 0.000001 -0.004242 0.042897 0.000000 0.000000 0.013196 -4.610124 -2.491975 -2.359596 17.399369 2.442773 -42.388374 0.000000 0.000000 65.161009 -3.558181 14.778916 -31.614152 0.000000 0.000000 0.000000 -1.773324 -7.790879 -31.931423 0.000000 0.000000 40.300245 21.241813 13.926786 -7.797862 0.000000 0.000000 -0.000003 
-19.494800 78.608800 -30.157000 -20.520129 2.447216 8.921759 5.741476 0.103401 -6.042185 15.076220 -2.284440 6.085387 14.707607 0.033271 0.714498 -4.823069 1.866544 17.973242 -6.897856 -20.432428 -10.318630 0.000000 0.000000 0.000000 -33.823189 24.746060 -0.044923 -13.939299 18.452773 65.683222 -180.000000 -84.085693 180.000000 0.080479 -0.005239 -0.988820 0.000000 0.000000 0.607176 0.005215 0.000010 -0.110703 -0.012689 0.000454 -0.146434 0.022390 -0.001199 4.934506 0.000000 0.000000 0.746397 0.000014 0.006565 0.122572 -0.000022 -0.014325 0.164521 2.447046 -0.079831 2.056764 0.000000 0.000000 0.740482 -0.000002 0.007173 -0.014980 -0.000004 -0.015017 0.027776 4.260386 -0.094452 1.375350 0.000000 0.000000 0.754839 0.000000 0.009448 0.000229 -0.000006 -0.022452 0.026332 -6.917769 0.291382 2.291170 0.000000 0.000000 0.754038 -0.000001 0.004175 -0.008146 -0.000001 -0.009275 0.012467 0.441624 -0.014543 2.538997 26.282265 2.547329 -0.042128 61.488133 61.589810 29.814407 -180.000000 72.020401 -180.000000 -0.080308 0.004629 -0.724563 0.000000 0.000000 0.472622 0.000000 0.000000 0.008252 0.000000 0.000000 -0.001366 -7.969741 -5.107087 -8.050663 0.000000 0.000000 0.467721 0.000000 0.000000 -0.015015 0.000000 0.000000 0.025121 6.271931 -1.933901 -4.817211 0.000000 0.000000 0.481966 0.000000 0.000000 -0.004083 0.000000 0.000000 -0.000628 -1.013052 -2.505694 -6.799366 0.000000 0.000000 0.479930 0.000000 0.000000 0.003389 0.000000 0.000000 -0.007978 -3.109834 -2.403556 -3.139792 0.000035 0.004242 0.480870 0.000001 -0.004242 0.042897 0.000000 0.000000 0.013196 -4.610124 -2.491975 -2.359596 20.219642 0.365784 -43.020894 0.000000 0.000000 66.827881 -5.211536 12.863812 -33.392989 0.000000 0.000000 0.000000 -5.855462 -0.095635 -27.824679 0.000000 0.000000 33.915930 20.970789 4.963616 -3.497919 0.000000 0.000000 -0.000003 
-19.490600 78.614000 -29.773700 -20.876627 5.011285 9.256628 5.596130 0.409368 -7.366371 15.308239 -1.920355 5.613684 15.501683 0.827304 0.495689 -3.470218 1.269449 17.382746 -7.777811 -22.749794 -9.529075 0.000000 0.000000 0.000000 -33.927307 24.939310 -0.044807 -13.527135 16.511779 67.737510 -180.000000 -86.992798 180.000000 0.080479 -0.005239 -0.988820 0.000000 0.000000 0.607176 0.005215 0.000010 -0.110703 -0.012689 0.000454 -0.146434 0.022390 -0.001199 4.934506 0.000000 0.000000 0.746397 0.000014 0.006565 0.122572 -0.000022 -0.014325 0.164521 2.447046 -0.079831 2.056764 0.000000 0.000000 0.740482 -0.000002 0.007173 -0.014980 -0.000004 -0.015017 0.027776 4.260386 -0.094452 1.375350 0.000000 0.000000 0.754839 0.000000 0.009448 0.000229 -0.000006 -0.022452 0.026332 -6.917769 0.291382 2.291170 0.000000 0.000000 0.754038 -0.000001 0.004175 -0.008146 -0.000001 -0.009275 0.012467 0.441624 -0.014543 2.538997 26.795366 2.696588 -0.043960 59.019716 62.481875 28.380406 -180.000000 76.632103 -180.000000 -0.080308 0.004629 -0.724563 0.000000 0.000000 0.472622 0.000000 0.000000 0.008252 0.000000 0.000000 -0.001366 -7.969741 -5.107087 -8.050663 0.000000 0.000000 0.467721 0.000000 0.000000 -0.015015 0.000000 0.000000 0.025121 6.271931 -1.933901 -4.817211 0.000000 0.000000 0.481966 0.000000 0.000000 -0.004083 0.000000 0.000000 -0.000628 -1.013052 -2.505694 -6.799366 0.000000 0.000000 0.479930 0.000000 0.000000 0.003389 0.000000 0.000000 -0.007978 -3.109834 -2.403556 -3.139792 0.000035 0.004242 0.480870 0.000001 -0.004242 0.042897 0.000000 0.000000 0.013196 -4.610124 -2.491975 -2.359596 20.914962 -0.443969 -44.152938 0.000000 0.000000 66.895650 -5.277097 11.179896 -33.567100 0.000000 0.000000 0.000000 -10.493180 7.509054 -25.730187 0.000000 0.000000 29.145985 20.176914 -2.019573 3.446706 0.000000 0.000000 -0.000003 
-19.343900 78.068200 -27.990500 -19.869759 6.309465 9.926808 4.218890 0.478541 -8.145263 15.151056 -1.507920 4.968955 15.082897 1.054716 -0.177262 -1.003472 0.378534 17.364353 -7.834372 -24.789107 -6.655256 0.000000 0.000000 0.000000 -33.694037 25.651849 -0.045447 -12.184323 13.938178 67.805673 -180.000000 -87.392288 180.000000 0.080479 -0.005239 -0.988820 0.000000 0.000000 0.607176 0.005215 0.000010 -0.110703 -0.012689 0.000454 -0.146434 0.022390 -0.001199 4.934506 0.000000 0.000000 0.746397 0.000014 0.006565 0.122572 -0.000022 -0.014325 0.164521 2.447046 -0.079831 2.056764 0.000000 0.000000 0.740482 -0.000002 0.007173 -0.014980 -0.000004 -0.015017 0.027776 4.260386 -0.094452 1.375350 0.000000 0.000000 0.754839 0.000000 0.009448 0.000229 -0.000006 -0.022452 0.026332 -6.917769 0.291382 2.291170 0.000000 0.000000 0.754038 -0.000001 0.004175 -0.008146 -0.000001 -0.009275 0.012467 0.441624 -0.014543 2.538997 27.676070 2.832795 -0.042701 53.370763 60.526557 24.272934 -180.000000 78.308296 -180.000000 -0.080308 0.004629 -0.724563 0.000000 0.000000 0.472622 0.000000 0.000000 0.008252 0.000000 0.000000 -0.001366 -7.969741 -5.107087 -8.050663 0.000000 0.000000 0.467721 0.000000 0.000000 -0.015015 0.000000 0.000000 0.025121 6.271931 -1.933901 -4.817211 0.000000 0.000000 0.481966 0.000000 0.000000 -0.004083 0.000000 0.000000 -0.000628 -1.013052 -2.505694 -6.799366 0.000000 0.000000 0.479930 0.000000 0.000000 0.003389 0.000000 0.000000 -0.007978 -3.109834 -2.403556 -3.139792 0.000035 0.004242 0.480870 0.000001 -0.004242 0.042897 0.000000 0.000000 0.013196 -4.610124 -2.491975 -2.359596 19.719592 0.082521 -44.278695 0.000000 0.000000 67.818048 -4.073664 9.967791 -35.219075 0.000000 0.000000 0.000000 -14.882419 12.461788 -24.904565 0.000000 0.000000 26.400050 21.422832 -5.518977 8.256106 0.000000 0.000000 -0.000003 
-19.593600 78.158600 -28.125200 -19.283270 7.708363 10.159977 3.434295 0.356640 -7.725142 15.372299 -1.286031 4.084037 14.296207 0.877873 -1.279788 0.238737 -0.118338 17.695179 -6.436094 -26.341998 -6.731417 0.000000 0.000000 0.000000 -33.493851 26.502731 -0.043332 -10.210596 11.595043 65.640271 -180.000000 -85.382530 180.000000 0.080479 -0.005239 -0.988820 0.000000 0.000000 0.607176 0.005215 0.000010 -0.110703 -0.012689 0.000454 -0.146434 0.022390 -0.001199 4.934506 0.000000 0.000000 0.746397 0.000014 0.006565 0.122572 -0.000022 -0.014325 0.164521 2.447046 -0.079831 2.056764 0.000000 0.000000 0.740482 -0.000002 0.007173 -0.014980 -0.000004 -0.015017 0.027776 4.260386 -0.094452 1.375350 0.000000 0.000000 0.754839 0.000000 0.009448 0.000229 -0.000006 -0.022452 0.026332 -6.917769 0.291382 2.291170 0.000000 0.000000 0.754038 -0.000001 0.004175 -0.008146 -0.000001 -0.009275 0.012467 0.441624 -0.014543 2.538997 28.498743 2.806230 -0.039692 48.111233 56.335199 20.839988 -180.000000 76.191399 -180.000000 -0.080308 0.004629 -0.724563 0.000000 0.000000 0.472622 0.000000 0.000000 0.008252 0.000000 0.000000 -0.001366 -7.969741 -5.107087 -8.050663 0.000000 0.000000 0.467721 0.000000 0.000000 -0.015015 0.000000 0.000000 0.025121 6.271931 -1.933901 -4.817211 0.000000 0.000000 0.481966 0.000000 0.000000 -0.004083 0.000000 0.000000 -0.000628 -1.013052 -2.505694 -6.799366 0.000000 0.000000 0.479930 0.000000 0.000000 0.003389 0.000000 0.000000 -0.007978 -3.109834 -2.403556 -3.139792 0.000035 0.004242 0.480870 0.000001 -0.004242 0.042897 0.000000 0.000000 0.013196 -4.610124 -2.491975 -2.359596 19.472738 -0.444954 -44.999457 0.000000 0.000000 67.460824 -3.761358 9.211112 -34.730312 0.000000 0.000000 0.000000 -16.360851 12.651397 -23.679913 0.000000 0.000000 24.831733 21.875889 -6.153830 8.685639 0.000000 0.000000 -0.000003 
-19.885600 77.610300 -28.441300 -19.240470 7.793675 9.434583 3.635341 -0.071627 -6.851469 15.491405 -1.795867 4.453517 13.453611 0.863400 -0.919233 -0.511538 0.175600 16.220708 -4.904963 -23.884501 -7.461182 0.000000 0.000000 0.000000 -33.312260 27.051612 -0.041533 -8.123384 10.269599 60.845906 -180.000000 -81.249207 180.000000 0.080479 -0.005239 -0.988820 0.000000 0.000000 0.607176 0.005215 0.000010 -0.110703 -0.012689 0.000454 -0.146434 0.022390 -0.001199 4.934506 0.000000 0.000000 0.746397 0.000014 0.006565 0.122572 -0.000022 -0.014325 0.164521 2.447046 -0.079831 2.056764 0.000000 0.000000 0.740482 -0.000002 0.007173 -0.014980 -0.000004 -0.015017 0.027776 4.260386 -0.094452 1.375350 0.000000 0.000000 0.754839 0.000000 0.009448 0.000229 -0.000006 -0.022452 0.026332 -6.917769 0.291382 2.291170 0.000000 0.000000 0.754038 -0.000001 0.004175 -0.008146 -0.000001 -0.009275 0.012467 0.441624 -0.014543 2.538997 28.944416 2.658705 -0.039087 43.730862 50.281886 19.047141 -180.000000 71.243401 -180.000000 -0.080308 0.004629 -0.724563 0.000000 0.000000 0.472622 0.000000 0.000000 0.008252 0.000000 0.000000 -0.001366 -7.969741 -5.107087 -8.050663 0.000000 0.000000 0.467721 0.000000 0.000000 -0.015015 0.000000 0.000000 0.025121 6.271931 -1.933901 -4.817211 0.000000 0.000000 0.481966 0.000000 0.000000 -0.004083 0.000000 0.000000 -0.000628 -1.013052 -2.505694 -6.799366 0.000000 0.000000 0.479930 0.000000 0.000000 0.003389 0.000000 0.000000 -0.007978 -3.109834 -2.403556 -3.139792 0.000035 0.004242 0.480870 0.000001 -0.004242 0.042897 0.000000 0.000000 0.013196 -4.610124 -2.491975 -2.359596 19.685004 -0.857642 -45.387349 0.000000 0.000000 68.890125 -4.078295 9.167293 -35.119274 0.000000 0.000000 0.000000 -15.689368 11.714420 -22.477305 0.000000 0.000000 25.023781 20.663449 -5.575582 4.471702 0.000000 0.000000 -0.000003 
-19.995100 77.350100 -28.912500 -18.996446 7.057208 9.703035 4.431156 0.181601 -7.385505 14.556879 -1.730248 4.930365 12.947600 -0.646551 -0.947592 -1.628476 0.520283 16.372710 -5.122895 -19.163361 -7.917930 0.000000 0.000000 0.000000 -33.089142 27.519046 -0.039120 -6.261220 9.736303 53.557889 -180.000000 -75.093597 180.000000 0.080479 -0.005239 -0.988820 0.000000 0.000000 0.607176 0.005215 0.000010 -0.110703 -0.012689 0.000454 -0.146434 0.022390 -0.001199 4.934506 0.000000 0.000000 0.746397 0.000014 0.006565 0.122572 -0.000022 -0.014325 0.164521 2.447046 -0.079831 2.056764 0.000000 0.000000 0.740482 -0.000002 0.007173 -0.014980 -0.000004 -0.015017 0.027776 4.260386 -0.094452 1.375350 0.000000 0.000000 0.754839 0.000000 0.009448 0.000229 -0.000006 -0.022452 0.026332 -6.917769 0.291382 2.291170 0.000000 0.000000 0.754038 -0.000001 0.004175 -0.008146 -0.000001 -0.009275 0.012467 0.441624 -0.014543 2.538997 28.857574 2.557789 -0.038551 39.114352 42.214134 18.540416 -180.000000 65.457397 -180.000000 -0.080308 0.004629 -0.724563 0.000000 0.000000 0.472622 0.000000 0.000000 0.008252 0.000000 0.000000 -0.001366 -7.969741 -5.107087 -8.050663 0.000000 0.000000 0.467721 0.000000 0.000000 -0.015015 0.000000 0.000000 0.025121 6.271931 -1.933901 -4.817211 0.000000 0.000000 0.481966 0.000000 0.000000 -0.004083 0.000000 0.000000 -0.000628 -1.013052 -2.505694 -6.799366 0.000000 0.000000 0.479930 0.000000 0.000000 0.003389 0.000000 0.000000 -0.007978 -3.109834 -2.403556 -3.139792 0.000035 0.004242 0.480870 0.000001 -0.004242 0.042897 0.000000 0.000000 0.013196 -4.610124 -2.491975 -2.359596 19.500752 -0.922058 -46.066531 0.000000 0.000000 69.537214 -4.539492 9.837878 -35.132381 0.000000 0.000000 0.000000 -14.126113 9.194146 -23.193432 0.000000 0.000000 26.164252 16.810398 -9.670412 1.408513 0.000000 0.000000 -0.000003 
-20.046700 78.056400 -29.494900 -17.225040 5.855134 9.514055 3.578940 0.348847 -6.065497 14.088046 -1.257838 4.536079 12.252861 -3.444873 -1.726048 -3.258015 1.237587 18.031517 -5.801603 -13.567946 -10.169232 0.000000 0.000000 0.000000 -33.089197 28.585321 -0.031371 -4.942595 8.891124 44.482400 -180.000000 -67.233200 180.000000 0.080479 -0.005239 -0.988820 0.000000 0.000000 0.607176 0.005215 0.000010 -0.110703 -0.012689 0.000454 -0.146434 0.022390 -0.001199 4.934506 0.000000 0.000000 0.746397 0.000014 0.006565 0.122572 -0.000022 -0.014325 0.164521 2.447046 -0.079831 2.056764 0.000000 0.000000 0.740482 -0.000002 0.007173 -0.014980 -0.000004 -0.015017 0.027776 4.260386 -0.094452 1.375350 0.000000 0.000000 0.754839 0.000000 0.009448 0.000229 -0.000006 -0.022452 0.026332 -6.917769 0.291382 2.291170 0.000000 0.000000 0.754038 -0.000001 0.004175 -0.008146 -0.000001 -0.009275 0.012467 0.441624 -0.014543 2.538997 28.223929 2.668296 -0.035370 33.958101 32.250586 19.357484 -180.000000 60.319000 -180.000000 -0.080308 0.004629 -0.724563 0.000000 0.000000 0.472622 0.000000 0.000000 0.008252 0.000000 0.000000 -0.001366 -7.969741 -5.107087 -8.050663 0.000000 0.000000 0.467721 0.000000 0.000000 -0.015015 0.000000 0.000000 0.025121 6.271931 -1.933901 -4.817211 0.000000 0.000000 0.481966 0.000000 0.000000 -0.004083 0.000000 0.000000 -0.000628 -1.013052 -2.505694 -6.799366 0.000000 0.000000 0.479930 0.000000 0.000000 0.003389 0.000000 0.000000 -0.007978 -3.109834 -2.403556 -3.139792 0.000035 0.004242 0.480870 0.000001 -0.004242 0.042897 0.000000 0.000000 0.013196 -4.610124 -2.491975 -2.359596 17.396297 -1.300728 -44.668800 0.000000 0.000000 67.280984 -2.720539 12.222099 -33.288606 0.000000 0.000000 0.000000 -12.542422 4.264796 -24.705465 0.000000 0.000000 28.529468 12.264969 -8.392877 -2.473545 0.000000 0.000000 -0.000003 
-19.822800 78.293300 -29.712300 -14.737461 3.523362 10.156217 3.005914 0.655868 -4.413248 12.716254 -0.527425 3.872151 11.010258 -7.492954 -3.287694 -6.273957 2.659162 19.087977 -4.972302 -4.304622 -10.812382 0.000000 0.000000 0.000000 -33.423042 30.094068 -0.026553 -5.221432 6.687675 34.211451 -180.000000 -58.878799 180.000000 0.080479 -0.005239 -0.988820 0.000000 0.000000 0.607176 0.005215 0.000010 -0.110703 -0.012689 0.000454 -0.146434 0.022390 -0.001199 4.934506 0.000000 0.000000 0.746397 0.000014 0.006565 0.122572 -0.000022 -0.014325 0.164521 2.447046 -0.079831 2.056764 0.000000 0.000000 0.740482 -0.000002 0.007173 -0.014980 -0.000004 -0.015017 0.027776 4.260386 -0.094452 1.375350 0.000000 0.000000 0.754839 0.000000 0.009448 0.000229 -0.000006 -0.022452 0.026332 -6.917769 0.291382 2.291170 0.000000 0.000000 0.754038 -0.000001 0.004175 -0.008146 -0.000001 -0.009275 0.012467 0.441624 -0.014543 2.538997 27.399543 3.030738 -0.034176 28.576342 21.061963 21.834695 -180.000000 56.825996 -180.000000 -0.080308 0.004629 -0.724563 0.000000 0.000000 0.472622 0.000000 0.000000 0.008252 0.000000 0.000000 -0.001366 -7.969741 -5.107087 -8.050663 0.000000 0.000000 0.467721 0.000000 0.000000 -0.015015 0.000000 0.000000 0.025121 6.271931 -1.933901 -4.817211 0.000000 0.000000 0.481966 0.000000 0.000000 -0.004083 0.000000 0.000000 -0.000628 -1.013052 -2.505694 -6.799366 0.000000 0.000000 0.479930 0.000000 0.000000 0.003389 0.000000 0.000000 -0.007978 -3.109834 -2.403556 -3.139792 0.000035 0.004242 0.480870 0.000001 -0.004242 0.042897 0.000000 0.000000 0.013196 -4.610124 -2.491975 -2.359596 14.186282 -0.009799 -43.864079 0.000000 0.000000 65.930483 -1.293691 13.714248 -32.382372 0.000000 0.000000 0.000000 -10.554319 -0.966748 -29.049364 0.000000 0.000000 33.549461 9.309424 -3.655526 -7.729789 0.000000 0.000000 -0.000003 
-19.447500 79.083600 -30.782600 -11.444636 0.874438 11.540201 2.643835 0.696535 -4.571053 9.917529 -0.299454 4.217252 9.563077 -10.746185 -2.710848 -9.422926 3.321808 16.332615 -5.043960 6.002353 -11.077805 0.000000 0.000000 0.000000 -33.718211 31.059544 -0.028749 -8.123655 0.969265 23.734453 -180.000000 -51.998199 180.000000 0.080479 -0.005239 -0.988820 0.000000 0.000000 0.607176 0.005215 0.000010 -0.110703 -0.012689 0.000454 -0.146434 0.022390 -0.001199 4.934506 0.000000 0.000000 0.746397 0.000014 0.006565 0.122572 -0.000022 -0.014325 0.164521 2.447046 -0.079831 2.056764 0.000000 0.000000 0.740482 -0.000002 0.007173 -0.014980 -0.000004 -0.015017 0.027776 4.260386 -0.094452 1.375350 0.000000 0.000000 0.754839 0.000000 0.009448 0.000229 -0.000006 -0.022452 0.026332 -6.917769 0.291382 2.291170 0.000000 0.000000 0.754038 -0.000001 0.004175 -0.008146 -0.000001 -0.009275 0.012467 0.441624 -0.014543 2.538997 26.928587 3.423153 -0.037797 23.735451 9.317772 26.050969 -180.000000 56.467300 -180.000000 -0.080308 0.004629 -0.724563 0.000000 0.000000 0.472622 0.000000 0.000000 0.008252 0.000000 0.000000 -0.001366 -7.969741 -5.107087 -8.050663 0.000000 0.000000 0.467721 0.000000 0.000000 -0.015015 0.000000 0.000000 0.025121 6.271931 -1.933901 -4.817211 0.000000 0.000000 0.481966 0.000000 0.000000 -0.004083 0.000000 0.000000 -0.000628 -1.013052 -2.505694 -6.799366 0.000000 0.000000 0.479930 0.000000 0.000000 0.003389 0.000000 0.000000 -0.007978 -3.109834 -2.403556 -3.139792 0.000035 0.004242 0.480870 0.000001 -0.004242 0.042897 0.000000 0.000000 0.013196 -4.610124 -2.491975 -2.359596 10.138286 2.982204 -43.711765 0.000000 0.000000 62.983312 -1.863545 12.188152 -30.710199 0.000000 0.000000 0.000000 -8.807131 -4.259343 -35.137777 0.000000 0.000000 40.176066 12.172730 2.098337 -12.712406 0.000000 0.000000 -0.000003 
-19.125600 79.677300 -31.322500 -6.764330 -0.790961 11.358111 2.095679 0.069707 -3.885856 6.157303 -0.635655 5.108755 6.147425 -11.169211 -1.597127 -10.102432 3.369486 14.906685 -4.152954 11.802275 -12.470775 0.000000 0.000000 0.000000 -33.398849 30.762551 -0.015097 -13.055531 -10.554824 14.749169 -180.000000 -47.762894 180.000000 0.080479 -0.005239 -0.988820 0.000000 0.000000 0.607176 0.005215 0.000010 -0.110703 -0.012689 0.000454 -0.146434 0.022390 -0.001199 4.934506 0.000000 0.000000 0.746397 0.000014 0.006565 0.122572 -0.000022 -0.014325 0.164521 2.447046 -0.079831 2.056764 0.000000 0.000000 0.740482 -0.000002 0.007173 -0.014980 -0.000004 -0.015017 0.027776 4.260386 -0.094452 1.375350 0.000000 0.000000 0.754839 0.000000 0.009448 0.000229 -0.000006 -0.022452 0.026332 -6.917769 0.291382 2.291170 0.000000 0.000000 0.754038 -0.000001 0.004175 -0.008146 -0.000001 -0.009275 0.012467 0.441624 -0.014543 2.538997 27.024086 3.542791 -0.039386 20.703568 -2.444088 31.498304 -180.000000 61.110100 -180.000000 -0.080308 0.004629 -0.724563 0.000000 0.000000 0.472622 0.000000 0.000000 0.008252 0.000000 0.000000 -0.001366 -7.969741 -5.107087 -8.050663 0.000000 0.000000 0.467721 0.000000 0.000000 -0.015015 0.000000 0.000000 0.025121 6.271931 -1.933901 -4.817211 0.000000 0.000000 0.481966 0.000000 0.000000 -0.004083 0.000000 0.000000 -0.000628 -1.013052 -2.505694 -6.799366 0.000000 0.000000 0.479930 0.000000 0.000000 0.003389 0.000000 0.000000 -0.007978 -3.109834 -2.403556 -3.139792 0.000035 0.004242 0.480870 0.000001 -0.004242 0.042897 0.000000 0.000000 0.013196 -4.610124 -2.491975 -2.359596 4.681180 7.204545 -42.083610 0.000000 0.000000 59.973764 -2.694173 7.465359 -29.463059 0.000000 0.000000 0.000000 -8.230421 -6.508971 -38.967989 0.000000 0.000000 45.811389 17.046948 9.207521 -14.020435 0.000000 0.000000 -0.000003 
-19.014100 81.019000 -32.844200 -1.620620 -1.304662 10.511181 1.207473 0.093584 -3.023357 2.078050 -0.189308 5.758984 2.381025 -11.645751 -0.581676 -10.003324 3.511903 15.364183 -0.829089 16.164078 -12.994311 0.000000 0.000000 0.000000 -32.460567 29.225717 -0.000136 -18.694247 -26.972598 8.692683 -180.000000 -46.151001 180.000000 0.080479 -0.005239 -0.988820 0.000000 0.000000 0.607176 0.005215 0.000010 -0.110703 -0.012689 0.000454 -0.146434 0.022390 -0.001199 4.934506 0.000000 0.000000 0.746397 0.000014 0.006565 0.122572 -0.000022 -0.014325 0.164521 2.447046 -0.079831 2.056764 0.000000 0.000000 0.740482 -0.000002 0.007173 -0.014980 -0.000004 -0.015017 0.027776 4.260386 -0.094452 1.375350 0.000000 0.000000 0.754839 0.000000 0.009448 0.000229 -0.000006 -0.022452 0.026332 -6.917769 0.291382 2.291170 0.000000 0.000000 0.754038 -0.000001 0.004175 -0.008146 -0.000001 -0.009275 0.012467 0.441624 -0.014543 2.538997 27.421198 3.334836 -0.038100 20.388226 -13.094828 37.578145 -180.000000 70.902397 -180.000000 -0.080308 0.004629 -0.724563 0.000000 0.000000 0.472622 0.000000 0.000000 0.008252 0.000000 0.000000 -0.001366 -7.969741 -5.107087 -8.050663 0.000000 0.000000 0.467721 0.000000 0.000000 -0.015015 0.000000 0.000000 0.025121 6.271931 -1.933901 -4.817211 0.000000 0.000000 0.481966 0.000000 0.000000 -0.004083 0.000000 0.000000 -0.000628 -1.013052 -2.505694 -6.799366 0.000000 0.000000 0.479930 0.000000 0.000000 0.003389 0.000000 0.000000 -0.007978 -3.109834 -2.403556 -3.139792 0.000035 0.004242 0.480870 0.000001 -0.004242 0.042897 0.000000 0.000000 0.013196 -4.610124 -2.491975 -2.359596 0.604466 10.834564 -40.535105 0.000000 0.000000 56.067296 -2.171919 -4.917805 -23.444467 0.000000 0.000000 0.000000 -8.591885 -7.821026 -40.122216 0.000000 0.000000 48.334334 20.228009 15.820122 -12.417409 0.000000 0.000000 -0.000003 
-19.505900 82.475300 -33.169900 3.691897 -1.502240 10.227337 0.445949 0.250146 -2.832659 -2.440035 0.491992 6.103808 -1.997296 -14.623185 0.980266 -9.402239 3.411015 15.477678 2.521208 21.102807 -12.895988 0.000000 0.000000 0.000000 -31.444466 27.271220 -0.007646 -24.797255 -44.030118 6.454712 -180.000000 -46.955902 180.000000 0.080479 -0.005239 -0.988820 0.000000 0.000000 0.607176 0.005215 0.000010 -0.110703 -0.012689 0.000454 -0.146434 0.022390 -0.001199 4.934506 0.000000 0.000000 0.746397 0.000014 0.006565 0.122572 -0.000022 -0.014325 0.164521 2.447046 -0.079831 2.056764 0.000000 0.000000 0.740482 -0.000002 0.007173 -0.014980 -0.000004 -0.015017 0.027776 4.260386 -0.094452 1.375350 0.000000 0.000000 0.754839 0.000000 0.009448 0.000229 -0.000006 -0.022452 0.026332 -6.917769 0.291382 2.291170 0.000000 0.000000 0.754038 -0.000001 0.004175 -0.008146 -0.000001 -0.009275 0.012467 0.441624 -0.014543 2.538997 28.044067 3.055161 -0.036889 21.684212 -21.328571 43.942035 -180.000000 82.872490 -180.000000 -0.080308 0.004629 -0.724563 0.000000 0.000000 0.472622 0.000000 0.000000 0.008252 0.000000 0.000000 -0.001366 -7.969741 -5.107087 -8.050663 0.000000 0.000000 0.467721 0.000000 0.000000 -0.015015 0.000000 0.000000 0.025121 6.271931 -1.933901 -4.817211 0.000000 0.000000 0.481966 0.000000 0.000000 -0.004083 0.000000 0.000000 -0.000628 -1.013052 -2.505694 -6.799366 0.000000 0.000000 0.479930 0.000000 0.000000 0.003389 0.000000 0.000000 -0.007978 -3.109834 -2.403556 -3.139792 0.000035 0.004242 0.480870 0.000001 -0.004242 0.042897 0.000000 0.000000 0.013196 -4.610124 -2.491975 -2.359596 -1.796535 13.371511 -38.775756 0.000000 0.000000 51.980502 -8.291413 -11.413681 -18.646131 0.000000 0.000000 0.000000 -10.182543 -7.958659 -39.692058 0.000000 0.000000 47.923885 17.259763 18.496740 -12.130498 0.000000 0.000000 -0.000003 
-19.803400 83.871300 -32.542500 9.305221 -2.291905 11.088204 -0.749982 0.581247 -3.395673 -6.924065 1.355987 5.985525 -7.165516 -19.539850 2.310964 -7.795739 2.699596 15.344288 5.392026 25.811838 -12.187823 0.000000 0.000000 0.000000 -30.390283 25.865359 -0.023405 -34.558806 -57.864280 9.682413 -180.000000 -49.998398 180.000000 0.080479 -0.005239 -0.988820 0.000000 0.000000 0.607176 0.005215 0.000010 -0.110703 -0.012689 0.000454 -0.146434 0.022390 -0.001199 4.934506 0.000000 0.000000 0.746397 0.000014 0.006565 0.122572 -0.000022 -0.014325 0.164521 2.447046 -0.079831 2.056764 0.000000 0.000000 0.740482 -0.000002 0.007173 -0.014980 -0.000004 -0.015017 0.027776 4.260386 -0.094452 1.375350 0.000000 0.000000 0.754839 0.000000 0.009448 0.000229 -0.000006 -0.022452 0.026332 -6.917769 0.291382 2.291170 0.000000 0.000000 0.754038 -0.000001 0.004175 -0.008146 -0.000001 -0.009275 0.012467 0.441624 -0.014543 2.538997 28.870727 2.872192 -0.037636 22.478004 -26.403587 50.333988 -0.000000 86.381660 -0.000000 -0.080308 0.004629 -0.724563 0.000000 0.000000 0.472622 0.000000 0.000000 0.008252 0.000000 0.000000 -0.001366 -7.969741 -5.107087 -8.050663 0.000000 0.000000 0.467721 0.000000 0.000000 -0.015015 0.000000 0.000000 0.025121 6.271931 -1.933901 -4.817211 0.000000 0.000000 0.481966 0.000000 0.000000 -0.004083 0.000000 0.000000 -0.000628 -1.013052 -2.505694 -6.799366 0.000000 0.000000 0.479930 0.000000 0.000000 0.003389 0.000000 0.000000 -0.007978 -3.109834 -2.403556 -3.139792 0.000035 0.004242 0.480870 0.000001 -0.004242 0.042897 0.000000 0.000000 0.013196 -4.610124 -2.491975 -2.359596 -2.927295 13.732278 -36.569190 0.000000 0.000000 46.309026 -16.369497 -13.052247 -14.821289 0.000000 0.000000 0.000000 -13.733295 -6.513382 -39.135414 0.000000 0.000000 46.607910 11.525538 7.281453 -16.460476 0.000000 0.000000 -0.000003 
-19.603700 84.869200 -31.590900 13.906063 -4.446603 12.162710 -2.340820 0.811337 -4.449917 -10.574342 2.080265 5.925460 -11.176561 -25.233779 3.250261 -7.484856 2.315087 13.726697 8.514314 34.311096 -9.269137 0.000000 0.000000 0.000000 -29.364118 25.181765 -0.035618 -50.367147 -66.074736 19.472279 -180.000000 -54.440002 180.000000 0.080479 -0.005239 -0.988820 0.000000 0.000000 0.607176 0.005215 0.000010 -0.110703 -0.012689 0.000454 -0.146434 0.022390 -0.001199 4.934506 0.000000 0.000000 0.746397 0.000014 0.006565 0.122572 -0.000022 -0.014325 0.164521 2.447046 -0.079831 2.056764 0.000000 0.000000 0.740482 -0.000002 0.007173 -0.014980 -0.000004 -0.015017 0.027776 4.260386 -0.094452 1.375350 0.000000 0.000000 0.754839 0.000000 0.009448 0.000229 -0.000006 -0.022452 0.026332 -6.917769 0.291382 2.291170 0.000000 0.000000 0.754038 -0.000001 0.004175 -0.008146 -0.000001 -0.009275 0.012467 0.441624 -0.014543 2.538997 29.486030 2.884853 -0.038955 22.432409 -28.875710 56.140231 -0.000000 77.486610 -0.000000 -0.080308 0.004629 -0.724563 0.000000 0.000000 0.472622 0.000000 0.000000 0.008252 0.000000 0.000000 -0.001366 -7.969741 -5.107087 -8.050663 0.000000 0.000000 0.467721 0.000000 0.000000 -0.015015 0.000000 0.000000 0.025121 6.271931 -1.933901 -4.817211 0.000000 0.000000 0.481966 0.000000 0.000000 -0.004083 0.000000 0.000000 -0.000628 -1.013052 -2.505694 -6.799366 0.000000 0.000000 0.479930 0.000000 0.000000 0.003389 0.000000 0.000000 -0.007978 -3.109834 -2.403556 -3.139792 0.000035 0.004242 0.480870 0.000001 -0.004242 0.042897 0.000000 0.000000 0.013196 -4.610124 -2.491975 -2.359596 -2.155840 11.977782 -33.290209 0.000000 0.000000 39.156025 -19.778731 -10.588691 -11.637630 0.000000 0.000000 0.000000 -18.280041 -2.728638 -39.031276 0.000000 0.000000 44.678128 8.264897 -0.529868 -18.390330 0.000000 0.000000 -0.000003 
-19.439600 85.035900 -30.645200 15.820919 -7.998391 11.583694 -2.459480 0.170193 -4.307188 -12.996819 1.775490 6.010575 -13.636481 -27.490865 2.658007 -8.130059 2.355551 12.113520 10.996113 38.691334 -7.008536 0.000000 0.000000 0.000000 -28.664488 24.863361 -0.041468 -64.414534 -68.371153 28.490864 -180.000000 -59.452400 180.000000 0.080479 -0.005239 -0.988820 0.000000 0.000000 0.607176 0.005215 0.000010 -0.110703 -0.012689 0.000454 -0.146434 0.022390 -0.001199 4.934506 0.000000 0.000000 0.746397 0.000014 0.006565 0.122572 -0.000022 -0.014325 0.164521 2.447046 -0.079831 2.056764 0.000000 0.000000 0.740482 -0.000002 0.007173 -0.014980 -0.000004 -0.015017 0.027776 4.260386 -0.094452 1.375350 0.000000 0.000000 0.754839 0.000000 0.009448 0.000229 -0.000006 -0.022452 0.026332 -6.917769 0.291382 2.291170 0.000000 0.000000 0.754038 -0.000001 0.004175 -0.008146 -0.000001 -0.009275 0.012467 0.441624 -0.014543 2.538997 29.527247 3.097267 -0.038312 22.530125 -30.390195 60.426243 -0.000000 69.684227 -0.000000 -0.080308 0.004629 -0.724563 0.000000 0.000000 0.472622 0.000000 0.000000 0.008252 0.000000 0.000000 -0.001366 -7.969741 -5.107087 -8.050663 0.000000 0.000000 0.467721 0.000000 0.000000 -0.015015 0.000000 0.000000 0.025121 6.271931 -1.933901 -4.817211 0.000000 0.000000 0.481966 0.000000 0.000000 -0.004083 0.000000 0.000000 -0.000628 -1.013052 -2.505694 -6.799366 0.000000 0.000000 0.479930 0.000000 0.000000 0.003389 0.000000 0.000000 -0.007978 -3.109834 -2.403556 -3.139792 0.000035 0.004242 0.480870 0.000001 -0.004242 0.042897 0.000000 0.000000 0.013196 -4.610124 -2.491975 -2.359596 1.968192 7.215126 -27.995812 0.000000 0.000000 32.079256 -19.183252 -3.886046 -6.013279 0.000000 0.000000 0.000000 -21.548844 3.058142 -39.478257 0.000000 0.000000 44.933870 6.864171 -3.939177 -19.136095 0.000000 0.000000 -0.000003 
-19.706600 85.391100 -30.176700 16.407189 -12.103235 11.596440 -2.054615 -0.056403 -4.763175 -14.383464 1.512587 5.152394 -15.212027 -29.887044 2.122533 -10.201416 2.627776 10.654286 13.229402 45.885802 -5.464908 0.000000 0.000000 0.000000 -28.392244 24.860386 -0.043051 -67.666106 -67.385361 28.850838 -180.000000 -64.259804 180.000000 0.080479 -0.005239 -0.988820 0.000000 0.000000 0.607176 0.005215 0.000010 -0.110703 -0.012689 0.000454 -0.146434 0.022390 -0.001199 4.934506 0.000000 0.000000 0.746397 0.000014 0.006565 0.122572 -0.000022 -0.014325 0.164521 2.447046 -0.079831 2.056764 0.000000 0.000000 0.740482 -0.000002 0.007173 -0.014980 -0.000004 -0.015017 0.027776 4.260386 -0.094452 1.375350 0.000000 0.000000 0.754839 0.000000 0.009448 0.000229 -0.000006 -0.022452 0.026332 -6.917769 0.291382 2.291170 0.000000 0.000000 0.754038 -0.000001 0.004175 -0.008146 -0.000001 -0.009275 0.012467 0.441624 -0.014543 2.538997 28.953252 3.357225 -0.037803 23.172607 -31.979474 62.641639 -0.000000 62.753590 -0.000000 -0.080308 0.004629 -0.724563 0.000000 0.000000 0.472622 0.000000 0.000000 0.008252 0.000000 0.000000 -0.001366 -7.969741 -5.107087 -8.050663 0.000000 0.000000 0.467721 0.000000 0.000000 -0.015015 0.000000 0.000000 0.025121 6.271931 -1.933901 -4.817211 0.000000 0.000000 0.481966 0.000000 0.000000 -0.004083 0.000000 0.000000 -0.000628 -1.013052 -2.505694 -6.799366 0.000000 0.000000 0.479930 0.000000 0.000000 0.003389 0.000000 0.000000 -0.007978 -3.109834 -2.403556 -3.139792 0.000035 0.004242 0.480870 0.000001 -0.004242 0.042897 0.000000 0.000000 0.013196 -4.610124 -2.491975 -2.359596 7.149021 -1.979077 -23.950093 0.000000 0.000000 26.118663 -20.106661 5.750024 4.301807 0.000000 0.000000 0.000000 -23.157485 6.936540 -40.405196 0.000000 0.000000 43.739585 7.948303 -3.963194 -18.742663 0.000000 0.000000 -0.000003 
-19.828100 84.808600 -28.694900 15.399977 -17.460766 11.430295 -0.577372 0.326379 -5.161010 -15.023289 1.733944 4.823012 -16.249869 -31.705882 1.795423 -11.604191 2.330189 7.492660 13.158394 54.141275 -5.132237 0.000000 0.000000 0.000000 -28.532531 25.244181 -0.039419 -62.688655 -65.240500 23.481480 -180.000000 -66.971100 180.000000 0.080479 -0.005239 -0.988820 0.000000 0.000000 0.607176 0.005215 0.000010 -0.110703 -0.012689 0.000454 -0.146434 0.022390 -0.001199 4.934506 0.000000 0.000000 0.746397 0.000014 0.006565 0.122572 -0.000022 -0.014325 0.164521 2.447046 -0.079831 2.056764 0.000000 0.000000 0.740482 -0.000002 0.007173 -0.014980 -0.000004 -0.015017 0.027776 4.260386 -0.094452 1.375350 0.000000 0.000000 0.754839 0.000000 0.009448 0.000229 -0.000006 -0.022452 0.026332 -6.917769 0.291382 2.291170 0.000000 0.000000 0.754038 -0.000001 0.004175 -0.008146 -0.000001 -0.009275 0.012467 0.441624 -0.014543 2.538997 27.985499 3.544999 -0.038100 24.098819 -33.398923 62.444797 -0.000000 56.441780 -0.000000 -0.080308 0.004629 -0.724563 0.000000 0.000000 0.472622 0.000000 0.000000 0.008252 0.000000 0.000000 -0.001366 -7.969741 -5.107087 -8.050663 0.000000 0.000000 0.467721 0.000000 0.000000 -0.015015 0.000000 0.000000 0.025121 6.271931 -1.933901 -4.817211 0.000000 0.000000 0.481966 0.000000 0.000000 -0.004083 0.000000 0.000000 -0.000628 -1.013052 -2.505694 -6.799366 0.000000 0.000000 0.479930 0.000000 0.000000 0.003389 0.000000 0.000000 -0.007978 -3.109834 -2.403556 -3.139792 0.000035 0.004242 0.480870 0.000001 -0.004242 0.042897 0.000000 0.000000 0.013196 -4.610124 -2.491975 -2.359596 11.878600 -9.909871 -20.705121 0.000000 0.000000 22.796411 -21.965840 10.337207 14.224906 0.000000 0.000000 0.000000 -23.269815 10.923110 -42.344247 0.000000 0.000000 45.440329 8.144125 -2.432997 -20.089901 0.000000 0.000000 -0.000003 
-19.761500 84.234200 -27.666800 15.389936 -22.036417 10.632855 -0.326375 0.249504 -4.231708 -16.122252 1.360180 3.412099 -16.016923 -33.628658 1.428459 -11.904163 1.738959 4.573979 15.611619 60.586881 -2.219593 0.000000 0.000000 0.000000 -29.050592 25.777108 -0.037185 -54.971589 -62.790984 17.225492 -180.000000 -65.698402 180.000000 0.080479 -0.005239 -0.988820 0.000000 0.000000 0.607176 0.005215 0.000010 -0.110703 -0.012689 0.000454 -0.146434 0.022390 -0.001199 4.934506 0.000000 0.000000 0.746397 0.000014 0.006565 0.122572 -0.000022 -0.014325 0.164521 2.447046 -0.079831 2.056764 0.000000 0.000000 0.740482 -0.000002 0.007173 -0.014980 -0.000004 -0.015017 0.027776 4.260386 -0.094452 1.375350 0.000000 0.000000 0.754839 0.000000 0.009448 0.000229 -0.000006 -0.022452 0.026332 -6.917769 0.291382 2.291170 0.000000 0.000000 0.754038 -0.000001 0.004175 -0.008146 -0.000001 -0.009275 0.012467 0.441624 -0.014543 2.538997 27.057908 3.697487 -0.039258 24.831676 -34.140693 59.568219 -0.000000 50.359798 -0.000000 -0.080308 0.004629 -0.724563 0.000000 0.000000 0.472622 0.000000 0.000000 0.008252 0.000000 0.000000 -0.001366 -7.969741 -5.107087 -8.050663 0.000000 0.000000 0.467721 0.000000 0.000000 -0.015015 0.000000 0.000000 0.025121 6.271931 -1.933901 -4.817211 0.000000 0.000000 0.481966 0.000000 0.000000 -0.004083 0.000000 0.000000 -0.000628 -1.013052 -2.505694 -6.799366 0.000000 0.000000 0.479930 0.000000 0.000000 0.003389 0.000000 0.000000 -0.007978 -3.109834 -2.403556 -3.139792 0.000035 0.004242 0.480870 0.000001 -0.004242 0.042897 0.000000 0.000000 0.013196 -4.610124 -2.491975 -2.359596 13.103531 -12.959907 -19.042438 0.000000 0.000000 23.652274 -24.223027 3.408355 13.796767 0.000000 0.000000 0.000000 -24.028713 13.624701 -43.947856 0.000000 0.000000 47.312719 7.761783 -0.549682 -21.129977 0.000000 0.000000 -0.000003 
-19.643600 83.824800 -27.250800 14.689687 -25.393499 10.072165 -0.102796 0.195570 -2.681674 -16.123083 0.975638 2.394452 -15.202778 -35.547086 0.212506 -10.912363 1.245147 2.714374 16.069480 65.402018 -1.283599 0.000000 0.000000 0.000000 -29.458948 26.131676 -0.040334 -49.027463 -60.802736 13.624364 -180.000000 -61.633400 180.000000 0.080479 -0.005239 -0.988820 0.000000 0.000000 0.607176 0.005215 0.000010 -0.110703 -0.012689 0.000454 -0.146434 0.022390 -0.001199 4.934506 0.000000 0.000000 0.746397 0.000014 0.006565 0.122572 -0.000022 -0.014325 0.164521 2.447046 -0.079831 2.056764 0.000000 0.000000 0.740482 -0.000002 0.007173 -0.014980 -0.000004 -0.015017 0.027776 4.260386 -0.094452 1.375350 0.000000 0.000000 0.754839 0.000000 0.009448 0.000229 -0.000006 -0.022452 0.026332 -6.917769 0.291382 2.291170 0.000000 0.000000 0.754038 -0.000001 0.004175 -0.008146 -0.000001 -0.009275 0.012467 0.441624 -0.014543 2.538997 26.324159 3.751415 -0.041493 25.892323 -33.918304 53.949850 -0.000000 43.981899 -0.000000 -0.080308 0.004629 -0.724563 0.000000 0.000000 0.472622 0.000000 0.000000 0.008252 0.000000 0.000000 -0.001366 -7.969741 -5.107087 -8.050663 0.000000 0.000000 0.467721 0.000000 0.000000 -0.015015 0.000000 0.000000 0.025121 6.271931 -1.933901 -4.817211 0.000000 0.000000 0.481966 0.000000 0.000000 -0.004083 0.000000 0.000000 -0.000628 -1.013052 -2.505694 -6.799366 0.000000 0.000000 0.479930 0.000000 0.000000 0.003389 0.000000 0.000000 -0.007978 -3.109834 -2.403556 -3.139792 0.000035 0.004242 0.480870 0.000001 -0.004242 0.042897 0.000000 0.000000 0.013196 -4.610124 -2.491975 -2.359596 13.112763 -9.619118 -19.046023 0.000000 0.000000 27.005562 -22.784478 -2.359302 14.423134 0.000000 0.000000 0.000000 -24.017336 15.696843 -44.996403 0.000000 0.000000 48.241441 8.304668 1.184478 -21.419953 0.000000 0.000000 -0.000003 
-19.178200 84.093300 -27.030300 15.036023 -25.325814 9.624616 -0.792405 0.219701 -2.172370 -15.679874 1.001808 2.535956 -15.366461 -37.260174 0.755597 -8.472352 0.863154 2.010312 14.367515 67.105138 -2.548905 0.000000 0.000000 0.000000 -29.450067 26.145636 -0.043127 -45.254714 -60.049068 13.200479 -180.000000 -58.314903 180.000000 0.080479 -0.005239 -0.988820 0.000000 0.000000 0.607176 0.005215 0.000010 -0.110703 -0.012689 0.000454 -0.146434 0.022390 -0.001199 4.934506 0.000000 0.000000 0.746397 0.000014 0.006565 0.122572 -0.000022 -0.014325 0.164521 2.447046 -0.079831 2.056764 0.000000 0.000000 0.740482 -0.000002 0.007173 -0.014980 -0.000004 -0.015017 0.027776 4.260386 -0.094452 1.375350 0.000000 0.000000 0.754839 0.000000 0.009448 0.000229 -0.000006 -0.022452 0.026332 -6.917769 0.291382 2.291170 0.000000 0.000000 0.754038 -0.000001 0.004175 -0.008146 -0.000001 -0.009275 0.012467 0.441624 -0.014543 2.538997 25.819515 3.701075 -0.042109 27.469216 -32.311141 46.044698 -0.000000 37.613152 -0.000000 -0.080308 0.004629 -0.724563 0.000000 0.000000 0.472622 0.000000 0.000000 0.008252 0.000000 0.000000 -0.001366 -7.969741 -5.107087 -8.050663 0.000000 0.000000 0.467721 0.000000 0.000000 -0.015015 0.000000 0.000000 0.025121 6.271931 -1.933901 -4.817211 0.000000 0.000000 0.481966 0.000000 0.000000 -0.004083 0.000000 0.000000 -0.000628 -1.013052 -2.505694 -6.799366 0.000000 0.000000 0.479930 0.000000 0.000000 0.003389 0.000000 0.000000 -0.007978 -3.109834 -2.403556 -3.139792 0.000035 0.004242 0.480870 0.000001 -0.004242 0.042897 0.000000 0.000000 0.013196 -4.610124 -2.491975 -2.359596 12.390424 -6.707195 -23.479093 0.000000 0.000000 38.297365 -19.095740 -6.236372 10.795229 0.000000 0.000000 0.000000 -24.110485 14.698238 -44.021440 0.000000 0.000000 47.361200 7.158862 1.755530 -21.038287 0.000000 0.000000 -0.000003 
-19.037200 83.932400 -27.812600 14.040575 -24.574249 9.622448 -0.774809 0.313846 -2.180849 -14.673714 1.206340 3.120044 -15.351477 -39.125300 2.064622 -6.211285 0.477849 0.670321 14.992508 67.120403 -1.359378 0.000000 0.000000 0.000000 -29.184254 26.069307 -0.048189 -41.673946 -60.296032 14.379228 -180.000000 -57.945801 180.000000 0.080479 -0.005239 -0.988820 0.000000 0.000000 0.607176 0.005215 0.000010 -0.110703 -0.012689 0.000454 -0.146434 0.022390 -0.001199 4.934506 0.000000 0.000000 0.746397 0.000014 0.006565 0.122572 -0.000022 -0.014325 0.164521 2.447046 -0.079831 2.056764 0.000000 0.000000 0.740482 -0.000002 0.007173 -0.014980 -0.000004 -0.015017 0.027776 4.260386 -0.094452 1.375350 0.000000 0.000000 0.754839 0.000000 0.009448 0.000229 -0.000006 -0.022452 0.026332 -6.917769 0.291382 2.291170 0.000000 0.000000 0.754038 -0.000001 0.004175 -0.008146 -0.000001 -0.009275 0.012467 0.441624 -0.014543 2.538997 25.791172 3.648424 -0.040383 27.571274 -28.847280 36.871759 -0.000000 33.437859 -0.000000 -0.080308 0.004629 -0.724563 0.000000 0.000000 0.472622 0.000000 0.000000 0.008252 0.000000 0.000000 -0.001366 -7.969741 -5.107087 -8.050663 0.000000 0.000000 0.467721 0.000000 0.000000 -0.015015 0.000000 0.000000 0.025121 6.271931 -1.933901 -4.817211 0.000000 0.000000 0.481966 0.000000 0.000000 -0.004083 0.000000 0.000000 -0.000628 -1.013052 -2.505694 -6.799366 0.000000 0.000000 0.479930 0.000000 0.000000 0.003389 0.000000 0.000000 -0.007978 -3.109834 -2.403556 -3.139792 0.000035 0.004242 0.480870 0.000001 -0.004242 0.042897 0.000000 0.000000 0.013196 -4.610124 -2.491975 -2.359596 12.535389 -3.922854 -28.802680 0.000000 0.000000 52.287075 -14.969334 -4.363765 6.101243 0.000000 0.000000 0.000000 -22.755226 13.480638 -43.961526 0.000000 0.000000 47.496375 7.628297 2.773278 -20.424686 0.000000 0.000000 -0.000003 
-18.879300 84.033100 -28.976700 12.996322 -23.237746 9.936135 -0.943737 0.368558 -2.059648 -13.600080 1.288355 3.436160 -13.908785 -41.064415 1.818461 -4.764565 0.418228 1.264460 14.125609 67.703961 -1.483110 0.000000 0.000000 0.000000 -28.597818 26.350336 -0.059599 -38.336388 -60.756813 16.217791 -180.000000 -60.356102 180.000000 0.080479 -0.005239 -0.988820 0.000000 0.000000 0.607176 0.005215 0.000010 -0.110703 -0.012689 0.000454 -0.146434 0.022390 -0.001199 4.934506 0.000000 0.000000 0.746397 0.000014 0.006565 0.122572 -0.000022 -0.014325 0.164521 2.447046 -0.079831 2.056764 0.000000 0.000000 0.740482 -0.000002 0.007173 -0.014980 -0.000004 -0.015017 0.027776 4.260386 -0.094452 1.375350 0.000000 0.000000 0.754839 0.000000 0.009448 0.000229 -0.000006 -0.022452 0.026332 -6.917769 0.291382 2.291170 0.000000 0.000000 0.754038 -0.000001 0.004175 -0.008146 -0.000001 -0.009275 0.012467 0.441624 -0.014543 2.538997 26.329817 3.528543 -0.036944 25.193340 -24.485477 26.957242 -0.000000 33.144821 -0.000000 -0.080308 0.004629 -0.724563 0.000000 0.000000 0.472622 0.000000 0.000000 0.008252 0.000000 0.000000 -0.001366 -7.969741 -5.107087 -8.050663 0.000000 0.000000 0.467721 0.000000 0.000000 -0.015015 0.000000 0.000000 0.025121 6.271931 -1.933901 -4.817211 0.000000 0.000000 0.481966 0.000000 0.000000 -0.004083 0.000000 0.000000 -0.000628 -1.013052 -2.505694 -6.799366 0.000000 0.000000 0.479930 0.000000 0.000000 0.003389 0.000000 0.000000 -0.007978 -3.109834 -2.403556 -3.139792 0.000035 0.004242 0.480870 0.000001 -0.004242 0.042897 0.000000 0.000000 0.013196 -4.610124 -2.491975 -2.359596 12.229373 -1.419483 -34.248465 0.000000 0.000000 66.307349 -8.951241 1.160243 0.382745 0.000000 0.000000 0.000000 -21.351688 12.160123 -43.745163 0.000000 0.000000 46.677175 7.818203 2.990218 -19.207460 0.000000 0.000000 -0.000003 
-18.548100 84.517700 -29.227700 12.444308 -20.752317 11.206661 -1.387223 0.711681 -1.549771 -12.168836 1.286390 2.332799 -12.061298 -43.455822 0.718440 -3.538001 0.355582 2.162769 11.820404 66.784666 -1.653492 0.000000 0.000000 0.000000 -27.566480 27.024118 -0.064554 -36.326271 -61.102642 18.607157 -180.000000 -64.444397 180.000000 0.080479 -0.005239 -0.988820 0.000000 0.000000 0.607176 0.005215 0.000010 -0.110703 -0.012689 0.000454 -0.146434 0.022390 -0.001199 4.934506 0.000000 0.000000 0.746397 0.000014 0.006565 0.122572 -0.000022 -0.014325 0.164521 2.447046 -0.079831 2.056764 0.000000 0.000000 0.740482 -0.000002 0.007173 -0.014980 -0.000004 -0.015017 0.027776 4.260386 -0.094452 1.375350 0.000000 0.000000 0.754839 0.000000 0.009448 0.000229 -0.000006 -0.022452 0.026332 -6.917769 0.291382 2.291170 0.000000 0.000000 0.754038 -0.000001 0.004175 -0.008146 -0.000001 -0.009275 0.012467 0.441624 -0.014543 2.538997 27.160523 3.303034 -0.035783 21.986277 -20.627419 16.219343 -0.000000 35.765160 -0.000000 -0.080308 0.004629 -0.724563 0.000000 0.000000 0.472622 0.000000 0.000000 0.008252 0.000000 0.000000 -0.001366 -7.969741 -5.107087 -8.050663 0.000000 0.000000 0.467721 0.000000 0.000000 -0.015015 0.000000 0.000000 0.025121 6.271931 -1.933901 -4.817211 0.000000 0.000000 0.481966 0.000000 0.000000 -0.004083 0.000000 0.000000 -0.000628 -1.013052 -2.505694 -6.799366 0.000000 0.000000 0.479930 0.000000 0.000000 0.003389 0.000000 0.000000 -0.007978 -3.109834 -2.403556 -3.139792 0.000035 0.004242 0.480870 0.000001 -0.004242 0.042897 0.000000 0.000000 0.013196 -4.610124 -2.491975 -2.359596 11.056655 0.113907 -40.294405 0.000000 0.000000 79.129371 -1.763273 9.524148 -5.591029 0.000000 0.000000 0.000000 -20.602198 10.217036 -42.944888 0.000000 0.000000 44.815906 6.805124 1.833662 -18.462886 0.000000 0.000000 -0.000003 
-18.239500 85.071200 -29.615800 11.591187 -17.181155 11.995473 -1.118951 0.583692 -1.547113 -11.005545 1.048947 2.070752 -10.613253 -43.689835 0.626383 -2.608887 0.289440 2.608557 8.667809 62.397124 -3.748240 0.000000 0.000000 0.000000 -26.484603 27.541866 -0.055036 -34.436810 -61.277881 20.622562 -180.000000 -69.170799 180.000000 0.080479 -0.005239 -0.988820 0.000000 0.000000 0.607176 0.005215 0.000010 -0.110703 -0.012689 0.000454 -0.146434 0.022390 -0.001199 4.934506 0.000000 0.000000 0.746397 0.000014 0.006565 0.122572 -0.000022 -0.014325 0.164521 2.447046 -0.079831 2.056764 0.000000 0.000000 0.740482 -0.000002 0.007173 -0.014980 -0.000004 -0.015017 0.027776 4.260386 -0.094452 1.375350 0.000000 0.000000 0.754839 0.000000 0.009448 0.000229 -0.000006 -0.022452 0.026332 -6.917769 0.291382 2.291170 0.000000 0.000000 0.754038 -0.000001 0.004175 -0.008146 -0.000001 -0.009275 0.012467 0.441624 -0.014543 2.538997 27.784240 3.187122 -0.038085 19.795438 -18.058020 4.735568 -0.000000 39.915070 -0.000000 -0.080308 0.004629 -0.724563 0.000000 0.000000 0.472622 0.000000 0.000000 0.008252 0.000000 0.000000 -0.001366 -7.969741 -5.107087 -8.050663 0.000000 0.000000 0.467721 0.000000 0.000000 -0.015015 0.000000 0.000000 0.025121 6.271931 -1.933901 -4.817211 0.000000 0.000000 0.481966 0.000000 0.000000 -0.004083 0.000000 0.000000 -0.000628 -1.013052 -2.505694 -6.799366 0.000000 0.000000 0.479930 0.000000 0.000000 0.003389 0.000000 0.000000 -0.007978 -3.109834 -2.403556 -3.139792 0.000035 0.004242 0.480870 0.000001 -0.004242 0.042897 0.000000 0.000000 0.013196 -4.610124 -2.491975 -2.359596 7.544846 3.059298 -46.949811 0.000000 0.000000 93.290937 3.079719 18.493311 -11.415975 0.000000 0.000000 0.000000 -19.544439 8.528705 -41.107727 0.000000 0.000000 42.449644 6.840965 -0.077309 -17.552172 0.000000 0.000000 -0.000003 
-17.987200 85.683800 -30.023500 10.535775 -13.777813 13.188423 -0.416845 0.361719 -2.291670 -10.267395 0.765009 2.014606 -8.374297 -40.924019 -0.260080 -2.879339 0.342925 3.141966 7.563305 55.640749 -4.890343 0.000000 0.000000 0.000000 -25.764177 27.782435 -0.046916 -31.484330 -60.885669 21.009952 -180.000000 -73.443398 180.000000 0.080479 -0.005239 -0.988820 0.000000 0.000000 0.607176 0.005215 0.000010 -0.110703 -0.012689 0.000454 -0.146434 0.022390 -0.001199 4.934506 0.000000 0.000000 0.746397 0.000014 0.006565 0.122572 -0.000022 -0.014325 0.164521 2.447046 -0.079831 2.056764 0.000000 0.000000 0.740482 -0.000002 0.007173 -0.014980 -0.000004 -0.015017 0.027776 4.260386 -0.094452 1.375350 0.000000 0.000000 0.754839 0.000000 0.009448 0.000229 -0.000006 -0.022452 0.026332 -6.917769 0.291382 2.291170 0.000000 0.000000 0.754038 -0.000001 0.004175 -0.008146 -0.000001 -0.009275 0.012467 0.441624 -0.014543 2.538997 28.017499 3.232282 -0.039432 19.626352 -16.506319 -6.716711 -0.000000 45.140789 -0.000000 -0.080308 0.004629 -0.724563 0.000000 0.000000 0.472622 0.000000 0.000000 0.008252 0.000000 0.000000 -0.001366 -7.969741 -5.107087 -8.050663 0.000000 0.000000 0.467721 0.000000 0.000000 -0.015015 0.000000 0.000000 0.025121 6.271931 -1.933901 -4.817211 0.000000 0.000000 0.481966 0.000000 0.000000 -0.004083 0.000000 0.000000 -0.000628 -1.013052 -2.505694 -6.799366 0.000000 0.000000 0.479930 0.000000 0.000000 0.003389 0.000000 0.000000 -0.007978 -3.109834 -2.403556 -3.139792 0.000035 0.004242 0.480870 0.000001 -0.004242 0.042897 0.000000 0.000000 0.013196 -4.610124 -2.491975 -2.359596 3.499609 6.486871 -51.741393 0.000000 0.000000 101.466448 2.251969 21.621615 -19.286954 0.000000 0.000000 0.000000 -18.434306 7.300631 -39.548362 0.000000 0.000000 39.584707 6.901135 -2.393030 -16.416476 0.000000 0.000000 -0.000003 
-17.714600 86.553500 -30.249800 10.286781 -9.936362 13.945405 -0.985137 0.285835 -2.587556 -9.022224 0.621887 1.705332 -6.668402 -39.310373 -0.510673 -1.853037 0.265915 4.312127 5.626967 48.965272 -6.484553 0.000000 0.000000 0.000000 -25.627079 28.180776 -0.039122 -27.279347 -59.105636 18.983893 -180.000000 -76.398499 180.000000 0.080479 -0.005239 -0.988820 0.000000 0.000000 0.607176 0.005215 0.000010 -0.110703 -0.012689 0.000454 -0.146434 0.022390 -0.001199 4.934506 0.000000 0.000000 0.746397 0.000014 0.006565 0.122572 -0.000022 -0.014325 0.164521 2.447046 -0.079831 2.056764 0.000000 0.000000 0.740482 -0.000002 0.007173 -0.014980 -0.000004 -0.015017 0.027776 4.260386 -0.094452 1.375350 0.000000 0.000000 0.754839 0.000000 0.009448 0.000229 -0.000006 -0.022452 0.026332 -6.917769 0.291382 2.291170 0.000000 0.000000 0.754038 -0.000001 0.004175 -0.008146 -0.000001 -0.009275 0.012467 0.441624 -0.014543 2.538997 28.110124 3.187824 -0.039812 20.619356 -14.420060 -16.864698 -0.000000 50.904709 -0.000000 -0.080308 0.004629 -0.724563 0.000000 0.000000 0.472622 0.000000 0.000000 0.008252 0.000000 0.000000 -0.001366 -7.969741 -5.107087 -8.050663 0.000000 0.000000 0.467721 0.000000 0.000000 -0.015015 0.000000 0.000000 0.025121 6.271931 -1.933901 -4.817211 0.000000 0.000000 0.481966 0.000000 0.000000 -0.004083 0.000000 0.000000 -0.000628 -1.013052 -2.505694 -6.799366 0.000000 0.000000 0.479930 0.000000 0.000000 0.003389 0.000000 0.000000 -0.007978 -3.109834 -2.403556 -3.139792 0.000035 0.004242 0.480870 0.000001 -0.004242 0.042897 0.000000 0.000000 0.013196 -4.610124 -2.491975 -2.359596 -1.500954 9.196736 -54.032609 0.000000 0.000000 101.748744 0.050057 22.163968 -23.810147 0.000000 0.000000 0.000000 -17.751288 5.545642 -36.931666 0.000000 0.000000 35.835972 6.083571 -6.062519 -15.538467 0.000000 0.000000 -0.000003 
-17.547400 87.453900 -30.227300 8.035239 -6.636581 16.133748 0.148099 0.561747 -3.886366 -7.295993 0.669808 0.851189 -4.382309 -38.434254 -1.539250 -1.544672 0.249638 5.894672 3.841159 42.494996 -7.123524 0.000000 0.000000 0.000000 -26.214286 28.874338 -0.030905 -22.463576 -55.158797 14.778198 -180.000000 -78.184402 180.000000 0.080479 -0.005239 -0.988820 0.000000 0.000000 0.607176 0.005215 0.000010 -0.110703 -0.012689 0.000454 -0.146434 0.022390 -0.001199 4.934506 0.000000 0.000000 0.746397 0.000014 0.006565 0.122572 -0.000022 -0.014325 0.164521 2.447046 -0.079831 2.056764 0.000000 0.000000 0.740482 -0.000002 0.007173 -0.014980 -0.000004 -0.015017 0.027776 4.260386 -0.094452 1.375350 0.000000 0.000000 0.754839 0.000000 0.009448 0.000229 -0.000006 -0.022452 0.026332 -6.917769 0.291382 2.291170 0.000000 0.000000 0.754038 -0.000001 0.004175 -0.008146 -0.000001 -0.009275 0.012467 0.441624 -0.014543 2.538997 28.206528 2.977225 -0.040032 21.041314 -11.651003 -25.003586 -0.000000 56.833759 -0.000000 -0.080308 0.004629 -0.724563 0.000000 0.000000 0.472622 0.000000 0.000000 0.008252 0.000000 0.000000 -0.001366 -7.969741 -5.107087 -8.050663 0.000000 0.000000 0.467721 0.000000 0.000000 -0.015015 0.000000 0.000000 0.025121 6.271931 -1.933901 -4.817211 0.000000 0.000000 0.481966 0.000000 0.000000 -0.004083 0.000000 0.000000 -0.000628 -1.013052 -2.505694 -6.799366 0.000000 0.000000 0.479930 0.000000 0.000000 0.003389 0.000000 0.000000 -0.007978 -3.109834 -2.403556 -3.139792 0.000035 0.004242 0.480870 0.000001 -0.004242 0.042897 0.000000 0.000000 0.013196 -4.610124 -2.491975 -2.359596 -4.444344 12.865247 -55.834968 0.000000 0.000000 95.612049 -4.862027 21.930371 -24.328096 0.000000 0.000000 0.000000 -15.924331 6.037179 -34.826873 0.000000 0.000000 30.130658 6.623914 -12.221727 -12.844487 0.000000 0.000000 -0.000003 
-17.403900 88.141500 -29.859600 6.362533 -2.778511 18.037350 0.301572 0.628554 -4.904478 -5.046429 0.571051 -0.380625 -1.547233 -37.182745 -3.272213 -2.298175 0.457426 7.777946 2.170040 37.434664 -7.191526 0.000000 0.000000 0.000000 -27.138525 29.660743 -0.031871 -19.243374 -48.903411 9.806330 -180.000000 -79.944199 180.000000 0.080479 -0.005239 -0.988820 0.000000 0.000000 0.607176 0.005215 0.000010 -0.110703 -0.012689 0.000454 -0.146434 0.022390 -0.001199 4.934506 0.000000 0.000000 0.746397 0.000014 0.006565 0.122572 -0.000022 -0.014325 0.164521 2.447046 -0.079831 2.056764 0.000000 0.000000 0.740482 -0.000002 0.007173 -0.014980 -0.000004 -0.015017 0.027776 4.260386 -0.094452 1.375350 0.000000 0.000000 0.754839 0.000000 0.009448 0.000229 -0.000006 -0.022452 0.026332 -6.917769 0.291382 2.291170 0.000000 0.000000 0.754038 -0.000001 0.004175 -0.008146 -0.000001 -0.009275 0.012467 0.441624 -0.014543 2.538997 28.315633 2.765486 -0.040410 20.344151 -9.394940 -31.192151 -0.000000 62.726009 -0.000000 -0.080308 0.004629 -0.724563 0.000000 0.000000 0.472622 0.000000 0.000000 0.008252 0.000000 0.000000 -0.001366 -7.969741 -5.107087 -8.050663 0.000000 0.000000 0.467721 0.000000 0.000000 -0.015015 0.000000 0.000000 0.025121 6.271931 -1.933901 -4.817211 0.000000 0.000000 0.481966 0.000000 0.000000 -0.004083 0.000000 0.000000 -0.000628 -1.013052 -2.505694 -6.799366 0.000000 0.000000 0.479930 0.000000 0.000000 0.003389 0.000000 0.000000 -0.007978 -3.109834 -2.403556 -3.139792 0.000035 0.004242 0.480870 0.000001 -0.004242 0.042897 0.000000 0.000000 0.013196 -4.610124 -2.491975 -2.359596 -7.522129 15.921787 -55.414210 0.000000 0.000000 83.338544 -4.410391 20.727079 -23.573967 0.000000 0.000000 0.000000 -14.233324 5.848749 -32.593031 0.000000 0.000000 25.111367 5.525238 -16.096828 -11.029076 0.000000 0.000000 -0.000003 
-17.361200 88.405900 -28.836600 5.190679 1.564193 19.249679 0.396450 0.453921 -5.782960 -3.221377 0.301006 -1.889967 0.766444 -35.653341 -4.187424 -3.386380 0.828582 10.077038 -0.248662 30.330869 -8.623396 0.000000 0.000000 0.000000 -27.818988 30.497084 -0.038484 -19.234389 -40.852946 4.837940 -180.000000 -82.252747 180.000000 0.080479 -0.005239 -0.988820 0.000000 0.000000 0.607176 0.005215 0.000010 -0.110703 -0.012689 0.000454 -0.146434 0.022390 -0.001199 4.934506 0.000000 0.000000 0.746397 0.000014 0.006565 0.122572 -0.000022 -0.014325 0.164521 2.447046 -0.079831 2.056764 0.000000 0.000000 0.740482 -0.000002 0.007173 -0.014980 -0.000004 -0.015017 0.027776 4.260386 -0.094452 1.375350 0.000000 0.000000 0.754839 0.000000 0.009448 0.000229 -0.000006 -0.022452 0.026332 -6.917769 0.291382 2.291170 0.000000 0.000000 0.754038 -0.000001 0.004175 -0.008146 -0.000001 -0.009275 0.012467 0.441624 -0.014543 2.538997 28.262060 2.697028 -0.040770 19.078299 -8.087954 -35.635036 -0.000000 68.068527 -0.000000 -0.080308 0.004629 -0.724563 0.000000 0.000000 0.472622 0.000000 0.000000 0.008252 0.000000 0.000000 -0.001366 -7.969741 -5.107087 -8.050663 0.000000 0.000000 0.467721 0.000000 0.000000 -0.015015 0.000000 0.000000 0.025121 6.271931 -1.933901 -4.817211 0.000000 0.000000 0.481966 0.000000 0.000000 -0.004083 0.000000 0.000000 -0.000628 -1.013052 -2.505694 -6.799366 0.000000 0.000000 0.479930 0.000000 0.000000 0.003389 0.000000 0.000000 -0.007978 -3.109834 -2.403556 -3.139792 0.000035 0.004242 0.480870 0.000001 -0.004242 0.042897 0.000000 0.000000 0.013196 -4.610124 -2.491975 -2.359596 -11.400226 18.981823 -52.454721 0.000000 0.000000 66.105991 -2.533005 21.603551 -22.036013 0.000000 0.000000 0.000000 -11.524047 2.281949 -30.505569 0.000000 0.000000 22.506298 3.586128 -16.701625 -10.377755 0.000000 0.000000 -0.000003 
-17.039800 88.352800 -28.066200 4.005959 5.937896 19.947847 1.022293 0.357496 -6.298548 -1.470841 0.148262 -3.366429 2.568432 -34.833551 -5.632078 -4.559938 1.303389 12.238275 -1.672121 23.909264 -9.217309 0.000000 0.000000 0.000000 -28.256852 31.321721 -0.042276 -21.722041 -31.643722 -0.590824 -180.000000 -84.274200 180.000000 0.080479 -0.005239 -0.988820 0.000000 0.000000 0.607176 0.005215 0.000010 -0.110703 -0.012689 0.000454 -0.146434 0.022390 -0.001199 4.934506 0.000000 0.000000 0.746397 0.000014 0.006565 0.122572 -0.000022 -0.014325 0.164521 2.447046 -0.079831 2.056764 0.000000 0.000000 0.740482 -0.000002 0.007173 -0.014980 -0.000004 -0.015017 0.027776 4.260386 -0.094452 1.375350 0.000000 0.000000 0.754839 0.000000 0.009448 0.000229 -0.000006 -0.022452 0.026332 -6.917769 0.291382 2.291170 0.000000 0.000000 0.754038 -0.000001 0.004175 -0.008146 -0.000001 -0.009275 0.012467 0.441624 -0.014543 2.538997 27.582868 2.703820 -0.039843 17.958423 -7.123696 -38.558301 -0.000000 71.964149 -0.000000 -0.080308 0.004629 -0.724563 0.000000 0.000000 0.472622 0.000000 0.000000 0.008252 0.000000 0.000000 -0.001366 -7.969741 -5.107087 -8.050663 0.000000 0.000000 0.467721 0.000000 0.000000 -0.015015 0.000000 0.000000 0.025121 6.271931 -1.933901 -4.817211 0.000000 0.000000 0.481966 0.000000 0.000000 -0.004083 0.000000 0.000000 -0.000628 -1.013052 -2.505694 -6.799366 0.000000 0.000000 0.479930 0.000000 0.000000 0.003389 0.000000 0.000000 -0.007978 -3.109834 -2.403556 -3.139792 0.000035 0.004242 0.480870 0.000001 -0.004242 0.042897 0.000000 0.000000 0.013196 -4.610124 -2.491975 -2.359596 -17.590368 25.803865 -48.148203 0.000000 0.000000 45.981157 2.442999 18.061203 -17.426432 0.000000 0.000000 0.000000 -8.435372 -3.041645 -29.358937 0.000000 0.000000 21.767223 4.863907 -16.506697 -11.116353 0.000000 0.000000 -0.000003 
-16.409800 87.819900 -27.082000 3.698283 10.539730 20.021639 0.452915 0.104385 -6.315756 -0.092590 0.045955 -4.303467 5.685112 -34.052982 -7.879025 -5.100812 1.679261 14.360580 -3.572423 17.998356 -9.717831 0.000000 0.000000 0.000000 -28.975901 31.845244 -0.044620 -24.570250 -22.100379 -6.744028 -180.000000 -85.402893 180.000000 0.080479 -0.005239 -0.988820 0.000000 0.000000 0.607176 0.005215 0.000010 -0.110703 -0.012689 0.000454 -0.146434 0.022390 -0.001199 4.934506 0.000000 0.000000 0.746397 0.000014 0.006565 0.122572 -0.000022 -0.014325 0.164521 2.447046 -0.079831 2.056764 0.000000 0.000000 0.740482 -0.000002 0.007173 -0.014980 -0.000004 -0.015017 0.027776 4.260386 -0.094452 1.375350 0.000000 0.000000 0.754839 0.000000 0.009448 0.000229 -0.000006 -0.022452 0.026332 -6.917769 0.291382 2.291170 0.000000 0.000000 0.754038 -0.000001 0.004175 -0.008146 -0.000001 -0.009275 0.012467 0.441624 -0.014543 2.538997 26.182633 2.780404 -0.036822 17.137020 -6.189316 -40.259511 -0.000000 74.018898 -0.000000 -0.080308 0.004629 -0.724563 0.000000 0.000000 0.472622 0.000000 0.000000 0.008252 0.000000 0.000000 -0.001366 -7.969741 -5.107087 -8.050663 0.000000 0.000000 0.467721 0.000000 0.000000 -0.015015 0.000000 0.000000 0.025121 6.271931 -1.933901 -4.817211 0.000000 0.000000 0.481966 0.000000 0.000000 -0.004083 0.000000 0.000000 -0.000628 -1.013052 -2.505694 -6.799366 0.000000 0.000000 0.479930 0.000000 0.000000 0.003389 0.000000 0.000000 -0.007978 -3.109834 -2.403556 -3.139792 0.000035 0.004242 0.480870 0.000001 -0.004242 0.042897 0.000000 0.000000 0.013196 -4.610124 -2.491975 -2.359596 -25.288132 32.681165 -46.534860 0.000000 0.000000 33.955759 8.680818 16.368300 -12.233951 0.000000 0.000000 0.000000 -6.701300 -7.475282 -29.365790 0.000000 0.000000 24.606162 3.522079 -16.761290 -12.915572 0.000000 0.000000 -0.000003 
-15.163000 87.194400 -26.934400 1.561153 17.296537 18.955144 2.044380 -0.190394 -6.446053 1.965418 -0.287712 -4.839709 7.582319 -34.343072 -8.932920 -4.848293 1.667038 14.916969 -4.007547 10.890182 -9.898687 0.000000 0.000000 0.000000 -30.231586 31.977803 -0.047806 -25.911399 -13.402516 -13.155535 -180.000000 -86.744827 180.000000 0.080479 -0.005239 -0.988820 0.000000 0.000000 0.607176 0.005215 0.000010 -0.110703 -0.012689 0.000454 -0.146434 0.022390 -0.001199 4.934506 0.000000 0.000000 0.746397 0.000014 0.006565 0.122572 -0.000022 -0.014325 0.164521 2.447046 -0.079831 2.056764 0.000000 0.000000 0.740482 -0.000002 0.007173 -0.014980 -0.000004 -0.015017 0.027776 4.260386 -0.094452 1.375350 0.000000 0.000000 0.754839 0.000000 0.009448 0.000229 -0.000006 -0.022452 0.026332 -6.917769 0.291382 2.291170 0.000000 0.000000 0.754038 -0.000001 0.004175 -0.008146 -0.000001 -0.009275 0.012467 0.441624 -0.014543 2.538997 24.605527 2.956302 -0.036224 16.349793 -5.604482 -41.217992 -0.000000 74.927322 -0.000000 -0.080308 0.004629 -0.724563 0.000000 0.000000 0.472622 0.000000 0.000000 0.008252 0.000000 0.000000 -0.001366 -7.969741 -5.107087 -8.050663 0.000000 0.000000 0.467721 0.000000 0.000000 -0.015015 0.000000 0.000000 0.025121 6.271931 -1.933901 -4.817211 0.000000 0.000000 0.481966 0.000000 0.000000 -0.004083 0.000000 0.000000 -0.000628 -1.013052 -2.505694 -6.799366 0.000000 0.000000 0.479930 0.000000 0.000000 0.003389 0.000000 0.000000 -0.007978 -3.109834 -2.403556 -3.139792 0.000035 0.004242 0.480870 0.000001 -0.004242 0.042897 0.000000 0.000000 0.013196 -4.610124 -2.491975 -2.359596 -33.766782 41.922004 -47.279600 0.000000 0.000000 24.477307 12.617868 10.578179 -9.446751 0.000000 0.000000 0.000000 -5.886124 -5.379366 -31.094237 0.000000 0.000000 31.419224 1.083326 -21.906693 -10.807317 0.000000 0.000000 -0.000003 
-14.180900 86.748400 -26.645000 0.258682 25.485627 18.277021 3.350171 -0.084235 -6.776923 3.255392 -0.203180 -5.733412 9.598916 -35.522446 -10.953210 -4.653086 1.529455 14.590150 -4.376818 4.826025 -9.753668 0.000000 0.000000 0.000000 -31.682326 31.895747 -0.049634 -25.408693 -6.615684 -19.133335 -180.000000 -89.682167 180.000000 0.080479 -0.005239 -0.988820 0.000000 0.000000 0.607176 0.005215 0.000010 -0.110703 -0.012689 0.000454 -0.146434 0.022390 -0.001199 4.934506 0.000000 0.000000 0.746397 0.000014 0.006565 0.122572 -0.000022 -0.014325 0.164521 2.447046 -0.079831 2.056764 0.000000 0.000000 0.740482 -0.000002 0.007173 -0.014980 -0.000004 -0.015017 0.027776 4.260386 -0.094452 1.375350 0.000000 0.000000 0.754839 0.000000 0.009448 0.000229 -0.000006 -0.022452 0.026332 -6.917769 0.291382 2.291170 0.000000 0.000000 0.754038 -0.000001 0.004175 -0.008146 -0.000001 -0.009275 0.012467 0.441624 -0.014543 2.538997 23.376362 3.145907 -0.038506 15.890726 -5.688780 -41.825396 -0.000000 75.923111 -0.000000 -0.080308 0.004629 -0.724563 0.000000 0.000000 0.472622 0.000000 0.000000 0.008252 0.000000 0.000000 -0.001366 -7.969741 -5.107087 -8.050663 0.000000 0.000000 0.467721 0.000000 0.000000 -0.015015 0.000000 0.000000 0.025121 6.271931 -1.933901 -4.817211 0.000000 0.000000 0.481966 0.000000 0.000000 -0.004083 0.000000 0.000000 -0.000628 -1.013052 -2.505694 -6.799366 0.000000 0.000000 0.479930 0.000000 0.000000 0.003389 0.000000 0.000000 -0.007978 -3.109834 -2.403556 -3.139792 0.000035 0.004242 0.480870 0.000001 -0.004242 0.042897 0.000000 0.000000 0.013196 -4.610124 -2.491975 -2.359596 -43.670510 49.365140 -51.346060 0.000000 0.000000 20.590853 14.845714 4.226357 -13.981687 0.000000 0.000000 0.000000 -7.461775 -0.711999 -35.556419 0.000000 0.000000 42.486732 0.733731 -27.186775 -6.420008 0.000000 0.000000 -0.000003 
-12.979600 85.933900 -26.851400 2.424386 34.848775 18.538443 1.894018 -0.336933 -7.552394 3.134430 -0.249222 -5.743060 11.448488 -37.678345 -12.753610 -4.075827 1.288244 14.009978 -4.201266 -1.211189 -9.285493 0.000000 0.000000 0.000000 -32.878189 31.673652 -0.049981 -23.999683 -2.263009 -23.825353 -0.000000 -86.070038 0.000000 0.080479 -0.005239 -0.988820 0.000000 0.000000 0.607176 0.005215 0.000010 -0.110703 -0.012689 0.000454 -0.146434 0.022390 -0.001199 4.934506 0.000000 0.000000 0.746397 0.000014 0.006565 0.122572 -0.000022 -0.014325 0.164521 2.447046 -0.079831 2.056764 0.000000 0.000000 0.740482 -0.000002 0.007173 -0.014980 -0.000004 -0.015017 0.027776 4.260386 -0.094452 1.375350 0.000000 0.000000 0.754839 0.000000 0.009448 0.000229 -0.000006 -0.022452 0.026332 -6.917769 0.291382 2.291170 0.000000 0.000000 0.754038 -0.000001 0.004175 -0.008146 -0.000001 -0.009275 0.012467 0.441624 -0.014543 2.538997 22.645909 3.396238 -0.039649 16.428518 -6.404017 -42.319101 -0.000000 77.719803 -0.000000 -0.080308 0.004629 -0.724563 0.000000 0.000000 0.472622 0.000000 0.000000 0.008252 0.000000 0.000000 -0.001366 -7.969741 -5.107087 -8.050663 0.000000 0.000000 0.467721 0.000000 0.000000 -0.015015 0.000000 0.000000 0.025121 6.271931 -1.933901 -4.817211 0.000000 0.000000 0.481966 0.000000 0.000000 -0.004083 0.000000 0.000000 -0.000628 -1.013052 -2.505694 -6.799366 0.000000 0.000000 0.479930 0.000000 0.000000 0.003389 0.000000 0.000000 -0.007978 -3.109834 -2.403556 -3.139792 0.000035 0.004242 0.480870 0.000001 -0.004242 0.042897 0.000000 0.000000 0.013196 -4.610124 -2.491975 -2.359596 -40.525585 45.950178 -45.481940 0.000000 0.000000 22.079341 19.286616 1.031497 -16.312996 0.000000 0.000000 0.000000 -12.213122 1.715496 -40.302806 0.000000 0.000000 56.300724 2.547266 -25.276246 -0.609482 0.000000 0.000000 -0.000003 
-11.571800 84.805100 -26.694500 4.992054 44.557492 17.861741 0.259677 0.194174 -7.502431 2.732173 0.434092 -4.550740 12.701663 -40.604557 -14.434534 -3.932029 1.180600 13.518657 -2.279173 -9.248132 -9.548124 0.000000 0.000000 0.000000 -33.522032 31.349613 -0.046609 -22.685651 -0.402175 -26.702456 -0.000000 -81.787918 0.000000 0.080479 -0.005239 -0.988820 0.000000 0.000000 0.607176 0.005215 0.000010 -0.110703 -0.012689 0.000454 -0.146434 0.022390 -0.001199 4.934506 0.000000 0.000000 0.746397 0.000014 0.006565 0.122572 -0.000022 -0.014325 0.164521 2.447046 -0.079831 2.056764 0.000000 0.000000 0.740482 -0.000002 0.007173 -0.014980 -0.000004 -0.015017 0.027776 4.260386 -0.094452 1.375350 0.000000 0.000000 0.754839 0.000000 0.009448 0.000229 -0.000006 -0.022452 0.026332 -6.917769 0.291382 2.291170 0.000000 0.000000 0.754038 -0.000001 0.004175 -0.008146 -0.000001 -0.009275 0.012467 0.441624 -0.014543 2.538997 22.165970 3.666510 -0.041169 18.122161 -7.366222 -42.903890 -0.000000 80.192421 -0.000000 -0.080308 0.004629 -0.724563 0.000000 0.000000 0.472622 0.000000 0.000000 0.008252 0.000000 0.000000 -0.001366 -7.969741 -5.107087 -8.050663 0.000000 0.000000 0.467721 0.000000 0.000000 -0.015015 0.000000 0.000000 0.025121 6.271931 -1.933901 -4.817211 0.000000 0.000000 0.481966 0.000000 0.000000 -0.004083 0.000000 0.000000 -0.000628 -1.013052 -2.505694 -6.799366 0.000000 0.000000 0.479930 0.000000 0.000000 0.003389 0.000000 0.000000 -0.007978 -3.109834 -2.403556 -3.139792 0.000035 0.004242 0.480870 0.000001 -0.004242 0.042897 0.000000 0.000000 0.013196 -4.610124 -2.491975 -2.359596 -32.161428 37.126270 -36.506887 0.000000 0.000000 26.101954 21.507143 4.596801 -17.743135 0.000000 0.000000 0.000000 -16.790190 3.049652 -42.337975 0.000000 0.000000 69.443387 6.836340 -17.239745 3.922323 0.000000 0.000000 -0.000003 
-11.096200 84.242200 -27.110000 5.008749 54.040334 16.124162 0.716489 0.494953 -6.976571 2.383695 0.629286 -4.602678 12.620475 -40.609468 -15.440819 -3.941557 1.352188 15.520038 -1.177478 -14.007474 -11.482247 0.000000 0.000000 0.000000 -33.325126 31.006592 -0.040335 -22.311500 -0.520499 -27.731961 -0.000000 -78.535927 0.000000 0.080479 -0.005239 -0.988820 0.000000 0.000000 0.607176 0.005215 0.000010 -0.110703 -0.012689 0.000454 -0.146434 0.022390 -0.001199 4.934506 0.000000 0.000000 0.746397 0.000014 0.006565 0.122572 -0.000022 -0.014325 0.164521 2.447046 -0.079831 2.056764 0.000000 0.000000 0.740482 -0.000002 0.007173 -0.014980 -0.000004 -0.015017 0.027776 4.260386 -0.094452 1.375350 0.000000 0.000000 0.754839 0.000000 0.009448 0.000229 -0.000006 -0.022452 0.026332 -6.917769 0.291382 2.291170 0.000000 0.000000 0.754038 -0.000001 0.004175 -0.008146 -0.000001 -0.009275 0.012467 0.441624 -0.014543 2.538997 21.720692 3.720080 -0.043472 20.437822 -7.875725 -43.505302 -0.000000 82.700012 -0.000000 -0.080308 0.004629 -0.724563 0.000000 0.000000 0.472622 0.000000 0.000000 0.008252 0.000000 0.000000 -0.001366 -7.969741 -5.107087 -8.050663 0.000000 0.000000 0.467721 0.000000 0.000000 -0.015015 0.000000 0.000000 0.025121 6.271931 -1.933901 -4.817211 0.000000 0.000000 0.481966 0.000000 0.000000 -0.004083 0.000000 0.000000 -0.000628 -1.013052 -2.505694 -6.799366 0.000000 0.000000 0.479930 0.000000 0.000000 0.003389 0.000000 0.000000 -0.007978 -3.109834 -2.403556 -3.139792 0.000035 0.004242 0.480870 0.000001 -0.004242 0.042897 0.000000 0.000000 0.013196 -4.610124 -2.491975 -2.359596 -26.175511 28.776084 -31.194674 0.000000 0.000000 28.362122 22.586648 6.135033 -18.034193 0.000000 0.000000 0.000000 -18.840847 3.393595 -43.222216 0.000000 0.000000 80.317258 7.364145 -3.597094 6.753658 0.000000 0.000000 -0.000003 
-10.803000 83.666600 -27.956900 5.349452 64.007298 15.305526 0.880262 0.282150 -7.122578 2.550015 0.360045 -4.518752 10.895550 -39.058111 -15.599467 -4.033877 1.546089 17.594745 0.086756 -17.099494 -12.456217 0.000000 0.000000 0.000000 -32.411808 30.587051 -0.033496 -23.197208 -1.491396 -27.149532 -0.000000 -77.232948 0.000000 0.080479 -0.005239 -0.988820 0.000000 0.000000 0.607176 0.005215 0.000010 -0.110703 -0.012689 0.000454 -0.146434 0.022390 -0.001199 4.934506 0.000000 0.000000 0.746397 0.000014 0.006565 0.122572 -0.000022 -0.014325 0.164521 2.447046 -0.079831 2.056764 0.000000 0.000000 0.740482 -0.000002 0.007173 -0.014980 -0.000004 -0.015017 0.027776 4.260386 -0.094452 1.375350 0.000000 0.000000 0.754839 0.000000 0.009448 0.000229 -0.000006 -0.022452 0.026332 -6.917769 0.291382 2.291170 0.000000 0.000000 0.754038 -0.000001 0.004175 -0.008146 -0.000001 -0.009275 0.012467 0.441624 -0.014543 2.538997 21.468467 3.573887 -0.043308 22.807755 -7.450813 -43.924024 -0.000000 85.073097 -0.000000 -0.080308 0.004629 -0.724563 0.000000 0.000000 0.472622 0.000000 0.000000 0.008252 0.000000 0.000000 -0.001366 -7.969741 -5.107087 -8.050663 0.000000 0.000000 0.467721 0.000000 0.000000 -0.015015 0.000000 0.000000 0.025121 6.271931 -1.933901 -4.817211 0.000000 0.000000 0.481966 0.000000 0.000000 -0.004083 0.000000 0.000000 -0.000628 -1.013052 -2.505694 -6.799366 0.000000 0.000000 0.479930 0.000000 0.000000 0.003389 0.000000 0.000000 -0.007978 -3.109834 -2.403556 -3.139792 0.000035 0.004242 0.480870 0.000001 -0.004242 0.042897 0.000000 0.000000 0.013196 -4.610124 -2.491975 -2.359596 -22.560881 20.758988 -27.894579 0.000000 0.000000 30.616583 22.666921 5.748423 -18.803027 0.000000 0.000000 0.000000 -19.107118 7.974168 -44.809101 0.000000 0.000000 89.598463 6.842685 -1.724058 -0.468894 0.000000 0.000000 -0.000003 
-10.092700 83.380800 -28.103100 6.769294 72.182114 15.182964 0.247903 0.029559 -6.855848 2.468173 0.187434 -4.417787 9.183595 -36.220899 -13.962695 -4.373854 1.771797 18.725334 0.660539 -16.869667 -13.554055 0.000000 0.000000 0.000000 -31.184023 29.985973 -0.025748 -25.020377 -2.200419 -25.279037 -0.000000 -78.280479 0.000000 0.080479 -0.005239 -0.988820 0.000000 0.000000 0.607176 0.005215 0.000010 -0.110703 -0.012689 0.000454 -0.146434 0.022390 -0.001199 4.934506 0.000000 0.000000 0.746397 0.000014 0.006565 0.122572 -0.000022 -0.014325 0.164521 2.447046 -0.079831 2.056764 0.000000 0.000000 0.740482 -0.000002 0.007173 -0.014980 -0.000004 -0.015017 0.027776 4.260386 -0.094452 1.375350 0.000000 0.000000 0.754839 0.000000 0.009448 0.000229 -0.000006 -0.022452 0.026332 -6.917769 0.291382 2.291170 0.000000 0.000000 0.754038 -0.000001 0.004175 -0.008146 -0.000001 -0.009275 0.012467 0.441624 -0.014543 2.538997 21.832996 3.426290 -0.041310 24.421092 -6.003656 -43.993117 -0.000000 86.945976 -0.000000 -0.080308 0.004629 -0.724563 0.000000 0.000000 0.472622 0.000000 0.000000 0.008252 0.000000 0.000000 -0.001366 -7.969741 -5.107087 -8.050663 0.000000 0.000000 0.467721 0.000000 0.000000 -0.015015 0.000000 0.000000 0.025121 6.271931 -1.933901 -4.817211 0.000000 0.000000 0.481966 0.000000 0.000000 -0.004083 0.000000 0.000000 -0.000628 -1.013052 -2.505694 -6.799366 0.000000 0.000000 0.479930 0.000000 0.000000 0.003389 0.000000 0.000000 -0.007978 -3.109834 -2.403556 -3.139792 0.000035 0.004242 0.480870 0.000001 -0.004242 0.042897 0.000000 0.000000 0.013196 -4.610124 -2.491975 -2.359596 -20.006513 14.357788 -24.317325 0.000000 0.000000 31.863926 22.318904 5.228740 -19.546048 0.000000 0.000000 0.000000 -17.935412 14.083911 -46.067666 0.000000 0.000000 95.370479 3.640167 -3.805388 -11.296683 0.000000 0.000000 -0.000003 
-10.012900 83.635100 -27.892500 20.220518 80.739280 27.443190 -1.335359 0.233437 -6.511216 1.446093 0.546232 -4.292785 7.581908 -34.965950 -12.772421 -3.429674 1.457607 19.598441 -0.786817 -14.841757 -13.195813 0.000000 0.000000 0.000000 -29.687265 29.210397 -0.013294 -27.341168 -2.328527 -22.533555 -0.000000 -80.989304 0.000000 0.080479 -0.005239 -0.988820 0.000000 0.000000 0.607176 0.005215 0.000010 -0.110703 -0.012689 0.000454 -0.146434 0.022390 -0.001199 4.934506 0.000000 0.000000 0.746397 0.000014 0.006565 0.122572 -0.000022 -0.014325 0.164521 2.447046 -0.079831 2.056764 0.000000 0.000000 0.740482 -0.000002 0.007173 -0.014980 -0.000004 -0.015017 0.027776 4.260386 -0.094452 1.375350 0.000000 0.000000 0.754839 0.000000 0.009448 0.000229 -0.000006 -0.022452 0.026332 -6.917769 0.291382 2.291170 0.000000 0.000000 0.754038 -0.000001 0.004175 -0.008146 -0.000001 -0.009275 0.012467 0.441624 -0.014543 2.538997 22.798938 3.335339 -0.040582 24.878232 -3.906325 -43.747779 -0.000000 87.718674 -0.000000 -0.080308 0.004629 -0.724563 0.000000 0.000000 0.472622 0.000000 0.000000 0.008252 0.000000 0.000000 -0.001366 -7.969741 -5.107087 -8.050663 0.000000 0.000000 0.467721 0.000000 0.000000 -0.015015 0.000000 0.000000 0.025121 6.271931 -1.933901 -4.817211 0.000000 0.000000 0.481966 0.000000 0.000000 -0.004083 0.000000 0.000000 -0.000628 -1.013052 -2.505694 -6.799366 0.000000 0.000000 0.479930 0.000000 0.000000 0.003389 0.000000 0.000000 -0.007978 -3.109834 -2.403556 -3.139792 0.000035 0.004242 0.480870 0.000001 -0.004242 0.042897 0.000000 0.000000 0.013196 -4.610124 -2.491975 -2.359596 -19.234231 7.828430 -20.264127 0.000000 0.000000 30.263741 23.004735 3.254742 -18.843552 0.000000 0.000000 0.000000 -16.164242 19.527658 -47.873066 0.000000 0.000000 97.973679 0.717220 -12.941083 -16.996269 0.000000 0.000000 -0.000003 
-9.535100 84.138300 -27.496400 140.241795 84.369513 147.290016 -2.116843 -0.181514 -6.811713 0.419774 0.157263 -3.681404 6.599837 -34.728058 -11.810691 -2.472318 1.009316 19.122352 -1.775858 -10.933479 -10.984544 0.000000 0.000000 0.000000 -27.932486 28.164716 -0.000575 -29.558551 -2.326085 -19.312331 -0.000000 -83.850777 0.000000 0.080479 -0.005239 -0.988820 0.000000 0.000000 0.607176 0.005215 0.000010 -0.110703 -0.012689 0.000454 -0.146434 0.022390 -0.001199 4.934506 0.000000 0.000000 0.746397 0.000014 0.006565 0.122572 -0.000022 -0.014325 0.164521 2.447046 -0.079831 2.056764 0.000000 0.000000 0.740482 -0.000002 0.007173 -0.014980 -0.000004 -0.015017 0.027776 4.260386 -0.094452 1.375350 0.000000 0.000000 0.754839 0.000000 0.009448 0.000229 -0.000006 -0.022452 0.026332 -6.917769 0.291382 2.291170 0.000000 0.000000 0.754038 -0.000001 0.004175 -0.008146 -0.000001 -0.009275 0.012467 0.441624 -0.014543 2.538997 23.651919 3.297983 -0.041849 24.606031 -1.743800 -43.290509 -0.000000 87.141533 -0.000000 -0.080308 0.004629 -0.724563 0.000000 0.000000 0.472622 0.000000 0.000000 0.008252 0.000000 0.000000 -0.001366 -7.969741 -5.107087 -8.050663 0.000000 0.000000 0.467721 0.000000 0.000000 -0.015015 0.000000 0.000000 0.025121 6.271931 -1.933901 -4.817211 0.000000 0.000000 0.481966 0.000000 0.000000 -0.004083 0.000000 0.000000 -0.000628 -1.013052 -2.505694 -6.799366 0.000000 0.000000 0.479930 0.000000 0.000000 0.003389 0.000000 0.000000 -0.007978 -3.109834 -2.403556 -3.139792 0.000035 0.004242 0.480870 0.000001 -0.004242 0.042897 0.000000 0.000000 0.013196 -4.610124 -2.491975 -2.359596 -17.927191 -1.465967 -16.049978 0.000000 0.000000 28.164728 17.540911 3.221924 -18.077626 0.000000 0.000000 0.000000 -13.251871 21.499064 -50.060118 0.000000 0.000000 96.147673 -1.815945 -19.776507 -13.373370 0.000000 0.000000 -0.000003 
-8.991200 84.997700 -27.340600 173.522488 71.286911 179.959277 -1.879909 0.018565 -5.773311 1.000589 0.307503 -3.308570 5.682038 -33.998819 -11.002207 -1.278054 0.510150 18.654761 -1.016882 -8.515666 -11.662094 0.000000 0.000000 0.000000 -26.242040 26.847808 0.002341 -30.502260 -3.194978 -15.966406 -0.000000 -85.530762 0.000000 0.080479 -0.005239 -0.988820 0.000000 0.000000 0.607176 0.005215 0.000010 -0.110703 -0.012689 0.000454 -0.146434 0.022390 -0.001199 4.934506 0.000000 0.000000 0.746397 0.000014 0.006565 0.122572 -0.000022 -0.014325 0.164521 2.447046 -0.079831 2.056764 0.000000 0.000000 0.740482 -0.000002 0.007173 -0.014980 -0.000004 -0.015017 0.027776 4.260386 -0.094452 1.375350 0.000000 0.000000 0.754839 0.000000 0.009448 0.000229 -0.000006 -0.022452 0.026332 -6.917769 0.291382 2.291170 0.000000 0.000000 0.754038 -0.000001 0.004175 -0.008146 -0.000001 -0.009275 0.012467 0.441624 -0.014543 2.538997 23.780984 3.258391 -0.045258 23.852390 0.000237 -42.717127 -0.000000 85.173660 -0.000000 -0.080308 0.004629 -0.724563 0.000000 0.000000 0.472622 0.000000 0.000000 0.008252 0.000000 0.000000 -0.001366 -7.969741 -5.107087 -8.050663 0.000000 0.000000 0.467721 0.000000 0.000000 -0.015015 0.000000 0.000000 0.025121 6.271931 -1.933901 -4.817211 0.000000 0.000000 0.481966 0.000000 0.000000 -0.004083 0.000000 0.000000 -0.000628 -1.013052 -2.505694 -6.799366 0.000000 0.000000 0.479930 0.000000 0.000000 0.003389 0.000000 0.000000 -0.007978 -3.109834 -2.403556 -3.139792 0.000035 0.004242 0.480870 0.000001 -0.004242 0.042897 0.000000 0.000000 0.013196 -4.610124 -2.491975 -2.359596 -15.144152 -10.800597 -10.736620 0.000000 0.000000 24.247635 14.538825 1.635145 -16.650641 0.000000 0.000000 0.000000 -10.355857 21.982817 -50.595689 0.000000 0.000000 89.212294 -0.196057 -16.824195 -17.238886 0.000000 0.000000 -0.000003 
-8.682800 85.966600 -27.353500 179.232736 56.541445 -174.386624 -1.209984 0.138193 -5.510881 1.806553 0.366094 -3.159546 4.408306 -32.532802 -8.998061 -0.278616 0.066939 16.688626 0.484942 -5.662678 -13.292842 0.000000 0.000000 0.000000 -24.709504 25.475072 -0.002655 -29.906811 -5.414242 -12.921265 -0.000000 -85.936661 0.000000 0.080479 -0.005239 -0.988820 0.000000 0.000000 0.607176 0.005215 0.000010 -0.110703 -0.012689 0.000454 -0.146434 0.022390 -0.001199 4.934506 0.000000 0.000000 0.746397 0.000014 0.006565 0.122572 -0.000022 -0.014325 0.164521 2.447046 -0.079831 2.056764 0.000000 0.000000 0.740482 -0.000002 0.007173 -0.014980 -0.000004 -0.015017 0.027776 4.260386 -0.094452 1.375350 0.000000 0.000000 0.754839 0.000000 0.009448 0.000229 -0.000006 -0.022452 0.026332 -6.917769 0.291382 2.291170 0.000000 0.000000 0.754038 -0.000001 0.004175 -0.008146 -0.000001 -0.009275 0.012467 0.441624 -0.014543 2.538997 23.022733 3.063546 -0.051667 22.967707 1.233495 -41.969406 -0.000000 82.204613 -0.000000 -0.080308 0.004629 -0.724563 0.000000 0.000000 0.472622 0.000000 0.000000 0.008252 0.000000 0.000000 -0.001366 -7.969741 -5.107087 -8.050663 0.000000 0.000000 0.467721 0.000000 0.000000 -0.015015 0.000000 0.000000 0.025121 6.271931 -1.933901 -4.817211 0.000000 0.000000 0.481966 0.000000 0.000000 -0.004083 0.000000 0.000000 -0.000628 -1.013052 -2.505694 -6.799366 0.000000 0.000000 0.479930 0.000000 0.000000 0.003389 0.000000 0.000000 -0.007978 -3.109834 -2.403556 -3.139792 0.000035 0.004242 0.480870 0.000001 -0.004242 0.042897 0.000000 0.000000 0.013196 -4.610124 -2.491975 -2.359596 -12.583401 -19.838678 -6.980853 0.000000 0.000000 20.953385 13.518448 -0.406568 -14.265266 0.000000 0.000000 0.000000 -9.657796 23.388226 -49.471814 0.000000 0.000000 75.306738 4.262000 -11.310143 -20.847722 0.000000 0.000000 -0.000003 
-8.219000 86.741900 -27.468100 -179.553427 42.163364 -172.712973 -0.520955 -0.261956 -5.634224 1.774125 -0.094293 -3.503678 3.767795 -29.607397 -7.174561 0.191425 -0.062695 15.270158 1.232262 -0.168757 -13.487025 0.000000 0.000000 0.000000 -23.173162 24.418432 -0.020210 -28.828523 -8.237144 -10.900022 -0.000000 -85.109703 0.000000 0.080479 -0.005239 -0.988820 0.000000 0.000000 0.607176 0.005215 0.000010 -0.110703 -0.012689 0.000454 -0.146434 0.022390 -0.001199 4.934506 0.000000 0.000000 0.746397 0.000014 0.006565 0.122572 -0.000022 -0.014325 0.164521 2.447046 -0.079831 2.056764 0.000000 0.000000 0.740482 -0.000002 0.007173 -0.014980 -0.000004 -0.015017 0.027776 4.260386 -0.094452 1.375350 0.000000 0.000000 0.754839 0.000000 0.009448 0.000229 -0.000006 -0.022452 0.026332 -6.917769 0.291382 2.291170 0.000000 0.000000 0.754038 -0.000001 0.004175 -0.008146 -0.000001 -0.009275 0.012467 0.441624 -0.014543 2.538997 21.729144 2.753587 -0.051789 22.510500 1.845775 -40.975844 -0.000000 79.696777 -0.000000 -0.080308 0.004629 -0.724563 0.000000 0.000000 0.472622 0.000000 0.000000 0.008252 0.000000 0.000000 -0.001366 -7.969741 -5.107087 -8.050663 0.000000 0.000000 0.467721 0.000000 0.000000 -0.015015 0.000000 0.000000 0.025121 6.271931 -1.933901 -4.817211 0.000000 0.000000 0.481966 0.000000 0.000000 -0.004083 0.000000 0.000000 -0.000628 -1.013052 -2.505694 -6.799366 0.000000 0.000000 0.479930 0.000000 0.000000 0.003389 0.000000 0.000000 -0.007978 -3.109834 -2.403556 -3.139792 0.000035 0.004242 0.480870 0.000001 -0.004242 0.042897 0.000000 0.000000 0.013196 -4.610124 -2.491975 -2.359596 -11.202036 -28.552439 -4.825068 0.000000 0.000000 19.654136 11.933049 0.443672 -11.648889 0.000000 0.000000 0.000000 -11.924695 27.455385 -46.123571 0.000000 0.000000 55.455706 7.382369 -7.530368 -19.959495 0.000000 0.000000 -0.000003 
-7.420800 86.565600 -28.315100 -179.227145 29.586308 -172.616804 0.864541 -0.122788 -5.413401 0.918162 -0.123766 -3.221751 3.763613 -30.098476 -7.214372 -0.434053 0.143309 15.203826 2.816168 3.585360 -13.508589 0.000000 0.000000 0.000000 -21.679531 24.047866 -0.042020 -28.214097 -10.825976 -10.549157 -0.000000 -82.158569 0.000000 0.080479 -0.005239 -0.988820 0.000000 0.000000 0.607176 0.005215 0.000010 -0.110703 -0.012689 0.000454 -0.146434 0.022390 -0.001199 4.934506 0.000000 0.000000 0.746397 0.000014 0.006565 0.122572 -0.000022 -0.014325 0.164521 2.447046 -0.079831 2.056764 0.000000 0.000000 0.740482 -0.000002 0.007173 -0.014980 -0.000004 -0.015017 0.027776 4.260386 -0.094452 1.375350 0.000000 0.000000 0.754839 0.000000 0.009448 0.000229 -0.000006 -0.022452 0.026332 -6.917769 0.291382 2.291170 0.000000 0.000000 0.754038 -0.000001 0.004175 -0.008146 -0.000001 -0.009275 0.012467 0.441624 -0.014543 2.538997 20.445988 2.575749 -0.047347 22.807971 1.710905 -39.748276 -0.000000 79.137650 -0.000000 -0.080308 0.004629 -0.724563 0.000000 0.000000 0.472622 0.000000 0.000000 0.008252 0.000000 0.000000 -0.001366 -7.969741 -5.107087 -8.050663 0.000000 0.000000 0.467721 0.000000 0.000000 -0.015015 0.000000 0.000000 0.025121 6.271931 -1.933901 -4.817211 0.000000 0.000000 0.481966 0.000000 0.000000 -0.004083 0.000000 0.000000 -0.000628 -1.013052 -2.505694 -6.799366 0.000000 0.000000 0.479930 0.000000 0.000000 0.003389 0.000000 0.000000 -0.007978 -3.109834 -2.403556 -3.139792 0.000035 0.004242 0.480870 0.000001 -0.004242 0.042897 0.000000 0.000000 0.013196 -4.610124 -2.491975 -2.359596 -11.311709 -34.519701 -2.240947 0.000000 0.000000 20.562279 11.367109 2.259414 -12.465097 0.000000 0.000000 0.000000 -11.314164 25.908824 -43.063729 0.000000 0.000000 45.689241 11.625781 -1.880860 -15.408639 0.000000 0.000000 -0.000003 
-6.523300 85.783900 -29.209900 179.611633 16.756602 -172.826940 0.243364 0.025114 -6.206308 1.101812 0.080897 -2.726517 2.980178 -32.736804 -6.925767 -0.651864 0.193894 13.846429 3.287026 6.090870 -13.350320 0.000000 0.000000 0.000000 -20.611382 24.256127 -0.046598 -28.100397 -13.157097 -12.065457 -0.000000 -77.160072 0.000000 0.080479 -0.005239 -0.988820 0.000000 0.000000 0.607176 0.005215 0.000010 -0.110703 -0.012689 0.000454 -0.146434 0.022390 -0.001199 4.934506 0.000000 0.000000 0.746397 0.000014 0.006565 0.122572 -0.000022 -0.014325 0.164521 2.447046 -0.079831 2.056764 0.000000 0.000000 0.740482 -0.000002 0.007173 -0.014980 -0.000004 -0.015017 0.027776 4.260386 -0.094452 1.375350 0.000000 0.000000 0.754839 0.000000 0.009448 0.000229 -0.000006 -0.022452 0.026332 -6.917769 0.291382 2.291170 0.000000 0.000000 0.754038 -0.000001 0.004175 -0.008146 -0.000001 -0.009275 0.012467 0.441624 -0.014543 2.538997 19.367352 2.445396 -0.047830 23.501828 1.263601 -38.194965 -0.000000 80.224472 -0.000000 -0.080308 0.004629 -0.724563 0.000000 0.000000 0.472622 0.000000 0.000000 0.008252 0.000000 0.000000 -0.001366 -7.969741 -5.107087 -8.050663 0.000000 0.000000 0.467721 0.000000 0.000000 -0.015015 0.000000 0.000000 0.025121 6.271931 -1.933901 -4.817211 0.000000 0.000000 0.481966 0.000000 0.000000 -0.004083 0.000000 0.000000 -0.000628 -1.013052 -2.505694 -6.799366 0.000000 0.000000 0.479930 0.000000 0.000000 0.003389 0.000000 0.000000 -0.007978 -3.109834 -2.403556 -3.139792 0.000035 0.004242 0.480870 0.000001 -0.004242 0.042897 0.000000 0.000000 0.013196 -4.610124 -2.491975 -2.359596 -12.855220 -38.981143 0.399589 0.000000 0.000000 21.835271 11.314372 5.911128 -14.981617 0.000000 0.000000 0.000000 -13.759002 25.345186 -40.826667 0.000000 0.000000 36.723914 11.046101 1.918522 -9.461128 0.000000 0.000000 -0.000003 
-5.165300 84.696300 -30.333500 179.502694 4.436600 -172.068069 -0.033030 -0.674216 -7.285269 1.695108 -0.592805 -2.255363 3.177710 -32.694566 -6.971724 -1.474905 0.396383 12.097592 1.887695 13.593448 -14.925388 0.000000 0.000000 0.000000 -20.650148 24.792015 -0.034150 -27.517341 -15.737590 -15.031878 -0.000000 -71.954498 0.000000 0.080479 -0.005239 -0.988820 0.000000 0.000000 0.607176 0.005215 0.000010 -0.110703 -0.012689 0.000454 -0.146434 0.022390 -0.001199 4.934506 0.000000 0.000000 0.746397 0.000014 0.006565 0.122572 -0.000022 -0.014325 0.164521 2.447046 -0.079831 2.056764 0.000000 0.000000 0.740482 -0.000002 0.007173 -0.014980 -0.000004 -0.015017 0.027776 4.260386 -0.094452 1.375350 0.000000 0.000000 0.754839 0.000000 0.009448 0.000229 -0.000006 -0.022452 0.026332 -6.917769 0.291382 2.291170 0.000000 0.000000 0.754038 -0.000001 0.004175 -0.008146 -0.000001 -0.009275 0.012467 0.441624 -0.014543 2.538997 18.646923 2.310502 -0.047331 23.414741 0.974829 -36.157424 -0.000000 81.628021 -0.000000 -0.080308 0.004629 -0.724563 0.000000 0.000000 0.472622 0.000000 0.000000 0.008252 0.000000 0.000000 -0.001366 -7.969741 -5.107087 -8.050663 0.000000 0.000000 0.467721 0.000000 0.000000 -0.015015 0.000000 0.000000 0.025121 6.271931 -1.933901 -4.817211 0.000000 0.000000 0.481966 0.000000 0.000000 -0.004083 0.000000 0.000000 -0.000628 -1.013052 -2.505694 -6.799366 0.000000 0.000000 0.479930 0.000000 0.000000 0.003389 0.000000 0.000000 -0.007978 -3.109834 -2.403556 -3.139792 0.000035 0.004242 0.480870 0.000001 -0.004242 0.042897 0.000000 0.000000 0.013196 -4.610124 -2.491975 -2.359596 -12.386858 -39.882956 2.153714 0.000000 0.000000 23.398643 11.791947 10.087093 -18.922762 0.000000 0.000000 0.000000 -18.098900 28.522407 -40.078091 0.000000 0.000000 30.848013 10.990846 2.060082 -6.151434 0.000000 0.000000 -0.000003 
-3.810500 84.495800 -31.577600 -179.278930 -9.443546 -172.539257 1.678151 -0.727788 -7.371799 1.346974 -0.876623 -1.703097 3.671426 -35.897081 -6.745458 -2.995261 0.693948 9.615825 -3.032965 25.694021 -18.459037 0.000000 0.000000 0.000000 -21.770993 25.331254 -0.031817 -25.816329 -18.201648 -19.005014 -0.000000 -68.691162 0.000000 0.080479 -0.005239 -0.988820 0.000000 0.000000 0.607176 0.005215 0.000010 -0.110703 -0.012689 0.000454 -0.146434 0.022390 -0.001199 4.934506 0.000000 0.000000 0.746397 0.000014 0.006565 0.122572 -0.000022 -0.014325 0.164521 2.447046 -0.079831 2.056764 0.000000 0.000000 0.740482 -0.000002 0.007173 -0.014980 -0.000004 -0.015017 0.027776 4.260386 -0.094452 1.375350 0.000000 0.000000 0.754839 0.000000 0.009448 0.000229 -0.000006 -0.022452 0.026332 -6.917769 0.291382 2.291170 0.000000 0.000000 0.754038 -0.000001 0.004175 -0.008146 -0.000001 -0.009275 0.012467 0.441624 -0.014543 2.538997 18.398501 2.407575 -0.044683 22.209159 0.577855 -33.749790 -0.000000 83.222977 -0.000000 -0.080308 0.004629 -0.724563 0.000000 0.000000 0.472622 0.000000 0.000000 0.008252 0.000000 0.000000 -0.001366 -7.969741 -5.107087 -8.050663 0.000000 0.000000 0.467721 0.000000 0.000000 -0.015015 0.000000 0.000000 0.025121 6.271931 -1.933901 -4.817211 0.000000 0.000000 0.481966 0.000000 0.000000 -0.004083 0.000000 0.000000 -0.000628 -1.013052 -2.505694 -6.799366 0.000000 0.000000 0.479930 0.000000 0.000000 0.003389 0.000000 0.000000 -0.007978 -3.109834 -2.403556 -3.139792 0.000035 0.004242 0.480870 0.000001 -0.004242 0.042897 0.000000 0.000000 0.013196 -4.610124 -2.491975 -2.359596 -9.174414 -38.709999 3.635515 0.000000 0.000000 24.474084 8.226416 12.737824 -21.306927 0.000000 0.000000 0.000000 -16.347352 26.561337 -36.261951 0.000000 0.000000 32.461368 -0.478736 2.114680 -11.163523 0.000000 0.000000 -0.000003 
-1.604800 84.374300 -33.322600 -179.151073 -22.261778 -172.467233 1.379906 -0.762083 -8.293339 1.713239 -0.901453 -1.624116 3.107171 -37.597489 -5.273613 -4.632380 0.856479 7.053265 -8.312977 37.148196 -20.806463 0.000000 0.000000 0.000000 -22.702052 25.648325 -0.042170 -24.004792 -19.409891 -23.902184 -0.000000 -68.147476 0.000000 0.080479 -0.005239 -0.988820 0.000000 0.000000 0.607176 0.005215 0.000010 -0.110703 -0.012689 0.000454 -0.146434 0.022390 -0.001199 4.934506 0.000000 0.000000 0.746397 0.000014 0.006565 0.122572 -0.000022 -0.014325 0.164521 2.447046 -0.079831 2.056764 0.000000 0.000000 0.740482 -0.000002 0.007173 -0.014980 -0.000004 -0.015017 0.027776 4.260386 -0.094452 1.375350 0.000000 0.000000 0.754839 0.000000 0.009448 0.000229 -0.000006 -0.022452 0.026332 -6.917769 0.291382 2.291170 0.000000 0.000000 0.754038 -0.000001 0.004175 -0.008146 -0.000001 -0.009275 0.012467 0.441624 -0.014543 2.538997 18.289331 2.715500 -0.043040 21.145855 0.067586 -30.979298 -0.000000 84.945213 -0.000000 -0.080308 0.004629 -0.724563 0.000000 0.000000 0.472622 0.000000 0.000000 0.008252 0.000000 0.000000 -0.001366 -7.969741 -5.107087 -8.050663 0.000000 0.000000 0.467721 0.000000 0.000000 -0.015015 0.000000 0.000000 0.025121 6.271931 -1.933901 -4.817211 0.000000 0.000000 0.481966 0.000000 0.000000 -0.004083 0.000000 0.000000 -0.000628 -1.013052 -2.505694 -6.799366 0.000000 0.000000 0.479930 0.000000 0.000000 0.003389 0.000000 0.000000 -0.007978 -3.109834 -2.403556 -3.139792 0.000035 0.004242 0.480870 0.000001 -0.004242 0.042897 0.000000 0.000000 0.013196 -4.610124 -2.491975 -2.359596 -3.878659 -32.067708 1.764792 0.000000 0.000000 26.128917 3.373945 13.542805 -23.276133 0.000000 0.000000 0.000000 -14.328971 21.373471 -33.339299 0.000000 0.000000 34.370586 -2.471337 3.561129 -14.830730 0.000000 0.000000 -0.000003 
0.083700 84.186300 -34.530600 -178.719609 -32.782818 -173.479325 0.604473 -0.232201 -7.650381 2.344891 -0.263126 -1.122294 3.937394 -38.127021 -5.371985 -6.501073 1.016680 5.089421 -11.659913 42.000019 -21.400664 0.000000 0.000000 0.000000 -22.905455 25.765718 -0.046584 -22.481534 -18.416771 -29.347892 -0.000000 -69.981407 0.000000 0.080479 -0.005239 -0.988820 0.000000 0.000000 0.607176 0.005215 0.000010 -0.110703 -0.012689 0.000454 -0.146434 0.022390 -0.001199 4.934506 0.000000 0.000000 0.746397 0.000014 0.006565 0.122572 -0.000022 -0.014325 0.164521 2.447046 -0.079831 2.056764 0.000000 0.000000 0.740482 -0.000002 0.007173 -0.014980 -0.000004 -0.015017 0.027776 4.260386 -0.094452 1.375350 0.000000 0.000000 0.754839 0.000000 0.009448 0.000229 -0.000006 -0.022452 0.026332 -6.917769 0.291382 2.291170 0.000000 0.000000 0.754038 -0.000001 0.004175 -0.008146 -0.000001 -0.009275 0.012467 0.441624 -0.014543 2.538997 18.198286 3.047035 -0.043439 20.997227 0.266082 -27.682256 -0.000000 85.579407 -0.000000 -0.080308 0.004629 -0.724563 0.000000 0.000000 0.472622 0.000000 0.000000 0.008252 0.000000 0.000000 -0.001366 -7.969741 -5.107087 -8.050663 0.000000 0.000000 0.467721 0.000000 0.000000 -0.015015 0.000000 0.000000 0.025121 6.271931 -1.933901 -4.817211 0.000000 0.000000 0.481966 0.000000 0.000000 -0.004083 0.000000 0.000000 -0.000628 -1.013052 -2.505694 -6.799366 0.000000 0.000000 0.479930 0.000000 0.000000 0.003389 0.000000 0.000000 -0.007978 -3.109834 -2.403556 -3.139792 0.000035 0.004242 0.480870 0.000001 -0.004242 0.042897 0.000000 0.000000 0.013196 -4.610124 -2.491975 -2.359596 1.709697 -21.171795 -1.145610 0.000000 0.000000 28.811920 1.112355 10.019617 -24.711392 0.000000 0.000000 0.000000 -11.321653 13.799710 -30.947632 0.000000 0.000000 37.074839 4.251279 3.189537 -16.320413 0.000000 0.000000 -0.000003 
1.308900 84.068100 -34.652400 -177.987087 -40.674264 -174.902583 0.723054 0.324286 -6.993891 2.342331 0.272253 -0.803112 3.478070 -37.870853 -4.873536 -6.906168 1.122740 5.261523 -13.591295 42.508022 -20.929128 0.000000 0.000000 0.000000 -22.985337 25.732383 -0.045514 -20.722814 -15.484407 -34.512011 -0.000000 -72.999649 0.000000 0.080479 -0.005239 -0.988820 0.000000 0.000000 0.607176 0.005215 0.000010 -0.110703 -0.012689 0.000454 -0.146434 0.022390 -0.001199 4.934506 0.000000 0.000000 0.746397 0.000014 0.006565 0.122572 -0.000022 -0.014325 0.164521 2.447046 -0.079831 2.056764 0.000000 0.000000 0.740482 -0.000002 0.007173 -0.014980 -0.000004 -0.015017 0.027776 4.260386 -0.094452 1.375350 0.000000 0.000000 0.754839 0.000000 0.009448 0.000229 -0.000006 -0.022452 0.026332 -6.917769 0.291382 2.291170 0.000000 0.000000 0.754038 -0.000001 0.004175 -0.008146 -0.000001 -0.009275 0.012467 0.441624 -0.014543 2.538997 18.319558 3.298503 -0.044403 21.456929 1.506937 -23.899590 -0.000000 84.584183 -0.000000 -0.080308 0.004629 -0.724563 0.000000 0.000000 0.472622 0.000000 0.000000 0.008252 0.000000 0.000000 -0.001366 -7.969741 -5.107087 -8.050663 0.000000 0.000000 0.467721 0.000000 0.000000 -0.015015 0.000000 0.000000 0.025121 6.271931 -1.933901 -4.817211 0.000000 0.000000 0.481966 0.000000 0.000000 -0.004083 0.000000 0.000000 -0.000628 -1.013052 -2.505694 -6.799366 0.000000 0.000000 0.479930 0.000000 0.000000 0.003389 0.000000 0.000000 -0.007978 -3.109834 -2.403556 -3.139792 0.000035 0.004242 0.480870 0.000001 -0.004242 0.042897 0.000000 0.000000 0.013196 -4.610124 -2.491975 -2.359596 5.985531 -9.976322 -4.799919 0.000000 0.000000 32.731762 -3.254207 5.709675 -25.637741 0.000000 0.000000 0.000000 -9.333083 7.591691 -28.978002 0.000000 0.000000 37.922371 7.652264 2.881133 -16.677571 0.000000 0.000000 -0.000003 
2.006800 84.416100 -35.605800 -178.528638 -48.527220 -175.864671 -0.629805 0.708256 -5.615016 2.332828 0.799857 -0.448311 4.076002 -37.749717 -4.633879 -7.382148 1.137525 4.626630 -14.301260 43.225642 -19.846617 0.000000 0.000000 0.000000 -23.347474 25.843245 -0.041310 -18.915805 -12.890199 -38.460116 -0.000000 -75.430267 0.000000 0.080479 -0.005239 -0.988820 0.000000 0.000000 0.607176 0.005215 0.000010 -0.110703 -0.012689 0.000454 -0.146434 0.022390 -0.001199 4.934506 0.000000 0.000000 0.746397 0.000014 0.006565 0.122572 -0.000022 -0.014325 0.164521 2.447046 -0.079831 2.056764 0.000000 0.000000 0.740482 -0.000002 0.007173 -0.014980 -0.000004 -0.015017 0.027776 4.260386 -0.094452 1.375350 0.000000 0.000000 0.754839 0.000000 0.009448 0.000229 -0.000006 -0.022452 0.026332 -6.917769 0.291382 2.291170 0.000000 0.000000 0.754038 -0.000001 0.004175 -0.008146 -0.000001 -0.009275 0.012467 0.441624 -0.014543 2.538997 18.607685 3.339509 -0.043735 22.105173 2.616742 -20.181777 -0.000000 83.782532 -0.000000 -0.080308 0.004629 -0.724563 0.000000 0.000000 0.472622 0.000000 0.000000 0.008252 0.000000 0.000000 -0.001366 -7.969741 -5.107087 -8.050663 0.000000 0.000000 0.467721 0.000000 0.000000 -0.015015 0.000000 0.000000 0.025121 6.271931 -1.933901 -4.817211 0.000000 0.000000 0.481966 0.000000 0.000000 -0.004083 0.000000 0.000000 -0.000628 -1.013052 -2.505694 -6.799366 0.000000 0.000000 0.479930 0.000000 0.000000 0.003389 0.000000 0.000000 -0.007978 -3.109834 -2.403556 -3.139792 0.000035 0.004242 0.480870 0.000001 -0.004242 0.042897 0.000000 0.000000 0.013196 -4.610124 -2.491975 -2.359596 7.902661 -1.537739 -8.597181 0.000000 0.000000 37.837237 -6.730120 5.060862 -21.783536 0.000000 0.000000 0.000000 -8.296418 0.422793 -25.381865 0.000000 0.000000 37.345037 9.658149 3.221525 -17.089176 0.000000 0.000000 -0.000003 
3.212200 84.476400 -35.690800 -177.082930 -56.530975 -176.076640 -0.145068 0.437955 -5.838972 2.153468 0.509358 -1.210639 4.347096 -34.139957 -4.360624 -8.338236 1.058881 3.436233 -14.677979 45.990964 -17.595331 0.000000 0.000000 0.000000 -23.945335 26.348728 -0.027303 -17.528901 -12.294264 -40.925010 -0.000000 -76.921059 0.000000 0.080479 -0.005239 -0.988820 0.000000 0.000000 0.607176 0.005215 0.000010 -0.110703 -0.012689 0.000454 -0.146434 0.022390 -0.001199 4.934506 0.000000 0.000000 0.746397 0.000014 0.006565 0.122572 -0.000022 -0.014325 0.164521 2.447046 -0.079831 2.056764 0.000000 0.000000 0.740482 -0.000002 0.007173 -0.014980 -0.000004 -0.015017 0.027776 4.260386 -0.094452 1.375350 0.000000 0.000000 0.754839 0.000000 0.009448 0.000229 -0.000006 -0.022452 0.026332 -6.917769 0.291382 2.291170 0.000000 0.000000 0.754038 -0.000001 0.004175 -0.008146 -0.000001 -0.009275 0.012467 0.441624 -0.014543 2.538997 18.893150 3.176562 -0.042917 23.037234 2.177605 -17.039844 -0.000000 85.664398 -0.000000 -0.080308 0.004629 -0.724563 0.000000 0.000000 0.472622 0.000000 0.000000 0.008252 0.000000 0.000000 -0.001366 -7.969741 -5.107087 -8.050663 0.000000 0.000000 0.467721 0.000000 0.000000 -0.015015 0.000000 0.000000 0.025121 6.271931 -1.933901 -4.817211 0.000000 0.000000 0.481966 0.000000 0.000000 -0.004083 0.000000 0.000000 -0.000628 -1.013052 -2.505694 -6.799366 0.000000 0.000000 0.479930 0.000000 0.000000 0.003389 0.000000 0.000000 -0.007978 -3.109834 -2.403556 -3.139792 0.000035 0.004242 0.480870 0.000001 -0.004242 0.042897 0.000000 0.000000 0.013196 -4.610124 -2.491975 -2.359596 10.027319 4.124074 -14.900088 0.000000 0.000000 45.017672 -7.556799 3.440793 -23.665370 0.000000 0.000000 0.000000 -6.384605 -6.610756 -25.247966 0.000000 0.000000 37.232897 9.832103 2.403119 -17.214478 0.000000 0.000000 -0.000003 
3.539200 83.859500 -35.586800 -174.104958 -65.185325 -177.939841 0.583830 0.403038 -6.305815 2.316487 0.405394 -1.387301 4.361690 -30.516932 -3.970766 -10.820287 1.077100 1.840444 -13.767919 49.150363 -16.377133 0.000000 0.000000 0.000000 -24.839435 27.550782 -0.003476 -16.414319 -14.000709 -42.139091 -0.000000 -77.972969 0.000000 0.080479 -0.005239 -0.988820 0.000000 0.000000 0.607176 0.005215 0.000010 -0.110703 -0.012689 0.000454 -0.146434 0.022390 -0.001199 4.934506 0.000000 0.000000 0.746397 0.000014 0.006565 0.122572 -0.000022 -0.014325 0.164521 2.447046 -0.079831 2.056764 0.000000 0.000000 0.740482 -0.000002 0.007173 -0.014980 -0.000004 -0.015017 0.027776 4.260386 -0.094452 1.375350 0.000000 0.000000 0.754839 0.000000 0.009448 0.000229 -0.000006 -0.022452 0.026332 -6.917769 0.291382 2.291170 0.000000 0.000000 0.754038 -0.000001 0.004175 -0.008146 -0.000001 -0.009275 0.012467 0.441624 -0.014543 2.538997 19.233878 3.030134 -0.042721 24.248682 0.023334 -14.686669 -180.000000 89.536293 -180.000000 -0.080308 0.004629 -0.724563 0.000000 0.000000 0.472622 0.000000 0.000000 0.008252 0.000000 0.000000 -0.001366 -7.969741 -5.107087 -8.050663 0.000000 0.000000 0.467721 0.000000 0.000000 -0.015015 0.000000 0.000000 0.025121 6.271931 -1.933901 -4.817211 0.000000 0.000000 0.481966 0.000000 0.000000 -0.004083 0.000000 0.000000 -0.000628 -1.013052 -2.505694 -6.799366 0.000000 0.000000 0.479930 0.000000 0.000000 0.003389 0.000000 0.000000 -0.007978 -3.109834 -2.403556 -3.139792 0.000035 0.004242 0.480870 0.000001 -0.004242 0.042897 0.000000 0.000000 0.013196 -4.610124 -2.491975 -2.359596 11.789363 6.252340 -21.074006 0.000000 0.000000 52.023097 -7.600409 0.190754 -27.271680 0.000000 0.000000 0.000000 -4.517807 -13.302646 -25.956375 0.000000 0.000000 39.612915 8.564446 0.296324 -19.104956 0.000000 0.000000 -0.000003 
3.405700 83.672100 -35.970300 -169.998636 -74.119800 179.406569 0.854716 0.230757 -6.302338 1.983350 0.236699 -2.365723 5.096776 -26.937750 -5.143571 -13.588922 1.573239 2.560955 -14.408661 56.026938 -16.522076 0.000000 0.000000 0.000000 -25.801930 29.479856 -0.004724 -15.567607 -17.278752 -42.544944 -0.000000 -79.082764 0.000000 0.080479 -0.005239 -0.988820 0.000000 0.000000 0.607176 0.005215 0.000010 -0.110703 -0.012689 0.000454 -0.146434 0.022390 -0.001199 4.934506 0.000000 0.000000 0.746397 0.000014 0.006565 0.122572 -0.000022 -0.014325 0.164521 2.447046 -0.079831 2.056764 0.000000 0.000000 0.740482 -0.000002 0.007173 -0.014980 -0.000004 -0.015017 0.027776 4.260386 -0.094452 1.375350 0.000000 0.000000 0.754839 0.000000 0.009448 0.000229 -0.000006 -0.022452 0.026332 -6.917769 0.291382 2.291170 0.000000 0.000000 0.754038 -0.000001 0.004175 -0.008146 -0.000001 -0.009275 0.012467 0.441624 -0.014543 2.538997 19.606753 2.974405 -0.042822 25.545233 -2.969870 -13.531799 -180.000000 83.614616 -180.000000 -0.080308 0.004629 -0.724563 0.000000 0.000000 0.472622 0.000000 0.000000 0.008252 0.000000 0.000000 -0.001366 -7.969741 -5.107087 -8.050663 0.000000 0.000000 0.467721 0.000000 0.000000 -0.015015 0.000000 0.000000 0.025121 6.271931 -1.933901 -4.817211 0.000000 0.000000 0.481966 0.000000 0.000000 -0.004083 0.000000 0.000000 -0.000628 -1.013052 -2.505694 -6.799366 0.000000 0.000000 0.479930 0.000000 0.000000 0.003389 0.000000 0.000000 -0.007978 -3.109834 -2.403556 -3.139792 0.000035 0.004242 0.480870 0.000001 -0.004242 0.042897 0.000000 0.000000 0.013196 -4.610124 -2.491975 -2.359596 12.450905 6.489861 -27.329264 0.000000 0.000000 57.472771 -7.637721 -2.384294 -30.087901 0.000000 0.000000 0.000000 -2.715189 -21.396309 -26.010207 0.000000 0.000000 40.258799 7.346879 -0.842896 -20.475093 0.000000 0.000000 -0.000003 
3.114700 84.117700 -35.842900 -164.707962 -82.907440 175.660913 0.573587 0.160381 -6.318990 1.036963 0.173829 -3.643077 4.776303 -22.840400 -6.025504 -15.652462 1.890560 3.207633 -9.545647 60.762824 -12.600455 0.000000 0.000000 0.000000 -26.140361 31.530807 -0.041964 -15.587050 -20.890000 -42.443698 -0.000000 -80.193314 0.000000 0.080479 -0.005239 -0.988820 0.000000 0.000000 0.607176 0.005215 0.000010 -0.110703 -0.012689 0.000454 -0.146434 0.022390 -0.001199 4.934506 0.000000 0.000000 0.746397 0.000014 0.006565 0.122572 -0.000022 -0.014325 0.164521 2.447046 -0.079831 2.056764 0.000000 0.000000 0.740482 -0.000002 0.007173 -0.014980 -0.000004 -0.015017 0.027776 4.260386 -0.094452 1.375350 0.000000 0.000000 0.754839 0.000000 0.009448 0.000229 -0.000006 -0.022452 0.026332 -6.917769 0.291382 2.291170 0.000000 0.000000 0.754038 -0.000001 0.004175 -0.008146 -0.000001 -0.009275 0.012467 0.441624 -0.014543 2.538997 19.964259 2.960207 -0.042811 26.957480 -5.747004 -13.501517 -180.000000 78.836899 -180.000000 -0.080308 0.004629 -0.724563 0.000000 0.000000 0.472622 0.000000 0.000000 0.008252 0.000000 0.000000 -0.001366 -7.969741 -5.107087 -8.050663 0.000000 0.000000 0.467721 0.000000 0.000000 -0.015015 0.000000 0.000000 0.025121 6.271931 -1.933901 -4.817211 0.000000 0.000000 0.481966 0.000000 0.000000 -0.004083 0.000000 0.000000 -0.000628 -1.013052 -2.505694 -6.799366 0.000000 0.000000 0.479930 0.000000 0.000000 0.003389 0.000000 0.000000 -0.007978 -3.109834 -2.403556 -3.139792 0.000035 0.004242 0.480870 0.000001 -0.004242 0.042897 0.000000 0.000000 0.013196 -4.610124 -2.491975 -2.359596 11.544959 6.069885 -32.854732 0.000000 0.000000 60.600915 -8.648166 -2.870375 -31.397302 0.000000 0.000000 0.000000 -1.752808 -30.089033 -25.351981 0.000000 0.000000 38.349356 5.679465 -1.688313 -20.291474 0.000000 0.000000 -0.000003 
2.889900 84.646600 -34.900100 -35.661916 -87.271206 47.891500 0.247526 0.201930 -6.349237 0.791964 0.243151 -4.412865 4.361181 -17.901141 -7.227965 -16.826170 3.250261 6.428611 -5.965557 60.250501 -10.507853 0.000000 0.000000 0.000000 -25.451698 33.101965 -0.075659 -16.825958 -23.686866 -42.057627 -0.000000 -81.044151 0.000000 0.080479 -0.005239 -0.988820 0.000000 0.000000 0.607176 0.005215 0.000010 -0.110703 -0.012689 0.000454 -0.146434 0.022390 -0.001199 4.934506 0.000000 0.000000 0.746397 0.000014 0.006565 0.122572 -0.000022 -0.014325 0.164521 2.447046 -0.079831 2.056764 0.000000 0.000000 0.740482 -0.000002 0.007173 -0.014980 -0.000004 -0.015017 0.027776 4.260386 -0.094452 1.375350 0.000000 0.000000 0.754839 0.000000 0.009448 0.000229 -0.000006 -0.022452 0.026332 -6.917769 0.291382 2.291170 0.000000 0.000000 0.754038 -0.000001 0.004175 -0.008146 -0.000001 -0.009275 0.012467 0.441624 -0.014543 2.538997 20.267494 3.001910 -0.042803 28.409800 -7.542273 -14.165241 -180.000000 77.459000 -180.000000 -0.080308 0.004629 -0.724563 0.000000 0.000000 0.472622 0.000000 0.000000 0.008252 0.000000 0.000000 -0.001366 -7.969741 -5.107087 -8.050663 0.000000 0.000000 0.467721 0.000000 0.000000 -0.015015 0.000000 0.000000 0.025121 6.271931 -1.933901 -4.817211 0.000000 0.000000 0.481966 0.000000 0.000000 -0.004083 0.000000 0.000000 -0.000628 -1.013052 -2.505694 -6.799366 0.000000 0.000000 0.479930 0.000000 0.000000 0.003389 0.000000 0.000000 -0.007978 -3.109834 -2.403556 -3.139792 0.000035 0.004242 0.480870 0.000001 -0.004242 0.042897 0.000000 0.000000 0.013196 -4.610124 -2.491975 -2.359596 10.900493 5.323680 -37.140894 0.000000 0.000000 61.528564 -9.839741 -1.935941 -31.083248 0.000000 0.000000 0.000000 -0.274917 -39.377809 -24.119241 0.000000 0.000000 35.136001 3.351801 -2.330474 -18.914956 0.000000 0.000000 -0.000003 
2.828700 85.211100 -35.053600 -11.101693 -81.070858 24.927530 0.024281 0.492840 -7.165798 0.292118 0.540919 -5.370639 3.889079 -11.564017 -7.496945 -16.614502 3.932629 9.533560 -2.607312 56.329106 -8.211660 0.000000 0.000000 0.000000 -23.724941 34.140779 -0.085942 -19.229241 -24.651581 -41.805599 -0.000000 -81.988663 0.000000 0.080479 -0.005239 -0.988820 0.000000 0.000000 0.607176 0.005215 0.000010 -0.110703 -0.012689 0.000454 -0.146434 0.022390 -0.001199 4.934506 0.000000 0.000000 0.746397 0.000014 0.006565 0.122572 -0.000022 -0.014325 0.164521 2.447046 -0.079831 2.056764 0.000000 0.000000 0.740482 -0.000002 0.007173 -0.014980 -0.000004 -0.015017 0.027776 4.260386 -0.094452 1.375350 0.000000 0.000000 0.754839 0.000000 0.009448 0.000229 -0.000006 -0.022452 0.026332 -6.917769 0.291382 2.291170 0.000000 0.000000 0.754038 -0.000001 0.004175 -0.008146 -0.000001 -0.009275 0.012467 0.441624 -0.014543 2.538997 20.485861 3.085163 -0.042652 29.427133 -8.120580 -15.457053 -180.000000 79.534203 -180.000000 -0.080308 0.004629 -0.724563 0.000000 0.000000 0.472622 0.000000 0.000000 0.008252 0.000000 0.000000 -0.001366 -7.969741 -5.107087 -8.050663 0.000000 0.000000 0.467721 0.000000 0.000000 -0.015015 0.000000 0.000000 0.025121 6.271931 -1.933901 -4.817211 0.000000 0.000000 0.481966 0.000000 0.000000 -0.004083 0.000000 0.000000 -0.000628 -1.013052 -2.505694 -6.799366 0.000000 0.000000 0.479930 0.000000 0.000000 0.003389 0.000000 0.000000 -0.007978 -3.109834 -2.403556 -3.139792 0.000035 0.004242 0.480870 0.000001 -0.004242 0.042897 0.000000 0.000000 0.013196 -4.610124 -2.491975 -2.359596 9.603689 7.323072 -39.788163 0.000000 0.000000 59.858195 -9.464240 -0.696950 -30.065930 0.000000 0.000000 0.000000 2.631067 -47.690981 -23.925663 0.000000 0.000000 31.759979 4.557623 0.042934 -17.718422 0.000000 0.000000 -0.000003 
3.079900 85.786200 -34.654600 -6.002221 -75.064037 20.528054 0.239320 0.616929 -6.517883 -0.191457 0.571911 -6.102508 2.515937 -6.099417 -8.743637 -15.950330 4.615731 11.834598 -1.801261 53.633320 -8.129688 0.000000 0.000000 0.000000 -21.409080 34.705788 -0.071085 -22.121200 -23.126347 -42.187400 -0.000000 -83.404167 0.000000 0.080479 -0.005239 -0.988820 0.000000 0.000000 0.607176 0.005215 0.000010 -0.110703 -0.012689 0.000454 -0.146434 0.022390 -0.001199 4.934506 0.000000 0.000000 0.746397 0.000014 0.006565 0.122572 -0.000022 -0.014325 0.164521 2.447046 -0.079831 2.056764 0.000000 0.000000 0.740482 -0.000002 0.007173 -0.014980 -0.000004 -0.015017 0.027776 4.260386 -0.094452 1.375350 0.000000 0.000000 0.754839 0.000000 0.009448 0.000229 -0.000006 -0.022452 0.026332 -6.917769 0.291382 2.291170 0.000000 0.000000 0.754038 -0.000001 0.004175 -0.008146 -0.000001 -0.009275 0.012467 0.441624 -0.014543 2.538997 20.668466 3.134006 -0.042603 29.386848 -7.746440 -17.410919 -180.000000 83.324127 -180.000000 -0.080308 0.004629 -0.724563 0.000000 0.000000 0.472622 0.000000 0.000000 0.008252 0.000000 0.000000 -0.001366 -7.969741 -5.107087 -8.050663 0.000000 0.000000 0.467721 0.000000 0.000000 -0.015015 0.000000 0.000000 0.025121 6.271931 -1.933901 -4.817211 0.000000 0.000000 0.481966 0.000000 0.000000 -0.004083 0.000000 0.000000 -0.000628 -1.013052 -2.505694 -6.799366 0.000000 0.000000 0.479930 0.000000 0.000000 0.003389 0.000000 0.000000 -0.007978 -3.109834 -2.403556 -3.139792 0.000035 0.004242 0.480870 0.000001 -0.004242 0.042897 0.000000 0.000000 0.013196 -4.610124 -2.491975 -2.359596 7.438694 9.928693 -39.999347 0.000000 0.000000 55.508020 -7.662446 0.218104 -28.706206 0.000000 0.000000 0.000000 5.225401 -57.070323 -23.605151 0.000000 0.000000 28.049408 5.101726 3.602665 -15.624303 0.000000 0.000000 -0.000003 
3.236300 86.172300 -34.542900 -4.232101 -70.089831 18.514537 -0.043894 0.729023 -5.949926 -0.819374 0.680745 -6.229814 1.721108 -1.043088 -9.171443 -14.362731 4.848440 14.531445 -0.598871 49.567695 -7.960308 0.000000 0.000000 0.000000 -19.446571 34.858592 -0.054191 -24.141113 -19.555377 -43.461713 -0.000000 -84.675797 0.000000 0.080479 -0.005239 -0.988820 0.000000 0.000000 0.607176 0.005215 0.000010 -0.110703 -0.012689 0.000454 -0.146434 0.022390 -0.001199 4.934506 0.000000 0.000000 0.746397 0.000014 0.006565 0.122572 -0.000022 -0.014325 0.164521 2.447046 -0.079831 2.056764 0.000000 0.000000 0.740482 -0.000002 0.007173 -0.014980 -0.000004 -0.015017 0.027776 4.260386 -0.094452 1.375350 0.000000 0.000000 0.754839 0.000000 0.009448 0.000229 -0.000006 -0.022452 0.026332 -6.917769 0.291382 2.291170 0.000000 0.000000 0.754038 -0.000001 0.004175 -0.008146 -0.000001 -0.009275 0.012467 0.441624 -0.014543 2.538997 20.844801 3.206425 -0.042696 28.182164 -6.956328 -19.864838 -180.000000 88.149696 -180.000000 -0.080308 0.004629 -0.724563 0.000000 0.000000 0.472622 0.000000 0.000000 0.008252 0.000000 0.000000 -0.001366 -7.969741 -5.107087 -8.050663 0.000000 0.000000 0.467721 0.000000 0.000000 -0.015015 0.000000 0.000000 0.025121 6.271931 -1.933901 -4.817211 0.000000 0.000000 0.481966 0.000000 0.000000 -0.004083 0.000000 0.000000 -0.000628 -1.013052 -2.505694 -6.799366 0.000000 0.000000 0.479930 0.000000 0.000000 0.003389 0.000000 0.000000 -0.007978 -3.109834 -2.403556 -3.139792 0.000035 0.004242 0.480870 0.000001 -0.004242 0.042897 0.000000 0.000000 0.013196 -4.610124 -2.491975 -2.359596 4.650633 14.473709 -38.025513 0.000000 0.000000 49.034881 -5.560455 0.814624 -25.929880 0.000000 0.000000 0.000000 7.707641 -67.446231 -23.254937 0.000000 0.000000 25.025359 6.381246 9.359857 -13.489875 0.000000 0.000000 -0.000003 
3.380500 86.097500 -33.015700 -5.898794 -64.385932 19.519547 1.107791 1.095910 -5.077530 -1.169910 0.822684 -6.279184 0.572543 1.844745 -9.268195 -12.973367 4.567292 15.369332 0.792552 46.278100 -7.823545 0.000000 0.000000 0.000000 -18.492007 34.958096 -0.049138 -24.469892 -15.063315 -45.452691 -0.000000 -85.013542 0.000000 0.080479 -0.005239 -0.988820 0.000000 0.000000 0.607176 0.005215 0.000010 -0.110703 -0.012689 0.000454 -0.146434 0.022390 -0.001199 4.934506 0.000000 0.000000 0.746397 0.000014 0.006565 0.122572 -0.000022 -0.014325 0.164521 2.447046 -0.079831 2.056764 0.000000 0.000000 0.740482 -0.000002 0.007173 -0.014980 -0.000004 -0.015017 0.027776 4.260386 -0.094452 1.375350 0.000000 0.000000 0.754839 0.000000 0.009448 0.000229 -0.000006 -0.022452 0.026332 -6.917769 0.291382 2.291170 0.000000 0.000000 0.754038 -0.000001 0.004175 -0.008146 -0.000001 -0.009275 0.012467 0.441624 -0.014543 2.538997 21.118430 3.295708 -0.042518 26.179206 -6.216400 -22.653678 -0.000000 86.814568 -0.000000 -0.080308 0.004629 -0.724563 0.000000 0.000000 0.472622 0.000000 0.000000 0.008252 0.000000 0.000000 -0.001366 -7.969741 -5.107087 -8.050663 0.000000 0.000000 0.467721 0.000000 0.000000 -0.015015 0.000000 0.000000 0.025121 6.271931 -1.933901 -4.817211 0.000000 0.000000 0.481966 0.000000 0.000000 -0.004083 0.000000 0.000000 -0.000628 -1.013052 -2.505694 -6.799366 0.000000 0.000000 0.479930 0.000000 0.000000 0.003389 0.000000 0.000000 -0.007978 -3.109834 -2.403556 -3.139792 0.000035 0.004242 0.480870 0.000001 -0.004242 0.042897 0.000000 0.000000 0.013196 -4.610124 -2.491975 -2.359596 2.627063 19.839594 -36.269159 0.000000 0.000000 42.457581 -5.833224 1.901678 -20.216911 0.000000 0.000000 0.000000 5.797604 -69.658943 -18.551429 0.000000 0.000000 22.390654 9.609915 6.439026 -11.783263 0.000000 0.000000 -0.000003 
3.478200 86.214600 -31.360500 -2.990381 -58.158730 17.449165 0.478956 0.535253 -5.685341 -1.854798 0.294308 -5.495840 -0.463627 2.840309 -8.952349 -11.566101 3.787757 14.339588 2.241511 40.017438 -7.640623 0.000000 0.000000 0.000000 -18.505508 35.374346 -0.042582 -23.615873 -10.624308 -47.756587 -0.000000 -84.722092 0.000000 0.080479 -0.005239 -0.988820 0.000000 0.000000 0.607176 0.005215 0.000010 -0.110703 -0.012689 0.000454 -0.146434 0.022390 -0.001199 4.934506 0.000000 0.000000 0.746397 0.000014 0.006565 0.122572 -0.000022 -0.014325 0.164521 2.447046 -0.079831 2.056764 0.000000 0.000000 0.740482 -0.000002 0.007173 -0.014980 -0.000004 -0.015017 0.027776 4.260386 -0.094452 1.375350 0.000000 0.000000 0.754839 0.000000 0.009448 0.000229 -0.000006 -0.022452 0.026332 -6.917769 0.291382 2.291170 0.000000 0.000000 0.754038 -0.000001 0.004175 -0.008146 -0.000001 -0.009275 0.012467 0.441624 -0.014543 2.538997 21.449299 3.334946 -0.042154 24.203971 -5.859946 -25.583599 -0.000000 82.779678 -0.000000 -0.080308 0.004629 -0.724563 0.000000 0.000000 0.472622 0.000000 0.000000 0.008252 0.000000 0.000000 -0.001366 -7.969741 -5.107087 -8.050663 0.000000 0.000000 0.467721 0.000000 0.000000 -0.015015 0.000000 0.000000 0.025121 6.271931 -1.933901 -4.817211 0.000000 0.000000 0.481966 0.000000 0.000000 -0.004083 0.000000 0.000000 -0.000628 -1.013052 -2.505694 -6.799366 0.000000 0.000000 0.479930 0.000000 0.000000 0.003389 0.000000 0.000000 -0.007978 -3.109834 -2.403556 -3.139792 0.000035 0.004242 0.480870 0.000001 -0.004242 0.042897 0.000000 0.000000 0.013196 -4.610124 -2.491975 -2.359596 -2.502722 24.589402 -36.511602 0.000000 0.000000 36.835143 -4.890294 3.546733 -13.395514 0.000000 0.000000 0.000000 -1.545095 -62.403753 -10.093615 0.000000 0.000000 18.193854 12.067942 3.193053 -10.150398 0.000000 0.000000 -0.000003 
3.563200 86.314800 -30.359300 -1.312385 -50.380704 16.834063 0.062789 0.118040 -5.573193 -2.345072 -0.094144 -5.567722 -0.794683 1.015457 -8.906197 -10.523155 3.354460 13.853344 3.795911 36.073806 -7.208356 0.000000 0.000000 0.000000 -19.113475 36.094689 -0.036448 -22.679390 -6.882570 -49.949332 -0.000000 -84.405403 0.000000 0.080479 -0.005239 -0.988820 0.000000 0.000000 0.607176 0.005215 0.000010 -0.110703 -0.012689 0.000454 -0.146434 0.022390 -0.001199 4.934506 0.000000 0.000000 0.746397 0.000014 0.006565 0.122572 -0.000022 -0.014325 0.164521 2.447046 -0.079831 2.056764 0.000000 0.000000 0.740482 -0.000002 0.007173 -0.014980 -0.000004 -0.015017 0.027776 4.260386 -0.094452 1.375350 0.000000 0.000000 0.754839 0.000000 0.009448 0.000229 -0.000006 -0.022452 0.026332 -6.917769 0.291382 2.291170 0.000000 0.000000 0.754038 -0.000001 0.004175 -0.008146 -0.000001 -0.009275 0.012467 0.441624 -0.014543 2.538997 21.604458 3.349705 -0.042121 23.107231 -6.241438 -28.533753 -0.000000 80.361702 -0.000000 -0.080308 0.004629 -0.724563 0.000000 0.000000 0.472622 0.000000 0.000000 0.008252 0.000000 0.000000 -0.001366 -7.969741 -5.107087 -8.050663 0.000000 0.000000 0.467721 0.000000 0.000000 -0.015015 0.000000 0.000000 0.025121 6.271931 -1.933901 -4.817211 0.000000 0.000000 0.481966 0.000000 0.000000 -0.004083 0.000000 0.000000 -0.000628 -1.013052 -2.505694 -6.799366 0.000000 0.000000 0.479930 0.000000 0.000000 0.003389 0.000000 0.000000 -0.007978 -3.109834 -2.403556 -3.139792 0.000035 0.004242 0.480870 0.000001 -0.004242 0.042897 0.000000 0.000000 0.013196 -4.610124 -2.491975 -2.359596 -6.643151 25.654882 -37.872491 0.000000 0.000000 34.985730 -3.040379 1.740443 -13.555620 0.000000 0.000000 0.000000 -5.679658 -49.861239 -4.178454 0.000000 0.000000 14.768154 13.649373 -0.282084 -8.758815 0.000000 0.000000 -0.000003 
3.757500 86.187500 -29.832300 0.695590 -42.394721 16.360390 -0.634109 -0.486719 -5.746481 -2.656299 -0.608745 -5.344388 -1.341375 -0.588011 -8.738576 -9.369125 2.888665 13.415953 5.423215 31.067031 -6.451882 0.000000 0.000000 0.000000 -19.957306 36.837016 -0.037634 -22.222768 -3.916223 -51.744052 -0.000000 -83.736816 0.000000 0.080479 -0.005239 -0.988820 0.000000 0.000000 0.607176 0.005215 0.000010 -0.110703 -0.012689 0.000454 -0.146434 0.022390 -0.001199 4.934506 0.000000 0.000000 0.746397 0.000014 0.006565 0.122572 -0.000022 -0.014325 0.164521 2.447046 -0.079831 2.056764 0.000000 0.000000 0.740482 -0.000002 0.007173 -0.014980 -0.000004 -0.015017 0.027776 4.260386 -0.094452 1.375350 0.000000 0.000000 0.754839 0.000000 0.009448 0.000229 -0.000006 -0.022452 0.026332 -6.917769 0.291382 2.291170 0.000000 0.000000 0.754038 -0.000001 0.004175 -0.008146 -0.000001 -0.009275 0.012467 0.441624 -0.014543 2.538997 21.547524 3.351717 -0.042274 23.006294 -7.097584 -31.350140 -0.000000 79.289467 -0.000000 -0.080308 0.004629 -0.724563 0.000000 0.000000 0.472622 0.000000 0.000000 0.008252 0.000000 0.000000 -0.001366 -7.969741 -5.107087 -8.050663 0.000000 0.000000 0.467721 0.000000 0.000000 -0.015015 0.000000 0.000000 0.025121 6.271931 -1.933901 -4.817211 0.000000 0.000000 0.481966 0.000000 0.000000 -0.004083 0.000000 0.000000 -0.000628 -1.013052 -2.505694 -6.799366 0.000000 0.000000 0.479930 0.000000 0.000000 0.003389 0.000000 0.000000 -0.007978 -3.109834 -2.403556 -3.139792 0.000035 0.004242 0.480870 0.000001 -0.004242 0.042897 0.000000 0.000000 0.013196 -4.610124 -2.491975 -2.359596 -9.660003 22.608738 -38.676412 0.000000 0.000000 33.381951 -0.017498 2.243277 -13.789067 0.000000 0.000000 0.000000 -7.500968 -36.186620 -1.771424 0.000000 0.000000 13.929114 15.241531 -3.395011 -9.096243 0.000000 0.000000 -0.000003 
4.361900 86.492400 -28.306100 1.906038 -36.914753 16.971037 -1.723563 -0.443042 -6.049563 -2.486445 -0.402157 -5.451695 -1.068739 -3.093354 -8.713383 -9.074926 2.817990 13.328875 5.511489 26.117790 -6.693143 0.000000 0.000000 0.000000 -20.831879 37.412443 -0.042134 -22.211438 -1.400407 -53.102315 -0.000000 -82.559776 0.000000 0.080479 -0.005239 -0.988820 0.000000 0.000000 0.607176 0.005215 0.000010 -0.110703 -0.012689 0.000454 -0.146434 0.022390 -0.001199 4.934506 0.000000 0.000000 0.746397 0.000014 0.006565 0.122572 -0.000022 -0.014325 0.164521 2.447046 -0.079831 2.056764 0.000000 0.000000 0.740482 -0.000002 0.007173 -0.014980 -0.000004 -0.015017 0.027776 4.260386 -0.094452 1.375350 0.000000 0.000000 0.754839 0.000000 0.009448 0.000229 -0.000006 -0.022452 0.026332 -6.917769 0.291382 2.291170 0.000000 0.000000 0.754038 -0.000001 0.004175 -0.008146 -0.000001 -0.009275 0.012467 0.441624 -0.014543 2.538997 21.310607 3.360546 -0.043006 23.521214 -8.120829 -33.888020 -0.000000 79.208557 -0.000000 -0.080308 0.004629 -0.724563 0.000000 0.000000 0.472622 0.000000 0.000000 0.008252 0.000000 0.000000 -0.001366 -7.969741 -5.107087 -8.050663 0.000000 0.000000 0.467721 0.000000 0.000000 -0.015015 0.000000 0.000000 0.025121 6.271931 -1.933901 -4.817211 0.000000 0.000000 0.481966 0.000000 0.000000 -0.004083 0.000000 0.000000 -0.000628 -1.013052 -2.505694 -6.799366 0.000000 0.000000 0.479930 0.000000 0.000000 0.003389 0.000000 0.000000 -0.007978 -3.109834 -2.403556 -3.139792 0.000035 0.004242 0.480870 0.000001 -0.004242 0.042897 0.000000 0.000000 0.013196 -4.610124 -2.491975 -2.359596 -10.713361 18.032573 -37.880341 0.000000 0.000000 31.086665 1.912788 1.133864 -13.253431 0.000000 0.000000 0.000000 -8.661575 -25.107961 -2.060830 0.000000 0.000000 14.787903 18.211880 -7.251802 -6.569055 0.000000 0.000000 -0.000003 
4.899000 87.055300 -26.141100 1.558512 -32.451093 18.378753 -1.760444 -0.323510 -6.431850 -2.115006 -0.259473 -5.853898 -0.802954 -3.394860 -8.376812 -8.051614 2.596659 14.275892 5.168462 21.446831 -6.820684 0.000000 0.000000 0.000000 -21.773007 37.826955 -0.041689 -22.054334 0.455601 -54.021695 -0.000000 -80.796303 0.000000 0.080479 -0.005239 -0.988820 0.000000 0.000000 0.607176 0.005215 0.000010 -0.110703 -0.012689 0.000454 -0.146434 0.022390 -0.001199 4.934506 0.000000 0.000000 0.746397 0.000014 0.006565 0.122572 -0.000022 -0.014325 0.164521 2.447046 -0.079831 2.056764 0.000000 0.000000 0.740482 -0.000002 0.007173 -0.014980 -0.000004 -0.015017 0.027776 4.260386 -0.094452 1.375350 0.000000 0.000000 0.754839 0.000000 0.009448 0.000229 -0.000006 -0.022452 0.026332 -6.917769 0.291382 2.291170 0.000000 0.000000 0.754038 -0.000001 0.004175 -0.008146 -0.000001 -0.009275 0.012467 0.441624 -0.014543 2.538997 20.901134 3.290165 -0.045075 24.216479 -9.639756 -36.191083 -0.000000 79.942673 -0.000000 -0.080308 0.004629 -0.724563 0.000000 0.000000 0.472622 0.000000 0.000000 0.008252 0.000000 0.000000 -0.001366 -7.969741 -5.107087 -8.050663 0.000000 0.000000 0.467721 0.000000 0.000000 -0.015015 0.000000 0.000000 0.025121 6.271931 -1.933901 -4.817211 0.000000 0.000000 0.481966 0.000000 0.000000 -0.004083 0.000000 0.000000 -0.000628 -1.013052 -2.505694 -6.799366 0.000000 0.000000 0.479930 0.000000 0.000000 0.003389 0.000000 0.000000 -0.007978 -3.109834 -2.403556 -3.139792 0.000035 0.004242 0.480870 0.000001 -0.004242 0.042897 0.000000 0.000000 0.013196 -4.610124 -2.491975 -2.359596 -9.792784 13.367722 -35.709116 0.000000 0.000000 27.853447 0.309936 0.871980 -12.871811 0.000000 0.000000 0.000000 -8.574198 -14.201570 -4.306044 0.000000 0.000000 18.227578 19.155661 -12.311711 -1.005466 0.000000 0.000000 -0.000003 
4.934700 87.453900 -24.925800 0.459062 -25.131032 18.912031 -0.281684 -0.223431 -5.440711 -1.540447 -0.318049 -5.983024 -0.314304 -5.679793 -8.618413 -7.748983 2.673262 15.377206 5.032671 17.709428 -7.257526 0.000000 0.000000 0.000000 -22.798576 38.273339 -0.041119 -21.360994 1.188810 -54.369442 -0.000000 -77.952141 0.000000 0.080479 -0.005239 -0.988820 0.000000 0.000000 0.607176 0.005215 0.000010 -0.110703 -0.012689 0.000454 -0.146434 0.022390 -0.001199 4.934506 0.000000 0.000000 0.746397 0.000014 0.006565 0.122572 -0.000022 -0.014325 0.164521 2.447046 -0.079831 2.056764 0.000000 0.000000 0.740482 -0.000002 0.007173 -0.014980 -0.000004 -0.015017 0.027776 4.260386 -0.094452 1.375350 0.000000 0.000000 0.754839 0.000000 0.009448 0.000229 -0.000006 -0.022452 0.026332 -6.917769 0.291382 2.291170 0.000000 0.000000 0.754038 -0.000001 0.004175 -0.008146 -0.000001 -0.009275 0.012467 0.441624 -0.014543 2.538997 20.314426 3.076475 -0.046492 25.061714 -11.906464 -38.421617 -0.000000 80.812027 -0.000000 -0.080308 0.004629 -0.724563 0.000000 0.000000 0.472622 0.000000 0.000000 0.008252 0.000000 0.000000 -0.001366 -7.969741 -5.107087 -8.050663 0.000000 0.000000 0.467721 0.000000 0.000000 -0.015015 0.000000 0.000000 0.025121 6.271931 -1.933901 -4.817211 0.000000 0.000000 0.481966 0.000000 0.000000 -0.004083 0.000000 0.000000 -0.000628 -1.013052 -2.505694 -6.799366 0.000000 0.000000 0.479930 0.000000 0.000000 0.003389 0.000000 0.000000 -0.007978 -3.109834 -2.403556 -3.139792 0.000035 0.004242 0.480870 0.000001 -0.004242 0.042897 0.000000 0.000000 0.013196 -4.610124 -2.491975 -2.359596 -6.524994 5.925187 -33.431489 0.000000 0.000000 25.788944 1.083601 1.870110 -12.130093 0.000000 0.000000 0.000000 -6.042332 -7.453961 -7.187050 0.000000 0.000000 29.272650 14.207952 -12.158244 -16.993357 0.000000 0.000000 -0.000003 
5.057200 87.502700 -23.241200 -0.017033 -19.510519 19.136874 0.529451 0.349167 -5.438773 -1.348089 0.168252 -5.656196 -0.004468 -7.809470 -8.366467 -6.594114 2.363532 15.918958 4.521273 12.650271 -7.221565 0.000000 0.000000 0.000000 -23.656070 38.640913 -0.047952 -20.629057 1.153144 -54.161108 -0.000000 -74.178207 0.000000 0.080479 -0.005239 -0.988820 0.000000 0.000000 0.607176 0.005215 0.000010 -0.110703 -0.012689 0.000454 -0.146434 0.022390 -0.001199 4.934506 0.000000 0.000000 0.746397 0.000014 0.006565 0.122572 -0.000022 -0.014325 0.164521 2.447046 -0.079831 2.056764 0.000000 0.000000 0.740482 -0.000002 0.007173 -0.014980 -0.000004 -0.015017 0.027776 4.260386 -0.094452 1.375350 0.000000 0.000000 0.754839 0.000000 0.009448 0.000229 -0.000006 -0.022452 0.026332 -6.917769 0.291382 2.291170 0.000000 0.000000 0.754038 -0.000001 0.004175 -0.008146 -0.000001 -0.009275 0.012467 0.441624 -0.014543 2.538997 19.708978 2.916815 -0.043609 26.315315 -14.887598 -40.591634 -0.000000 80.154953 -0.000000 -0.080308 0.004629 -0.724563 0.000000 0.000000 0.472622 0.000000 0.000000 0.008252 0.000000 0.000000 -0.001366 -7.969741 -5.107087 -8.050663 0.000000 0.000000 0.467721 0.000000 0.000000 -0.015015 0.000000 0.000000 0.025121 6.271931 -1.933901 -4.817211 0.000000 0.000000 0.481966 0.000000 0.000000 -0.004083 0.000000 0.000000 -0.000628 -1.013052 -2.505694 -6.799366 0.000000 0.000000 0.479930 0.000000 0.000000 0.003389 0.000000 0.000000 -0.007978 -3.109834 -2.403556 -3.139792 0.000035 0.004242 0.480870 0.000001 -0.004242 0.042897 0.000000 0.000000 0.013196 -4.610124 -2.491975 -2.359596 -5.013165 1.946185 -32.139527 0.000000 0.000000 25.470854 0.586180 0.361112 -12.733402 0.000000 0.000000 0.000000 -3.800354 -3.668469 -11.588937 0.000000 0.000000 42.410367 6.480189 -17.662560 -33.318854 0.000000 0.000000 -0.000003 
4.980200 87.268700 -23.050100 1.512654 -12.717048 17.283104 -0.047832 0.057741 -4.801783 -1.425090 -0.055128 -4.484270 -0.254533 -10.236496 -7.223630 -5.314994 1.777331 15.206512 4.531557 7.787226 -7.974774 0.000000 0.000000 0.000000 -24.115717 38.800976 -0.053459 -20.737839 0.898658 -53.478964 -0.000000 -70.125664 0.000000 0.080479 -0.005239 -0.988820 0.000000 0.000000 0.607176 0.005215 0.000010 -0.110703 -0.012689 0.000454 -0.146434 0.022390 -0.001199 4.934506 0.000000 0.000000 0.746397 0.000014 0.006565 0.122572 -0.000022 -0.014325 0.164521 2.447046 -0.079831 2.056764 0.000000 0.000000 0.740482 -0.000002 0.007173 -0.014980 -0.000004 -0.015017 0.027776 4.260386 -0.094452 1.375350 0.000000 0.000000 0.754839 0.000000 0.009448 0.000229 -0.000006 -0.022452 0.026332 -6.917769 0.291382 2.291170 0.000000 0.000000 0.754038 -0.000001 0.004175 -0.008146 -0.000001 -0.009275 0.012467 0.441624 -0.014543 2.538997 19.149902 3.095795 -0.038135 28.026917 -18.332966 -42.767705 -0.000000 75.996620 -0.000000 -0.080308 0.004629 -0.724563 0.000000 0.000000 0.472622 0.000000 0.000000 0.008252 0.000000 0.000000 -0.001366 -7.969741 -5.107087 -8.050663 0.000000 0.000000 0.467721 0.000000 0.000000 -0.015015 0.000000 0.000000 0.025121 6.271931 -1.933901 -4.817211 0.000000 0.000000 0.481966 0.000000 0.000000 -0.004083 0.000000 0.000000 -0.000628 -1.013052 -2.505694 -6.799366 0.000000 0.000000 0.479930 0.000000 0.000000 0.003389 0.000000 0.000000 -0.007978 -3.109834 -2.403556 -3.139792 0.000035 0.004242 0.480870 0.000001 -0.004242 0.042897 0.000000 0.000000 0.013196 -4.610124 -2.491975 -2.359596 -4.681161 -3.695807 -30.787440 0.000000 0.000000 25.961744 0.984632 -0.716382 -12.581174 0.000000 0.000000 0.000000 -2.652925 -2.375356 -23.411171 0.000000 0.000000 66.398154 2.712787 -23.192031 -36.031201 0.000000 0.000000 -0.000003 
4.888900 87.092700 -22.953500 1.195299 -7.038998 16.356959 0.531192 0.532725 -4.264375 -1.157412 0.410579 -3.756549 0.249211 -13.595825 -7.192566 -4.935425 1.768238 15.824522 4.333222 5.123632 -8.033805 0.000000 0.000000 0.000000 -24.215016 38.991482 -0.053753 -22.070896 0.334704 -52.228079 -0.000000 -66.008339 0.000000 0.080479 -0.005239 -0.988820 0.000000 0.000000 0.607176 0.005215 0.000010 -0.110703 -0.012689 0.000454 -0.146434 0.022390 -0.001199 4.934506 0.000000 0.000000 0.746397 0.000014 0.006565 0.122572 -0.000022 -0.014325 0.164521 2.447046 -0.079831 2.056764 0.000000 0.000000 0.740482 -0.000002 0.007173 -0.014980 -0.000004 -0.015017 0.027776 4.260386 -0.094452 1.375350 0.000000 0.000000 0.754839 0.000000 0.009448 0.000229 -0.000006 -0.022452 0.026332 -6.917769 0.291382 2.291170 0.000000 0.000000 0.754038 -0.000001 0.004175 -0.008146 -0.000001 -0.009275 0.012467 0.441624 -0.014543 2.538997 18.506353 3.611821 -0.034598 30.025525 -21.209183 -44.776633 -0.000000 67.500221 -0.000000 -0.080308 0.004629 -0.724563 0.000000 0.000000 0.472622 0.000000 0.000000 0.008252 0.000000 0.000000 -0.001366 -7.969741 -5.107087 -8.050663 0.000000 0.000000 0.467721 0.000000 0.000000 -0.015015 0.000000 0.000000 0.025121 6.271931 -1.933901 -4.817211 0.000000 0.000000 0.481966 0.000000 0.000000 -0.004083 0.000000 0.000000 -0.000628 -1.013052 -2.505694 -6.799366 0.000000 0.000000 0.479930 0.000000 0.000000 0.003389 0.000000 0.000000 -0.007978 -3.109834 -2.403556 -3.139792 0.000035 0.004242 0.480870 0.000001 -0.004242 0.042897 0.000000 0.000000 0.013196 -4.610124 -2.491975 -2.359596 -3.101328 -7.404081 -30.506116 0.000000 0.000000 27.297061 -0.053433 -2.563809 -12.821909 0.000000 0.000000 0.000000 -0.909226 -4.023643 -33.271640 0.000000 0.000000 80.279359 0.807037 -23.537366 -36.891344 0.000000 0.000000 -0.000003 
4.524000 86.721900 -23.727000 0.034774 -2.462323 15.074384 1.328769 0.590516 -3.654975 -0.467000 0.464288 -2.886217 0.830972 -15.013146 -6.567067 -3.901901 1.340608 15.364281 3.773415 3.385177 -7.768477 0.000000 0.000000 0.000000 -24.416961 39.282339 -0.052863 -24.142216 -0.730485 -50.287515 -0.000000 -62.011761 0.000000 0.080479 -0.005239 -0.988820 0.000000 0.000000 0.607176 0.005215 0.000010 -0.110703 -0.012689 0.000454 -0.146434 0.022390 -0.001199 4.934506 0.000000 0.000000 0.746397 0.000014 0.006565 0.122572 -0.000022 -0.014325 0.164521 2.447046 -0.079831 2.056764 0.000000 0.000000 0.740482 -0.000002 0.007173 -0.014980 -0.000004 -0.015017 0.027776 4.260386 -0.094452 1.375350 0.000000 0.000000 0.754839 0.000000 0.009448 0.000229 -0.000006 -0.022452 0.026332 -6.917769 0.291382 2.291170 0.000000 0.000000 0.754038 -0.000001 0.004175 -0.008146 -0.000001 -0.009275 0.012467 0.441624 -0.014543 2.538997 17.809651 4.127586 -0.036811 32.310985 -21.831801 -45.918846 -0.000000 56.384361 -0.000000 -0.080308 0.004629 -0.724563 0.000000 0.000000 0.472622 0.000000 0.000000 0.008252 0.000000 0.000000 -0.001366 -7.969741 -5.107087 -8.050663 0.000000 0.000000 0.467721 0.000000 0.000000 -0.015015 0.000000 0.000000 0.025121 6.271931 -1.933901 -4.817211 0.000000 0.000000 0.481966 0.000000 0.000000 -0.004083 0.000000 0.000000 -0.000628 -1.013052 -2.505694 -6.799366 0.000000 0.000000 0.479930 0.000000 0.000000 0.003389 0.000000 0.000000 -0.007978 -3.109834 -2.403556 -3.139792 0.000035 0.004242 0.480870 0.000001 -0.004242 0.042897 0.000000 0.000000 0.013196 -4.610124 -2.491975 -2.359596 -0.938414 -9.841175 -31.445318 0.000000 0.000000 30.321844 -0.612661 -4.276051 -13.338073 0.000000 0.000000 0.000000 0.749962 -4.951418 -41.000764 0.000000 0.000000 86.583852 -0.535545 -21.885093 -37.374616 0.000000 0.000000 -0.000003 
4.004800 85.518200 -24.658400 -0.485193 2.381057 14.047035 1.025622 0.450019 -3.415161 0.499670 0.423296 -2.295012 2.076242 -17.326306 -6.001563 -3.617341 1.219098 14.924908 3.697258 1.353006 -8.161317 0.000000 0.000000 0.000000 -25.028673 39.345340 -0.057243 -26.407581 -2.028145 -47.606618 -0.000000 -58.581730 0.000000 0.080479 -0.005239 -0.988820 0.000000 0.000000 0.607176 0.005215 0.000010 -0.110703 -0.012689 0.000454 -0.146434 0.022390 -0.001199 4.934506 0.000000 0.000000 0.746397 0.000014 0.006565 0.122572 -0.000022 -0.014325 0.164521 2.447046 -0.079831 2.056764 0.000000 0.000000 0.740482 -0.000002 0.007173 -0.014980 -0.000004 -0.015017 0.027776 4.260386 -0.094452 1.375350 0.000000 0.000000 0.754839 0.000000 0.009448 0.000229 -0.000006 -0.022452 0.026332 -6.917769 0.291382 2.291170 0.000000 0.000000 0.754038 -0.000001 0.004175 -0.008146 -0.000001 -0.009275 0.012467 0.441624 -0.014543 2.538997 17.451484 4.405101 -0.040598 34.567817 -18.976993 -45.331896 -0.000000 45.351021 -0.000000 -0.080308 0.004629 -0.724563 0.000000 0.000000 0.472622 0.000000 0.000000 0.008252 0.000000 0.000000 -0.001366 -7.969741 -5.107087 -8.050663 0.000000 0.000000 0.467721 0.000000 0.000000 -0.015015 0.000000 0.000000 0.025121 6.271931 -1.933901 -4.817211 0.000000 0.000000 0.481966 0.000000 0.000000 -0.004083 0.000000 0.000000 -0.000628 -1.013052 -2.505694 -6.799366 0.000000 0.000000 0.479930 0.000000 0.000000 0.003389 0.000000 0.000000 -0.007978 -3.109834 -2.403556 -3.139792 0.000035 0.004242 0.480870 0.000001 -0.004242 0.042897 0.000000 0.000000 0.013196 -4.610124 -2.491975 -2.359596 0.510453 -12.338608 -34.753925 0.000000 0.000000 36.677769 0.111563 -6.181205 -15.341332 0.000000 0.000000 0.000000 0.933986 -6.159890 -48.186805 0.000000 0.000000 88.612934 -0.165620 -18.943149 -37.349948 0.000000 0.000000 -0.000003 
3.631600 84.051200 -24.925300 -3.547538 6.076686 11.049873 2.577797 0.391286 -1.770305 2.452019 0.377944 -1.360243 3.036306 -18.349622 -4.308186 -2.608979 0.766753 12.683521 3.262727 -1.331862 -7.783260 0.000000 0.000000 0.000000 -25.761415 38.638864 -0.054073 -28.754189 -3.011165 -44.233170 -0.000000 -56.546860 0.000000 0.080479 -0.005239 -0.988820 0.000000 0.000000 0.607176 0.005215 0.000010 -0.110703 -0.012689 0.000454 -0.146434 0.022390 -0.001199 4.934506 0.000000 0.000000 0.746397 0.000014 0.006565 0.122572 -0.000022 -0.014325 0.164521 2.447046 -0.079831 2.056764 0.000000 0.000000 0.740482 -0.000002 0.007173 -0.014980 -0.000004 -0.015017 0.027776 4.260386 -0.094452 1.375350 0.000000 0.000000 0.754839 0.000000 0.009448 0.000229 -0.000006 -0.022452 0.026332 -6.917769 0.291382 2.291170 0.000000 0.000000 0.754038 -0.000001 0.004175 -0.008146 -0.000001 -0.009275 0.012467 0.441624 -0.014543 2.538997 17.926143 4.407538 -0.037329 36.203352 -12.176820 -42.383138 -0.000000 35.476830 -0.000000 -0.080308 0.004629 -0.724563 0.000000 0.000000 0.472622 0.000000 0.000000 0.008252 0.000000 0.000000 -0.001366 -7.969741 -5.107087 -8.050663 0.000000 0.000000 0.467721 0.000000 0.000000 -0.015015 0.000000 0.000000 0.025121 6.271931 -1.933901 -4.817211 0.000000 0.000000 0.481966 0.000000 0.000000 -0.004083 0.000000 0.000000 -0.000628 -1.013052 -2.505694 -6.799366 0.000000 0.000000 0.479930 0.000000 0.000000 0.003389 0.000000 0.000000 -0.007978 -3.109834 -2.403556 -3.139792 0.000035 0.004242 0.480870 0.000001 -0.004242 0.042897 0.000000 0.000000 0.013196 -4.610124 -2.491975 -2.359596 2.947604 -12.515332 -36.267689 0.000000 0.000000 44.160858 1.620891 -0.275601 -18.805393 0.000000 0.000000 0.000000 1.991294 -6.597219 -50.158575 0.000000 0.000000 84.042085 2.719498 -14.362628 -36.693952 0.000000 0.000000 -0.000003 
3.121100 81.692300 -25.592200 -5.399691 7.834266 9.004663 2.321389 -0.077368 -0.812375 4.045297 -0.009745 -0.886584 4.468897 -17.250242 -3.250562 -1.116004 0.328251 13.096785 0.933149 -2.925417 -9.510335 0.000000 0.000000 0.000000 -25.886890 36.984209 -0.023469 -31.341231 -3.790278 -40.105954 -0.000000 -56.936249 0.000000 0.080479 -0.005239 -0.988820 0.000000 0.000000 0.607176 0.005215 0.000010 -0.110703 -0.012689 0.000454 -0.146434 0.022390 -0.001199 4.934506 0.000000 0.000000 0.746397 0.000014 0.006565 0.122572 -0.000022 -0.014325 0.164521 2.447046 -0.079831 2.056764 0.000000 0.000000 0.740482 -0.000002 0.007173 -0.014980 -0.000004 -0.015017 0.027776 4.260386 -0.094452 1.375350 0.000000 0.000000 0.754839 0.000000 0.009448 0.000229 -0.000006 -0.022452 0.026332 -6.917769 0.291382 2.291170 0.000000 0.000000 0.754038 -0.000001 0.004175 -0.008146 -0.000001 -0.009275 0.012467 0.441624 -0.014543 2.538997 19.362453 4.131362 -0.024554 37.389293 -2.055225 -37.068070 -0.000000 27.755739 -0.000000 -0.080308 0.004629 -0.724563 0.000000 0.000000 0.472622 0.000000 0.000000 0.008252 0.000000 0.000000 -0.001366 -7.969741 -5.107087 -8.050663 0.000000 0.000000 0.467721 0.000000 0.000000 -0.015015 0.000000 0.000000 0.025121 6.271931 -1.933901 -4.817211 0.000000 0.000000 0.481966 0.000000 0.000000 -0.004083 0.000000 0.000000 -0.000628 -1.013052 -2.505694 -6.799366 0.000000 0.000000 0.479930 0.000000 0.000000 0.003389 0.000000 0.000000 -0.007978 -3.109834 -2.403556 -3.139792 0.000035 0.004242 0.480870 0.000001 -0.004242 0.042897 0.000000 0.000000 0.013196 -4.610124 -2.491975 -2.359596 4.341954 -12.731367 -39.816276 0.000000 0.000000 52.940091 2.455958 7.212730 -22.265191 0.000000 0.000000 0.000000 1.245059 -5.425124 -49.601274 0.000000 0.000000 75.011669 3.566013 -8.719432 -34.508447 0.000000 0.000000 -0.000003 
2.583500 79.042800 -25.997500 -7.111701 7.813106 6.327949 1.714339 -0.331537 -0.112587 5.588527 -0.397951 0.974897 5.807660 -13.461039 -1.726467 -0.165359 0.027303 12.259254 -0.925114 -5.735695 -10.338703 0.000000 0.000000 0.000000 -25.211123 34.756936 0.012183 -34.021500 -5.915887 -34.687188 -0.000000 -60.081211 0.000000 0.080479 -0.005239 -0.988820 0.000000 0.000000 0.607176 0.005215 0.000010 -0.110703 -0.012689 0.000454 -0.146434 0.022390 -0.001199 4.934506 0.000000 0.000000 0.746397 0.000014 0.006565 0.122572 -0.000022 -0.014325 0.164521 2.447046 -0.079831 2.056764 0.000000 0.000000 0.740482 -0.000002 0.007173 -0.014980 -0.000004 -0.015017 0.027776 4.260386 -0.094452 1.375350 0.000000 0.000000 0.754839 0.000000 0.009448 0.000229 -0.000006 -0.022452 0.026332 -6.917769 0.291382 2.291170 0.000000 0.000000 0.754038 -0.000001 0.004175 -0.008146 -0.000001 -0.009275 0.012467 0.441624 -0.014543 2.538997 21.453649 3.603497 -0.015461 38.930657 9.856127 -29.706515 -0.000000 23.881130 -0.000000 -0.080308 0.004629 -0.724563 0.000000 0.000000 0.472622 0.000000 0.000000 0.008252 0.000000 0.000000 -0.001366 -7.969741 -5.107087 -8.050663 0.000000 0.000000 0.467721 0.000000 0.000000 -0.015015 0.000000 0.000000 0.025121 6.271931 -1.933901 -4.817211 0.000000 0.000000 0.481966 0.000000 0.000000 -0.004083 0.000000 0.000000 -0.000628 -1.013052 -2.505694 -6.799366 0.000000 0.000000 0.479930 0.000000 0.000000 0.003389 0.000000 0.000000 -0.007978 -3.109834 -2.403556 -3.139792 0.000035 0.004242 0.480870 0.000001 -0.004242 0.042897 0.000000 0.000000 0.013196 -4.610124 -2.491975 -2.359596 5.539504 -12.512593 -42.237560 0.000000 0.000000 61.343012 3.758565 7.990022 -25.526791 0.000000 0.000000 0.000000 1.029653 -3.361260 -46.678872 0.000000 0.000000 66.909391 4.778011 -5.643104 -35.765726 0.000000 0.000000 -0.000003 
1.832400 76.523300 -24.803600 -8.880389 8.294097 3.841505 1.446211 -0.435498 -0.020470 7.091622 -0.836645 3.297434 6.844007 -9.567848 -0.288150 0.537142 -0.156317 11.571087 -2.555704 -10.312102 -10.434081 0.000000 0.000000 0.000000 -23.977753 32.416525 0.032584 -36.640230 -10.590013 -27.627282 -0.000000 -66.462952 0.000000 0.080479 -0.005239 -0.988820 0.000000 0.000000 0.607176 0.005215 0.000010 -0.110703 -0.012689 0.000454 -0.146434 0.022390 -0.001199 4.934506 0.000000 0.000000 0.746397 0.000014 0.006565 0.122572 -0.000022 -0.014325 0.164521 2.447046 -0.079831 2.056764 0.000000 0.000000 0.740482 -0.000002 0.007173 -0.014980 -0.000004 -0.015017 0.027776 4.260386 -0.094452 1.375350 0.000000 0.000000 0.754839 0.000000 0.009448 0.000229 -0.000006 -0.022452 0.026332 -6.917769 0.291382 2.291170 0.000000 0.000000 0.754038 -0.000001 0.004175 -0.008146 -0.000001 -0.009275 0.012467 0.441624 -0.014543 2.538997 23.770447 3.082495 -0.021505 41.099053 21.322758 -20.802947 -0.000000 25.252279 -0.000000 -0.080308 0.004629 -0.724563 0.000000 0.000000 0.472622 0.000000 0.000000 0.008252 0.000000 0.000000 -0.001366 -7.969741 -5.107087 -8.050663 0.000000 0.000000 0.467721 0.000000 0.000000 -0.015015 0.000000 0.000000 0.025121 6.271931 -1.933901 -4.817211 0.000000 0.000000 0.481966 0.000000 0.000000 -0.004083 0.000000 0.000000 -0.000628 -1.013052 -2.505694 -6.799366 0.000000 0.000000 0.479930 0.000000 0.000000 0.003389 0.000000 0.000000 -0.007978 -3.109834 -2.403556 -3.139792 0.000035 0.004242 0.480870 0.000001 -0.004242 0.042897 0.000000 0.000000 0.013196 -4.610124 -2.491975 -2.359596 7.059198 -12.692138 -43.098638 0.000000 0.000000 68.691768 4.331626 8.517618 -29.691563 0.000000 0.000000 0.000000 2.451963 -2.792719 -45.626981 0.000000 0.000000 67.097984 7.319582 -4.524144 -30.560977 0.000000 0.000000 -0.000003 
1.224700 73.942400 -23.302300 -10.482565 8.466472 1.615447 1.221681 0.000331 -0.878378 8.280552 -0.938279 6.336070 7.842219 -5.980240 1.662668 0.681206 -0.187009 9.932138 -3.852108 -12.046804 -9.518543 0.000000 0.000000 0.000000 -22.443730 30.177106 0.033675 -38.840114 -17.720628 -19.103969 -0.000000 -77.126953 0.000000 0.080479 -0.005239 -0.988820 0.000000 0.000000 0.607176 0.005215 0.000010 -0.110703 -0.012689 0.000454 -0.146434 0.022390 -0.001199 4.934506 0.000000 0.000000 0.746397 0.000014 0.006565 0.122572 -0.000022 -0.014325 0.164521 2.447046 -0.079831 2.056764 0.000000 0.000000 0.740482 -0.000002 0.007173 -0.014980 -0.000004 -0.015017 0.027776 4.260386 -0.094452 1.375350 0.000000 0.000000 0.754839 0.000000 0.009448 0.000229 -0.000006 -0.022452 0.026332 -6.917769 0.291382 2.291170 0.000000 0.000000 0.754038 -0.000001 0.004175 -0.008146 -0.000001 -0.009275 0.012467 0.441624 -0.014543 2.538997 25.857292 2.707616 -0.028831 43.180475 30.813131 -10.907481 -0.000000 32.814251 -0.000000 -0.080308 0.004629 -0.724563 0.000000 0.000000 0.472622 0.000000 0.000000 0.008252 0.000000 0.000000 -0.001366 -7.969741 -5.107087 -8.050663 0.000000 0.000000 0.467721 0.000000 0.000000 -0.015015 0.000000 0.000000 0.025121 6.271931 -1.933901 -4.817211 0.000000 0.000000 0.481966 0.000000 0.000000 -0.004083 0.000000 0.000000 -0.000628 -1.013052 -2.505694 -6.799366 0.000000 0.000000 0.479930 0.000000 0.000000 0.003389 0.000000 0.000000 -0.007978 -3.109834 -2.403556 -3.139792 0.000035 0.004242 0.480870 0.000001 -0.004242 0.042897 0.000000 0.000000 0.013196 -4.610124 -2.491975 -2.359596 8.545895 -11.231952 -43.585856 0.000000 0.000000 75.566420 3.760681 6.748519 -34.382258 0.000000 0.000000 0.000000 4.227202 -2.322697 -44.966860 0.000000 0.000000 68.416061 7.482522 -5.019141 -26.112606 0.000000 0.000000 -0.000003 
0.210000 72.754000 -22.212100 -12.018336 8.793487 -0.323217 1.510926 -0.197419 -0.998082 9.065126 -1.622050 8.252736 7.761191 -1.999913 3.297644 1.323730 -0.354217 9.970428 -4.595758 -15.333443 -8.115201 0.000000 0.000000 0.000000 -20.795392 28.252160 0.020771 -39.450629 -27.221141 -9.401228 -180.000000 -89.018227 180.000000 0.080479 -0.005239 -0.988820 0.000000 0.000000 0.607176 0.005215 0.000010 -0.110703 -0.012689 0.000454 -0.146434 0.022390 -0.001199 4.934506 0.000000 0.000000 0.746397 0.000014 0.006565 0.122572 -0.000022 -0.014325 0.164521 2.447046 -0.079831 2.056764 0.000000 0.000000 0.740482 -0.000002 0.007173 -0.014980 -0.000004 -0.015017 0.027776 4.260386 -0.094452 1.375350 0.000000 0.000000 0.754839 0.000000 0.009448 0.000229 -0.000006 -0.022452 0.026332 -6.917769 0.291382 2.291170 0.000000 0.000000 0.754038 -0.000001 0.004175 -0.008146 -0.000001 -0.009275 0.012467 0.441624 -0.014543 2.538997 27.346644 2.297038 -0.030119 43.338773 38.656976 -0.857526 -0.000000 46.147430 -0.000000 -0.080308 0.004629 -0.724563 0.000000 0.000000 0.472622 0.000000 0.000000 0.008252 0.000000 0.000000 -0.001366 -7.969741 -5.107087 -8.050663 0.000000 0.000000 0.467721 0.000000 0.000000 -0.015015 0.000000 0.000000 0.025121 6.271931 -1.933901 -4.817211 0.000000 0.000000 0.481966 0.000000 0.000000 -0.004083 0.000000 0.000000 -0.000628 -1.013052 -2.505694 -6.799366 0.000000 0.000000 0.479930 0.000000 0.000000 0.003389 0.000000 0.000000 -0.007978 -3.109834 -2.403556 -3.139792 0.000035 0.004242 0.480870 0.000001 -0.004242 0.042897 0.000000 0.000000 0.013196 -4.610124 -2.491975 -2.359596 10.817706 -8.665545 -42.874258 0.000000 0.000000 78.796509 3.124430 2.748365 -37.162153 0.000000 0.000000 0.000000 6.696296 -2.632054 -44.230374 0.000000 0.000000 71.472341 5.745543 -5.912515 -28.223374 0.000000 0.000000 -0.000003 
-1.172100 72.267400 -21.087400 -13.104592 9.339204 -1.608456 1.002406 -0.282843 -0.793041 9.968091 -1.936703 9.360738 8.211421 2.187440 5.358566 1.740768 -0.366665 8.383044 -2.841654 -17.481437 -7.499278 0.000000 0.000000 0.000000 -18.942064 26.817976 0.008470 -37.788208 -38.601345 1.138094 -180.000000 -76.763298 180.000000 0.080479 -0.005239 -0.988820 0.000000 0.000000 0.607176 0.005215 0.000010 -0.110703 -0.012689 0.000454 -0.146434 0.022390 -0.001199 4.934506 0.000000 0.000000 0.746397 0.000014 0.006565 0.122572 -0.000022 -0.014325 0.164521 2.447046 -0.079831 2.056764 0.000000 0.000000 0.740482 -0.000002 0.007173 -0.014980 -0.000004 -0.015017 0.027776 4.260386 -0.094452 1.375350 0.000000 0.000000 0.754839 0.000000 0.009448 0.000229 -0.000006 -0.022452 0.026332 -6.917769 0.291382 2.291170 0.000000 0.000000 0.754038 -0.000001 0.004175 -0.008146 -0.000001 -0.009275 0.012467 0.441624 -0.014543 2.538997 27.897471 1.975414 -0.031463 40.696368 45.749928 8.138802 -0.000000 62.671700 -0.000000 -0.080308 0.004629 -0.724563 0.000000 0.000000 0.472622 0.000000 0.000000 0.008252 0.000000 0.000000 -0.001366 -7.969741 -5.107087 -8.050663 0.000000 0.000000 0.467721 0.000000 0.000000 -0.015015 0.000000 0.000000 0.025121 6.271931 -1.933901 -4.817211 0.000000 0.000000 0.481966 0.000000 0.000000 -0.004083 0.000000 0.000000 -0.000628 -1.013052 -2.505694 -6.799366 0.000000 0.000000 0.479930 0.000000 0.000000 0.003389 0.000000 0.000000 -0.007978 -3.109834 -2.403556 -3.139792 0.000035 0.004242 0.480870 0.000001 -0.004242 0.042897 0.000000 0.000000 0.013196 -4.610124 -2.491975 -2.359596 13.170930 -5.239257 -42.910012 0.000000 0.000000 81.383276 2.980142 -1.851788 -36.764139 0.000000 0.000000 0.000000 9.063894 -3.550181 -43.155662 0.000000 0.000000 72.856319 4.275195 -6.423685 -29.724084 0.000000 0.000000 -0.000003 
-1.547400 72.809300 -20.291400 -12.462077 9.495020 -3.202988 0.482199 -0.073259 -0.642455 9.454357 -1.934930 10.866143 7.929399 3.214880 7.100605 1.633725 -0.374756 9.363430 -2.049920 -17.443537 -6.933982 0.000000 0.000000 0.000000 -16.885972 25.832288 -0.009139 -32.972765 -48.500723 10.372910 -180.000000 -69.806198 180.000000 0.080479 -0.005239 -0.988820 0.000000 0.000000 0.607176 0.005215 0.000010 -0.110703 -0.012689 0.000454 -0.146434 0.022390 -0.001199 4.934506 0.000000 0.000000 0.746397 0.000014 0.006565 0.122572 -0.000022 -0.014325 0.164521 2.447046 -0.079831 2.056764 0.000000 0.000000 0.740482 -0.000002 0.007173 -0.014980 -0.000004 -0.015017 0.027776 4.260386 -0.094452 1.375350 0.000000 0.000000 0.754839 0.000000 0.009448 0.000229 -0.000006 -0.022452 0.026332 -6.917769 0.291382 2.291170 0.000000 0.000000 0.754038 -0.000001 0.004175 -0.008146 -0.000001 -0.009275 0.012467 0.441624 -0.014543 2.538997 27.352316 2.182323 -0.028275 36.275675 52.646716 15.250204 -0.000000 77.025864 -0.000000 -0.080308 0.004629 -0.724563 0.000000 0.000000 0.472622 0.000000 0.000000 0.008252 0.000000 0.000000 -0.001366 -7.969741 -5.107087 -8.050663 0.000000 0.000000 0.467721 0.000000 0.000000 -0.015015 0.000000 0.000000 0.025121 6.271931 -1.933901 -4.817211 0.000000 0.000000 0.481966 0.000000 0.000000 -0.004083 0.000000 0.000000 -0.000628 -1.013052 -2.505694 -6.799366 0.000000 0.000000 0.479930 0.000000 0.000000 0.003389 0.000000 0.000000 -0.007978 -3.109834 -2.403556 -3.139792 0.000035 0.004242 0.480870 0.000001 -0.004242 0.042897 0.000000 0.000000 0.013196 -4.610124 -2.491975 -2.359596 14.045592 -2.194007 -41.970647 0.000000 0.000000 81.210871 1.842081 -5.056515 -33.686205 0.000000 0.000000 0.000000 9.008002 -3.444635 -40.347157 0.000000 0.000000 71.887402 2.340913 -8.119701 -29.767853 0.000000 0.000000 -0.000003 
-1.866900 74.495800 -19.327900 -10.852703 8.645639 -3.690940 -0.256900 -0.058189 -0.049825 8.314242 -1.828922 11.987262 6.516492 2.592286 7.043533 2.308374 -0.600139 11.120090 -1.180471 -14.022112 -6.797818 0.000000 0.000000 0.000000 -15.076450 25.308249 -0.031729 -23.785382 -53.900791 15.773258 -180.000000 -67.585602 180.000000 0.080479 -0.005239 -0.988820 0.000000 0.000000 0.607176 0.005215 0.000010 -0.110703 -0.012689 0.000454 -0.146434 0.022390 -0.001199 4.934506 0.000000 0.000000 0.746397 0.000014 0.006565 0.122572 -0.000022 -0.014325 0.164521 2.447046 -0.079831 2.056764 0.000000 0.000000 0.740482 -0.000002 0.007173 -0.014980 -0.000004 -0.015017 0.027776 4.260386 -0.094452 1.375350 0.000000 0.000000 0.754839 0.000000 0.009448 0.000229 -0.000006 -0.022452 0.026332 -6.917769 0.291382 2.291170 0.000000 0.000000 0.754038 -0.000001 0.004175 -0.008146 -0.000001 -0.009275 0.012467 0.441624 -0.014543 2.538997 25.702547 2.646223 -0.027025 29.709456 59.860187 19.067208 -0.000000 85.542091 -0.000000 -0.080308 0.004629 -0.724563 0.000000 0.000000 0.472622 0.000000 0.000000 0.008252 0.000000 0.000000 -0.001366 -7.969741 -5.107087 -8.050663 0.000000 0.000000 0.467721 0.000000 0.000000 -0.015015 0.000000 0.000000 0.025121 6.271931 -1.933901 -4.817211 0.000000 0.000000 0.481966 0.000000 0.000000 -0.004083 0.000000 0.000000 -0.000628 -1.013052 -2.505694 -6.799366 0.000000 0.000000 0.479930 0.000000 0.000000 0.003389 0.000000 0.000000 -0.007978 -3.109834 -2.403556 -3.139792 0.000035 0.004242 0.480870 0.000001 -0.004242 0.042897 0.000000 0.000000 0.013196 -4.610124 -2.491975 -2.359596 14.032108 0.693887 -40.706050 0.000000 0.000000 78.126667 -0.109796 -6.350060 -28.312998 0.000000 0.000000 0.000000 7.768184 -2.455221 -36.749818 0.000000 0.000000 68.298894 2.809825 -8.033539 -29.049140 0.000000 0.000000 -0.000003 
-1.941900 76.527500 -18.391100 -9.608518 7.093291 -3.519161 0.181547 0.153273 -0.239321 7.021285 -1.390889 12.637770 4.405263 1.366462 7.395535 3.306302 -1.037919 13.689933 -1.177382 -8.385509 -6.394460 0.000000 0.000000 0.000000 -13.938546 25.197270 -0.044834 -13.395002 -54.520839 18.757846 -180.000000 -68.551903 180.000000 0.080479 -0.005239 -0.988820 0.000000 0.000000 0.607176 0.005215 0.000010 -0.110703 -0.012689 0.000454 -0.146434 0.022390 -0.001199 4.934506 0.000000 0.000000 0.746397 0.000014 0.006565 0.122572 -0.000022 -0.014325 0.164521 2.447046 -0.079831 2.056764 0.000000 0.000000 0.740482 -0.000002 0.007173 -0.014980 -0.000004 -0.015017 0.027776 4.260386 -0.094452 1.375350 0.000000 0.000000 0.754839 0.000000 0.009448 0.000229 -0.000006 -0.022452 0.026332 -6.917769 0.291382 2.291170 0.000000 0.000000 0.754038 -0.000001 0.004175 -0.008146 -0.000001 -0.009275 0.012467 0.441624 -0.014543 2.538997 22.936990 2.935187 -0.033465 17.711229 67.238587 16.057608 -0.000000 87.667526 -0.000000 -0.080308 0.004629 -0.724563 0.000000 0.000000 0.472622 0.000000 0.000000 0.008252 0.000000 0.000000 -0.001366 -7.969741 -5.107087 -8.050663 0.000000 0.000000 0.467721 0.000000 0.000000 -0.015015 0.000000 0.000000 0.025121 6.271931 -1.933901 -4.817211 0.000000 0.000000 0.481966 0.000000 0.000000 -0.004083 0.000000 0.000000 -0.000628 -1.013052 -2.505694 -6.799366 0.000000 0.000000 0.479930 0.000000 0.000000 0.003389 0.000000 0.000000 -0.007978 -3.109834 -2.403556 -3.139792 0.000035 0.004242 0.480870 0.000001 -0.004242 0.042897 0.000000 0.000000 0.013196 -4.610124 -2.491975 -2.359596 14.273155 2.809085 -38.726523 0.000000 0.000000 72.799429 -1.170220 -6.720949 -24.310657 0.000000 0.000000 0.000000 6.666365 -2.342101 -33.191023 0.000000 0.000000 63.421622 3.113538 -6.155386 -27.629406 0.000000 0.000000 -0.000003 
-1.988600 79.051300 -17.641500 -7.548074 5.714904 -2.737003 0.768395 -0.447729 -1.119703 4.600506 -1.474071 13.523738 2.080458 -1.190902 7.916094 1.954267 -0.731352 16.373699 0.551847 -1.636858 -6.904120 0.000000 0.000000 0.000000 -13.653502 25.345120 -0.048007 -7.143574 -52.374872 22.930068 -180.000000 -72.044098 180.000000 0.080479 -0.005239 -0.988820 0.000000 0.000000 0.607176 0.005215 0.000010 -0.110703 -0.012689 0.000454 -0.146434 0.022390 -0.001199 4.934506 0.000000 0.000000 0.746397 0.000014 0.006565 0.122572 -0.000022 -0.014325 0.164521 2.447046 -0.079831 2.056764 0.000000 0.000000 0.740482 -0.000002 0.007173 -0.014980 -0.000004 -0.015017 0.027776 4.260386 -0.094452 1.375350 0.000000 0.000000 0.754839 0.000000 0.009448 0.000229 -0.000006 -0.022452 0.026332 -6.917769 0.291382 2.291170 0.000000 0.000000 0.754038 -0.000001 0.004175 -0.008146 -0.000001 -0.009275 0.012467 0.441624 -0.014543 2.538997 19.562438 3.005237 -0.045164 -7.355094 72.284593 -1.616509 -0.000000 85.367378 -0.000000 -0.080308 0.004629 -0.724563 0.000000 0.000000 0.472622 0.000000 0.000000 0.008252 0.000000 0.000000 -0.001366 -7.969741 -5.107087 -8.050663 0.000000 0.000000 0.467721 0.000000 0.000000 -0.015015 0.000000 0.000000 0.025121 6.271931 -1.933901 -4.817211 0.000000 0.000000 0.481966 0.000000 0.000000 -0.004083 0.000000 0.000000 -0.000628 -1.013052 -2.505694 -6.799366 0.000000 0.000000 0.479930 0.000000 0.000000 0.003389 0.000000 0.000000 -0.007978 -3.109834 -2.403556 -3.139792 0.000035 0.004242 0.480870 0.000001 -0.004242 0.042897 0.000000 0.000000 0.013196 -4.610124 -2.491975 -2.359596 13.623867 3.255427 -36.072232 0.000000 0.000000 65.193397 -4.721700 -8.055891 -20.041060 0.000000 0.000000 0.000000 4.210427 -4.917269 -29.434236 0.000000 0.000000 56.845652 5.904058 -0.279170 -25.189249 0.000000 0.000000 -0.000003 
-1.855900 81.684900 -17.233100 -5.037147 4.703392 -2.172132 1.704003 -0.263681 -1.440833 2.412750 -0.706546 13.558529 -0.594005 -2.890818 8.503377 1.533497 -0.661862 18.858549 0.933204 4.046447 -7.213286 0.000000 0.000000 0.000000 -14.248379 25.458523 -0.044979 -6.574830 -49.652642 29.225953 -180.000000 -77.046700 180.000000 0.080479 -0.005239 -0.988820 0.000000 0.000000 0.607176 0.005215 0.000010 -0.110703 -0.012689 0.000454 -0.146434 0.022390 -0.001199 4.934506 0.000000 0.000000 0.746397 0.000014 0.006565 0.122572 -0.000022 -0.014325 0.164521 2.447046 -0.079831 2.056764 0.000000 0.000000 0.740482 -0.000002 0.007173 -0.014980 -0.000004 -0.015017 0.027776 4.260386 -0.094452 1.375350 0.000000 0.000000 0.754839 0.000000 0.009448 0.000229 -0.000006 -0.022452 0.026332 -6.917769 0.291382 2.291170 0.000000 0.000000 0.754038 -0.000001 0.004175 -0.008146 -0.000001 -0.009275 0.012467 0.441624 -0.014543 2.538997 16.479752 2.943808 -0.048006 -39.812198 70.167005 -29.168855 -0.000000 80.875366 -0.000000 -0.080308 0.004629 -0.724563 0.000000 0.000000 0.472622 0.000000 0.000000 0.008252 0.000000 0.000000 -0.001366 -7.969741 -5.107087 -8.050663 0.000000 0.000000 0.467721 0.000000 0.000000 -0.015015 0.000000 0.000000 0.025121 6.271931 -1.933901 -4.817211 0.000000 0.000000 0.481966 0.000000 0.000000 -0.004083 0.000000 0.000000 -0.000628 -1.013052 -2.505694 -6.799366 0.000000 0.000000 0.479930 0.000000 0.000000 0.003389 0.000000 0.000000 -0.007978 -3.109834 -2.403556 -3.139792 0.000035 0.004242 0.480870 0.000001 -0.004242 0.042897 0.000000 0.000000 0.013196 -4.610124 -2.491975 -2.359596 12.349274 1.972877 -32.265726 0.000000 0.000000 55.641817 -10.401751 -9.870946 -14.223627 0.000000 0.000000 0.000000 -0.366459 -8.360063 -27.411670 0.000000 0.000000 51.967085 11.162408 12.186541 -15.740568 0.000000 0.000000 -0.000003 
-1.620700 84.022200 -16.496100 -1.061061 3.563072 -0.640761 1.579851 -0.223433 -2.024686 -0.531358 -0.050847 12.676347 -2.474751 -3.907137 8.300721 0.450894 -0.233568 21.958684 1.961515 5.933104 -7.631906 0.000000 0.000000 0.000000 -15.802280 25.667616 -0.025876 -9.901059 -46.791760 36.236349 -180.000000 -80.868111 180.000000 0.080479 -0.005239 -0.988820 0.000000 0.000000 0.607176 0.005215 0.000010 -0.110703 -0.012689 0.000454 -0.146434 0.022390 -0.001199 4.934506 0.000000 0.000000 0.746397 0.000014 0.006565 0.122572 -0.000022 -0.014325 0.164521 2.447046 -0.079831 2.056764 0.000000 0.000000 0.740482 -0.000002 0.007173 -0.014980 -0.000004 -0.015017 0.027776 4.260386 -0.094452 1.375350 0.000000 0.000000 0.754839 0.000000 0.009448 0.000229 -0.000006 -0.022452 0.026332 -6.917769 0.291382 2.291170 0.000000 0.000000 0.754038 -0.000001 0.004175 -0.008146 -0.000001 -0.009275 0.012467 0.441624 -0.014543 2.538997 14.194518 2.983260 -0.043815 -57.565563 62.811007 -46.366280 -0.000000 72.893494 -0.000000 -0.080308 0.004629 -0.724563 0.000000 0.000000 0.472622 0.000000 0.000000 0.008252 0.000000 0.000000 -0.001366 -7.969741 -5.107087 -8.050663 0.000000 0.000000 0.467721 0.000000 0.000000 -0.015015 0.000000 0.000000 0.025121 6.271931 -1.933901 -4.817211 0.000000 0.000000 0.481966 0.000000 0.000000 -0.004083 0.000000 0.000000 -0.000628 -1.013052 -2.505694 -6.799366 0.000000 0.000000 0.479930 0.000000 0.000000 0.003389 0.000000 0.000000 -0.007978 -3.109834 -2.403556 -3.139792 0.000035 0.004242 0.480870 0.000001 -0.004242 0.042897 0.000000 0.000000 0.013196 -4.610124 -2.491975 -2.359596 9.143066 0.318535 -28.470453 0.000000 0.000000 44.865060 -15.278249 -10.487823 -8.077256 0.000000 0.000000 0.000000 -7.407416 -12.059423 -27.023041 0.000000 0.000000 48.193910 18.408478 12.359783 -7.041573 0.000000 0.000000 -0.000003 
-1.188100 85.331900 -15.384400 3.365324 1.577727 0.606181 0.997186 0.119973 -1.996049 -3.074468 0.743172 11.391391 -4.204182 -5.009475 7.215656 -0.814245 0.415707 25.160585 2.086876 8.411747 -7.529907 0.000000 0.000000 0.000000 -18.018670 26.346804 0.006656 -15.143982 -43.587481 42.551558 -180.000000 -81.754547 180.000000 0.080479 -0.005239 -0.988820 0.000000 0.000000 0.607176 0.005215 0.000010 -0.110703 -0.012689 0.000454 -0.146434 0.022390 -0.001199 4.934506 0.000000 0.000000 0.746397 0.000014 0.006565 0.122572 -0.000022 -0.014325 0.164521 2.447046 -0.079831 2.056764 0.000000 0.000000 0.740482 -0.000002 0.007173 -0.014980 -0.000004 -0.015017 0.027776 4.260386 -0.094452 1.375350 0.000000 0.000000 0.754839 0.000000 0.009448 0.000229 -0.000006 -0.022452 0.026332 -6.917769 0.291382 2.291170 0.000000 0.000000 0.754038 -0.000001 0.004175 -0.008146 -0.000001 -0.009275 0.012467 0.441624 -0.014543 2.538997 12.526270 3.037628 -0.047710 -65.635191 56.615429 -59.614959 -0.000000 57.891769 -0.000000 -0.080308 0.004629 -0.724563 0.000000 0.000000 0.472622 0.000000 0.000000 0.008252 0.000000 0.000000 -0.001366 -7.969741 -5.107087 -8.050663 0.000000 0.000000 0.467721 0.000000 0.000000 -0.015015 0.000000 0.000000 0.025121 6.271931 -1.933901 -4.817211 0.000000 0.000000 0.481966 0.000000 0.000000 -0.004083 0.000000 0.000000 -0.000628 -1.013052 -2.505694 -6.799366 0.000000 0.000000 0.479930 0.000000 0.000000 0.003389 0.000000 0.000000 -0.007978 -3.109834 -2.403556 -3.139792 0.000035 0.004242 0.480870 0.000001 -0.004242 0.042897 0.000000 0.000000 0.013196 -4.610124 -2.491975 -2.359596 5.095355 -1.134059 -24.138191 0.000000 0.000000 34.857461 -17.730360 -9.931546 -5.718487 0.000000 0.000000 0.000000 -15.842031 -13.444769 -26.063688 0.000000 0.000000 43.355374 23.966208 7.771174 -0.636160 0.000000 0.000000 -0.000003 
-0.474900 85.528500 -13.853200 6.866146 -0.250252 -0.014785 0.538247 0.468011 -0.994425 -5.081283 1.376034 10.467839 -4.746561 -6.551206 7.202819 -1.924459 1.096961 26.845069 1.085601 11.323613 -6.753479 0.000000 0.000000 0.000000 -20.457745 27.550142 0.034919 -20.212652 -39.996764 47.380600 -180.000000 -80.028938 180.000000 0.080479 -0.005239 -0.988820 0.000000 0.000000 0.607176 0.005215 0.000010 -0.110703 -0.012689 0.000454 -0.146434 0.022390 -0.001199 4.934506 0.000000 0.000000 0.746397 0.000014 0.006565 0.122572 -0.000022 -0.014325 0.164521 2.447046 -0.079831 2.056764 0.000000 0.000000 0.740482 -0.000002 0.007173 -0.014980 -0.000004 -0.015017 0.027776 4.260386 -0.094452 1.375350 0.000000 0.000000 0.754839 0.000000 0.009448 0.000229 -0.000006 -0.022452 0.026332 -6.917769 0.291382 2.291170 0.000000 0.000000 0.754038 -0.000001 0.004175 -0.008146 -0.000001 -0.009275 0.012467 0.441624 -0.014543 2.538997 11.037914 2.981815 -0.048328 -71.564579 53.338066 -76.005135 -0.000000 38.581631 -0.000000 -0.080308 0.004629 -0.724563 0.000000 0.000000 0.472622 0.000000 0.000000 0.008252 0.000000 0.000000 -0.001366 -7.969741 -5.107087 -8.050663 0.000000 0.000000 0.467721 0.000000 0.000000 -0.015015 0.000000 0.000000 0.025121 6.271931 -1.933901 -4.817211 0.000000 0.000000 0.481966 0.000000 0.000000 -0.004083 0.000000 0.000000 -0.000628 -1.013052 -2.505694 -6.799366 0.000000 0.000000 0.479930 0.000000 0.000000 0.003389 0.000000 0.000000 -0.007978 -3.109834 -2.403556 -3.139792 0.000035 0.004242 0.480870 0.000001 -0.004242 0.042897 0.000000 0.000000 0.013196 -4.610124 -2.491975 -2.359596 1.248188 -1.693227 -19.105018 0.000000 0.000000 28.100502 -13.410850 -10.791603 -8.168625 0.000000 0.000000 0.000000 -23.888521 -12.647388 -22.237413 0.000000 0.000000 36.157404 26.348267 3.399465 5.101079 0.000000 0.000000 -0.000003 
-0.013000 85.587500 -12.384700 9.858030 -0.575577 1.397195 -0.156091 -0.037399 -1.483465 -6.107860 0.873389 9.439482 -5.930991 -5.218258 5.381483 -2.452804 1.514385 28.926229 2.360355 10.188714 -6.329834 0.000000 0.000000 0.000000 -22.965861 29.179416 0.061856 -22.775982 -36.391387 50.340941 -180.000000 -76.658798 180.000000 0.080479 -0.005239 -0.988820 0.000000 0.000000 0.607176 0.005215 0.000010 -0.110703 -0.012689 0.000454 -0.146434 0.022390 -0.001199 4.934506 0.000000 0.000000 0.746397 0.000014 0.006565 0.122572 -0.000022 -0.014325 0.164521 2.447046 -0.079831 2.056764 0.000000 0.000000 0.740482 -0.000002 0.007173 -0.014980 -0.000004 -0.015017 0.027776 4.260386 -0.094452 1.375350 0.000000 0.000000 0.754839 0.000000 0.009448 0.000229 -0.000006 -0.022452 0.026332 -6.917769 0.291382 2.291170 0.000000 0.000000 0.754038 -0.000001 0.004175 -0.008146 -0.000001 -0.009275 0.012467 0.441624 -0.014543 2.538997 9.697062 3.035924 -0.042424 -77.571894 50.187832 -94.550779 -0.000000 24.565439 -0.000000 -0.080308 0.004629 -0.724563 0.000000 0.000000 0.472622 0.000000 0.000000 0.008252 0.000000 0.000000 -0.001366 -7.969741 -5.107087 -8.050663 0.000000 0.000000 0.467721 0.000000 0.000000 -0.015015 0.000000 0.000000 0.025121 6.271931 -1.933901 -4.817211 0.000000 0.000000 0.481966 0.000000 0.000000 -0.004083 0.000000 0.000000 -0.000628 -1.013052 -2.505694 -6.799366 0.000000 0.000000 0.479930 0.000000 0.000000 0.003389 0.000000 0.000000 -0.007978 -3.109834 -2.403556 -3.139792 0.000035 0.004242 0.480870 0.000001 -0.004242 0.042897 0.000000 0.000000 0.013196 -4.610124 -2.491975 -2.359596 -1.895827 -3.344006 -18.650943 0.000000 0.000000 26.616941 -13.674612 -9.048317 -8.965416 0.000000 0.000000 0.000000 -30.443684 -11.636332 -18.896889 0.000000 0.000000 28.168790 26.153570 0.670121 8.498841 0.000000 0.000000 -0.000003 
0.171200 85.514300 -10.846400 11.301931 -0.923827 3.300751 -0.381062 -0.087974 -2.515803 -6.352270 0.798784 8.280388 -6.480852 -6.436190 4.533454 -4.297767 2.680081 28.301116 4.016981 10.380171 -6.773244 0.000000 0.000000 0.000000 -25.315036 31.231756 0.059768 -22.870048 -33.429720 51.914498 -180.000000 -73.159798 180.000000 0.080479 -0.005239 -0.988820 0.000000 0.000000 0.607176 0.005215 0.000010 -0.110703 -0.012689 0.000454 -0.146434 0.022390 -0.001199 4.934506 0.000000 0.000000 0.746397 0.000014 0.006565 0.122572 -0.000022 -0.014325 0.164521 2.447046 -0.079831 2.056764 0.000000 0.000000 0.740482 -0.000002 0.007173 -0.014980 -0.000004 -0.015017 0.027776 4.260386 -0.094452 1.375350 0.000000 0.000000 0.754839 0.000000 0.009448 0.000229 -0.000006 -0.022452 0.026332 -6.917769 0.291382 2.291170 0.000000 0.000000 0.754038 -0.000001 0.004175 -0.008146 -0.000001 -0.009275 0.012467 0.441624 -0.014543 2.538997 8.522315 3.200142 -0.041114 -83.348455 45.334572 -112.250432 -0.000000 19.254280 -0.000000 -0.080308 0.004629 -0.724563 0.000000 0.000000 0.472622 0.000000 0.000000 0.008252 0.000000 0.000000 -0.001366 -7.969741 -5.107087 -8.050663 0.000000 0.000000 0.467721 0.000000 0.000000 -0.015015 0.000000 0.000000 0.025121 6.271931 -1.933901 -4.817211 0.000000 0.000000 0.481966 0.000000 0.000000 -0.004083 0.000000 0.000000 -0.000628 -1.013052 -2.505694 -6.799366 0.000000 0.000000 0.479930 0.000000 0.000000 0.003389 0.000000 0.000000 -0.007978 -3.109834 -2.403556 -3.139792 0.000035 0.004242 0.480870 0.000001 -0.004242 0.042897 0.000000 0.000000 0.013196 -4.610124 -2.491975 -2.359596 -3.340218 -3.963672 -19.432193 0.000000 0.000000 26.595498 -13.669359 -8.546194 -10.247123 0.000000 0.000000 0.000000 -34.373155 -7.685576 -16.158482 0.000000 0.000000 21.952383 25.543074 -2.159509 6.899596 0.000000 0.000000 -0.000003 
-0.193500 85.372000 -9.572900 11.660186 -0.542348 4.651236 -0.251367 -0.272849 -2.619123 -6.176530 0.429221 7.098770 -6.913019 -7.019486 2.661977 -4.635612 2.908638 28.696020 4.885793 10.225290 -7.047929 0.000000 0.000000 0.000000 -27.097276 33.189778 0.016131 -21.996158 -31.143116 52.682044 -180.000000 -70.743797 180.000000 0.080479 -0.005239 -0.988820 0.000000 0.000000 0.607176 0.005215 0.000010 -0.110703 -0.012689 0.000454 -0.146434 0.022390 -0.001199 4.934506 0.000000 0.000000 0.746397 0.000014 0.006565 0.122572 -0.000022 -0.014325 0.164521 2.447046 -0.079831 2.056764 0.000000 0.000000 0.740482 -0.000002 0.007173 -0.014980 -0.000004 -0.015017 0.027776 4.260386 -0.094452 1.375350 0.000000 0.000000 0.754839 0.000000 0.009448 0.000229 -0.000006 -0.022452 0.026332 -6.917769 0.291382 2.291170 0.000000 0.000000 0.754038 -0.000001 0.004175 -0.008146 -0.000001 -0.009275 0.012467 0.441624 -0.014543 2.538997 7.645935 3.310195 -0.043666 -87.496873 41.605905 -127.848133 -0.000000 19.786989 -0.000000 -0.080308 0.004629 -0.724563 0.000000 0.000000 0.472622 0.000000 0.000000 0.008252 0.000000 0.000000 -0.001366 -7.969741 -5.107087 -8.050663 0.000000 0.000000 0.467721 0.000000 0.000000 -0.015015 0.000000 0.000000 0.025121 6.271931 -1.933901 -4.817211 0.000000 0.000000 0.481966 0.000000 0.000000 -0.004083 0.000000 0.000000 -0.000628 -1.013052 -2.505694 -6.799366 0.000000 0.000000 0.479930 0.000000 0.000000 0.003389 0.000000 0.000000 -0.007978 -3.109834 -2.403556 -3.139792 0.000035 0.004242 0.480870 0.000001 -0.004242 0.042897 0.000000 0.000000 0.013196 -4.610124 -2.491975 -2.359596 -3.293658 -5.338220 -20.178519 0.000000 0.000000 27.171211 -13.710603 -7.960509 -11.645656 0.000000 0.000000 0.000000 -35.467184 -8.317620 -13.601043 0.000000 0.000000 18.742955 24.289886 -0.835647 3.108645 0.000000 0.000000 -0.000003 
-0.555000 85.444900 -7.961200 11.414052 -0.506517 6.744087 0.366706 -0.310804 -3.299470 -6.146703 0.248672 5.406358 -7.142120 -7.611122 0.614827 -5.316340 3.414947 29.570233 5.053360 10.305688 -6.230173 0.000000 0.000000 0.000000 -28.120991 34.616071 -0.025032 -21.213437 -29.476058 53.110673 -180.000000 -69.772598 180.000000 0.080479 -0.005239 -0.988820 0.000000 0.000000 0.607176 0.005215 0.000010 -0.110703 -0.012689 0.000454 -0.146434 0.022390 -0.001199 4.934506 0.000000 0.000000 0.746397 0.000014 0.006565 0.122572 -0.000022 -0.014325 0.164521 2.447046 -0.079831 2.056764 0.000000 0.000000 0.740482 -0.000002 0.007173 -0.014980 -0.000004 -0.015017 0.027776 4.260386 -0.094452 1.375350 0.000000 0.000000 0.754839 0.000000 0.009448 0.000229 -0.000006 -0.022452 0.026332 -6.917769 0.291382 2.291170 0.000000 0.000000 0.754038 -0.000001 0.004175 -0.008146 -0.000001 -0.009275 0.012467 0.441624 -0.014543 2.538997 7.182315 3.345960 -0.045063 -90.015449 39.436036 -141.681909 -0.000000 22.457550 -0.000000 -0.080308 0.004629 -0.724563 0.000000 0.000000 0.472622 0.000000 0.000000 0.008252 0.000000 0.000000 -0.001366 -7.969741 -5.107087 -8.050663 0.000000 0.000000 0.467721 0.000000 0.000000 -0.015015 0.000000 0.000000 0.025121 6.271931 -1.933901 -4.817211 0.000000 0.000000 0.481966 0.000000 0.000000 -0.004083 0.000000 0.000000 -0.000628 -1.013052 -2.505694 -6.799366 0.000000 0.000000 0.479930 0.000000 0.000000 0.003389 0.000000 0.000000 -0.007978 -3.109834 -2.403556 -3.139792 0.000035 0.004242 0.480870 0.000001 -0.004242 0.042897 0.000000 0.000000 0.013196 -4.610124 -2.491975 -2.359596 -2.693680 -5.840859 -20.847783 0.000000 0.000000 26.751561 -13.479391 -7.779438 -12.751482 0.000000 0.000000 0.000000 -34.181580 -11.362186 -12.863573 0.000000 0.000000 16.475670 22.853080 -0.505233 1.153113 0.000000 0.000000 -0.000003 
-0.482200 85.769200 -6.888900 11.838477 -1.195812 8.088003 -0.159004 0.168303 -3.719527 -6.012565 0.610496 4.205125 -7.195426 -8.955198 -0.792625 -6.109901 4.121630 30.677800 4.472217 10.801956 -6.042802 0.000000 0.000000 0.000000 -28.411716 35.482778 -0.044939 -20.870659 -28.720180 53.630029 -180.000000 -69.816299 180.000000 0.080479 -0.005239 -0.988820 0.000000 0.000000 0.607176 0.005215 0.000010 -0.110703 -0.012689 0.000454 -0.146434 0.022390 -0.001199 4.934506 0.000000 0.000000 0.746397 0.000014 0.006565 0.122572 -0.000022 -0.014325 0.164521 2.447046 -0.079831 2.056764 0.000000 0.000000 0.740482 -0.000002 0.007173 -0.014980 -0.000004 -0.015017 0.027776 4.260386 -0.094452 1.375350 0.000000 0.000000 0.754839 0.000000 0.009448 0.000229 -0.000006 -0.022452 0.026332 -6.917769 0.291382 2.291170 0.000000 0.000000 0.754038 -0.000001 0.004175 -0.008146 -0.000001 -0.009275 0.012467 0.441624 -0.014543 2.538997 6.989284 3.367607 -0.045359 -91.422083 38.569015 -152.895310 -0.000000 24.792589 -0.000000 -0.080308 0.004629 -0.724563 0.000000 0.000000 0.472622 0.000000 0.000000 0.008252 0.000000 0.000000 -0.001366 -7.969741 -5.107087 -8.050663 0.000000 0.000000 0.467721 0.000000 0.000000 -0.015015 0.000000 0.000000 0.025121 6.271931 -1.933901 -4.817211 0.000000 0.000000 0.481966 0.000000 0.000000 -0.004083 0.000000 0.000000 -0.000628 -1.013052 -2.505694 -6.799366 0.000000 0.000000 0.479930 0.000000 0.000000 0.003389 0.000000 0.000000 -0.007978 -3.109834 -2.403556 -3.139792 0.000035 0.004242 0.480870 0.000001 -0.004242 0.042897 0.000000 0.000000 0.013196 -4.610124 -2.491975 -2.359596 -3.289678 -4.487797 -20.070039 0.000000 0.000000 24.260538 -13.739882 -8.553568 -12.161472 0.000000 0.000000 0.000000 -32.310468 -19.380390 -12.516262 0.000000 0.000000 13.777168 20.654105 -1.082747 1.302697 0.000000 0.000000 -0.000003 
-0.789300 86.040500 -6.343200 13.322774 -1.635547 8.963416 -1.856049 0.259908 -4.309886 -6.126703 0.757687 3.642082 -7.376311 -9.210405 -1.341500 -5.970839 4.174168 31.236941 4.791662 9.379359 -6.083564 0.000000 0.000000 0.000000 -28.130685 35.789654 -0.047326 -20.824807 -28.795216 54.308318 -180.000000 -69.861900 180.000000 0.080479 -0.005239 -0.988820 0.000000 0.000000 0.607176 0.005215 0.000010 -0.110703 -0.012689 0.000454 -0.146434 0.022390 -0.001199 4.934506 0.000000 0.000000 0.746397 0.000014 0.006565 0.122572 -0.000022 -0.014325 0.164521 2.447046 -0.079831 2.056764 0.000000 0.000000 0.740482 -0.000002 0.007173 -0.014980 -0.000004 -0.015017 0.027776 4.260386 -0.094452 1.375350 0.000000 0.000000 0.754839 0.000000 0.009448 0.000229 -0.000006 -0.022452 0.026332 -6.917769 0.291382 2.291170 0.000000 0.000000 0.754038 -0.000001 0.004175 -0.008146 -0.000001 -0.009275 0.012467 0.441624 -0.014543 2.538997 6.885420 3.352097 -0.045297 -92.248076 38.291692 -160.758070 -0.000000 25.987690 -0.000000 -0.080308 0.004629 -0.724563 0.000000 0.000000 0.472622 0.000000 0.000000 0.008252 0.000000 0.000000 -0.001366 -7.969741 -5.107087 -8.050663 0.000000 0.000000 0.467721 0.000000 0.000000 -0.015015 0.000000 0.000000 0.025121 6.271931 -1.933901 -4.817211 0.000000 0.000000 0.481966 0.000000 0.000000 -0.004083 0.000000 0.000000 -0.000628 -1.013052 -2.505694 -6.799366 0.000000 0.000000 0.479930 0.000000 0.000000 0.003389 0.000000 0.000000 -0.007978 -3.109834 -2.403556 -3.139792 0.000035 0.004242 0.480870 0.000001 -0.004242 0.042897 0.000000 0.000000 0.013196 -4.610124 -2.491975 -2.359596 -4.856471 -3.501715 -18.878476 0.000000 0.000000 21.146081 -12.411706 -8.847463 -11.170743 0.000000 0.000000 0.000000 -31.433637 -26.583243 -11.856726 0.000000 0.000000 10.620586 20.233527 -1.556143 1.039198 0.000000 0.000000 -0.000003 
-1.053500 86.219500 -5.861300 12.927723 -1.109570 9.386296 -1.241508 0.079384 -4.381100 -6.156918 0.474877 3.313032 -7.258975 -9.108823 -1.562087 -6.419063 4.327514 30.753537 5.136652 7.958047 -5.545654 0.000000 0.000000 0.000000 -27.550744 35.562646 -0.042521 -20.819136 -29.239792 54.996677 -180.000000 -69.460999 180.000000 0.080479 -0.005239 -0.988820 0.000000 0.000000 0.607176 0.005215 0.000010 -0.110703 -0.012689 0.000454 -0.146434 0.022390 -0.001199 4.934506 0.000000 0.000000 0.746397 0.000014 0.006565 0.122572 -0.000022 -0.014325 0.164521 2.447046 -0.079831 2.056764 0.000000 0.000000 0.740482 -0.000002 0.007173 -0.014980 -0.000004 -0.015017 0.027776 4.260386 -0.094452 1.375350 0.000000 0.000000 0.754839 0.000000 0.009448 0.000229 -0.000006 -0.022452 0.026332 -6.917769 0.291382 2.291170 0.000000 0.000000 0.754038 -0.000001 0.004175 -0.008146 -0.000001 -0.009275 0.012467 0.441624 -0.014543 2.538997 6.877653 3.295739 -0.044972 -92.944276 38.042687 -165.535323 -0.000000 26.162270 -0.000000 -0.080308 0.004629 -0.724563 0.000000 0.000000 0.472622 0.000000 0.000000 0.008252 0.000000 0.000000 -0.001366 -7.969741 -5.107087 -8.050663 0.000000 0.000000 0.467721 0.000000 0.000000 -0.015015 0.000000 0.000000 0.025121 6.271931 -1.933901 -4.817211 0.000000 0.000000 0.481966 0.000000 0.000000 -0.004083 0.000000 0.000000 -0.000628 -1.013052 -2.505694 -6.799366 0.000000 0.000000 0.479930 0.000000 0.000000 0.003389 0.000000 0.000000 -0.007978 -3.109834 -2.403556 -3.139792 0.000035 0.004242 0.480870 0.000001 -0.004242 0.042897 0.000000 0.000000 0.013196 -4.610124 -2.491975 -2.359596 -4.161505 -3.958900 -18.098134 0.000000 0.000000 19.536600 -13.159855 -8.869997 -10.650915 0.000000 0.000000 0.000000 -30.818505 -26.649379 -10.542647 0.000000 0.000000 8.642728 19.631205 -2.218002 1.319619 0.000000 0.000000 -0.000003 
-1.280700 86.444400 -5.795100 13.211272 -1.289021 9.830655 -1.243579 -0.099432 -5.003376 -6.355224 0.352047 3.608701 -7.420470 -7.839736 -1.887747 -6.290749 4.255550 30.769895 5.897157 7.026785 -5.312074 0.000000 0.000000 0.000000 -26.844086 35.131443 -0.042910 -20.971012 -30.003268 55.846208 -180.000000 -69.407097 180.000000 0.080479 -0.005239 -0.988820 0.000000 0.000000 0.607176 0.005215 0.000010 -0.110703 -0.012689 0.000454 -0.146434 0.022390 -0.001199 4.934506 0.000000 0.000000 0.746397 0.000014 0.006565 0.122572 -0.000022 -0.014325 0.164521 2.447046 -0.079831 2.056764 0.000000 0.000000 0.740482 -0.000002 0.007173 -0.014980 -0.000004 -0.015017 0.027776 4.260386 -0.094452 1.375350 0.000000 0.000000 0.754839 0.000000 0.009448 0.000229 -0.000006 -0.022452 0.026332 -6.917769 0.291382 2.291170 0.000000 0.000000 0.754038 -0.000001 0.004175 -0.008146 -0.000001 -0.009275 0.012467 0.441624 -0.014543 2.538997 7.074945 3.215630 -0.044838 -93.576669 37.715410 -168.038406 -0.000000 26.033730 -0.000000 -0.080308 0.004629 -0.724563 0.000000 0.000000 0.472622 0.000000 0.000000 0.008252 0.000000 0.000000 -0.001366 -7.969741 -5.107087 -8.050663 0.000000 0.000000 0.467721 0.000000 0.000000 -0.015015 0.000000 0.000000 0.025121 6.271931 -1.933901 -4.817211 0.000000 0.000000 0.481966 0.000000 0.000000 -0.004083 0.000000 0.000000 -0.000628 -1.013052 -2.505694 -6.799366 0.000000 0.000000 0.479930 0.000000 0.000000 0.003389 0.000000 0.000000 -0.007978 -3.109834 -2.403556 -3.139792 0.000035 0.004242 0.480870 0.000001 -0.004242 0.042897 0.000000 0.000000 0.013196 -4.610124 -2.491975 -2.359596 -4.471390 -3.285376 -17.284247 0.000000 0.000000 17.263008 -12.547443 -9.066306 -9.650295 0.000000 0.000000 0.000000 -30.716670 -26.218477 -10.021616 0.000000 0.000000 6.765730 18.807391 -2.965168 1.913007 0.000000 0.000000 -0.000003 
-1.305500 86.597400 -5.870600 13.739083 -0.827225 9.600211 -1.470697 -0.046273 -4.767876 -6.586110 0.435989 3.895144 -7.545406 -8.157611 -1.836647 -5.785611 3.971911 30.864382 5.528340 6.837195 -5.339443 0.000000 0.000000 0.000000 -26.324404 34.794645 -0.047452 -21.212094 -31.018130 56.920667 -180.000000 -70.063599 180.000000 0.080479 -0.005239 -0.988820 0.000000 0.000000 0.607176 0.005215 0.000010 -0.110703 -0.012689 0.000454 -0.146434 0.022390 -0.001199 4.934506 0.000000 0.000000 0.746397 0.000014 0.006565 0.122572 -0.000022 -0.014325 0.164521 2.447046 -0.079831 2.056764 0.000000 0.000000 0.740482 -0.000002 0.007173 -0.014980 -0.000004 -0.015017 0.027776 4.260386 -0.094452 1.375350 0.000000 0.000000 0.754839 0.000000 0.009448 0.000229 -0.000006 -0.022452 0.026332 -6.917769 0.291382 2.291170 0.000000 0.000000 0.754038 -0.000001 0.004175 -0.008146 -0.000001 -0.009275 0.012467 0.441624 -0.014543 2.538997 7.382203 3.160883 -0.045092 -93.930820 37.329676 -168.869924 -0.000000 26.004110 -0.000000 -0.080308 0.004629 -0.724563 0.000000 0.000000 0.472622 0.000000 0.000000 0.008252 0.000000 0.000000 -0.001366 -7.969741 -5.107087 -8.050663 0.000000 0.000000 0.467721 0.000000 0.000000 -0.015015 0.000000 0.000000 0.025121 6.271931 -1.933901 -4.817211 0.000000 0.000000 0.481966 0.000000 0.000000 -0.004083 0.000000 0.000000 -0.000628 -1.013052 -2.505694 -6.799366 0.000000 0.000000 0.479930 0.000000 0.000000 0.003389 0.000000 0.000000 -0.007978 -3.109834 -2.403556 -3.139792 0.000035 0.004242 0.480870 0.000001 -0.004242 0.042897 0.000000 0.000000 0.013196 -4.610124 -2.491975 -2.359596 -4.992298 -3.225685 -16.021214 0.000000 0.000000 15.218569 -12.731758 -9.389082 -8.469469 0.000000 0.000000 0.000000 -31.350165 -26.041309 -8.654089 0.000000 0.000000 5.123471 18.186770 -3.703680 2.507979 0.000000 0.000000 -0.000003 
-1.362200 86.668300 -5.600000 13.960661 -0.563471 9.500240 -1.484613 -0.212418 -4.548177 -6.754461 0.282649 3.841169 -7.707341 -7.701025 -1.531919 -5.249248 3.542102 30.747538 5.800994 5.939122 -5.490601 0.000000 0.000000 0.000000 -26.155009 34.430409 -0.048619 -21.367221 -31.711849 57.965775 -180.000000 -70.666603 180.000000 0.080479 -0.005239 -0.988820 0.000000 0.000000 0.607176 0.005215 0.000010 -0.110703 -0.012689 0.000454 -0.146434 0.022390 -0.001199 4.934506 0.000000 0.000000 0.746397 0.000014 0.006565 0.122572 -0.000022 -0.014325 0.164521 2.447046 -0.079831 2.056764 0.000000 0.000000 0.740482 -0.000002 0.007173 -0.014980 -0.000004 -0.015017 0.027776 4.260386 -0.094452 1.375350 0.000000 0.000000 0.754839 0.000000 0.009448 0.000229 -0.000006 -0.022452 0.026332 -6.917769 0.291382 2.291170 0.000000 0.000000 0.754038 -0.000001 0.004175 -0.008146 -0.000001 -0.009275 0.012467 0.441624 -0.014543 2.538997 7.646883 3.155197 -0.045659 -94.032379 36.807187 -168.477879 -0.000000 25.803200 -0.000000 -0.080308 0.004629 -0.724563 0.000000 0.000000 0.472622 0.000000 0.000000 0.008252 0.000000 0.000000 -0.001366 -7.969741 -5.107087 -8.050663 0.000000 0.000000 0.467721 0.000000 0.000000 -0.015015 0.000000 0.000000 0.025121 6.271931 -1.933901 -4.817211 0.000000 0.000000 0.481966 0.000000 0.000000 -0.004083 0.000000 0.000000 -0.000628 -1.013052 -2.505694 -6.799366 0.000000 0.000000 0.479930 0.000000 0.000000 0.003389 0.000000 0.000000 -0.007978 -3.109834 -2.403556 -3.139792 0.000035 0.004242 0.480870 0.000001 -0.004242 0.042897 0.000000 0.000000 0.013196 -4.610124 -2.491975 -2.359596 -5.273522 -2.965266 -15.161513 0.000000 0.000000 14.172197 -12.259545 -9.794692 -8.108586 0.000000 0.000000 0.000000 -31.646067 -25.695072 -7.961331 0.000000 0.000000 4.707319 17.470654 -4.187470 2.376436 0.000000 0.000000 -0.000003 
-1.330400 86.637500 -5.557800 13.859909 -0.266769 9.314652 -1.595580 -0.312583 -4.241978 -6.391013 0.192138 4.166409 -7.573440 -7.504439 -1.566505 -5.244034 3.498814 30.421798 6.008436 5.825188 -6.166543 0.000000 0.000000 0.000000 -26.026467 33.874577 -0.044570 -21.784133 -31.626504 58.810290 -180.000000 -70.645302 180.000000 0.080479 -0.005239 -0.988820 0.000000 0.000000 0.607176 0.005215 0.000010 -0.110703 -0.012689 0.000454 -0.146434 0.022390 -0.001199 4.934506 0.000000 0.000000 0.746397 0.000014 0.006565 0.122572 -0.000022 -0.014325 0.164521 2.447046 -0.079831 2.056764 0.000000 0.000000 0.740482 -0.000002 0.007173 -0.014980 -0.000004 -0.015017 0.027776 4.260386 -0.094452 1.375350 0.000000 0.000000 0.754839 0.000000 0.009448 0.000229 -0.000006 -0.022452 0.026332 -6.917769 0.291382 2.291170 0.000000 0.000000 0.754038 -0.000001 0.004175 -0.008146 -0.000001 -0.009275 0.012467 0.441624 -0.014543 2.538997 7.956528 3.205147 -0.046152 -94.173832 36.194886 -167.484905 -0.000000 25.221359 -0.000000 -0.080308 0.004629 -0.724563 0.000000 0.000000 0.472622 0.000000 0.000000 0.008252 0.000000 0.000000 -0.001366 -7.969741 -5.107087 -8.050663 0.000000 0.000000 0.467721 0.000000 0.000000 -0.015015 0.000000 0.000000 0.025121 6.271931 -1.933901 -4.817211 0.000000 0.000000 0.481966 0.000000 0.000000 -0.004083 0.000000 0.000000 -0.000628 -1.013052 -2.505694 -6.799366 0.000000 0.000000 0.479930 0.000000 0.000000 0.003389 0.000000 0.000000 -0.007978 -3.109834 -2.403556 -3.139792 0.000035 0.004242 0.480870 0.000001 -0.004242 0.042897 0.000000 0.000000 0.013196 -4.610124 -2.491975 -2.359596 -5.222277 -2.672454 -15.180589 0.000000 0.000000 14.620362 -12.231032 -10.392346 -8.192869 0.000000 0.000000 0.000000 -31.693728 -25.281066 -7.934031 0.000000 0.000000 5.414207 17.148872 -4.584784 1.886397 0.000000 0.000000 -0.000003 
-1.307300 86.446000 -6.090900 13.866534 0.256183 9.884023 -1.663223 0.040338 -3.557609 -6.187973 0.457242 3.185576 -7.633957 -8.371093 -2.207758 -4.449107 3.048224 31.097470 5.631678 6.253295 -5.321738 0.000000 0.000000 0.000000 -25.661849 33.164913 -0.040466 -22.719535 -30.973995 59.565921 -180.000000 -70.251602 180.000000 0.080479 -0.005239 -0.988820 0.000000 0.000000 0.607176 0.005215 0.000010 -0.110703 -0.012689 0.000454 -0.146434 0.022390 -0.001199 4.934506 0.000000 0.000000 0.746397 0.000014 0.006565 0.122572 -0.000022 -0.014325 0.164521 2.447046 -0.079831 2.056764 0.000000 0.000000 0.740482 -0.000002 0.007173 -0.014980 -0.000004 -0.015017 0.027776 4.260386 -0.094452 1.375350 0.000000 0.000000 0.754839 0.000000 0.009448 0.000229 -0.000006 -0.022452 0.026332 -6.917769 0.291382 2.291170 0.000000 0.000000 0.754038 -0.000001 0.004175 -0.008146 -0.000001 -0.009275 0.012467 0.441624 -0.014543 2.538997 8.462105 3.251525 -0.045541 -94.423323 35.732032 -166.541888 -0.000000 24.677830 -0.000000 -0.080308 0.004629 -0.724563 0.000000 0.000000 0.472622 0.000000 0.000000 0.008252 0.000000 0.000000 -0.001366 -7.969741 -5.107087 -8.050663 0.000000 0.000000 0.467721 0.000000 0.000000 -0.015015 0.000000 0.000000 0.025121 6.271931 -1.933901 -4.817211 0.000000 0.000000 0.481966 0.000000 0.000000 -0.004083 0.000000 0.000000 -0.000628 -1.013052 -2.505694 -6.799366 0.000000 0.000000 0.479930 0.000000 0.000000 0.003389 0.000000 0.000000 -0.007978 -3.109834 -2.403556 -3.139792 0.000035 0.004242 0.480870 0.000001 -0.004242 0.042897 0.000000 0.000000 0.013196 -4.610124 -2.491975 -2.359596 -5.127186 -2.695835 -17.161316 0.000000 0.000000 16.569267 -12.602891 -11.120640 -8.477958 0.000000 0.000000 0.000000 -31.862685 -25.462944 -9.164438 0.000000 0.000000 6.970926 20.353930 -5.061500 1.061665 0.000000 0.000000 -0.000003 
-1.203100 86.197600 -6.487400 14.121200 0.467635 10.783005 -2.508735 -0.309199 -3.704542 -5.716541 0.078451 2.500946 -7.357910 -7.010068 -2.627626 -3.818525 2.666763 31.947396 5.954520 4.487531 -5.568308 0.000000 0.000000 0.000000 -25.250918 32.461531 -0.042562 -23.785714 -30.426675 60.368234 -180.000000 -70.018799 180.000000 0.080479 -0.005239 -0.988820 0.000000 0.000000 0.607176 0.005215 0.000010 -0.110703 -0.012689 0.000454 -0.146434 0.022390 -0.001199 4.934506 0.000000 0.000000 0.746397 0.000014 0.006565 0.122572 -0.000022 -0.014325 0.164521 2.447046 -0.079831 2.056764 0.000000 0.000000 0.740482 -0.000002 0.007173 -0.014980 -0.000004 -0.015017 0.027776 4.260386 -0.094452 1.375350 0.000000 0.000000 0.754839 0.000000 0.009448 0.000229 -0.000006 -0.022452 0.026332 -6.917769 0.291382 2.291170 0.000000 0.000000 0.754038 -0.000001 0.004175 -0.008146 -0.000001 -0.009275 0.012467 0.441624 -0.014543 2.538997 9.088114 3.230636 -0.044970 -94.754363 35.516186 -166.007509 -0.000000 24.827141 -0.000000 -0.080308 0.004629 -0.724563 0.000000 0.000000 0.472622 0.000000 0.000000 0.008252 0.000000 0.000000 -0.001366 -7.969741 -5.107087 -8.050663 0.000000 0.000000 0.467721 0.000000 0.000000 -0.015015 0.000000 0.000000 0.025121 6.271931 -1.933901 -4.817211 0.000000 0.000000 0.481966 0.000000 0.000000 -0.004083 0.000000 0.000000 -0.000628 -1.013052 -2.505694 -6.799366 0.000000 0.000000 0.479930 0.000000 0.000000 0.003389 0.000000 0.000000 -0.007978 -3.109834 -2.403556 -3.139792 0.000035 0.004242 0.480870 0.000001 -0.004242 0.042897 0.000000 0.000000 0.013196 -4.610124 -2.491975 -2.359596 -5.321174 -2.474327 -19.341803 0.000000 0.000000 18.439741 -13.453273 -11.944177 -8.726631 0.000000 0.000000 0.000000 -32.189807 -25.611519 -11.028802 0.000000 0.000000 9.017528 23.289412 -5.343160 -0.049839 0.000000 0.000000 -0.000003 
-1.208400 86.137200 -6.508900 14.065766 0.458620 10.667426 -2.636090 -0.279793 -3.362229 -5.677696 0.125320 2.612429 -7.385586 -6.963721 -2.618176 -3.575661 2.492382 31.919682 6.117037 4.281552 -5.520053 0.000000 0.000000 0.000000 -25.068142 31.944738 -0.046928 -24.486408 -30.373870 61.081356 -180.000000 -70.057701 180.000000 0.080479 -0.005239 -0.988820 0.000000 0.000000 0.607176 0.005215 0.000010 -0.110703 -0.012689 0.000454 -0.146434 0.022390 -0.001199 4.934506 0.000000 0.000000 0.746397 0.000014 0.006565 0.122572 -0.000022 -0.014325 0.164521 2.447046 -0.079831 2.056764 0.000000 0.000000 0.740482 -0.000002 0.007173 -0.014980 -0.000004 -0.015017 0.027776 4.260386 -0.094452 1.375350 0.000000 0.000000 0.754839 0.000000 0.009448 0.000229 -0.000006 -0.022452 0.026332 -6.917769 0.291382 2.291170 0.000000 0.000000 0.754038 -0.000001 0.004175 -0.008146 -0.000001 -0.009275 0.012467 0.441624 -0.014543 2.538997 9.748652 3.226613 -0.045433 -95.336907 35.296581 -165.788905 -0.000000 25.498590 -0.000000 -0.080308 0.004629 -0.724563 0.000000 0.000000 0.472622 0.000000 0.000000 0.008252 0.000000 0.000000 -0.001366 -7.969741 -5.107087 -8.050663 0.000000 0.000000 0.467721 0.000000 0.000000 -0.015015 0.000000 0.000000 0.025121 6.271931 -1.933901 -4.817211 0.000000 0.000000 0.481966 0.000000 0.000000 -0.004083 0.000000 0.000000 -0.000628 -1.013052 -2.505694 -6.799366 0.000000 0.000000 0.479930 0.000000 0.000000 0.003389 0.000000 0.000000 -0.007978 -3.109834 -2.403556 -3.139792 0.000035 0.004242 0.480870 0.000001 -0.004242 0.042897 0.000000 0.000000 0.013196 -4.610124 -2.491975 -2.359596 -5.366518 -1.896678 -19.542545 0.000000 0.000000 19.015729 -13.231032 -12.527197 -8.876330 0.000000 0.000000 0.000000 -32.192124 -24.983706 -11.693858 0.000000 0.000000 10.408337 22.976503 -5.598491 -0.808579 0.000000 0.000000 -0.000003 
-1.344800 86.060200 -6.545600 13.891063 0.560825 10.512786 -2.521573 -0.072220 -3.208225 -5.806363 0.343595 2.836282 -7.315477 -7.234689 -2.249849 -3.467723 2.413138 31.806443 5.816398 4.340003 -5.375860 0.000000 0.000000 0.000000 -25.129275 31.636655 -0.048683 -24.816534 -30.672793 61.618199 -180.000000 -70.255898 180.000000 0.080479 -0.005239 -0.988820 0.000000 0.000000 0.607176 0.005215 0.000010 -0.110703 -0.012689 0.000454 -0.146434 0.022390 -0.001199 4.934506 0.000000 0.000000 0.746397 0.000014 0.006565 0.122572 -0.000022 -0.014325 0.164521 2.447046 -0.079831 2.056764 0.000000 0.000000 0.740482 -0.000002 0.007173 -0.014980 -0.000004 -0.015017 0.027776 4.260386 -0.094452 1.375350 0.000000 0.000000 0.754839 0.000000 0.009448 0.000229 -0.000006 -0.022452 0.026332 -6.917769 0.291382 2.291170 0.000000 0.000000 0.754038 -0.000001 0.004175 -0.008146 -0.000001 -0.009275 0.012467 0.441624 -0.014543 2.538997 10.336249 3.269218 -0.045596 -96.152540 34.866319 -165.651693 -0.000000 26.148270 -0.000000 -0.080308 0.004629 -0.724563 0.000000 0.000000 0.472622 0.000000 0.000000 0.008252 0.000000 0.000000 -0.001366 -7.969741 -5.107087 -8.050663 0.000000 0.000000 0.467721 0.000000 0.000000 -0.015015 0.000000 0.000000 0.025121 6.271931 -1.933901 -4.817211 0.000000 0.000000 0.481966 0.000000 0.000000 -0.004083 0.000000 0.000000 -0.000628 -1.013052 -2.505694 -6.799366 0.000000 0.000000 0.479930 0.000000 0.000000 0.003389 0.000000 0.000000 -0.007978 -3.109834 -2.403556 -3.139792 0.000035 0.004242 0.480870 0.000001 -0.004242 0.042897 0.000000 0.000000 0.013196 -4.610124 -2.491975 -2.359596 -4.957979 -2.477672 -19.725836 0.000000 0.000000 19.574754 -13.645005 -12.106607 -9.172459 0.000000 0.000000 0.000000 -32.132166 -24.416565 -11.971720 0.000000 0.000000 11.375337 23.731126 -5.897332 -1.538678 0.000000 0.000000 -0.000003 
-1.431600 86.036100 -6.548500 13.471400 0.608875 10.171406 -2.346146 -0.024229 -2.884261 -5.678862 0.393850 3.095572 -7.168702 -7.413816 -2.005775 -3.615265 2.518222 31.699772 5.790784 4.096656 -5.151533 0.000000 0.000000 0.000000 -25.345600 31.477479 -0.048667 -24.864131 -30.991338 61.965394 -180.000000 -70.402802 180.000000 0.080479 -0.005239 -0.988820 0.000000 0.000000 0.607176 0.005215 0.000010 -0.110703 -0.012689 0.000454 -0.146434 0.022390 -0.001199 4.934506 0.000000 0.000000 0.746397 0.000014 0.006565 0.122572 -0.000022 -0.014325 0.164521 2.447046 -0.079831 2.056764 0.000000 0.000000 0.740482 -0.000002 0.007173 -0.014980 -0.000004 -0.015017 0.027776 4.260386 -0.094452 1.375350 0.000000 0.000000 0.754839 0.000000 0.009448 0.000229 -0.000006 -0.022452 0.026332 -6.917769 0.291382 2.291170 0.000000 0.000000 0.754038 -0.000001 0.004175 -0.008146 -0.000001 -0.009275 0.012467 0.441624 -0.014543 2.538997 10.713043 3.327052 -0.045318 -96.874273 34.272567 -165.476586 -0.000000 26.526760 -0.000000 -0.080308 0.004629 -0.724563 0.000000 0.000000 0.472622 0.000000 0.000000 0.008252 0.000000 0.000000 -0.001366 -7.969741 -5.107087 -8.050663 0.000000 0.000000 0.467721 0.000000 0.000000 -0.015015 0.000000 0.000000 0.025121 6.271931 -1.933901 -4.817211 0.000000 0.000000 0.481966 0.000000 0.000000 -0.004083 0.000000 0.000000 -0.000628 -1.013052 -2.505694 -6.799366 0.000000 0.000000 0.479930 0.000000 0.000000 0.003389 0.000000 0.000000 -0.007978 -3.109834 -2.403556 -3.139792 0.000035 0.004242 0.480870 0.000001 -0.004242 0.042897 0.000000 0.000000 0.013196 -4.610124 -2.491975 -2.359596 -4.434779 -2.596228 -19.612697 0.000000 0.000000 19.967840 -13.942888 -12.014915 -9.345557 0.000000 0.000000 0.000000 -31.793772 -23.669956 -11.863710 0.000000 0.000000 11.747780 23.515110 -6.324033 -1.913776 0.000000 0.000000 -0.000003 
-1.435000 86.019400 -6.634400 13.215895 0.757515 10.139726 -2.283979 -0.104015 -2.733694 -5.513863 0.303796 3.156276 -7.251059 -7.311627 -1.972080 -3.421993 2.404471 32.061688 5.706122 3.645924 -5.273941 0.000000 0.000000 0.000000 -25.575356 31.425449 -0.048088 -24.776827 -31.140987 62.159773 -180.000000 -70.406799 180.000000 0.080479 -0.005239 -0.988820 0.000000 0.000000 0.607176 0.005215 0.000010 -0.110703 -0.012689 0.000454 -0.146434 0.022390 -0.001199 4.934506 0.000000 0.000000 0.746397 0.000014 0.006565 0.122572 -0.000022 -0.014325 0.164521 2.447046 -0.079831 2.056764 0.000000 0.000000 0.740482 -0.000002 0.007173 -0.014980 -0.000004 -0.015017 0.027776 4.260386 -0.094452 1.375350 0.000000 0.000000 0.754839 0.000000 0.009448 0.000229 -0.000006 -0.022452 0.026332 -6.917769 0.291382 2.291170 0.000000 0.000000 0.754038 -0.000001 0.004175 -0.008146 -0.000001 -0.009275 0.012467 0.441624 -0.014543 2.538997 10.843399 3.366962 -0.044967 -97.336307 33.640636 -165.263668 -0.000000 26.625910 -0.000000 -0.080308 0.004629 -0.724563 0.000000 0.000000 0.472622 0.000000 0.000000 0.008252 0.000000 0.000000 -0.001366 -7.969741 -5.107087 -8.050663 0.000000 0.000000 0.467721 0.000000 0.000000 -0.015015 0.000000 0.000000 0.025121 6.271931 -1.933901 -4.817211 0.000000 0.000000 0.481966 0.000000 0.000000 -0.004083 0.000000 0.000000 -0.000628 -1.013052 -2.505694 -6.799366 0.000000 0.000000 0.479930 0.000000 0.000000 0.003389 0.000000 0.000000 -0.007978 -3.109834 -2.403556 -3.139792 0.000035 0.004242 0.480870 0.000001 -0.004242 0.042897 0.000000 0.000000 0.013196 -4.610124 -2.491975 -2.359596 -4.126475 -2.650149 -19.797729 0.000000 0.000000 20.232344 -14.284371 -12.122182 -9.315659 0.000000 0.000000 0.000000 -31.589653 -23.189948 -11.742126 0.000000 0.000000 11.632581 23.636073 -6.859631 -2.053021 0.000000 0.000000 -0.000003 
-1.453500 85.995800 -6.690400 13.029644 0.797404 10.102963 -2.279861 -0.063965 -2.599911 -5.496232 0.349311 3.290528 -7.100524 -7.626175 -1.778904 -3.488553 2.424227 31.726990 5.784468 3.938174 -5.185995 0.000000 0.000000 0.000000 -25.750670 31.490840 -0.047897 -24.686529 -31.192618 62.305210 -180.000000 -70.352699 180.000000 0.080479 -0.005239 -0.988820 0.000000 0.000000 0.607176 0.005215 0.000010 -0.110703 -0.012689 0.000454 -0.146434 0.022390 -0.001199 4.934506 0.000000 0.000000 0.746397 0.000014 0.006565 0.122572 -0.000022 -0.014325 0.164521 2.447046 -0.079831 2.056764 0.000000 0.000000 0.740482 -0.000002 0.007173 -0.014980 -0.000004 -0.015017 0.027776 4.260386 -0.094452 1.375350 0.000000 0.000000 0.754839 0.000000 0.009448 0.000229 -0.000006 -0.022452 0.026332 -6.917769 0.291382 2.291170 0.000000 0.000000 0.754038 -0.000001 0.004175 -0.008146 -0.000001 -0.009275 0.012467 0.441624 -0.014543 2.538997 10.838189 3.395899 -0.044865 -97.678625 33.076586 -165.113969 -0.000000 26.574190 -0.000000 -0.080308 0.004629 -0.724563 0.000000 0.000000 0.472622 0.000000 0.000000 0.008252 0.000000 0.000000 -0.001366 -7.969741 -5.107087 -8.050663 0.000000 0.000000 0.467721 0.000000 0.000000 -0.015015 0.000000 0.000000 0.025121 6.271931 -1.933901 -4.817211 0.000000 0.000000 0.481966 0.000000 0.000000 -0.004083 0.000000 0.000000 -0.000628 -1.013052 -2.505694 -6.799366 0.000000 0.000000 0.479930 0.000000 0.000000 0.003389 0.000000 0.000000 -0.007978 -3.109834 -2.403556 -3.139792 0.000035 0.004242 0.480870 0.000001 -0.004242 0.042897 0.000000 0.000000 0.013196 -4.610124 -2.491975 -2.359596 -3.920859 -2.591447 -19.969387 0.000000 0.000000 20.535922 -14.383749 -12.222812 -9.376604 0.000000 0.000000 0.000000 -31.480159 -22.629525 -11.663397 0.000000 0.000000 11.554727 24.034150 -7.371910 -2.260605 0.000000 0.000000 -0.000003 
-1.425500 85.897800 -6.786400 12.919893 0.747035 10.176307 -2.251676 -0.096594 -2.506759 -5.528998 0.316277 3.298562 -7.157951 -7.688092 -1.641827 -3.301715 2.274173 31.524369 6.004306 3.699545 -5.199353 0.000000 0.000000 0.000000 -25.826225 31.599787 -0.048108 -24.696248 -31.192392 62.515185 -180.000000 -70.330002 180.000000 0.080479 -0.005239 -0.988820 0.000000 0.000000 0.607176 0.005215 0.000010 -0.110703 -0.012689 0.000454 -0.146434 0.022390 -0.001199 4.934506 0.000000 0.000000 0.746397 0.000014 0.006565 0.122572 -0.000022 -0.014325 0.164521 2.447046 -0.079831 2.056764 0.000000 0.000000 0.740482 -0.000002 0.007173 -0.014980 -0.000004 -0.015017 0.027776 4.260386 -0.094452 1.375350 0.000000 0.000000 0.754839 0.000000 0.009448 0.000229 -0.000006 -0.022452 0.026332 -6.917769 0.291382 2.291170 0.000000 0.000000 0.754038 -0.000001 0.004175 -0.008146 -0.000001 -0.009275 0.012467 0.441624 -0.014543 2.538997 10.842998 3.397447 -0.044790 -98.040060 32.824920 -165.383679 -0.000000 26.836691 -0.000000 -0.080308 0.004629 -0.724563 0.000000 0.000000 0.472622 0.000000 0.000000 0.008252 0.000000 0.000000 -0.001366 -7.969741 -5.107087 -8.050663 0.000000 0.000000 0.467721 0.000000 0.000000 -0.015015 0.000000 0.000000 0.025121 6.271931 -1.933901 -4.817211 0.000000 0.000000 0.481966 0.000000 0.000000 -0.004083 0.000000 0.000000 -0.000628 -1.013052 -2.505694 -6.799366 0.000000 0.000000 0.479930 0.000000 0.000000 0.003389 0.000000 0.000000 -0.007978 -3.109834 -2.403556 -3.139792 0.000035 0.004242 0.480870 0.000001 -0.004242 0.042897 0.000000 0.000000 0.013196 -4.610124 -2.491975 -2.359596 -3.689326 -2.807617 -20.457306 0.000000 0.000000 21.146466 -15.274711 -12.139616 -9.490708 0.000000 0.000000 0.000000 -31.517013 -22.068147 -11.925427 0.000000 0.000000 11.858496 25.112577 -7.797886 -2.688781 0.000000 0.000000 -0.000003 
-1.457000 85.852900 -6.900600 12.730065 0.542484 10.373295 -2.098798 -0.184726 -2.514626 -5.540146 0.215821 3.195792 -7.267395 -7.418882 -1.631588 -3.102638 2.126337 31.506979 6.095571 3.481672 -5.103221 0.000000 0.000000 0.000000 -25.809054 31.639716 -0.048087 -24.831485 -31.136217 62.822058 -180.000000 -70.308296 180.000000 0.080479 -0.005239 -0.988820 0.000000 0.000000 0.607176 0.005215 0.000010 -0.110703 -0.012689 0.000454 -0.146434 0.022390 -0.001199 4.934506 0.000000 0.000000 0.746397 0.000014 0.006565 0.122572 -0.000022 -0.014325 0.164521 2.447046 -0.079831 2.056764 0.000000 0.000000 0.740482 -0.000002 0.007173 -0.014980 -0.000004 -0.015017 0.027776 4.260386 -0.094452 1.375350 0.000000 0.000000 0.754839 0.000000 0.009448 0.000229 -0.000006 -0.022452 0.026332 -6.917769 0.291382 2.291170 0.000000 0.000000 0.754038 -0.000001 0.004175 -0.008146 -0.000001 -0.009275 0.012467 0.441624 -0.014543 2.538997 10.911870 3.377606 -0.044854 -98.487227 32.952193 -166.180014 -0.000000 27.545441 -0.000000 -0.080308 0.004629 -0.724563 0.000000 0.000000 0.472622 0.000000 0.000000 0.008252 0.000000 0.000000 -0.001366 -7.969741 -5.107087 -8.050663 0.000000 0.000000 0.467721 0.000000 0.000000 -0.015015 0.000000 0.000000 0.025121 6.271931 -1.933901 -4.817211 0.000000 0.000000 0.481966 0.000000 0.000000 -0.004083 0.000000 0.000000 -0.000628 -1.013052 -2.505694 -6.799366 0.000000 0.000000 0.479930 0.000000 0.000000 0.003389 0.000000 0.000000 -0.007978 -3.109834 -2.403556 -3.139792 0.000035 0.004242 0.480870 0.000001 -0.004242 0.042897 0.000000 0.000000 0.013196 -4.610124 -2.491975 -2.359596 -3.438450 -2.867971 -20.968433 0.000000 0.000000 21.575977 -15.457704 -11.926114 -9.674229 0.000000 0.000000 0.000000 -31.295311 -21.426469 -12.460934 0.000000 0.000000 12.152724 25.500480 -8.247897 -3.026612 0.000000 0.000000 -0.000003 
-1.493600 85.851400 -6.958800 12.530103 0.225171 10.384003 -2.061487 -0.147855 -2.501748 -5.467945 0.250000 3.227576 -7.105638 -7.328402 -1.575917 -3.110561 2.136318 31.559691 5.762280 3.580058 -4.998381 0.000000 0.000000 0.000000 -25.725162 31.567546 -0.047963 -25.065299 -31.063662 63.223275 -180.000000 -70.202400 180.000000 0.080479 -0.005239 -0.988820 0.000000 0.000000 0.607176 0.005215 0.000010 -0.110703 -0.012689 0.000454 -0.146434 0.022390 -0.001199 4.934506 0.000000 0.000000 0.746397 0.000014 0.006565 0.122572 -0.000022 -0.014325 0.164521 2.447046 -0.079831 2.056764 0.000000 0.000000 0.740482 -0.000002 0.007173 -0.014980 -0.000004 -0.015017 0.027776 4.260386 -0.094452 1.375350 0.000000 0.000000 0.754839 0.000000 0.009448 0.000229 -0.000006 -0.022452 0.026332 -6.917769 0.291382 2.291170 0.000000 0.000000 0.754038 -0.000001 0.004175 -0.008146 -0.000001 -0.009275 0.012467 0.441624 -0.014543 2.538997 11.011172 3.376138 -0.044841 -99.007873 33.281905 -167.271484 -0.000000 28.398991 -0.000000 -0.080308 0.004629 -0.724563 0.000000 0.000000 0.472622 0.000000 0.000000 0.008252 0.000000 0.000000 -0.001366 -7.969741 -5.107087 -8.050663 0.000000 0.000000 0.467721 0.000000 0.000000 -0.015015 0.000000 0.000000 0.025121 6.271931 -1.933901 -4.817211 0.000000 0.000000 0.481966 0.000000 0.000000 -0.004083 0.000000 0.000000 -0.000628 -1.013052 -2.505694 -6.799366 0.000000 0.000000 0.479930 0.000000 0.000000 0.003389 0.000000 0.000000 -0.007978 -3.109834 -2.403556 -3.139792 0.000035 0.004242 0.480870 0.000001 -0.004242 0.042897 0.000000 0.000000 0.013196 -4.610124 -2.491975 -2.359596 -3.256860 -2.864928 -21.155934 0.000000 0.000000 21.850303 -15.075036 -11.559737 -9.960072 0.000000 0.000000 0.000000 -31.058184 -20.591968 -12.863184 0.000000 0.000000 12.389037 25.256000 -8.730633 -3.268328 0.000000 0.000000 -0.000003 
-1.470000 85.746400 -7.018000 12.478795 -0.107840 10.139535 -1.986026 -0.097482 -2.334269 -5.444880 0.308874 3.358874 -7.203370 -7.269046 -1.528810 -3.176313 2.202697 31.753838 5.676631 3.481877 -4.928081 0.000000 0.000000 0.000000 -25.636914 31.420126 -0.047942 -25.227331 -31.054787 63.679348 -180.000000 -69.930496 180.000000 0.080479 -0.005239 -0.988820 0.000000 0.000000 0.607176 0.005215 0.000010 -0.110703 -0.012689 0.000454 -0.146434 0.022390 -0.001199 4.934506 0.000000 0.000000 0.746397 0.000014 0.006565 0.122572 -0.000022 -0.014325 0.164521 2.447046 -0.079831 2.056764 0.000000 0.000000 0.740482 -0.000002 0.007173 -0.014980 -0.000004 -0.015017 0.027776 4.260386 -0.094452 1.375350 0.000000 0.000000 0.754839 0.000000 0.009448 0.000229 -0.000006 -0.022452 0.026332 -6.917769 0.291382 2.291170 0.000000 0.000000 0.754038 -0.000001 0.004175 -0.008146 -0.000001 -0.009275 0.012467 0.441624 -0.014543 2.538997 11.127749 3.397116 -0.044901 -99.558227 33.623336 -168.409477 -0.000000 29.102530 -0.000000 -0.080308 0.004629 -0.724563 0.000000 0.000000 0.472622 0.000000 0.000000 0.008252 0.000000 0.000000 -0.001366 -7.969741 -5.107087 -8.050663 0.000000 0.000000 0.467721 0.000000 0.000000 -0.015015 0.000000 0.000000 0.025121 6.271931 -1.933901 -4.817211 0.000000 0.000000 0.481966 0.000000 0.000000 -0.004083 0.000000 0.000000 -0.000628 -1.013052 -2.505694 -6.799366 0.000000 0.000000 0.479930 0.000000 0.000000 0.003389 0.000000 0.000000 -0.007978 -3.109834 -2.403556 -3.139792 0.000035 0.004242 0.480870 0.000001 -0.004242 0.042897 0.000000 0.000000 0.013196 -4.610124 -2.491975 -2.359596 -3.116026 -3.289172 -21.346674 0.000000 0.000000 22.581532 -15.476732 -10.956932 -10.424747 0.000000 0.000000 0.000000 -31.269645 -19.630807 -13.000105 0.000000 0.000000 12.758411 26.376156 -9.114340 -3.768380 0.000000 0.000000 -0.000003 
-1.424500 85.608400 -6.963400 12.601398 -0.478745 9.804361 -1.976820 -0.048128 -2.020055 -5.548237 0.371748 3.405616 -7.306744 -7.147206 -1.482975 -3.207818 2.236086 31.909948 5.538379 3.991126 -4.910779 0.000000 0.000000 0.000000 -25.639200 31.260603 -0.048188 -25.194324 -31.107213 64.167094 -180.000000 -69.559998 180.000000 0.080479 -0.005239 -0.988820 0.000000 0.000000 0.607176 0.005215 0.000010 -0.110703 -0.012689 0.000454 -0.146434 0.022390 -0.001199 4.934506 0.000000 0.000000 0.746397 0.000014 0.006565 0.122572 -0.000022 -0.014325 0.164521 2.447046 -0.079831 2.056764 0.000000 0.000000 0.740482 -0.000002 0.007173 -0.014980 -0.000004 -0.015017 0.027776 4.260386 -0.094452 1.375350 0.000000 0.000000 0.754839 0.000000 0.009448 0.000229 -0.000006 -0.022452 0.026332 -6.917769 0.291382 2.291170 0.000000 0.000000 0.754038 -0.000001 0.004175 -0.008146 -0.000001 -0.009275 0.012467 0.441624 -0.014543 2.538997 11.258121 3.415519 -0.044861 -100.098633 33.865278 -169.409995 -0.000000 29.541380 -0.000000 -0.080308 0.004629 -0.724563 0.000000 0.000000 0.472622 0.000000 0.000000 0.008252 0.000000 0.000000 -0.001366 -7.969741 -5.107087 -8.050663 0.000000 0.000000 0.467721 0.000000 0.000000 -0.015015 0.000000 0.000000 0.025121 6.271931 -1.933901 -4.817211 0.000000 0.000000 0.481966 0.000000 0.000000 -0.004083 0.000000 0.000000 -0.000628 -1.013052 -2.505694 -6.799366 0.000000 0.000000 0.479930 0.000000 0.000000 0.003389 0.000000 0.000000 -0.007978 -3.109834 -2.403556 -3.139792 0.000035 0.004242 0.480870 0.000001 -0.004242 0.042897 0.000000 0.000000 0.013196 -4.610124 -2.491975 -2.359596 -3.122290 -3.852919 -21.364996 0.000000 0.000000 23.303228 -16.186774 -10.290377 -10.967669 0.000000 0.000000 0.000000 -31.774862 -18.614283 -12.951214 0.000000 0.000000 13.123057 28.049482 -9.413834 -4.435080 0.000000 0.000000 -0.000003 
-1.433100 85.702900 -6.962000 12.539580 -1.024035 9.882277 -1.914856 -0.094264 -2.175518 -5.576462 0.323200 3.377394 -7.232452 -6.635276 -1.514252 -3.371410 2.364994 32.024837 5.359129 4.170876 -4.715190 0.000000 0.000000 0.000000 -25.738629 31.149293 -0.048238 -25.080826 -31.160479 64.700463 -180.000000 -69.283302 180.000000 0.080479 -0.005239 -0.988820 0.000000 0.000000 0.607176 0.005215 0.000010 -0.110703 -0.012689 0.000454 -0.146434 0.022390 -0.001199 4.934506 0.000000 0.000000 0.746397 0.000014 0.006565 0.122572 -0.000022 -0.014325 0.164521 2.447046 -0.079831 2.056764 0.000000 0.000000 0.740482 -0.000002 0.007173 -0.014980 -0.000004 -0.015017 0.027776 4.260386 -0.094452 1.375350 0.000000 0.000000 0.754839 0.000000 0.009448 0.000229 -0.000006 -0.022452 0.026332 -6.917769 0.291382 2.291170 0.000000 0.000000 0.754038 -0.000001 0.004175 -0.008146 -0.000001 -0.009275 0.012467 0.441624 -0.014543 2.538997 11.365323 3.426252 -0.044787 -100.540802 33.987254 -170.145603 -0.000000 29.763479 -0.000000 -0.080308 0.004629 -0.724563 0.000000 0.000000 0.472622 0.000000 0.000000 0.008252 0.000000 0.000000 -0.001366 -7.969741 -5.107087 -8.050663 0.000000 0.000000 0.467721 0.000000 0.000000 -0.015015 0.000000 0.000000 0.025121 6.271931 -1.933901 -4.817211 0.000000 0.000000 0.481966 0.000000 0.000000 -0.004083 0.000000 0.000000 -0.000628 -1.013052 -2.505694 -6.799366 0.000000 0.000000 0.479930 0.000000 0.000000 0.003389 0.000000 0.000000 -0.007978 -3.109834 -2.403556 -3.139792 0.000035 0.004242 0.480870 0.000001 -0.004242 0.042897 0.000000 0.000000 0.013196 -4.610124 -2.491975 -2.359596 -3.195343 -3.568217 -21.209581 0.000000 0.000000 22.913236 -15.443845 -9.868398 -11.029731 0.000000 0.000000 0.000000 -31.638011 -17.640345 -13.108874 0.000000 0.000000 12.582321 27.352161 -10.085114 -4.301022 0.000000 0.000000 -0.000003 
-1.430100 85.731300 -6.903900 12.457866 -1.381095 9.935757 -1.839195 -0.061056 -2.229871 -5.570626 0.349304 3.336582 -7.205282 -6.451629 -1.535939 -3.439063 2.418482 32.083632 5.276057 4.298849 -4.759579 0.000000 0.000000 0.000000 -25.885849 31.094642 -0.047926 -24.975573 -31.206127 65.272236 -180.000000 -69.128304 180.000000 0.080479 -0.005239 -0.988820 0.000000 0.000000 0.607176 0.005215 0.000010 -0.110703 -0.012689 0.000454 -0.146434 0.022390 -0.001199 4.934506 0.000000 0.000000 0.746397 0.000014 0.006565 0.122572 -0.000022 -0.014325 0.164521 2.447046 -0.079831 2.056764 0.000000 0.000000 0.740482 -0.000002 0.007173 -0.014980 -0.000004 -0.015017 0.027776 4.260386 -0.094452 1.375350 0.000000 0.000000 0.754839 0.000000 0.009448 0.000229 -0.000006 -0.022452 0.026332 -6.917769 0.291382 2.291170 0.000000 0.000000 0.754038 -0.000001 0.004175 -0.008146 -0.000001 -0.009275 0.012467 0.441624 -0.014543 2.538997 11.434325 3.433116 -0.044775 -100.861809 34.042323 -170.669151 -0.000000 29.899879 -0.000000 -0.080308 0.004629 -0.724563 0.000000 0.000000 0.472622 0.000000 0.000000 0.008252 0.000000 0.000000 -0.001366 -7.969741 -5.107087 -8.050663 0.000000 0.000000 0.467721 0.000000 0.000000 -0.015015 0.000000 0.000000 0.025121 6.271931 -1.933901 -4.817211 0.000000 0.000000 0.481966 0.000000 0.000000 -0.004083 0.000000 0.000000 -0.000628 -1.013052 -2.505694 -6.799366 0.000000 0.000000 0.479930 0.000000 0.000000 0.003389 0.000000 0.000000 -0.007978 -3.109834 -2.403556 -3.139792 0.000035 0.004242 0.480870 0.000001 -0.004242 0.042897 0.000000 0.000000 0.013196 -4.610124 -2.491975 -2.359596 -3.095460 -3.709950 -21.132946 0.000000 0.000000 22.755017 -15.566804 -9.392505 -11.153519 0.000000 0.000000 0.000000 -31.593746 -16.808068 -13.109784 0.000000 0.000000 12.169254 27.322262 -10.657950 -4.378828 0.000000 0.000000 -0.000003 
