HIERARCHY
ROOT hips
{
	OFFSET 0.000000 29.995300 -0.000000
	CHANNELS 6 Xposition Yposition Zposition Zrotation Yrotation Xrotation 
	JOINT Chest
	{
		OFFSET 0.000000 10.123600 0.695200
		CHANNELS 3 Zrotation Yrotation Xrotation
		JOINT Chest2
		{
			OFFSET 0.000000 15.405600 0.012300
			CHANNELS 3 Zrotation Yrotation Xrotation
			JOINT Chest3
			{
				OFFSET 0.000000 11.482400 -0.009100
				CHANNELS 3 Zrotation Yrotation Xrotation
				JOINT Neck
				{
					OFFSET 0.000000 25.678300 -0.023300
					CHANNELS 3 Zrotation Yrotation Xrotation
					JOINT Head
					{
						OFFSET 0.000000 13.458800 0.864200
						CHANNELS 3 Zrotation Yrotation Xrotation
						JOINT Head_End
						{
							OFFSET 0.000000 11.713200 -0.000000
							CHANNELS 3 Zrotation Yrotation Xrotation
							End Site
							{
								OFFSET 0.005000 0.000000 0.000000
							}
						}
					}
				}
				JOINT LeftCollar
				{
					OFFSET 12.227600 21.516500 -0.711700
					CHANNELS 3 Zrotation Yrotation Xrotation
					JOINT LeftShoulder
					{
						OFFSET 10.451400 0.021300 -0.002200
						CHANNELS 3 Zrotation Yrotation Xrotation
						JOINT LeftElbow
						{
							OFFSET 26.123400 0.000000 0.000000
							CHANNELS 3 Zrotation Yrotation Xrotation
							JOINT LeftWrist
							{
								OFFSET 25.245600 0.035600 0.002400
								CHANNELS 3 Zrotation Yrotation Xrotation
								JOINT Middle_00_L
								{
									OFFSET 11.653500 0.000000 0.000000
									CHANNELS 3 Zrotation Yrotation Xrotation
									JOINT Middle_01_L
									{
										OFFSET 4.384300 0.000000 0.000000
										CHANNELS 3 Zrotation Yrotation Xrotation
										JOINT Middle_02_L
										{
											OFFSET 3.470400 -0.000300 0.000000
											CHANNELS 3 Zrotation Yrotation Xrotation
											JOINT Middle_03_L
											{
												OFFSET 2.422200 0.000300 0.000000
												CHANNELS 3 Zrotation Yrotation Xrotation
												End Site
												{
													OFFSET 0.005000 0.000000 0.000000
												}
											}
										}
									}
								}
								JOINT Index_00_L
								{
									OFFSET 11.320700 0.000000 3.214800
									CHANNELS 3 Zrotation Yrotation Xrotation
									JOINT Index_01_L
									{
										OFFSET 3.752500 0.000000 0.000000
										CHANNELS 3 Zrotation Yrotation Xrotation
										JOINT Index_02_L
										{
											OFFSET 2.704900 0.000000 0.000300
											CHANNELS 3 Zrotation Yrotation Xrotation
											JOINT Index_03_L
											{
												OFFSET 2.288400 0.000000 -0.000300
												CHANNELS 3 Zrotation Yrotation Xrotation
												End Site
												{
													OFFSET 0.005000 0.000000 0.000000
												}
											}
										}
									}
								}
								JOINT Thumb_00_L
								{
									OFFSET 2.189000 0.000000 5.112700
									CHANNELS 3 Zrotation Yrotation Xrotation
									JOINT Thumb_01_L
									{
										OFFSET 5.672300 0.000000 0.000000
										CHANNELS 3 Zrotation Yrotation Xrotation
										JOINT Thumb_02_L
										{
											OFFSET 3.353600 0.000000 0.000400
											CHANNELS 3 Zrotation Yrotation Xrotation
											JOINT Thumb_03_L
											{
												OFFSET 3.066600 0.000000 -0.000400
												CHANNELS 3 Zrotation Yrotation Xrotation
												End Site
												{
													OFFSET 0.005000 0.000000 0.000000
												}
											}
										}
									}
								}
								JOINT Ring_00_L
								{
									OFFSET 11.421100 0.000000 -3.087400
									CHANNELS 3 Zrotation Yrotation Xrotation
									JOINT Ring_01_L
									{
										OFFSET 4.107700 0.000000 0.000000
										CHANNELS 3 Zrotation Yrotation Xrotation
										JOINT Ring_02_L
										{
											OFFSET 2.971800 0.000000 0.000500
											CHANNELS 3 Zrotation Yrotation Xrotation
											JOINT Ring_03_L
											{
												OFFSET 2.159200 0.000000 -0.000500
												CHANNELS 3 Zrotation Yrotation Xrotation
												End Site
												{
													OFFSET 0.005000 0.000000 0.000000
												}
											}
										}
									}
								}
								JOINT Little_00_L
								{
									OFFSET 10.838200 0.000000 -5.836000
									CHANNELS 3 Zrotation Yrotation Xrotation
									JOINT Little_01_L
									{
										OFFSET 3.568800 0.000000 0.000000
										CHANNELS 3 Zrotation Yrotation Xrotation
										JOINT Little_02_L
										{
											OFFSET 2.336100 0.000000 0.000200
											CHANNELS 3 Zrotation Yrotation Xrotation
											JOINT Little_03_L
											{
												OFFSET 1.912900 0.000000 -0.000200
												CHANNELS 3 Zrotation Yrotation Xrotation
												End Site
												{
													OFFSET 0.005000 0.000000 0.000000
												}
											}
										}
									}
								}
							}
						}
					}
				}
				JOINT RightCollar
				{
					OFFSET -12.227600 21.516500 -0.711700
					CHANNELS 3 Zrotation Yrotation Xrotation
					JOINT RightShoulder
					{
						OFFSET -10.451300 0.021300 -0.002200
						CHANNELS 3 Zrotation Yrotation Xrotation
						JOINT RightElbow
						{
							OFFSET -26.123400 0.000000 0.000000
							CHANNELS 3 Zrotation Yrotation Xrotation
							JOINT RightWrist
							{
								OFFSET -25.245800 0.035400 0.002000
								CHANNELS 3 Zrotation Yrotation Xrotation
								JOINT Middle_00_R
								{
									OFFSET -11.654000 0.000000 0.000000
									CHANNELS 3 Zrotation Yrotation Xrotation
									JOINT Middle_01_R
									{
										OFFSET -4.408600 0.000000 0.000000
										CHANNELS 3 Zrotation Yrotation Xrotation
										JOINT Middle_02_R
										{
											OFFSET -3.470400 0.000000 0.000000
											CHANNELS 3 Zrotation Yrotation Xrotation
											JOINT Middle_03_R
											{
												OFFSET -2.422200 0.000000 0.000000
												CHANNELS 3 Zrotation Yrotation Xrotation
												End Site
												{
													OFFSET 0.005000 0.000000 0.000000
												}
											}
										}
									}
								}
								JOINT Ring_00_R
								{
									OFFSET -11.459300 0.000000 -3.067300
									CHANNELS 3 Zrotation Yrotation Xrotation
									JOINT Ring_01_R
									{
										OFFSET -4.107700 0.000000 0.000000
										CHANNELS 3 Zrotation Yrotation Xrotation
										JOINT Ring_02_R
										{
											OFFSET -2.971800 0.000000 0.000000
											CHANNELS 3 Zrotation Yrotation Xrotation
											JOINT Ring_03_R
											{
												OFFSET -2.159200 0.000000 0.000000
												CHANNELS 3 Zrotation Yrotation Xrotation
												End Site
												{
													OFFSET 0.005000 0.000000 0.000000
												}
											}
										}
									}
								}
								JOINT Little_00_R
								{
									OFFSET -10.887000 0.000000 -5.818300
									CHANNELS 3 Zrotation Yrotation Xrotation
									JOINT Little_01_R
									{
										OFFSET -3.568800 0.000000 0.000000
										CHANNELS 3 Zrotation Yrotation Xrotation
										JOINT Little_02_R
										{
											OFFSET -2.336100 0.000000 0.000000
											CHANNELS 3 Zrotation Yrotation Xrotation
											JOINT Little_03_R
											{
												OFFSET -1.912900 0.000000 0.000000
												CHANNELS 3 Zrotation Yrotation Xrotation
												End Site
												{
													OFFSET 0.005000 0.000000 0.000000
												}
											}
										}
									}
								}
								JOINT Index_00_R
								{
									OFFSET -11.333200 0.000000 3.234400
									CHANNELS 3 Zrotation Yrotation Xrotation
									JOINT Index_01_R
									{
										OFFSET -3.752500 0.000000 0.000000
										CHANNELS 3 Zrotation Yrotation Xrotation
										JOINT Index_02_R
										{
											OFFSET -2.704900 0.000000 0.000000
											CHANNELS 3 Zrotation Yrotation Xrotation
											JOINT Index_03_R
											{
												OFFSET -2.288400 0.000000 0.000000
												CHANNELS 3 Zrotation Yrotation Xrotation
												End Site
												{
													OFFSET 0.005000 0.000000 0.000000
												}
											}
										}
									}
								}
								JOINT Thumb_00_R
								{
									OFFSET -2.193600 -0.231700 5.095700
									CHANNELS 3 Zrotation Yrotation Xrotation
									JOINT Thumb_01_R
									{
										OFFSET -5.672200 0.231700 0.000000
										CHANNELS 3 Zrotation Yrotation Xrotation
										JOINT Thumb_02_R
										{
											OFFSET -3.353600 0.000000 0.000000
											CHANNELS 3 Zrotation Yrotation Xrotation
											JOINT Thumb_03_R
											{
												OFFSET -3.066500 0.000000 0.000000
												CHANNELS 3 Zrotation Yrotation Xrotation
												End Site
												{
													OFFSET 0.005000 0.000000 0.000000
												}
											}
										}
									}
								}
							}
						}
					}
				}
			}
		}
	}
	JOINT LeftHip
	{
		OFFSET 6.356900 0.000000 0.000000
		CHANNELS 3 Zrotation Yrotation Xrotation
		JOINT LeftKnee
		{
			OFFSET -0.000100 -37.930500 0.000000
			CHANNELS 3 Zrotation Yrotation Xrotation
			JOINT LeftAnkle
			{
				OFFSET -0.000100 -42.440200 -0.085400
				CHANNELS 3 Zrotation Yrotation Xrotation
				JOINT LeftToe
				{
					OFFSET 0.135400 -9.338000 13.882500
					CHANNELS 3 Zrotation Yrotation Xrotation
					End Site
					{
						OFFSET 0.005000 0.000000 0.000000
					}
				}
			}
		}
	}
	JOINT RightHip
	{
		OFFSET -6.356900 0.000000 0.000000
		CHANNELS 3 Zrotation Yrotation Xrotation
		JOINT RightKnee
		{
			OFFSET 0.000100 -37.930500 0.000000
			CHANNELS 3 Zrotation Yrotation Xrotation
			JOINT RightAnkle
			{
				OFFSET 0.000100 -42.440200 -0.085400
				CHANNELS 3 Zrotation Yrotation Xrotation
				JOINT RightToe
				{
					OFFSET -0.135400 -9.338000 13.882500
					CHANNELS 3 Zrotation Yrotation Xrotation
					End Site
					{
						OFFSET 0.005000 0.000000 0.000000
					}
				}
			}
		}
	}
}
MOTION
Frames: 195
Frame Time: 0.041667
0.000000 89.700000 0.000000 0.000000 0.000000 0.000000 -1.426178 3.416631 0.294726 0.441853 -1.689773 -2.598103 -0.189230 -0.493501 4.265280 1.160096 2.356994 -1.007664 -1.684189 -1.016388 1.918802 0.000000 0.000000 0.000000 -19.530506 -3.510622 -0.234207 -46.748444 -8.028347 17.120920 -13.109995 -30.397600 28.683903 -12.472805 12.346145 -24.341287 -42.972243 22.758667 -15.000000 -29.668872 0.000000 0.000000 -22.950677 0.000000 0.000000 0.022390 -0.001199 4.934506 -32.174613 18.735120 -15.000000 -25.991226 0.000000 0.000000 -33.914454 0.000000 0.000000 2.447046 -0.079831 2.056764 -29.352877 -13.022422 120.000000 -25.840234 0.000000 0.000000 15.000000 0.000000 0.000000 4.260386 -0.094452 1.375350 -35.344111 -2.136372 15.000000 -37.668244 0.000000 0.000000 -26.665264 0.000000 0.000000 -6.917769 0.291382 2.291170 -34.890996 6.121664 2.773397 -29.060872 0.000000 0.000000 -28.669130 0.000000 0.000000 0.441624 -0.014543 2.538997 20.709087 6.338062 -1.337346 47.566662 9.145077 17.878410 4.727853 37.260716 14.882652 8.452953 -28.031211 -15.082687 41.367842 -10.255238 -0.287444 38.314993 0.000000 0.000000 26.634683 0.000000 0.000000 -7.969741 -5.107087 -8.050663 39.858676 4.208757 15.000000 46.859352 0.000000 0.000000 30.296392 0.000000 0.000000 6.271931 -1.933901 -4.817211 45.464056 -3.392979 4.135593 34.042324 0.000000 0.000000 33.659138 0.000000 0.000000 -1.013052 -2.505694 -6.799366 39.730571 -17.035813 -15.000000 24.427849 0.000000 0.000000 36.057056 0.000000 0.000000 -3.109834 -2.403556 -3.139792 37.378148 9.435211 120.000000 22.206005 0.000000 0.000000 -15.000000 0.000000 0.000000 -4.610124 -2.491975 -2.359596 0.000000 0.000000 0.000000 0.000000 0.000000 0.000000 0.000000 0.000000 0.000000 0.000000 0.000000 0.000000 0.000000 0.000000 0.000000 0.000000 0.000000 0.000000 0.000000 0.000000 0.000000 0.000000 0.000000 0.000000 
0.000000 89.700000 0.000000 0.000000 0.000000 0.000000 -1.489896 3.304413 0.016139 0.450109 -1.602204 -2.486016 -0.176815 -0.437924 4.266605 1.228329 2.343123 -0.820861 -1.581235 -1.107253 1.617512 0.000000 0.000000 0.000000 -18.861042 -3.545706 -0.379252 -45.622757 -7.941756 16.994704 -14.349897 -32.634624 29.480813 -11.713777 11.916092 -26.404110 -46.043859 23.279111 -14.974079 -27.097737 0.000000 0.000000 -23.090193 0.000000 0.000000 0.022390 -0.001199 4.934506 -35.664281 19.992062 -14.989180 -23.395653 0.000000 0.000000 -33.409386 0.000000 0.000000 2.447046 -0.079831 2.056764 -28.967130 -13.974670 119.749906 -26.615915 0.000000 0.000000 14.999947 0.000000 0.000000 4.260386 -0.094452 1.375350 -40.428505 7.358343 3.795530 -35.950782 0.000000 0.000000 -26.426926 0.000000 0.000000 -6.917769 0.291382 2.291170 -38.314704 7.552662 2.653206 -26.753624 0.000000 0.000000 -28.140552 0.000000 0.000000 0.441624 -0.014543 2.538997 20.026060 6.607240 -1.443290 46.559511 9.688622 17.404002 5.423618 38.216496 15.114487 7.338401 -25.722406 -17.547264 46.395454 -17.998094 -4.732532 36.357643 0.000000 0.000000 28.712820 0.000000 0.000000 -7.969741 -5.107087 -8.050663 41.375582 -0.418617 12.735230 44.826456 0.000000 0.000000 31.979572 0.000000 0.000000 6.271931 -1.933901 -4.817211 45.484884 -8.891204 -0.462369 31.745203 0.000000 0.000000 35.644218 0.000000 0.000000 -1.013052 -2.505694 -6.799366 42.986985 -20.430025 -14.966765 23.980534 0.000000 0.000000 36.278373 0.000000 0.000000 -3.109834 -2.403556 -3.139792 36.027142 9.709874 119.910231 22.471961 0.000000 0.000000 -14.998280 0.000000 0.000000 -4.610124 -2.491975 -2.359596 0.000000 0.000000 0.000000 0.000000 0.000000 0.000000 0.000000 0.000000 0.000000 0.000000 0.000000 0.000000 0.000000 0.000000 0.000000 0.000000 0.000000 0.000000 0.000000 0.000000 0.000000 0.000000 0.000000 0.000000 
0.000000 89.700000 0.000000 0.000000 0.000000 0.000000 -1.553084 3.195430 -0.284516 0.469028 -1.516584 -2.407585 -0.162975 -0.370347 4.297674 1.297824 2.324158 -0.561815 -1.463398 -1.205872 1.343523 0.000000 0.000000 0.000000 -18.085271 -3.597154 -0.580926 -44.406233 -7.982731 16.820428 -15.670237 -35.356222 30.268808 -11.030764 11.510547 -28.010486 -48.673671 23.791734 -14.872294 -25.086999 0.000000 0.000000 -23.433306 0.000000 0.000000 0.022390 -0.001199 4.934506 -38.661612 21.161569 -14.938836 -21.380033 0.000000 0.000000 -33.058940 0.000000 0.000000 2.447046 -0.079831 2.056764 -28.300340 -15.439076 119.355241 -27.739147 0.000000 0.000000 14.999348 0.000000 0.000000 4.260386 -0.094452 1.375350 -43.963706 14.418476 -3.877965 -34.722236 0.000000 0.000000 -26.422391 0.000000 0.000000 -6.917769 0.291382 2.291170 -41.926524 9.630912 1.745454 -25.025141 0.000000 0.000000 -27.907024 0.000000 0.000000 0.441624 -0.014543 2.538997 19.260936 6.900178 -1.607599 45.454199 10.335645 16.845612 5.655985 39.739231 14.776082 6.382795 -23.422603 -19.827479 54.187693 -25.162422 -8.756761 34.222319 0.000000 0.000000 30.820907 0.000000 0.000000 -7.969741 -5.107087 -8.050663 43.198046 -6.541597 9.124699 42.545644 0.000000 0.000000 33.817130 0.000000 0.000000 6.271931 -1.933901 -4.817211 49.220002 -14.557106 -5.033782 29.166800 0.000000 0.000000 37.435725 0.000000 0.000000 -1.013052 -2.505694 -6.799366 46.570792 -23.878232 -14.813360 23.905726 0.000000 0.000000 36.859112 0.000000 0.000000 -3.109834 -2.403556 -3.139792 34.898454 10.117369 119.639568 23.302794 0.000000 0.000000 -14.985753 0.000000 0.000000 -4.610124 -2.491975 -2.359596 0.000000 0.000000 0.000000 0.000000 0.000000 0.000000 0.000000 0.000000 0.000000 0.000000 0.000000 0.000000 0.000000 0.000000 0.000000 0.000000 0.000000 0.000000 0.000000 0.000000 0.000000 0.000000 0.000000 0.000000 
0.000000 89.700000 0.000000 0.000000 0.000000 0.000000 -1.612761 3.093887 -0.622023 0.506540 -1.440963 -2.375176 -0.149738 -0.284906 4.369880 1.371558 2.296604 -0.172031 -1.328099 -1.307465 1.117311 0.000000 0.000000 0.000000 -17.147172 -3.690645 -0.884669 -43.054786 -8.276261 16.534937 -16.986903 -38.920247 30.912721 -10.647913 11.144430 -28.865797 -50.633330 23.798449 -14.520393 -23.878862 0.000000 0.000000 -23.693273 0.000000 0.000000 0.022390 -0.001199 4.934506 -41.003089 21.792853 -14.745461 -20.421889 0.000000 0.000000 -32.504480 0.000000 0.000000 2.447046 -0.079831 2.056764 -27.006684 -17.985548 118.774059 -29.091675 0.000000 0.000000 14.994536 0.000000 0.000000 4.260386 -0.094452 1.375350 -47.253227 17.734505 -6.592931 -34.145225 0.000000 0.000000 -26.462659 0.000000 0.000000 -6.917769 0.291382 2.291170 -44.562297 12.269330 0.220619 -24.048323 0.000000 0.000000 -27.745048 0.000000 0.000000 0.441624 -0.014543 2.538997 18.366239 7.233757 -1.876377 44.194431 11.164493 16.158835 5.529598 42.069141 13.912070 5.877511 -21.318152 -21.840574 59.043276 -30.833247 -11.835167 32.075842 0.000000 0.000000 32.646319 0.000000 0.000000 -7.969741 -5.107087 -8.050663 46.038137 -14.137727 3.964935 40.203054 0.000000 0.000000 35.461590 0.000000 0.000000 6.271931 -1.933901 -4.817211 53.261514 -20.015200 -9.124095 26.650815 0.000000 0.000000 38.647605 0.000000 0.000000 -1.013052 -2.505694 -6.799366 49.548537 -27.015829 -14.230842 24.852524 0.000000 0.000000 37.996737 0.000000 0.000000 -3.109834 -2.403556 -3.139792 33.954546 10.928735 118.948317 24.747885 0.000000 0.000000 -14.914437 0.000000 0.000000 -4.610124 -2.491975 -2.359596 0.000000 0.000000 0.000000 0.000000 0.000000 0.000000 0.000000 0.000000 0.000000 0.000000 0.000000 0.000000 0.000000 0.000000 0.000000 0.000000 0.000000 0.000000 0.000000 0.000000 0.000000 0.000000 0.000000 0.000000 
0.000000 89.700000 0.000000 0.000000 0.000000 0.000000 -1.668670 2.996581 -1.000722 0.567715 -1.389627 -2.369681 -0.143071 -0.183413 4.471012 1.456123 2.259207 0.379363 -1.186424 -1.394031 0.948637 0.000000 0.000000 0.000000 -16.057734 -3.859319 -1.321557 -41.592542 -8.924210 16.068797 -18.063318 -43.476373 31.196275 -10.837986 10.846030 -28.942564 -49.923488 22.321129 -13.575876 -23.278329 0.000000 0.000000 -23.223892 0.000000 0.000000 0.022390 -0.001199 4.934506 -40.634582 21.089192 -14.193456 -20.759046 0.000000 0.000000 -31.069546 0.000000 0.000000 2.447046 -0.079831 2.056764 -24.720338 -21.922574 118.133233 -29.967618 0.000000 0.000000 14.966434 0.000000 0.000000 4.260386 -0.094452 1.375350 -45.551883 17.455121 -5.426275 -34.017040 0.000000 0.000000 -26.086240 0.000000 0.000000 -6.917769 0.291382 2.291170 -42.896112 14.497609 -0.831085 -23.592484 0.000000 0.000000 -27.095600 0.000000 0.000000 0.441624 -0.014543 2.538997 17.338208 7.613197 -2.284700 42.776621 12.205766 15.333725 4.814034 45.279957 12.553576 6.126415 -19.667982 -23.635281 61.807219 -34.206392 -13.663022 30.496422 0.000000 0.000000 33.688159 0.000000 0.000000 -7.969741 -5.107087 -8.050663 55.857309 -21.001828 -1.169188 38.434635 0.000000 0.000000 36.326006 0.000000 0.000000 6.271931 -1.933901 -4.817211 57.036925 -24.307573 -12.091679 25.104654 0.000000 0.000000 38.871129 0.000000 0.000000 -1.013052 -2.505694 -6.799366 51.061236 -28.815911 -12.598754 27.701871 0.000000 0.000000 39.561030 0.000000 0.000000 -3.109834 -2.403556 -3.139792 32.909203 12.444867 117.701625 26.138852 0.000000 0.000000 -14.612036 0.000000 0.000000 -4.610124 -2.491975 -2.359596 0.000000 0.000000 0.000000 0.000000 0.000000 0.000000 0.000000 0.000000 0.000000 0.000000 0.000000 0.000000 0.000000 0.000000 0.000000 0.000000 0.000000 0.000000 0.000000 0.000000 0.000000 0.000000 0.000000 0.000000 
0.000000 89.700000 0.000000 0.000000 0.000000 0.000000 -1.731046 2.884202 -1.410566 0.656768 -1.377095 -2.347650 -0.149599 -0.072456 4.572072 1.558744 2.212471 1.086920 -1.054922 -1.444598 0.842894 0.000000 0.000000 0.000000 -14.873051 -4.137795 -1.908990 -40.098629 -9.986962 15.359083 -18.470311 -48.993740 30.767709 -11.549880 10.610332 -28.486191 -47.289532 18.537107 -11.593681 -22.898101 0.000000 0.000000 -21.682704 0.000000 0.000000 0.022390 -0.001199 4.934506 -38.031665 18.450095 -13.017724 -22.362894 0.000000 0.000000 -28.483491 0.000000 0.000000 2.447046 -0.079831 2.056764 -21.371294 -26.776099 117.699400 -29.447128 0.000000 0.000000 14.842851 0.000000 0.000000 4.260386 -0.094452 1.375350 -39.871975 14.741235 -2.767926 -34.060615 0.000000 0.000000 -25.169058 0.000000 0.000000 -6.917769 0.291382 2.291170 -38.448170 15.058855 -0.474855 -23.477746 0.000000 0.000000 -25.800474 0.000000 0.000000 0.441624 -0.014543 2.538997 16.202606 8.033575 -2.854448 41.242461 13.461246 14.385206 3.324443 49.067882 10.625879 7.057425 -18.495130 -25.323737 64.333803 -34.962029 -14.320649 30.084582 0.000000 0.000000 33.634385 0.000000 0.000000 -7.969741 -5.107087 -8.050663 64.872009 -23.969500 -3.849304 37.866530 0.000000 0.000000 36.222449 0.000000 0.000000 6.271931 -1.933901 -4.817211 63.706840 -26.226722 -13.615732 25.272468 0.000000 0.000000 37.978960 0.000000 0.000000 -1.013052 -2.505694 -6.799366 49.879860 -27.985574 -9.234571 33.116136 0.000000 0.000000 41.028646 0.000000 0.000000 -3.109834 -2.403556 -3.139792 31.574687 14.831650 116.229153 26.467176 0.000000 0.000000 -13.639391 0.000000 0.000000 -4.610124 -2.491975 -2.359596 0.000000 0.000000 0.000000 0.000000 0.000000 0.000000 0.000000 0.000000 0.000000 0.000000 0.000000 0.000000 0.000000 0.000000 0.000000 0.000000 0.000000 0.000000 0.000000 0.000000 0.000000 0.000000 0.000000 0.000000 
0.000000 89.700000 0.000000 0.000000 0.000000 0.000000 -1.818450 2.725620 -1.821408 0.778923 -1.412020 -2.261845 -0.172150 0.039883 4.638080 1.678187 2.158135 1.912628 -0.945154 -1.443659 0.812282 0.000000 0.000000 0.000000 -13.653811 -4.556610 -2.651281 -38.672683 -11.477603 14.365824 -17.548582 -55.307037 29.079102 -12.123302 10.298863 -27.908649 -43.562579 12.578877 -8.300589 -22.646758 0.000000 0.000000 -19.510591 0.000000 0.000000 0.022390 -0.001199 4.934506 -36.313930 14.192762 -11.142660 -25.082241 0.000000 0.000000 -25.356008 0.000000 0.000000 2.447046 -0.079831 2.056764 -17.608096 -31.298505 117.726292 -27.085378 0.000000 0.000000 14.422405 0.000000 0.000000 4.260386 -0.094452 1.375350 -36.769362 10.822164 -0.504249 -34.240955 0.000000 0.000000 -24.224546 0.000000 0.000000 -6.917769 0.291382 2.291170 -34.181179 13.182382 1.146216 -23.916301 0.000000 0.000000 -24.448741 0.000000 0.000000 0.441624 -0.014543 2.538997 14.988640 8.485853 -3.593729 39.659664 14.925037 13.337729 0.653247 53.685228 7.796947 7.858073 -17.404235 -26.966304 66.804168 -33.041723 -13.923071 30.907538 0.000000 0.000000 32.533850 0.000000 0.000000 -7.969741 -5.107087 -8.050663 63.874782 -21.466679 -2.967356 38.598226 0.000000 0.000000 35.495607 0.000000 0.000000 6.271931 -1.933901 -4.817211 65.066586 -24.670077 -13.714939 27.110374 0.000000 0.000000 36.220356 0.000000 0.000000 -1.013052 -2.505694 -6.799366 42.972100 -24.166413 -4.198383 40.757593 0.000000 0.000000 41.717517 0.000000 0.000000 -3.109834 -2.403556 -3.139792 30.235918 18.039684 115.346857 25.156317 0.000000 0.000000 -11.242623 0.000000 0.000000 -4.610124 -2.491975 -2.359596 0.000000 0.000000 0.000000 0.000000 0.000000 0.000000 0.000000 0.000000 0.000000 0.000000 0.000000 0.000000 0.000000 0.000000 0.000000 0.000000 0.000000 0.000000 0.000000 0.000000 0.000000 0.000000 0.000000 0.000000 
0.000000 89.700000 0.000000 0.000000 0.000000 0.000000 -1.943656 2.491800 -2.187016 0.937287 -1.495999 -2.084936 -0.207309 0.144698 4.639183 1.798866 2.102809 2.802346 -0.859316 -1.382468 0.874955 0.000000 0.000000 0.000000 -12.426348 -5.141456 -3.542796 -37.397705 -13.377925 13.078122 -14.255587 -62.119561 25.212238 -11.516711 9.665777 -27.606188 -45.848615 5.744569 -3.897220 -22.952125 0.000000 0.000000 -17.693303 0.000000 0.000000 0.022390 -0.001199 4.934506 -37.433877 9.684262 -8.876129 -28.709932 0.000000 0.000000 -22.906068 0.000000 0.000000 2.447046 -0.079831 2.056764 -14.705722 -34.234901 118.233664 -23.363294 0.000000 0.000000 13.291385 0.000000 0.000000 4.260386 -0.094452 1.375350 -38.187210 6.319835 1.054433 -34.739654 0.000000 0.000000 -23.945504 0.000000 0.000000 -6.917769 0.291382 2.291170 -32.053552 8.877963 3.098328 -25.247698 0.000000 0.000000 -23.870479 0.000000 0.000000 0.441624 -0.014543 2.538997 13.702152 8.966813 -4.497796 38.106090 16.596709 12.213227 -4.857357 59.457576 2.561442 7.199893 -15.798472 -28.511363 71.261917 -28.605242 -12.285880 32.418849 0.000000 0.000000 30.849967 0.000000 0.000000 -7.969741 -5.107087 -8.050663 53.853318 -14.869101 0.175844 40.154072 0.000000 0.000000 34.658312 0.000000 0.000000 6.271931 -1.933901 -4.817211 58.866888 -19.136649 -12.411951 29.883959 0.000000 0.000000 34.164260 0.000000 0.000000 -1.013052 -2.505694 -6.799366 35.425118 -18.790640 1.102703 48.766549 0.000000 0.000000 41.253399 0.000000 0.000000 -3.109834 -2.403556 -3.139792 29.522269 21.664840 115.620906 22.477384 0.000000 0.000000 -6.703841 0.000000 0.000000 -4.610124 -2.491975 -2.359596 0.000000 0.000000 0.000000 0.000000 0.000000 0.000000 0.000000 0.000000 0.000000 0.000000 0.000000 0.000000 0.000000 0.000000 0.000000 0.000000 0.000000 0.000000 0.000000 0.000000 0.000000 0.000000 0.000000 0.000000 
0.000000 89.700000 0.000000 0.000000 0.000000 0.000000 -2.099469 2.167681 -2.462640 1.125962 -1.625717 -1.825841 -0.246007 0.233075 4.561594 1.898895 2.065455 3.708119 -0.792897 -1.256712 1.035204 0.000000 0.000000 0.000000 -11.154024 -5.913114 -4.579273 -36.311736 -15.664002 11.502829 -6.637360 -68.935274 17.330377 -8.985675 8.510755 -27.784410 -49.075764 -0.232557 0.927703 -24.299642 0.000000 0.000000 -16.975499 0.000000 0.000000 0.022390 -0.001199 4.934506 -37.241376 6.445239 -6.689091 -32.829865 0.000000 0.000000 -22.045206 0.000000 0.000000 2.447046 -0.079831 2.056764 -13.684859 -35.079013 118.939781 -19.406289 0.000000 0.000000 10.839886 0.000000 0.000000 4.260386 -0.094452 1.375350 -40.103516 1.476415 2.598001 -35.605211 0.000000 0.000000 -24.490187 0.000000 0.000000 -6.917769 0.291382 2.291170 -31.838271 2.797771 4.677847 -27.394067 0.000000 0.000000 -24.357803 0.000000 0.000000 0.441624 -0.014543 2.538997 12.304582 9.485436 -5.554235 36.653913 18.486756 11.013912 -15.316693 65.172753 -7.465177 4.259020 -13.441246 -29.849714 79.631225 -22.423900 -9.168361 33.987295 0.000000 0.000000 29.441480 0.000000 0.000000 -7.969741 -5.107087 -8.050663 52.857591 -7.207665 3.199685 41.910568 0.000000 0.000000 34.154599 0.000000 0.000000 6.271931 -1.933901 -4.817211 57.440538 -10.375972 -9.723485 32.710424 0.000000 0.000000 32.500466 0.000000 0.000000 -1.013052 -2.505694 -6.799366 36.342445 -14.116087 4.702572 54.526993 0.000000 0.000000 39.861138 0.000000 0.000000 -3.109834 -2.403556 -3.139792 29.706360 24.971300 116.633964 19.195738 0.000000 0.000000 -0.120579 0.000000 0.000000 -4.610124 -2.491975 -2.359596 0.000000 0.000000 0.000000 0.000000 0.000000 0.000000 0.000000 0.000000 0.000000 0.000000 0.000000 0.000000 0.000000 0.000000 0.000000 0.000000 0.000000 0.000000 0.000000 0.000000 0.000000 0.000000 0.000000 0.000000 
0.000000 89.700000 0.000000 0.000000 0.000000 0.000000 -2.259909 1.760086 -2.622736 1.327687 -1.794308 -1.529091 -0.277018 0.301011 4.415038 1.969965 2.079905 4.607211 -0.739205 -1.068797 1.259106 0.000000 0.000000 0.000000 -9.730289 -6.882718 -5.774108 -35.390355 -18.321324 9.648319 9.404298 -74.834072 1.421113 -4.629924 6.760813 -28.380707 -51.629219 -4.110661 5.272136 -26.526037 0.000000 0.000000 -17.269064 0.000000 0.000000 0.022390 -0.001199 4.934506 -35.833187 5.066984 -4.730301 -36.730097 0.000000 0.000000 -22.558274 0.000000 0.000000 2.447046 -0.079831 2.056764 -14.423255 -34.166917 119.506418 -16.269786 0.000000 0.000000 6.497694 0.000000 0.000000 4.260386 -0.094452 1.375350 -41.733298 -3.320464 4.655877 -36.514526 0.000000 0.000000 -25.286789 0.000000 0.000000 -6.917769 0.291382 2.291170 -32.251159 -3.906712 5.912653 -29.669212 0.000000 0.000000 -25.338400 0.000000 0.000000 0.441624 -0.014543 2.538997 10.711723 10.057557 -6.753070 35.338954 20.611973 9.698464 -33.204377 70.480003 -24.116630 -0.380432 -10.842314 -30.930889 90.353895 -15.891840 -4.922133 35.363271 0.000000 0.000000 29.188917 0.000000 0.000000 -7.969741 -5.107087 -8.050663 57.369725 -0.786368 4.799450 43.451889 0.000000 0.000000 34.303174 0.000000 0.000000 6.271931 -1.933901 -4.817211 60.880782 -0.503263 -6.020571 34.893483 0.000000 0.000000 31.629339 0.000000 0.000000 -1.013052 -2.505694 -6.799366 41.534615 -11.261268 5.764949 56.358714 0.000000 0.000000 38.164682 0.000000 0.000000 -3.109834 -2.403556 -3.139792 30.176362 27.344377 117.313007 15.998729 0.000000 0.000000 7.122495 0.000000 0.000000 -4.610124 -2.491975 -2.359596 0.000000 0.000000 0.000000 0.000000 0.000000 0.000000 0.000000 0.000000 0.000000 0.000000 0.000000 0.000000 0.000000 0.000000 0.000000 0.000000 0.000000 0.000000 0.000000 0.000000 0.000000 0.000000 0.000000 0.000000 
0.000000 89.700000 0.000000 0.000000 0.000000 0.000000 -2.397802 1.299120 -2.665923 1.518491 -1.990471 -1.255484 -0.291776 0.354107 4.232250 2.029546 2.180967 5.507977 -0.689675 -0.835281 1.467138 0.000000 0.000000 0.000000 -8.012351 -8.039866 -7.163467 -34.538856 -21.333737 7.522443 38.732897 -78.024814 -27.355561 0.597637 4.487120 -29.121731 -53.969246 -5.361258 8.316073 -28.703499 0.000000 0.000000 -17.807722 0.000000 0.000000 0.022390 -0.001199 4.934506 -34.167377 5.144963 -2.742824 -39.557632 0.000000 0.000000 -23.222156 0.000000 0.000000 2.447046 -0.079831 2.056764 -15.675627 -32.402769 119.793187 -14.529693 0.000000 0.000000 0.181212 0.000000 0.000000 4.260386 -0.094452 1.375350 -43.536983 -7.389231 7.187482 -36.933341 0.000000 0.000000 -25.460469 0.000000 0.000000 -6.917769 0.291382 2.291170 -32.887368 -9.699054 7.211386 -31.140043 0.000000 0.000000 -25.752331 0.000000 0.000000 0.441624 -0.014543 2.538997 8.829803 10.690468 -8.090613 34.118519 22.974185 8.177667 -57.785902 73.359410 -46.785873 -5.049443 -8.919031 -31.828508 94.467630 -10.321829 -0.646398 36.478213 0.000000 0.000000 30.275356 0.000000 0.000000 -7.969741 -5.107087 -8.050663 58.823027 3.782765 5.406831 44.454902 0.000000 0.000000 35.015677 0.000000 0.000000 6.271931 -1.933901 -4.817211 62.173993 7.908840 -2.044509 35.925354 0.000000 0.000000 31.351205 0.000000 0.000000 -1.013052 -2.505694 -6.799366 45.839947 -9.688337 5.151631 54.353415 0.000000 0.000000 36.641716 0.000000 0.000000 -3.109834 -2.403556 -3.139792 29.771733 28.698369 116.882069 13.302409 0.000000 0.000000 13.102308 0.000000 0.000000 -4.610124 -2.491975 -2.359596 0.000000 0.000000 0.000000 0.000000 0.000000 0.000000 0.000000 0.000000 0.000000 0.000000 0.000000 0.000000 0.000000 0.000000 0.000000 0.000000 0.000000 0.000000 0.000000 0.000000 0.000000 0.000000 0.000000 0.000000 
0.000000 89.700000 0.000000 0.000000 0.000000 0.000000 -2.497975 0.825495 -2.608854 1.673833 -2.196203 -1.057558 -0.286324 0.404129 4.059567 2.107650 2.374547 6.437896 -0.631181 -0.587685 1.553215 0.000000 0.000000 0.000000 -5.894384 -9.335699 -8.783195 -33.604045 -24.639200 5.144804 70.681779 -76.985076 -58.397563 5.276164 1.978081 -29.674900 -53.906479 -3.978495 9.555465 -29.730700 0.000000 0.000000 -17.847006 0.000000 0.000000 0.022390 -0.001199 4.934506 -31.833078 6.089113 -0.569642 -40.648965 0.000000 0.000000 -22.829553 0.000000 0.000000 2.447046 -0.079831 2.056764 -15.925876 -31.092850 119.842449 -14.221979 0.000000 0.000000 -7.330784 0.000000 0.000000 4.260386 -0.094452 1.375350 -44.792410 -9.926578 9.803094 -36.556346 0.000000 0.000000 -24.508222 0.000000 0.000000 -6.917769 0.291382 2.291170 -33.516969 -13.063905 8.748343 -31.322114 0.000000 0.000000 -24.926051 0.000000 0.000000 0.441624 -0.014543 2.538997 6.619191 11.369245 -9.553339 32.855381 25.525090 6.350975 -83.790336 72.378986 -70.860763 -8.222386 -8.132620 -32.701261 80.374550 -6.353597 2.590114 36.984609 0.000000 0.000000 31.772938 0.000000 0.000000 -7.969741 -5.107087 -8.050663 51.784698 6.842282 6.209519 44.482022 0.000000 0.000000 35.514823 0.000000 0.000000 6.271931 -1.933901 -4.817211 53.298651 13.113811 1.654413 35.548396 0.000000 0.000000 31.019986 0.000000 0.000000 -1.013052 -2.505694 -6.799366 46.160259 -8.518286 4.323280 49.908671 0.000000 0.000000 35.305392 0.000000 0.000000 -3.109834 -2.403556 -3.139792 27.679711 29.481443 115.276337 11.294182 0.000000 0.000000 16.897704 0.000000 0.000000 -4.610124 -2.491975 -2.359596 0.000000 0.000000 0.000000 0.000000 0.000000 0.000000 0.000000 0.000000 0.000000 0.000000 0.000000 0.000000 0.000000 0.000000 0.000000 0.000000 0.000000 0.000000 0.000000 0.000000 0.000000 0.000000 0.000000 0.000000 
0.000000 89.700000 0.000000 0.000000 0.000000 0.000000 -2.551858 0.371209 -2.479046 1.776161 -2.388588 -0.965447 -0.259353 0.460215 3.938845 2.219273 2.619264 7.420309 -0.548409 -0.357990 1.424318 0.000000 0.000000 0.000000 -3.376829 -10.679222 -10.624934 -32.425792 -28.082047 2.557758 89.688477 -73.406759 -76.291946 8.158213 -0.366755 -29.805004 -47.873872 -0.509748 8.963795 -29.094440 0.000000 0.000000 -17.267231 0.000000 0.000000 0.022390 -0.001199 4.934506 -28.050587 7.726199 1.401197 -39.865762 0.000000 0.000000 -21.207309 0.000000 0.000000 2.447046 -0.079831 2.056764 -14.421350 -31.541064 119.749261 -14.815726 0.000000 0.000000 -14.635763 0.000000 0.000000 4.260386 -0.094452 1.375350 -41.317564 -10.380105 12.035800 -35.660735 0.000000 0.000000 -22.759681 0.000000 0.000000 -6.917769 0.291382 2.291170 -29.741228 -13.252396 10.170102 -30.653420 0.000000 0.000000 -23.279657 0.000000 0.000000 0.441624 -0.014543 2.538997 4.138597 12.059593 -11.092985 31.370770 28.141902 4.163500 -102.593850 68.691239 -87.307054 -9.431606 -7.988008 -33.692205 61.143079 -4.201504 4.371929 36.435466 0.000000 0.000000 32.313465 0.000000 0.000000 -7.969741 -5.107087 -8.050663 42.018416 8.678950 7.920800 43.340069 0.000000 0.000000 34.833592 0.000000 0.000000 6.271931 -1.933901 -4.817211 40.125260 14.714590 4.945519 34.057732 0.000000 0.000000 30.157489 0.000000 0.000000 -1.013052 -2.505694 -6.799366 42.371428 -7.880145 3.941355 44.841184 0.000000 0.000000 34.031136 0.000000 0.000000 -3.109834 -2.403556 -3.139792 23.995663 30.504141 112.755642 9.873096 0.000000 0.000000 19.138892 0.000000 0.000000 -4.610124 -2.491975 -2.359596 0.000000 0.000000 0.000000 0.000000 0.000000 0.000000 0.000000 0.000000 0.000000 0.000000 0.000000 0.000000 0.000000 0.000000 0.000000 0.000000 0.000000 0.000000 0.000000 0.000000 0.000000 0.000000 0.000000 0.000000 
0.000000 89.700000 0.000000 0.000000 0.000000 0.000000 -2.551222 -0.050098 -2.308294 1.824275 -2.550255 -0.984919 -0.211080 0.524679 3.886032 2.351370 2.848144 8.447804 -0.430507 -0.157177 1.042856 0.000000 0.000000 0.000000 -0.581792 -11.965093 -12.608504 -30.920194 -31.420777 -0.166164 98.878272 -69.508905 -84.353847 8.925364 -2.517434 -29.459493 -44.553129 3.917396 6.934105 -27.230216 0.000000 0.000000 -16.538181 0.000000 0.000000 0.022390 -0.001199 4.934506 -27.096566 10.073164 2.523341 -37.602381 0.000000 0.000000 -19.205005 0.000000 0.000000 2.447046 -0.079831 2.056764 -11.713265 -34.015897 119.617537 -15.463125 0.000000 0.000000 -20.702005 0.000000 0.000000 4.260386 -0.094452 1.375350 -34.700768 -8.885329 13.538645 -35.000643 0.000000 0.000000 -21.144090 0.000000 0.000000 -6.917769 0.291382 2.291170 -21.006037 -10.736190 10.825133 -30.132218 0.000000 0.000000 -22.071727 0.000000 0.000000 0.441624 -0.014543 2.538997 1.532941 12.726553 -12.623546 29.558235 30.642714 1.651249 -114.567652 64.335614 -96.315421 -9.271024 -7.434472 -34.836010 49.961709 -4.197975 4.543656 34.979104 0.000000 0.000000 31.318875 0.000000 0.000000 -7.969741 -5.107087 -8.050663 35.785994 9.206400 10.283686 41.703444 0.000000 0.000000 32.844082 0.000000 0.000000 6.271931 -1.933901 -4.817211 29.460510 13.194149 7.563925 32.402006 0.000000 0.000000 28.990383 0.000000 0.000000 -1.013052 -2.505694 -6.799366 34.017412 -8.925106 3.430025 40.529350 0.000000 0.000000 32.954684 0.000000 0.000000 -3.109834 -2.403556 -3.139792 19.517652 32.588415 109.591366 8.686167 0.000000 0.000000 20.848508 0.000000 0.000000 -4.610124 -2.491975 -2.359596 0.000000 0.000000 0.000000 0.000000 0.000000 0.000000 0.000000 0.000000 0.000000 0.000000 0.000000 0.000000 0.000000 0.000000 0.000000 0.000000 0.000000 0.000000 0.000000 0.000000 0.000000 0.000000 0.000000 0.000000 
0.000000 89.700000 0.000000 0.000000 0.000000 0.000000 -2.497621 -0.443224 -2.125201 1.835013 -2.680458 -1.099725 -0.145155 0.593926 3.884761 2.474239 3.014030 9.461754 -0.274065 0.032964 0.442818 0.000000 0.000000 0.000000 2.288533 -13.114076 -14.598451 -29.141594 -34.407291 -2.911699 103.207611 -66.038519 -87.684656 8.400020 -5.042481 -28.760908 -54.860922 7.995218 4.039306 -25.145594 0.000000 0.000000 -16.069691 0.000000 0.000000 0.022390 -0.001199 4.934506 -34.594863 12.721623 2.643929 -34.448802 0.000000 0.000000 -17.589008 0.000000 0.000000 2.447046 -0.079831 2.056764 -9.163031 -37.155710 119.556124 -15.651172 0.000000 0.000000 -25.558396 0.000000 0.000000 4.260386 -0.094452 1.375350 -41.293967 -6.266064 14.169763 -35.233072 0.000000 0.000000 -20.343880 0.000000 0.000000 -6.917769 0.291382 2.291170 -27.759332 -6.721267 10.231212 -30.397948 0.000000 0.000000 -22.272198 0.000000 0.000000 0.441624 -0.014543 2.538997 -1.017948 13.346660 -14.049030 27.477523 32.843141 -1.038685 -120.038710 61.096079 -99.579599 -8.770201 -5.715087 -36.017116 50.496932 -6.550545 2.943483 33.413698 0.000000 0.000000 29.187781 0.000000 0.000000 -7.969741 -5.107087 -8.050663 36.635154 8.325949 12.485027 40.854817 0.000000 0.000000 30.412584 0.000000 0.000000 6.271931 -1.933901 -4.817211 26.439867 9.328609 8.876304 31.631262 0.000000 0.000000 28.227023 0.000000 0.000000 -1.013052 -2.505694 -6.799366 31.082167 -12.507024 1.816136 37.375055 0.000000 0.000000 32.044479 0.000000 0.000000 -3.109834 -2.403556 -3.139792 15.130006 35.847601 106.687774 7.624801 0.000000 0.000000 22.207358 0.000000 0.000000 -4.610124 -2.491975 -2.359596 0.000000 0.000000 0.000000 0.000000 0.000000 0.000000 0.000000 0.000000 0.000000 0.000000 0.000000 0.000000 0.000000 0.000000 0.000000 0.000000 0.000000 0.000000 0.000000 0.000000 0.000000 0.000000 0.000000 0.000000 
0.000000 89.700000 0.000000 0.000000 0.000000 0.000000 -2.412873 -0.831811 -1.952779 1.833070 -2.795327 -1.273866 -0.070540 0.657526 3.904528 2.561364 3.114460 10.359965 -0.084739 0.244073 -0.293750 0.000000 0.000000 0.000000 5.013440 -14.090100 -16.448915 -27.271042 -36.883895 -5.518556 105.220944 -63.278311 -88.886380 7.875745 -8.502571 -27.936451 -56.477312 10.857535 0.817189 -23.525260 0.000000 0.000000 -15.693608 0.000000 0.000000 0.022390 -0.001199 4.934506 -40.694011 14.853273 2.380979 -31.027523 0.000000 0.000000 -16.208083 0.000000 0.000000 2.447046 -0.079831 2.056764 -7.790699 -39.042128 119.618274 -15.493650 0.000000 0.000000 -29.716687 0.000000 0.000000 4.260386 -0.094452 1.375350 -41.223950 -3.348531 13.874261 -36.308607 0.000000 0.000000 -20.202816 0.000000 0.000000 -6.917769 0.291382 2.291170 -30.165042 -2.216094 8.328296 -31.304260 0.000000 0.000000 -23.705517 0.000000 0.000000 0.441624 -0.014543 2.538997 -3.347680 13.900186 -15.296846 25.343109 34.624063 -3.670017 -123.408769 58.040390 -101.387184 -8.708883 -2.862014 -37.005358 66.355156 -10.568444 -0.080565 32.383450 0.000000 0.000000 26.526477 0.000000 0.000000 -7.969741 -5.107087 -8.050663 42.067583 6.373560 13.946470 41.496964 0.000000 0.000000 28.499865 0.000000 0.000000 6.271931 -1.933901 -4.817211 29.317249 4.102523 8.563586 32.165271 0.000000 0.000000 28.361826 0.000000 0.000000 -1.013052 -2.505694 -6.799366 44.653910 -17.734398 -0.866361 35.037464 0.000000 0.000000 30.560368 0.000000 0.000000 -3.109834 -2.403556 -3.139792 11.320648 39.221970 105.919444 7.248699 0.000000 0.000000 22.728078 0.000000 0.000000 -4.610124 -2.491975 -2.359596 0.000000 0.000000 0.000000 0.000000 0.000000 0.000000 0.000000 0.000000 0.000000 0.000000 0.000000 0.000000 0.000000 0.000000 0.000000 0.000000 0.000000 0.000000 0.000000 0.000000 0.000000 0.000000 0.000000 0.000000 
0.000000 89.700000 0.000000 0.000000 0.000000 0.000000 -2.331546 -1.256473 -1.808805 1.838486 -2.917176 -1.461422 0.000450 0.696959 3.923655 2.600002 3.178499 11.040907 0.119846 0.496193 -1.075420 0.000000 0.000000 0.000000 7.404962 -14.890288 -18.042035 -25.531993 -38.827980 -7.816954 106.152068 -61.222891 -89.178049 8.245370 -12.699274 -27.229939 -53.708631 12.433426 -2.397217 -22.254969 0.000000 0.000000 -14.935137 0.000000 0.000000 0.022390 -0.001199 4.934506 -50.417090 15.999864 2.599708 -28.078550 0.000000 0.000000 -14.516731 0.000000 0.000000 2.447046 -0.079831 2.056764 -7.723928 -38.823253 119.755387 -15.274523 0.000000 0.000000 -33.416761 0.000000 0.000000 4.260386 -0.094452 1.375350 -36.543662 -0.342684 12.554809 -37.424383 0.000000 0.000000 -20.015686 0.000000 0.000000 -6.917769 0.291382 2.291170 -28.993491 2.266137 5.455309 -32.284795 0.000000 0.000000 -25.309698 0.000000 0.000000 0.441624 -0.014543 2.538997 -5.332828 14.359773 -16.330996 23.411781 35.968338 -5.994155 -125.547599 55.731680 -102.409654 -9.284512 0.459759 -37.574608 76.839362 -14.762533 -3.593021 31.850659 0.000000 0.000000 23.873609 0.000000 0.000000 -7.969741 -5.107087 -8.050663 40.858396 4.087178 14.657359 43.106680 0.000000 0.000000 27.489556 0.000000 0.000000 6.271931 -1.933901 -4.817211 31.142143 -1.283859 7.113446 33.701147 0.000000 0.000000 29.408048 0.000000 0.000000 -1.013052 -2.505694 -6.799366 60.645597 -22.209173 -3.243345 33.133921 0.000000 0.000000 27.711542 0.000000 0.000000 -3.109834 -2.403556 -3.139792 8.124262 41.232098 108.382234 8.208263 0.000000 0.000000 22.126917 0.000000 0.000000 -4.610124 -2.491975 -2.359596 0.000000 0.000000 0.000000 0.000000 0.000000 0.000000 0.000000 0.000000 0.000000 0.000000 0.000000 0.000000 0.000000 0.000000 0.000000 0.000000 0.000000 0.000000 0.000000 0.000000 0.000000 0.000000 0.000000 0.000000 
0.000000 89.700000 0.000000 0.000000 0.000000 0.000000 -2.281655 -1.758940 -1.699773 1.860896 -3.062014 -1.626237 0.057072 0.691858 3.934806 2.590885 3.239169 11.452219 0.313018 0.788812 -1.825317 0.000000 0.000000 0.000000 9.342516 -15.530013 -19.308684 -24.097416 -40.321107 -9.685121 106.592301 -59.774427 -89.114012 9.534732 -16.693367 -26.827912 -60.235809 13.238820 -5.524631 -20.947881 0.000000 0.000000 -13.686865 0.000000 0.000000 0.022390 -0.001199 4.934506 -56.883376 16.421384 3.683151 -26.242611 0.000000 0.000000 -12.512003 0.000000 0.000000 2.447046 -0.079831 2.056764 -8.593749 -36.987470 119.874997 -15.050423 0.000000 0.000000 -36.934602 0.000000 0.000000 4.260386 -0.094452 1.375350 -41.826887 2.891621 10.211793 -37.768240 0.000000 0.000000 -19.326047 0.000000 0.000000 -6.917769 0.291382 2.291170 -35.866384 6.372780 2.191241 -32.914053 0.000000 0.000000 -26.179324 0.000000 0.000000 0.441624 -0.014543 2.538997 -6.909941 14.694994 -17.146084 21.861549 36.942112 -7.844223 -126.612060 54.245453 -102.710082 -10.201654 3.450594 -37.647846 67.711439 -17.881542 -6.690008 31.434836 0.000000 0.000000 21.738804 0.000000 0.000000 -7.969741 -5.107087 -8.050663 35.432938 2.174726 14.914240 44.616583 0.000000 0.000000 27.212393 0.000000 0.000000 6.271931 -1.933901 -4.817211 29.172974 -5.768693 5.385251 35.619401 0.000000 0.000000 31.026070 0.000000 0.000000 -1.013052 -2.505694 -6.799366 58.165426 -24.102173 -3.958203 31.590564 0.000000 0.000000 23.710499 0.000000 0.000000 -3.109834 -2.403556 -3.139792 5.442125 41.339490 112.733242 10.297019 0.000000 0.000000 20.757751 0.000000 0.000000 -4.610124 -2.491975 -2.359596 0.000000 0.000000 0.000000 0.000000 0.000000 0.000000 0.000000 0.000000 0.000000 0.000000 0.000000 0.000000 0.000000 0.000000 0.000000 0.000000 0.000000 0.000000 0.000000 0.000000 0.000000 0.000000 0.000000 0.000000 
0.000000 89.700000 0.000000 0.000000 0.000000 0.000000 -2.272741 -2.357090 -1.616568 1.900706 -3.233193 -1.755352 0.093282 0.632151 3.938386 2.544148 3.317970 11.604797 0.469694 1.109938 -2.489693 0.000000 0.000000 0.000000 10.790060 -16.032864 -20.237324 -23.051582 -41.479539 -11.078927 106.834537 -58.826129 -88.962273 11.024169 -19.503381 -26.816542 -67.480075 13.826099 -8.524148 -19.591005 0.000000 0.000000 -12.362019 0.000000 0.000000 0.022390 -0.001199 4.934506 -62.129499 16.672149 5.302923 -25.658197 0.000000 0.000000 -10.723434 0.000000 0.000000 2.447046 -0.079831 2.056764 -9.930296 -34.518021 119.910703 -14.785815 0.000000 0.000000 -40.899881 0.000000 0.000000 4.260386 -0.094452 1.375350 -48.989846 6.229169 7.175559 -37.247378 0.000000 0.000000 -18.325262 0.000000 0.000000 -6.917769 0.291382 2.291170 -43.940845 9.780182 -0.907405 -33.170245 0.000000 0.000000 -26.249290 0.000000 0.000000 0.441624 -0.014543 2.538997 -8.079591 14.889333 -17.758081 20.744127 37.639377 -9.178518 -127.170472 53.421228 -102.763943 -11.026136 5.567662 -37.363915 60.232728 -19.582475 -8.888630 30.991145 0.000000 0.000000 20.340080 0.000000 0.000000 -7.969741 -5.107087 -8.050663 34.008952 0.954796 14.983453 45.498962 0.000000 0.000000 27.319701 0.000000 0.000000 6.271931 -1.933901 -4.817211 23.934298 -8.818469 3.917806 37.352528 0.000000 0.000000 32.628097 0.000000 0.000000 -1.013052 -2.505694 -6.799366 53.654486 -23.622188 -2.999666 30.549519 0.000000 0.000000 19.688568 0.000000 0.000000 -3.109834 -2.403556 -3.139792 3.334200 40.230564 116.589155 12.575774 0.000000 0.000000 19.589308 0.000000 0.000000 -4.610124 -2.491975 -2.359596 0.000000 0.000000 0.000000 0.000000 0.000000 0.000000 0.000000 0.000000 0.000000 0.000000 0.000000 0.000000 0.000000 0.000000 0.000000 0.000000 0.000000 0.000000 0.000000 0.000000 0.000000 0.000000 0.000000 0.000000 
0.000000 89.700000 0.000000 0.000000 0.000000 0.000000 -2.298792 -3.031371 -1.542957 1.953612 -3.422439 -1.855646 0.107651 0.524556 3.938740 2.474402 3.421424 11.552780 0.576455 1.444501 -3.040645 0.000000 0.000000 0.000000 11.790174 -16.422910 -20.869777 -22.400898 -42.399927 -12.021911 107.035908 -58.269443 -88.867112 11.933331 -20.765258 -27.175652 -71.797513 14.427225 -11.135182 -18.445957 0.000000 0.000000 -11.445178 0.000000 0.000000 0.022390 -0.001199 4.934506 -65.532923 17.151797 6.799981 -26.077757 0.000000 0.000000 -9.635724 0.000000 0.000000 2.447046 -0.079831 2.056764 -11.212870 -32.211222 119.789745 -14.512531 0.000000 0.000000 -45.610667 0.000000 0.000000 4.260386 -0.094452 1.375350 -52.701035 9.301212 3.986383 -36.353159 0.000000 0.000000 -17.534436 0.000000 0.000000 -6.917769 0.291382 2.291170 -47.609926 12.440456 -3.585468 -33.325312 0.000000 0.000000 -25.994454 0.000000 0.000000 0.441624 -0.014543 2.538997 -8.893389 14.952393 -18.198745 20.010180 38.136664 -10.056294 -127.502203 53.028301 -102.631483 -11.504921 6.650777 -37.008796 58.209777 -20.267516 -10.207186 30.647829 0.000000 0.000000 19.532661 0.000000 0.000000 -7.969741 -5.107087 -8.050663 33.479017 0.345035 14.996612 45.999391 0.000000 0.000000 27.633009 0.000000 0.000000 6.271931 -1.933901 -4.817211 21.055467 -10.457985 2.741580 38.633321 0.000000 0.000000 33.630922 0.000000 0.000000 -1.013052 -2.505694 -6.799366 52.747086 -22.218289 -1.394249 30.193688 0.000000 0.000000 16.758238 0.000000 0.000000 -3.109834 -2.403556 -3.139792 1.944214 38.928935 118.804087 14.256131 0.000000 0.000000 19.817547 0.000000 0.000000 -4.610124 -2.491975 -2.359596 0.000000 0.000000 0.000000 0.000000 0.000000 0.000000 0.000000 0.000000 0.000000 0.000000 0.000000 0.000000 0.000000 0.000000 0.000000 0.000000 0.000000 0.000000 0.000000 0.000000 0.000000 0.000000 0.000000 0.000000 
0.000000 89.700000 0.000000 0.000000 0.000000 0.000000 -2.345291 -3.731516 -1.468276 2.013920 -3.615470 -1.942492 0.102404 0.387592 3.944121 2.394909 3.541655 11.365433 0.633411 1.773193 -3.472979 0.000000 0.000000 0.000000 12.435161 -16.719408 -21.280011 -22.095124 -43.142669 -12.583630 107.274512 -57.990921 -88.892900 12.082397 -20.860332 -27.802877 -75.375004 15.007133 -12.983576 -17.679183 0.000000 0.000000 -11.108585 0.000000 0.000000 0.022390 -0.001199 4.934506 -67.193852 18.037562 7.700299 -27.309240 0.000000 0.000000 -9.415981 0.000000 0.000000 2.447046 -0.079831 2.056764 -12.142516 -30.390958 119.321606 -14.249359 0.000000 0.000000 -50.554548 0.000000 0.000000 4.260386 -0.094452 1.375350 -55.835379 11.909962 1.058683 -35.583469 0.000000 0.000000 -17.301639 0.000000 0.000000 -6.917769 0.291382 2.291170 -48.353215 14.635497 -5.939548 -33.625207 0.000000 0.000000 -25.768016 0.000000 0.000000 0.441624 -0.014543 2.538997 -9.429964 14.916984 -18.509602 19.561070 38.484861 -10.585461 -127.891072 52.820512 -102.691703 -11.583452 6.847173 -36.865582 58.712104 -20.549965 -11.022978 30.506081 0.000000 0.000000 19.096911 0.000000 0.000000 -7.969741 -5.107087 -8.050663 32.835353 0.113151 14.995212 46.564690 0.000000 0.000000 28.161688 0.000000 0.000000 6.271931 -1.933901 -4.817211 21.953924 -11.040407 1.683173 39.553790 0.000000 0.000000 33.868076 0.000000 0.000000 -1.013052 -2.505694 -6.799366 54.010541 -20.897580 0.055059 30.620191 0.000000 0.000000 15.449157 0.000000 0.000000 -3.109834 -2.403556 -3.139792 1.265643 38.014673 119.688969 15.125778 0.000000 0.000000 22.140293 0.000000 0.000000 -4.610124 -2.491975 -2.359596 0.000000 0.000000 0.000000 0.000000 0.000000 0.000000 0.000000 0.000000 0.000000 0.000000 0.000000 0.000000 0.000000 0.000000 0.000000 0.000000 0.000000 0.000000 0.000000 0.000000 0.000000 0.000000 0.000000 0.000000 
0.000000 89.700000 0.000000 0.000000 0.000000 0.000000 -2.391434 -4.390503 -1.393704 2.075056 -3.798982 -2.028956 0.082277 0.242038 3.963628 2.314006 3.662094 11.106884 0.648031 2.067226 -3.795235 0.000000 0.000000 0.000000 12.828656 -16.935922 -21.543018 -22.048580 -43.740519 -12.859998 107.571514 -57.881389 -89.036227 11.885356 -20.532044 -28.552085 -79.309771 15.472741 -13.940137 -17.289060 0.000000 0.000000 -11.184162 0.000000 0.000000 0.022390 -0.001199 4.934506 -69.027995 19.275005 7.937130 -29.221793 0.000000 0.000000 -9.901192 0.000000 0.000000 2.447046 -0.079831 2.056764 -13.028662 -28.878020 118.116017 -13.951440 0.000000 0.000000 -54.912090 0.000000 0.000000 4.260386 -0.094452 1.375350 -59.616120 13.990268 -1.313013 -35.171303 0.000000 0.000000 -17.562949 0.000000 0.000000 -6.917769 0.291382 2.291170 -48.763312 16.613202 -8.145728 -34.083888 0.000000 0.000000 -25.581847 0.000000 0.000000 0.441624 -0.014543 2.538997 -9.771068 14.824529 -18.733226 19.297807 38.724506 -10.877646 -127.956767 52.705070 -102.669647 -11.240693 6.430813 -37.095535 60.627758 -20.891806 -11.740138 30.592068 0.000000 0.000000 18.966050 0.000000 0.000000 -7.969741 -5.107087 -8.050663 32.120416 0.081483 14.984223 47.375245 0.000000 0.000000 28.903930 0.000000 0.000000 6.271931 -1.933901 -4.817211 22.184052 -10.989400 0.710401 40.332641 0.000000 0.000000 33.661116 0.000000 0.000000 -1.013052 -2.505694 -6.799366 55.846398 -19.691384 1.334467 31.738356 0.000000 0.000000 15.740673 0.000000 0.000000 -3.109834 -2.403556 -3.139792 1.125141 37.538900 119.940883 15.360477 0.000000 0.000000 26.275021 0.000000 0.000000 -4.610124 -2.491975 -2.359596 0.000000 0.000000 0.000000 0.000000 0.000000 0.000000 0.000000 0.000000 0.000000 0.000000 0.000000 0.000000 0.000000 0.000000 0.000000 0.000000 0.000000 0.000000 0.000000 0.000000 0.000000 0.000000 0.000000 0.000000 
0.000000 89.700000 0.000000 0.000000 0.000000 0.000000 -2.413765 -4.932130 -1.331492 2.130593 -3.964539 -2.117397 0.052843 0.105205 4.000039 2.236934 3.766599 10.826086 0.627710 2.288108 -4.019260 0.000000 0.000000 0.000000 13.058295 -17.083545 -21.711653 -22.164937 -44.212023 -12.951430 107.915270 -57.855321 -89.251869 11.848694 -20.363147 -29.275714 -80.714540 15.762236 -14.254869 -17.179670 0.000000 0.000000 -11.321158 0.000000 0.000000 0.022390 -0.001199 4.934506 -68.651646 20.557265 7.738450 -31.396042 0.000000 0.000000 -10.616958 0.000000 0.000000 2.447046 -0.079831 2.056764 -14.470012 -27.379115 115.682104 -13.583573 0.000000 0.000000 -58.123907 0.000000 0.000000 4.260386 -0.094452 1.375350 -61.768158 15.315859 -2.784339 -35.107425 0.000000 0.000000 -17.915383 0.000000 0.000000 -6.917769 0.291382 2.291170 -50.457115 18.279326 -10.158426 -34.588846 0.000000 0.000000 -25.328594 0.000000 0.000000 0.441624 -0.014543 2.538997 -9.985569 14.710683 -18.905491 19.152168 38.896410 -11.021565 -128.080470 52.583753 -102.815210 -10.450109 5.637627 -37.717352 62.770541 -21.518471 -12.558843 30.966832 0.000000 0.000000 19.186061 0.000000 0.000000 -7.969741 -5.107087 -8.050663 31.620524 0.140022 14.957337 48.344678 0.000000 0.000000 29.747793 0.000000 0.000000 6.271931 -1.933901 -4.817211 22.337752 -10.640037 -0.025123 41.062998 0.000000 0.000000 33.456213 0.000000 0.000000 -1.013052 -2.505694 -6.799366 55.892394 -18.519003 2.494755 33.207616 0.000000 0.000000 17.185696 0.000000 0.000000 -3.109834 -2.403556 -3.139792 1.324933 37.347386 119.992022 15.249620 0.000000 0.000000 31.138541 0.000000 0.000000 -4.610124 -2.491975 -2.359596 0.000000 0.000000 0.000000 0.000000 0.000000 0.000000 0.000000 0.000000 0.000000 0.000000 0.000000 0.000000 0.000000 0.000000 0.000000 0.000000 0.000000 0.000000 0.000000 0.000000 0.000000 0.000000 0.000000 0.000000 
0.000000 89.700000 0.000000 0.000000 0.000000 0.000000 -2.394960 -5.273380 -1.297853 2.176446 -4.106146 -2.197664 0.019472 -0.010186 4.045218 2.170957 3.845633 10.556819 0.577146 2.396416 -4.152488 0.000000 0.000000 0.000000 13.190906 -17.175750 -21.815041 -22.356365 -44.570534 -12.942211 108.273887 -57.862720 -89.480349 12.199111 -20.517665 -29.866571 -79.598147 15.847165 -14.340087 -17.227496 0.000000 0.000000 -11.227697 0.000000 0.000000 0.022390 -0.001199 4.934506 -67.493700 21.521837 7.363908 -33.163822 0.000000 0.000000 -11.001333 0.000000 0.000000 2.447046 -0.079831 2.056764 -16.486750 -25.944661 111.856564 -13.182144 0.000000 0.000000 -60.083348 0.000000 0.000000 4.260386 -0.094452 1.375350 -61.850258 15.691822 -3.232301 -35.218107 0.000000 0.000000 -17.959616 0.000000 0.000000 -6.917769 0.291382 2.291170 -52.572332 19.351807 -11.711474 -35.118259 0.000000 0.000000 -25.011101 0.000000 0.000000 0.441624 -0.014543 2.538997 -10.124118 14.601263 -19.052610 19.087678 39.037176 -11.076596 -128.406132 52.535041 -103.037346 -9.291330 4.634967 -38.666614 63.957502 -22.396962 -13.429740 31.628942 0.000000 0.000000 19.730511 0.000000 0.000000 -7.969741 -5.107087 -8.050663 30.652253 0.196397 14.910706 49.271041 0.000000 0.000000 30.520488 0.000000 0.000000 6.271931 -1.933901 -4.817211 22.630196 -10.223410 -0.394948 41.728351 0.000000 0.000000 33.486364 0.000000 0.000000 -1.013052 -2.505694 -6.799366 51.961703 -18.072213 2.775550 34.496284 0.000000 0.000000 19.025925 0.000000 0.000000 -3.109834 -2.403556 -3.139792 1.702540 37.383027 119.999271 15.054263 0.000000 0.000000 35.471840 0.000000 0.000000 -4.610124 -2.491975 -2.359596 0.000000 0.000000 0.000000 0.000000 0.000000 0.000000 0.000000 0.000000 0.000000 0.000000 0.000000 0.000000 0.000000 0.000000 0.000000 0.000000 0.000000 0.000000 0.000000 0.000000 0.000000 0.000000 0.000000 0.000000 
0.000000 89.700000 0.000000 0.000000 0.000000 0.000000 -2.330157 -5.328154 -1.305087 2.211053 -4.215207 -2.253100 -0.012618 -0.095233 4.083894 2.127996 3.900113 10.324122 0.499746 2.364921 -4.194744 0.000000 0.000000 0.000000 13.281135 -17.229812 -21.872565 -22.549147 -44.826465 -12.889994 108.595050 -57.883837 -89.662147 12.874745 -20.836306 -30.285169 -79.679585 15.778254 -14.468551 -17.367995 0.000000 0.000000 -10.902540 0.000000 0.000000 0.022390 -0.001199 4.934506 -68.939807 22.027514 6.962620 -34.084078 0.000000 0.000000 -10.823387 0.000000 0.000000 2.447046 -0.079831 2.056764 -18.238188 -24.904957 107.439321 -12.871133 0.000000 0.000000 -61.061346 0.000000 0.000000 4.260386 -0.094452 1.375350 -60.404095 15.381484 -3.087484 -35.312459 0.000000 0.000000 -17.663034 0.000000 0.000000 -6.917769 0.291382 2.291170 -52.689695 19.764013 -12.578413 -35.717762 0.000000 0.000000 -24.766549 0.000000 0.000000 0.441624 -0.014543 2.538997 -10.221440 14.517975 -19.192382 19.079432 39.170754 -11.079760 -128.807871 52.539395 -103.306358 -8.001163 3.594423 -39.872539 63.092390 -23.300315 -14.152911 32.360718 0.000000 0.000000 20.433501 0.000000 0.000000 -7.969741 -5.107087 -8.050663 29.548566 0.153467 14.856012 49.926856 0.000000 0.000000 31.077311 0.000000 0.000000 6.271931 -1.933901 -4.817211 21.986171 -9.934096 -0.431059 42.310547 0.000000 0.000000 33.741006 0.000000 0.000000 -1.013052 -2.505694 -6.799366 51.829914 -19.298294 1.187671 35.109761 0.000000 0.000000 20.535811 0.000000 0.000000 -3.109834 -2.403556 -3.139792 2.138921 37.719524 119.999859 14.947584 0.000000 0.000000 38.544116 0.000000 0.000000 -4.610124 -2.491975 -2.359596 0.000000 0.000000 0.000000 0.000000 0.000000 0.000000 0.000000 0.000000 0.000000 0.000000 0.000000 0.000000 0.000000 0.000000 0.000000 0.000000 0.000000 0.000000 0.000000 0.000000 0.000000 0.000000 0.000000 0.000000 
0.000000 89.700000 0.000000 0.000000 0.000000 0.000000 -2.225055 -5.017165 -1.361499 2.233069 -4.279045 -2.268584 -0.038246 -0.143172 4.103020 2.120120 3.943843 10.150227 0.398551 2.189247 -4.138933 0.000000 0.000000 0.000000 13.373892 -17.260057 -21.904250 -22.682835 -44.981367 -12.826905 108.814537 -57.915098 -89.747507 13.694669 -21.059716 -30.550033 -83.058332 15.714547 -14.665435 -17.616292 0.000000 0.000000 -10.639563 0.000000 0.000000 0.022390 -0.001199 4.934506 -73.756228 22.178859 6.615630 -34.196647 0.000000 0.000000 -10.372626 0.000000 0.000000 2.447046 -0.079831 2.056764 -18.685931 -24.483761 104.317142 -12.845103 0.000000 0.000000 -61.248588 0.000000 0.000000 4.260386 -0.094452 1.375350 -62.993312 14.915261 -2.875194 -35.330968 0.000000 0.000000 -17.356259 0.000000 0.000000 -6.917769 0.291382 2.291170 -50.442366 19.794450 -12.756609 -36.284386 0.000000 0.000000 -24.752948 0.000000 0.000000 0.441624 -0.014543 2.538997 -10.300478 14.484882 -19.335020 19.099239 39.309523 -11.052361 -129.407180 52.397906 -103.702311 -6.881932 2.722012 -41.302105 62.414810 -24.004588 -14.571582 32.804048 0.000000 0.000000 21.118772 0.000000 0.000000 -7.969741 -5.107087 -8.050663 30.305412 -0.094802 14.820422 50.138968 0.000000 0.000000 31.383242 0.000000 0.000000 6.271931 -1.933901 -4.817211 21.382074 -9.958383 -0.252590 42.753781 0.000000 0.000000 34.120010 0.000000 0.000000 -1.013052 -2.505694 -6.799366 57.322205 -22.040277 -1.971662 34.850128 0.000000 0.000000 21.427716 0.000000 0.000000 -3.109834 -2.403556 -3.139792 2.632163 38.388581 119.998766 15.013065 0.000000 0.000000 40.598491 0.000000 0.000000 -4.610124 -2.491975 -2.359596 0.000000 0.000000 0.000000 0.000000 0.000000 0.000000 0.000000 0.000000 0.000000 0.000000 0.000000 0.000000 0.000000 0.000000 0.000000 0.000000 0.000000 0.000000 0.000000 0.000000 0.000000 0.000000 0.000000 0.000000 
0.000000 89.700000 0.000000 0.000000 0.000000 0.000000 -2.086536 -4.282354 -1.477932 2.238662 -4.283521 -2.235541 -0.052672 -0.146631 4.099515 2.149612 3.999010 10.056644 0.275864 1.891650 -3.976593 0.000000 0.000000 0.000000 13.493509 -17.266298 -21.927396 -22.714095 -45.019150 -12.766013 108.876806 -57.957584 -89.708484 14.501010 -20.989114 -30.687757 -82.974486 15.811216 -14.832835 -17.994884 0.000000 0.000000 -10.750158 0.000000 0.000000 0.022390 -0.001199 4.934506 -74.323605 22.119537 6.337475 -33.824216 0.000000 0.000000 -10.190628 0.000000 0.000000 2.447046 -0.079831 2.056764 -17.435545 -24.627291 104.311156 -13.294459 0.000000 0.000000 -60.326392 0.000000 0.000000 4.260386 -0.094452 1.375350 -61.723630 14.461062 -2.514390 -35.329670 0.000000 0.000000 -17.376826 0.000000 0.000000 -6.917769 0.291382 2.291170 -47.425811 19.756691 -12.381365 -36.554994 0.000000 0.000000 -25.036052 0.000000 0.000000 0.441624 -0.014543 2.538997 -10.376247 14.528411 -19.481570 19.116618 39.463784 -11.003009 -129.848288 52.321782 -103.908784 -6.167401 2.182663 -42.960898 61.806667 -24.413773 -14.677386 32.663555 0.000000 0.000000 21.715979 0.000000 0.000000 -7.969741 -5.107087 -8.050663 31.091059 -0.639460 14.823550 49.831567 0.000000 0.000000 31.512534 0.000000 0.000000 6.271931 -1.933901 -4.817211 21.338411 -10.410932 0.077279 42.895485 0.000000 0.000000 34.565219 0.000000 0.000000 -1.013052 -2.505694 -6.799366 59.615858 -24.920729 -5.060408 33.871755 0.000000 0.000000 21.882432 0.000000 0.000000 -3.109834 -2.403556 -3.139792 3.427554 39.185317 119.989663 15.264776 0.000000 0.000000 42.647265 0.000000 0.000000 -4.610124 -2.491975 -2.359596 0.000000 0.000000 0.000000 0.000000 0.000000 0.000000 0.000000 0.000000 0.000000 0.000000 0.000000 0.000000 0.000000 0.000000 0.000000 0.000000 0.000000 0.000000 0.000000 0.000000 0.000000 0.000000 0.000000 0.000000 
0.000000 89.700000 0.000000 0.000000 0.000000 0.000000 -1.912335 -3.096352 -1.670460 2.220038 -4.216788 -2.154320 -0.052142 -0.095950 4.082562 2.203214 4.087443 10.063124 0.133456 1.517180 -3.707410 0.000000 0.000000 0.000000 13.633600 -17.230214 -21.947084 -22.628232 -44.907089 -12.705496 108.754121 -58.010108 -89.546886 15.200005 -20.564175 -30.677240 -80.924685 16.080404 -14.883199 -18.529117 0.000000 0.000000 -11.303502 0.000000 0.000000 0.022390 -0.001199 4.934506 -71.303153 21.843730 6.038554 -33.302001 0.000000 0.000000 -10.639009 0.000000 0.000000 2.447046 -0.079831 2.056764 -14.999906 -25.104744 107.517867 -14.307625 0.000000 0.000000 -57.820733 0.000000 0.000000 4.260386 -0.094452 1.375350 -59.389149 13.636132 -1.435243 -35.405494 0.000000 0.000000 -17.808373 0.000000 0.000000 -6.917769 0.291382 2.291170 -46.352440 19.642989 -11.543712 -36.396759 0.000000 0.000000 -25.572898 0.000000 0.000000 0.441624 -0.014543 2.538997 -10.460048 14.670303 -19.624848 19.103919 39.647716 -10.935018 -129.897577 52.377235 -103.740554 -5.955343 1.994955 -44.870090 62.585158 -24.563269 -14.541697 31.859503 0.000000 0.000000 22.268913 0.000000 0.000000 -7.969741 -5.107087 -8.050663 32.106946 -1.531864 14.853519 48.965697 0.000000 0.000000 31.558345 0.000000 0.000000 6.271931 -1.933901 -4.817211 23.027109 -11.272605 0.588477 42.512340 0.000000 0.000000 35.069201 0.000000 0.000000 -1.013052 -2.505694 -6.799366 58.729769 -26.703016 -6.692275 32.545006 0.000000 0.000000 22.237952 0.000000 0.000000 -3.109834 -2.403556 -3.139792 5.135043 39.531418 119.936916 15.624988 0.000000 0.000000 45.698735 0.000000 0.000000 -4.610124 -2.491975 -2.359596 0.000000 0.000000 0.000000 0.000000 0.000000 0.000000 0.000000 0.000000 0.000000 0.000000 0.000000 0.000000 0.000000 0.000000 0.000000 0.000000 0.000000 0.000000 0.000000 0.000000 0.000000 0.000000 0.000000 0.000000 
0.000000 89.700000 0.000000 0.000000 0.000000 0.000000 -1.691547 -1.457854 -1.952772 2.167201 -4.072968 -2.035101 -0.034172 0.017993 4.069210 2.258842 4.229267 10.182143 -0.026613 1.128343 -3.345687 0.000000 0.000000 0.000000 13.763743 -17.127358 -21.953530 -22.451576 -44.612725 -12.627892 108.462181 -58.066797 -89.296657 15.752987 -19.883095 -30.435460 -80.652391 16.412790 -14.701077 -19.360497 0.000000 0.000000 -12.180670 0.000000 0.000000 0.022390 -0.001199 4.934506 -67.502303 21.172931 5.657478 -32.945136 0.000000 0.000000 -11.721636 0.000000 0.000000 2.447046 -0.079831 2.056764 -12.435921 -25.656797 112.144525 -15.830264 0.000000 0.000000 -54.022266 0.000000 0.000000 4.260386 -0.094452 1.375350 -59.555878 11.857687 0.863407 -35.743825 0.000000 0.000000 -18.573111 0.000000 0.000000 -6.917769 0.291382 2.291170 -47.132589 19.111338 -10.261790 -36.021234 0.000000 0.000000 -26.268686 0.000000 0.000000 0.441624 -0.014543 2.538997 -10.563093 14.918003 -19.756927 19.038857 39.876436 -10.856428 -129.434130 52.761107 -103.112813 -6.254865 2.038745 -47.042221 63.304966 -24.584396 -14.169017 30.562221 0.000000 0.000000 22.884560 0.000000 0.000000 -7.969741 -5.107087 -8.050663 32.789128 -2.830753 14.858634 47.486629 0.000000 0.000000 31.575752 0.000000 0.000000 6.271931 -1.933901 -4.817211 23.064617 -12.464683 1.299415 41.430455 0.000000 0.000000 35.581459 0.000000 0.000000 -1.013052 -2.505694 -6.799366 57.141598 -27.206652 -6.652635 31.324921 0.000000 0.000000 22.713372 0.000000 0.000000 -3.109834 -2.403556 -3.139792 8.597978 38.510724 119.709319 15.907333 0.000000 0.000000 50.013505 0.000000 0.000000 -4.610124 -2.491975 -2.359596 0.000000 0.000000 0.000000 0.000000 0.000000 0.000000 0.000000 0.000000 0.000000 0.000000 0.000000 0.000000 0.000000 0.000000 0.000000 0.000000 0.000000 0.000000 0.000000 0.000000 0.000000 0.000000 0.000000 0.000000 
0.000000 89.700000 0.000000 0.000000 0.000000 0.000000 -1.418389 0.626498 -2.323382 2.072656 -3.855225 -1.896844 0.002280 0.198071 4.075746 2.299019 4.449214 10.407862 -0.203018 0.801037 -2.920127 0.000000 0.000000 0.000000 13.848947 -16.944232 -21.930779 -22.250573 -44.126126 -12.501092 108.075670 -58.121730 -89.025741 16.220402 -19.160825 -29.859197 -81.126800 16.632781 -13.985779 -20.759104 0.000000 0.000000 -13.290397 0.000000 0.000000 0.022390 -0.001199 4.934506 -65.590020 19.921808 5.402529 -33.111081 0.000000 0.000000 -13.193061 0.000000 0.000000 2.447046 -0.079831 2.056764 -10.740789 -26.048333 116.109464 -17.693145 0.000000 0.000000 -50.281274 0.000000 0.000000 4.260386 -0.094452 1.375350 -57.970096 8.891141 4.363981 -36.617454 0.000000 0.000000 -19.622265 0.000000 0.000000 -6.917769 0.291382 2.291170 -45.391438 17.740069 -8.611152 -35.828585 0.000000 0.000000 -27.001986 0.000000 0.000000 0.441624 -0.014543 2.538997 -10.696063 15.259788 -19.877431 18.911195 40.161492 -10.779613 -128.451594 53.406518 -102.131260 -7.045597 2.197127 -49.462224 64.413527 -24.606900 -13.386992 29.066491 0.000000 0.000000 23.580106 0.000000 0.000000 -7.969741 -5.107087 -8.050663 35.191563 -4.692597 14.730304 45.431042 0.000000 0.000000 31.576490 0.000000 0.000000 6.271931 -1.933901 -4.817211 25.466631 -14.071235 2.070426 39.684236 0.000000 0.000000 35.986553 0.000000 0.000000 -1.013052 -2.505694 -6.799366 56.414182 -26.934637 -5.335888 30.629651 0.000000 0.000000 23.296548 0.000000 0.000000 -3.109834 -2.403556 -3.139792 14.214841 35.341951 118.963078 15.942680 0.000000 0.000000 54.848427 0.000000 0.000000 -4.610124 -2.491975 -2.359596 0.000000 0.000000 0.000000 0.000000 0.000000 0.000000 0.000000 0.000000 0.000000 0.000000 0.000000 0.000000 0.000000 0.000000 0.000000 0.000000 0.000000 0.000000 0.000000 0.000000 0.000000 0.000000 0.000000 0.000000 
0.000000 89.700000 0.000000 0.000000 0.000000 0.000000 -1.106404 3.155668 -2.758685 1.933479 -3.576262 -1.764368 0.057271 0.438920 4.112764 2.314847 4.778995 10.708809 -0.399341 0.616657 -2.469604 0.000000 0.000000 0.000000 13.863582 -16.682463 -21.868976 -22.107888 -43.470830 -12.289316 107.731786 -58.175168 -88.835543 16.816374 -18.597782 -28.888865 -78.493612 16.438086 -12.187911 -22.929619 0.000000 0.000000 -14.604677 0.000000 0.000000 0.022390 -0.001199 4.934506 -60.810155 18.152735 5.718937 -34.083932 0.000000 0.000000 -14.720108 0.000000 0.000000 2.447046 -0.079831 2.056764 -10.423718 -26.085969 118.493251 -19.690706 0.000000 0.000000 -48.080330 0.000000 0.000000 4.260386 -0.094452 1.375350 -51.912311 5.212239 8.304298 -38.173828 0.000000 0.000000 -20.910527 0.000000 0.000000 -6.917769 0.291382 2.291170 -41.443904 15.223882 -6.762967 -36.050181 0.000000 0.000000 -27.586446 0.000000 0.000000 0.441624 -0.014543 2.538997 -10.861354 15.668569 -19.992038 18.734726 40.515223 -10.709159 -127.205419 54.302608 -101.077251 -8.202985 2.491565 -52.068362 65.147615 -24.651940 -11.875718 27.598801 0.000000 0.000000 24.074267 0.000000 0.000000 -7.969741 -5.107087 -8.050663 40.025242 -7.359659 14.286291 43.103372 0.000000 0.000000 31.498552 0.000000 0.000000 6.271931 -1.933901 -4.817211 31.581046 -16.530172 2.543189 37.663096 0.000000 0.000000 36.257519 0.000000 0.000000 -1.013052 -2.505694 -6.799366 54.500042 -26.315112 -3.066096 30.591823 0.000000 0.000000 23.670406 0.000000 0.000000 -3.109834 -2.403556 -3.139792 21.059105 30.216067 117.078674 15.834188 0.000000 0.000000 58.676279 0.000000 0.000000 -4.610124 -2.491975 -2.359596 0.000000 0.000000 0.000000 0.000000 0.000000 0.000000 0.000000 0.000000 0.000000 0.000000 0.000000 0.000000 0.000000 0.000000 0.000000 0.000000 0.000000 0.000000 0.000000 0.000000 0.000000 0.000000 0.000000 0.000000 
0.000000 89.700000 0.000000 0.000000 0.000000 0.000000 -0.787765 6.127393 -3.218554 1.746909 -3.253162 -1.663771 0.132009 0.732711 4.188578 2.296339 5.251237 11.038819 -0.626695 0.648777 -2.035997 0.000000 0.000000 0.000000 13.791894 -16.347538 -21.768290 -22.087319 -42.697280 -11.969987 107.606833 -58.227839 -88.851271 17.836157 -18.215336 -27.545328 -71.234294 15.483812 -8.796789 -25.856071 0.000000 0.000000 -16.012512 0.000000 0.000000 0.022390 -0.001199 4.934506 -55.606180 16.209347 6.892748 -35.858917 0.000000 0.000000 -15.992577 0.000000 0.000000 2.447046 -0.079831 2.056764 -11.501245 -25.774285 119.547776 -21.664171 0.000000 0.000000 -47.787378 0.000000 0.000000 4.260386 -0.094452 1.375350 -44.930355 1.712791 11.593168 -40.283240 0.000000 0.000000 -22.249662 0.000000 0.000000 -6.917769 0.291382 2.291170 -36.798158 11.443943 -4.802427 -36.600104 0.000000 0.000000 -27.772856 0.000000 0.000000 0.441624 -0.014543 2.538997 -11.043190 16.110985 -20.100825 18.552591 40.964409 -10.635165 -125.886474 55.351918 -100.044285 -9.436386 3.105124 -54.735156 64.396740 -24.599466 -9.363647 26.205390 0.000000 0.000000 23.713681 0.000000 0.000000 -7.969741 -5.107087 -8.050663 43.897059 -10.936019 13.351351 41.022091 0.000000 0.000000 31.182446 0.000000 0.000000 6.271931 -1.933901 -4.817211 36.989220 -20.452409 2.256966 35.964082 0.000000 0.000000 36.533576 0.000000 0.000000 -1.013052 -2.505694 -6.799366 48.999659 -25.369062 -0.055501 30.846559 0.000000 0.000000 23.123797 0.000000 0.000000 -3.109834 -2.403556 -3.139792 26.891636 24.617320 113.372957 16.096934 0.000000 0.000000 59.826212 0.000000 0.000000 -4.610124 -2.491975 -2.359596 0.000000 0.000000 0.000000 0.000000 0.000000 0.000000 0.000000 0.000000 0.000000 0.000000 0.000000 0.000000 0.000000 0.000000 0.000000 0.000000 0.000000 0.000000 0.000000 0.000000 0.000000 0.000000 0.000000 0.000000 
0.000000 89.700000 0.000000 0.000000 0.000000 0.000000 -0.496611 9.528192 -3.660053 1.505655 -2.897587 -1.616747 0.230878 1.077811 4.313054 2.226816 5.892799 11.363253 -0.899388 0.948609 -1.651207 0.000000 0.000000 0.000000 13.624683 -15.936892 -21.632207 -22.212768 -41.866009 -11.544208 107.872828 -58.263208 -89.199854 19.482946 -17.792166 -25.920172 -63.785994 13.774100 -3.949318 -29.321966 0.000000 0.000000 -17.241366 0.000000 0.000000 0.022390 -0.001199 4.934506 -53.759374 14.389888 8.781761 -38.106275 0.000000 0.000000 -16.779911 0.000000 0.000000 2.447046 -0.079831 2.056764 -13.757292 -25.510164 119.896234 -23.467360 0.000000 0.000000 -48.391217 0.000000 0.000000 4.260386 -0.094452 1.375350 -40.915197 -0.973020 13.628227 -42.699512 0.000000 0.000000 -23.344744 0.000000 0.000000 -6.917769 0.291382 2.291170 -35.119851 6.678206 -2.678488 -37.317683 0.000000 0.000000 -27.427393 0.000000 0.000000 0.441624 -0.014543 2.538997 -11.209847 16.555484 -20.190777 18.427921 41.560900 -10.541867 -124.549778 56.474796 -99.086428 -10.420499 4.267056 -57.274570 62.542910 -24.229326 -5.874480 24.795302 0.000000 0.000000 21.620716 0.000000 0.000000 -7.969741 -5.107087 -8.050663 43.598321 -15.023690 11.984404 39.601344 0.000000 0.000000 30.391875 0.000000 0.000000 6.271931 -1.933901 -4.817211 35.318349 -25.917205 1.014464 34.967509 0.000000 0.000000 36.885810 0.000000 0.000000 -1.013052 -2.505694 -6.799366 45.267680 -23.871966 3.420104 30.740694 0.000000 0.000000 20.649727 0.000000 0.000000 -3.109834 -2.403556 -3.139792 29.417486 20.481670 107.626802 17.452717 0.000000 0.000000 57.451955 0.000000 0.000000 -4.610124 -2.491975 -2.359596 0.000000 0.000000 0.000000 0.000000 0.000000 0.000000 0.000000 0.000000 0.000000 0.000000 0.000000 0.000000 0.000000 0.000000 0.000000 0.000000 0.000000 0.000000 0.000000 0.000000 0.000000 0.000000 0.000000 0.000000 
0.000000 89.700000 0.000000 0.000000 0.000000 0.000000 -0.252028 13.343713 -4.046427 1.201284 -2.509878 -1.637799 0.359332 1.480216 4.493416 2.095106 6.718490 11.678200 -1.224011 1.533152 -1.321641 0.000000 0.000000 0.000000 13.362299 -15.439960 -21.460967 -22.470728 -41.033163 -11.036496 108.650593 -58.236315 -89.973425 21.710917 -16.947779 -24.138112 -57.283155 11.857499 1.279325 -32.992314 0.000000 0.000000 -17.968718 0.000000 0.000000 0.022390 -0.001199 4.934506 -46.033979 12.749227 10.920300 -40.383957 0.000000 0.000000 -16.963434 0.000000 0.000000 2.447046 -0.079831 2.056764 -16.825783 -25.994168 119.982168 -24.879481 0.000000 0.000000 -48.482598 0.000000 0.000000 4.260386 -0.094452 1.375350 -39.373883 -2.717046 14.551891 -45.306754 0.000000 0.000000 -24.033654 0.000000 0.000000 -6.917769 0.291382 2.291170 -36.973581 1.902642 -0.572054 -38.330034 0.000000 0.000000 -26.783099 0.000000 0.000000 0.441624 -0.014543 2.538997 -11.333046 16.975318 -20.243871 18.425432 42.373498 -10.419124 -123.372691 57.532988 -98.423780 -10.956971 6.045071 -59.469322 58.842262 -23.372982 -1.868518 23.309859 0.000000 0.000000 17.129735 0.000000 0.000000 -7.969741 -5.107087 -8.050663 42.938178 -18.627114 10.615945 38.922281 0.000000 0.000000 28.887790 0.000000 0.000000 6.271931 -1.933901 -4.817211 31.779331 -31.930907 -0.793416 34.655637 0.000000 0.000000 37.068691 0.000000 0.000000 -1.013052 -2.505694 -6.799366 41.556022 -21.720233 6.961524 29.852504 0.000000 0.000000 15.520768 0.000000 0.000000 -3.109834 -2.403556 -3.139792 27.612152 19.019414 100.493442 20.354910 0.000000 0.000000 52.055669 0.000000 0.000000 -4.610124 -2.491975 -2.359596 0.000000 0.000000 0.000000 0.000000 0.000000 0.000000 0.000000 0.000000 0.000000 0.000000 0.000000 0.000000 0.000000 0.000000 0.000000 0.000000 0.000000 0.000000 0.000000 0.000000 0.000000 0.000000 0.000000 0.000000 
0.000000 89.700000 0.000000 0.000000 0.000000 0.000000 -0.052548 17.573682 -4.344122 0.832802 -2.084260 -1.736793 0.518409 1.945511 4.727344 1.909371 7.714189 12.008316 -1.586156 2.376122 -1.023033 0.000000 0.000000 0.000000 13.022042 -14.848094 -21.255408 -22.824577 -40.246638 -10.486935 109.964814 -58.083189 -91.183115 24.152042 -15.343366 -22.317662 -53.165725 10.391593 5.494439 -36.647718 0.000000 0.000000 -18.084896 0.000000 0.000000 0.022390 -0.001199 4.934506 -41.329089 11.317203 12.745170 -42.530757 0.000000 0.000000 -16.708796 0.000000 0.000000 2.447046 -0.079831 2.056764 -20.180853 -27.764872 119.997684 -25.733107 0.000000 0.000000 -47.479423 0.000000 0.000000 4.260386 -0.094452 1.375350 -39.663324 -3.669787 14.819666 -48.146398 0.000000 0.000000 -24.446358 0.000000 0.000000 -6.917769 0.291382 2.291170 -39.535818 -1.505153 0.896120 -40.019798 0.000000 0.000000 -26.387773 0.000000 0.000000 0.441624 -0.014543 2.538997 -11.408463 17.347635 -20.251670 18.591244 43.453583 -10.263524 -122.237037 58.383563 -97.551765 -10.986733 8.218174 -61.130491 55.254085 -22.018660 1.893946 21.841525 0.000000 0.000000 10.467424 0.000000 0.000000 -7.969741 -5.107087 -8.050663 38.985059 -20.643760 9.769409 38.731081 0.000000 0.000000 26.572663 0.000000 0.000000 6.271931 -1.933901 -4.817211 27.002766 -36.886664 -2.495114 34.850436 0.000000 0.000000 36.661211 0.000000 0.000000 -1.013052 -2.505694 -6.799366 39.023690 -19.074358 10.092328 28.261176 0.000000 0.000000 8.121206 0.000000 0.000000 -3.109834 -2.403556 -3.139792 22.127555 20.366460 93.330835 24.540859 0.000000 0.000000 45.040260 0.000000 0.000000 -4.610124 -2.491975 -2.359596 0.000000 0.000000 0.000000 0.000000 0.000000 0.000000 0.000000 0.000000 0.000000 0.000000 0.000000 0.000000 0.000000 0.000000 0.000000 0.000000 0.000000 0.000000 0.000000 0.000000 0.000000 0.000000 0.000000 0.000000 
0.000000 89.700000 0.000000 0.000000 0.000000 0.000000 0.120533 22.216248 -4.515099 0.411260 -1.620906 -1.919505 0.701686 2.470704 5.001457 1.691153 8.816517 12.385924 -1.944071 3.400487 -0.712681 0.000000 0.000000 0.000000 12.639750 -14.164433 -21.026356 -23.231235 -39.549104 -9.937844 111.717530 -57.747954 -92.729175 26.303636 -12.923586 -20.542911 -51.222381 9.521419 7.958300 -40.439265 0.000000 0.000000 -17.861504 0.000000 0.000000 0.022390 -0.001199 4.934506 -40.703616 10.171440 13.894267 -44.865898 0.000000 0.000000 -16.609458 0.000000 0.000000 2.447046 -0.079831 2.056764 -23.429196 -30.640156 119.999060 -26.108531 0.000000 0.000000 -45.860808 0.000000 0.000000 4.260386 -0.094452 1.375350 -39.696578 -4.072384 14.766381 -51.190115 0.000000 0.000000 -24.865252 0.000000 0.000000 -6.917769 0.291382 2.291170 -36.800028 -2.854648 1.235827 -42.454608 0.000000 0.000000 -26.641728 0.000000 0.000000 0.441624 -0.014543 2.538997 -11.456645 17.653662 -20.219098 18.941102 44.790464 -10.070267 -120.964451 59.238487 -96.161394 -10.534907 10.348765 -62.153290 52.186593 -20.164202 4.748076 20.579477 0.000000 0.000000 3.079960 0.000000 0.000000 -7.969741 -5.107087 -8.050663 33.372954 -20.484186 9.586401 38.496760 0.000000 0.000000 23.586131 0.000000 0.000000 6.271931 -1.933901 -4.817211 21.513409 -39.508163 -3.846024 35.422381 0.000000 0.000000 35.394389 0.000000 0.000000 -1.013052 -2.505694 -6.799366 37.537376 -16.149463 12.411865 26.391312 0.000000 0.000000 0.146028 0.000000 0.000000 -3.109834 -2.403556 -3.139792 14.935534 24.042911 87.669246 28.902523 0.000000 0.000000 37.864770 0.000000 0.000000 -4.610124 -2.491975 -2.359596 0.000000 0.000000 0.000000 0.000000 0.000000 0.000000 0.000000 0.000000 0.000000 0.000000 0.000000 0.000000 0.000000 0.000000 0.000000 0.000000 0.000000 0.000000 0.000000 0.000000 0.000000 0.000000 0.000000 0.000000 
0.000000 89.700000 0.000000 0.000000 0.000000 0.000000 0.295972 27.227833 -4.519395 -0.041419 -1.133310 -2.177638 0.896780 3.043972 5.293094 1.458627 9.918697 12.824712 -2.240862 4.485525 -0.354011 0.000000 0.000000 0.000000 12.258782 -13.409607 -20.795633 -23.659826 -38.975708 -9.420527 113.715234 -57.211618 -94.421858 28.037157 -10.009150 -18.870551 -50.460521 8.789471 8.869394 -44.569992 0.000000 0.000000 -17.685321 0.000000 0.000000 0.022390 -0.001199 4.934506 -43.422666 9.211097 14.399558 -47.679830 0.000000 0.000000 -17.262045 0.000000 0.000000 2.447046 -0.079831 2.056764 -26.528131 -33.634017 119.996036 -26.202574 0.000000 0.000000 -44.292872 0.000000 0.000000 4.260386 -0.094452 1.375350 -37.227702 -4.244894 14.524924 -54.027782 0.000000 0.000000 -25.330981 0.000000 0.000000 -6.917769 0.291382 2.291170 -31.885661 -2.785669 0.681624 -44.885232 0.000000 0.000000 -27.427869 0.000000 0.000000 0.441624 -0.014543 2.538997 -11.504307 17.883422 -20.156281 19.469267 46.295118 -9.824132 -120.339513 59.736961 -95.346541 -9.678880 11.994567 -62.547431 49.926032 -17.707281 6.397894 19.678470 0.000000 0.000000 -3.041176 0.000000 0.000000 -7.969741 -5.107087 -8.050663 29.597335 -18.220641 9.762876 37.599379 0.000000 0.000000 20.211370 0.000000 0.000000 6.271931 -1.933901 -4.817211 17.907141 -39.250176 -5.138163 36.255897 0.000000 0.000000 33.260754 0.000000 0.000000 -1.013052 -2.505694 -6.799366 37.086428 -13.038444 13.749900 24.707583 0.000000 0.000000 -6.312024 0.000000 0.000000 -3.109834 -2.403556 -3.139792 8.358888 29.497238 84.754339 31.970505 0.000000 0.000000 31.522234 0.000000 0.000000 -4.610124 -2.491975 -2.359596 0.000000 0.000000 0.000000 0.000000 0.000000 0.000000 0.000000 0.000000 0.000000 0.000000 0.000000 0.000000 0.000000 0.000000 0.000000 0.000000 0.000000 0.000000 0.000000 0.000000 0.000000 0.000000 0.000000 0.000000 
0.000000 89.700000 0.000000 0.000000 0.000000 0.000000 0.504727 32.507114 -4.328778 -0.498581 -0.643348 -2.476482 1.088183 3.649898 5.572893 1.220254 10.903111 13.306586 -2.431563 5.504283 0.058641 0.000000 0.000000 0.000000 11.911051 -12.625152 -20.586301 -24.103124 -38.544068 -8.953045 115.747571 -56.498559 -96.050233 30.004261 -7.110454 -17.421587 -51.121869 7.581977 8.928715 -48.562003 0.000000 0.000000 -17.475520 0.000000 0.000000 0.022390 -0.001199 4.934506 -40.572764 8.070244 14.535963 -50.494439 0.000000 0.000000 -18.423668 0.000000 0.000000 2.447046 -0.079831 2.056764 -29.508170 -35.572390 119.984809 -26.085655 0.000000 0.000000 -42.658944 0.000000 0.000000 4.260386 -0.094452 1.375350 -35.609447 -4.523515 14.144163 -55.809985 0.000000 0.000000 -25.309464 0.000000 0.000000 -6.917769 0.291382 2.291170 -27.768078 -2.588002 -0.038092 -46.031078 0.000000 0.000000 -28.355631 0.000000 0.000000 0.441624 -0.014543 2.538997 -11.567233 18.044039 -20.071435 20.159908 47.830565 -9.504677 -120.819435 59.857407 -95.669749 -8.543895 12.917272 -62.432724 49.249499 -14.675753 6.871722 19.181642 0.000000 0.000000 -6.639589 0.000000 0.000000 -7.969741 -5.107087 -8.050663 30.430840 -14.430061 9.921177 35.729865 0.000000 0.000000 16.685319 0.000000 0.000000 6.271931 -1.933901 -4.817211 19.187924 -36.128196 -6.509048 37.150835 0.000000 0.000000 30.436117 0.000000 0.000000 -1.013052 -2.505694 -6.799366 38.419772 -9.841337 14.138911 23.511889 0.000000 0.000000 -10.023560 0.000000 0.000000 -3.109834 -2.403556 -3.139792 3.880337 36.213684 85.179199 32.825079 0.000000 0.000000 26.417274 0.000000 0.000000 -4.610124 -2.491975 -2.359596 0.000000 0.000000 0.000000 0.000000 0.000000 0.000000 0.000000 0.000000 0.000000 0.000000 0.000000 0.000000 0.000000 0.000000 0.000000 0.000000 0.000000 0.000000 0.000000 0.000000 0.000000 0.000000 0.000000 0.000000 
0.000000 89.700000 0.000000 0.000000 0.000000 0.000000 0.773820 37.920240 -3.934144 -0.938895 -0.169098 -2.758907 1.260728 4.271504 5.811488 0.978647 11.665675 13.787712 -2.501587 6.371531 0.497101 0.000000 0.000000 0.000000 11.604491 -11.869869 -20.413361 -24.570114 -38.250899 -8.548442 117.653511 -55.656361 -97.447962 33.478224 -4.607798 -16.547962 -48.150790 5.623922 8.864739 -51.169244 0.000000 0.000000 -16.415929 0.000000 0.000000 0.022390 -0.001199 4.934506 -36.372648 6.422309 14.485978 -52.265224 0.000000 0.000000 -18.762342 0.000000 0.000000 2.447046 -0.079831 2.056764 -32.271496 -35.894849 119.956746 -25.808322 0.000000 0.000000 -39.950465 0.000000 0.000000 4.260386 -0.094452 1.375350 -33.651435 -5.094143 13.700313 -55.647395 0.000000 0.000000 -23.803995 0.000000 0.000000 -6.917769 0.291382 2.291170 -26.994569 -3.281637 -0.142496 -45.022573 0.000000 0.000000 -29.404587 0.000000 0.000000 0.441624 -0.014543 2.538997 -11.650192 18.163217 -19.970256 20.971377 49.258960 -9.112918 -121.029182 59.706457 -95.758907 -7.316343 13.139252 -62.000433 49.220006 -11.543321 6.339307 19.045400 0.000000 0.000000 -7.896211 0.000000 0.000000 -7.969741 -5.107087 -8.050663 33.218085 -10.106342 9.885304 33.203931 0.000000 0.000000 13.116884 0.000000 0.000000 6.271931 -1.933901 -4.817211 22.065514 -30.467107 -7.317347 37.809255 0.000000 0.000000 27.223909 0.000000 0.000000 -1.013052 -2.505694 -6.799366 40.446553 -6.897483 13.644695 22.942028 0.000000 0.000000 -11.139732 0.000000 0.000000 -3.109834 -2.403556 -3.139792 1.666579 43.479152 88.660862 31.635733 0.000000 0.000000 22.505286 0.000000 0.000000 -4.610124 -2.491975 -2.359596 0.000000 0.000000 0.000000 0.000000 0.000000 0.000000 0.000000 0.000000 0.000000 0.000000 0.000000 0.000000 0.000000 0.000000 0.000000 0.000000 0.000000 0.000000 0.000000 0.000000 0.000000 0.000000 0.000000 0.000000 
0.000000 89.700000 0.000000 0.000000 0.000000 0.000000 1.125693 43.333375 -3.338596 -1.352390 0.282472 -2.968286 1.405327 4.887738 5.990760 0.734484 12.128966 14.215935 -2.460953 7.058108 0.930175 0.000000 0.000000 0.000000 11.329187 -11.200746 -20.281643 -25.067134 -38.082617 -8.216160 119.330925 -54.738963 -98.524407 39.478440 -2.525136 -16.890053 -43.779463 3.178720 9.156211 -51.355414 0.000000 0.000000 -13.433444 0.000000 0.000000 0.022390 -0.001199 4.934506 -33.676095 4.443594 14.125794 -52.564222 0.000000 0.000000 -16.817729 0.000000 0.000000 2.447046 -0.079831 2.056764 -34.809370 -35.023749 119.907869 -25.597767 0.000000 0.000000 -35.123824 0.000000 0.000000 4.260386 -0.094452 1.375350 -32.066338 -5.974044 13.335677 -53.241577 0.000000 0.000000 -20.080426 0.000000 0.000000 -6.917769 0.291382 2.291170 -29.875709 -5.527728 1.010016 -42.184823 0.000000 0.000000 -31.103471 0.000000 0.000000 0.441624 -0.014543 2.538997 -11.756936 18.278029 -19.856858 21.821366 50.471336 -8.689884 -122.270734 59.555685 -96.542866 -6.239553 12.811718 -61.448868 49.356551 -9.197874 5.002661 19.247332 0.000000 0.000000 -7.984135 0.000000 0.000000 -7.969741 -5.107087 -8.050663 36.151380 -6.533109 9.613548 30.865758 0.000000 0.000000 9.578489 0.000000 0.000000 6.271931 -1.933901 -4.817211 24.392268 -22.805396 -6.373274 37.988067 0.000000 0.000000 24.049125 0.000000 0.000000 -1.013052 -2.505694 -6.799366 42.402662 -4.790704 12.319582 23.118056 0.000000 0.000000 -10.776017 0.000000 0.000000 -3.109834 -2.403556 -3.139792 1.048610 50.333697 94.171176 29.365590 0.000000 0.000000 19.617380 0.000000 0.000000 -4.610124 -2.491975 -2.359596 0.000000 0.000000 0.000000 0.000000 0.000000 0.000000 0.000000 0.000000 0.000000 0.000000 0.000000 0.000000 0.000000 0.000000 0.000000 0.000000 0.000000 0.000000 0.000000 0.000000 0.000000 0.000000 0.000000 0.000000 
0.000000 89.700000 0.000000 0.000000 0.000000 0.000000 1.588938 48.620247 -2.547583 -1.737003 0.714231 -3.071114 1.522502 5.476039 6.111680 0.492293 12.270770 14.554990 -2.327920 7.562957 1.356353 0.000000 0.000000 0.000000 11.075804 -10.648158 -20.187400 -25.584357 -38.022335 -7.948520 120.721070 -53.812578 -99.278426 47.462785 -0.456813 -19.068677 -44.892759 0.907074 9.852671 -49.486581 0.000000 0.000000 -8.220569 0.000000 0.000000 0.022390 -0.001199 4.934506 -36.726587 2.880824 13.062135 -52.357408 0.000000 0.000000 -12.534207 0.000000 0.000000 2.447046 -0.079831 2.056764 -37.128026 -34.176715 119.850365 -25.551331 0.000000 0.000000 -28.231260 0.000000 0.000000 4.260386 -0.094452 1.375350 -36.838228 -7.242324 13.221174 -49.367593 0.000000 0.000000 -14.803494 0.000000 0.000000 -6.917769 0.291382 2.291170 -47.410853 -9.797400 3.491593 -39.072512 0.000000 0.000000 -33.802390 0.000000 0.000000 0.441624 -0.014543 2.538997 -11.895185 18.415969 -19.734053 22.620310 51.402170 -8.292145 -123.578394 59.759656 -97.131962 -5.547496 12.070755 -60.915927 50.561666 -8.464629 3.156795 19.839908 0.000000 0.000000 -8.083969 0.000000 0.000000 -7.969741 -5.107087 -8.050663 38.721406 -4.855098 9.047064 29.599752 0.000000 0.000000 6.250454 0.000000 0.000000 6.271931 -1.933901 -4.817211 25.546335 -14.000753 -2.964449 37.779895 0.000000 0.000000 21.419971 0.000000 0.000000 -1.013052 -2.505694 -6.799366 43.980687 -4.044994 10.362591 24.204178 0.000000 0.000000 -10.229044 0.000000 0.000000 -3.109834 -2.403556 -3.139792 1.198113 55.929157 100.286321 27.065563 0.000000 0.000000 17.715776 0.000000 0.000000 -4.610124 -2.491975 -2.359596 0.000000 0.000000 0.000000 0.000000 0.000000 0.000000 0.000000 0.000000 0.000000 0.000000 0.000000 0.000000 0.000000 0.000000 0.000000 0.000000 0.000000 0.000000 0.000000 0.000000 0.000000 0.000000 0.000000 0.000000 
0.000000 89.700000 0.000000 0.000000 0.000000 0.000000 2.212898 53.638877 -1.561235 -2.092313 1.132533 -3.067657 1.618056 6.020992 6.191327 0.267627 12.150540 14.804750 -2.124178 7.880918 1.792144 0.000000 0.000000 0.000000 10.844887 -10.208492 -20.122208 -26.098228 -38.039086 -7.710180 121.812315 -52.961036 -99.797482 54.933085 2.300029 -23.058516 -55.931291 -0.520066 10.580768 -47.399850 0.000000 0.000000 -1.882504 0.000000 0.000000 0.022390 -0.001199 4.934506 -48.382761 2.508295 10.920055 -53.258111 0.000000 0.000000 -7.855914 0.000000 0.000000 2.447046 -0.079831 2.056764 -38.748281 -34.685530 119.799002 -25.185119 0.000000 0.000000 -20.774249 0.000000 0.000000 4.260386 -0.094452 1.375350 -50.670894 -9.178057 13.445375 -45.709797 0.000000 0.000000 -10.458599 0.000000 0.000000 -6.917769 0.291382 2.291170 -83.585279 -15.837953 6.296007 -37.586309 0.000000 0.000000 -36.880666 0.000000 0.000000 0.441624 -0.014543 2.538997 -12.069270 18.587647 -19.604817 23.321814 52.042953 -7.947849 -125.195111 59.912919 -97.900176 -5.351586 11.065331 -60.441838 53.972431 -9.516754 1.304815 20.801981 0.000000 0.000000 -8.734999 0.000000 0.000000 -7.969741 -5.107087 -8.050663 40.268831 -5.470387 8.158233 29.732264 0.000000 0.000000 3.404297 0.000000 0.000000 6.271931 -1.933901 -4.817211 25.835520 -5.299100 2.245541 37.658381 0.000000 0.000000 19.776522 0.000000 0.000000 -1.013052 -2.505694 -6.799366 45.759463 -4.754224 8.191157 26.229254 0.000000 0.000000 -10.335041 0.000000 0.000000 -3.109834 -2.403556 -3.139792 1.461633 59.912289 105.629774 25.359156 0.000000 0.000000 16.799589 0.000000 0.000000 -4.610124 -2.491975 -2.359596 0.000000 0.000000 0.000000 0.000000 0.000000 0.000000 0.000000 0.000000 0.000000 0.000000 0.000000 0.000000 0.000000 0.000000 0.000000 0.000000 0.000000 0.000000 0.000000 0.000000 0.000000 0.000000 0.000000 0.000000 
0.000000 89.700000 0.000000 0.000000 0.000000 0.000000 3.056922 58.209467 -0.374370 -2.416065 1.538547 -2.991495 1.695602 6.516648 6.250991 0.085512 11.887589 14.998939 -1.880363 8.005802 2.229111 0.000000 0.000000 0.000000 10.640040 -9.859048 -20.080772 -26.591130 -38.080912 -7.451665 122.652643 -52.262451 -100.210457 59.233143 6.195193 -27.792393 -63.612362 -0.876621 10.931374 -46.659535 0.000000 0.000000 3.787876 0.000000 0.000000 0.022390 -0.001199 4.934506 -54.270616 3.414450 7.803166 -55.565639 0.000000 0.000000 -5.274608 0.000000 0.000000 2.447046 -0.079831 2.056764 -38.701730 -36.908560 119.715628 -23.764744 0.000000 0.000000 -14.569932 0.000000 0.000000 4.260386 -0.094452 1.375350 -54.829465 -11.948213 13.914062 -43.643821 0.000000 0.000000 -9.753182 0.000000 0.000000 -6.917769 0.291382 2.291170 -88.367234 -21.936969 7.840529 -38.394354 0.000000 0.000000 -39.078656 0.000000 0.000000 0.441624 -0.014543 2.538997 -12.264887 18.793979 -19.474034 23.922589 52.448357 -7.648804 -126.287172 60.020862 -98.571166 -5.590867 10.060324 -59.983106 58.548601 -11.724705 0.086223 21.845365 0.000000 0.000000 -9.838761 0.000000 0.000000 -7.969741 -5.107087 -8.050663 42.098818 -7.779668 7.129781 30.794855 0.000000 0.000000 1.143248 0.000000 0.000000 6.271931 -1.933901 -4.817211 27.978963 2.048788 7.533287 38.028831 0.000000 0.000000 19.248064 0.000000 0.000000 -1.013052 -2.505694 -6.799366 49.777603 -6.433989 6.256774 28.898748 0.000000 0.000000 -11.212458 0.000000 0.000000 -3.109834 -2.403556 -3.139792 1.489533 62.351993 109.479744 24.317879 0.000000 0.000000 16.626806 0.000000 0.000000 -4.610124 -2.491975 -2.359596 0.000000 0.000000 0.000000 0.000000 0.000000 0.000000 0.000000 0.000000 0.000000 0.000000 0.000000 0.000000 0.000000 0.000000 0.000000 0.000000 0.000000 0.000000 0.000000 0.000000 0.000000 0.000000 0.000000 0.000000 
0.000000 89.700000 0.000000 0.000000 0.000000 0.000000 4.134721 62.136061 0.991295 -2.702484 1.922079 -2.892599 1.755708 6.959571 6.305412 -0.031242 11.598568 15.178600 -1.632747 7.964107 2.621724 0.000000 0.000000 0.000000 10.460079 -9.576036 -20.065049 -27.069442 -38.096287 -7.140051 123.334190 -51.749790 -100.609661 59.802801 10.674942 -31.587111 -67.351511 -0.531438 10.948261 -46.569160 0.000000 0.000000 7.773207 0.000000 0.000000 0.022390 -0.001199 4.934506 -55.863524 4.833792 4.587548 -57.116713 0.000000 0.000000 -5.567586 0.000000 0.000000 2.447046 -0.079831 2.056764 -36.282057 -39.542634 119.469593 -21.167578 0.000000 0.000000 -10.100246 0.000000 0.000000 4.260386 -0.094452 1.375350 -52.189423 -15.103156 14.404920 -42.910484 0.000000 0.000000 -13.175397 0.000000 0.000000 -6.917769 0.291382 2.291170 -61.502822 -25.599224 7.488979 -39.977384 0.000000 0.000000 -39.572232 0.000000 0.000000 0.441624 -0.014543 2.538997 -12.444868 19.030461 -19.348592 24.425372 52.717146 -7.379562 -127.056733 60.384822 -99.210243 -6.125113 9.360981 -59.466284 64.457271 -14.119223 0.019147 22.543677 0.000000 0.000000 -11.060887 0.000000 0.000000 -7.969741 -5.107087 -8.050663 46.733457 -10.622834 6.353067 31.955305 0.000000 0.000000 -0.839160 0.000000 0.000000 6.271931 -1.933901 -4.817211 30.816392 7.404127 11.442063 38.818906 0.000000 0.000000 19.531336 0.000000 0.000000 -1.013052 -2.505694 -6.799366 53.513189 -8.079233 4.966547 31.742742 0.000000 0.000000 -12.453999 0.000000 0.000000 -3.109834 -2.403556 -3.139792 1.266927 63.394905 112.113166 23.675801 0.000000 0.000000 16.745706 0.000000 0.000000 -4.610124 -2.491975 -2.359596 0.000000 0.000000 0.000000 0.000000 0.000000 0.000000 0.000000 0.000000 0.000000 0.000000 0.000000 0.000000 0.000000 0.000000 0.000000 0.000000 0.000000 0.000000 0.000000 0.000000 0.000000 0.000000 0.000000 0.000000 
0.000000 89.700000 0.000000 0.000000 0.000000 0.000000 5.347649 65.260035 2.428626 -2.943936 2.264518 -2.810114 1.800338 7.342765 6.361443 -0.075471 11.351960 15.362786 -1.409123 7.828840 2.922724 0.000000 0.000000 0.000000 10.302961 -9.340651 -20.077757 -27.550022 -38.065362 -6.780734 123.941453 -51.396897 -101.013583 58.004601 14.291369 -33.259792 -66.466356 -0.040215 11.076565 -44.839217 0.000000 0.000000 10.145994 0.000000 0.000000 0.022390 -0.001199 4.934506 -55.155738 5.822979 2.523476 -55.061366 0.000000 0.000000 -7.404161 0.000000 0.000000 2.447046 -0.079831 2.056764 -31.716962 -40.549708 118.919350 -18.071821 0.000000 0.000000 -6.435058 0.000000 0.000000 4.260386 -0.094452 1.375350 -46.048501 -17.612089 14.747598 -42.014753 0.000000 0.000000 -18.652262 0.000000 0.000000 -6.917769 0.291382 2.291170 -30.417634 -25.595342 6.305209 -39.900759 0.000000 0.000000 -38.413405 0.000000 0.000000 0.441624 -0.014543 2.538997 -12.572077 19.280749 -19.237699 24.830046 52.947431 -7.135312 -127.039658 60.906398 -98.893385 -6.847981 9.096037 -58.845283 67.167574 -15.995208 1.231323 22.698722 0.000000 0.000000 -12.173665 0.000000 0.000000 -7.969741 -5.107087 -8.050663 49.103562 -13.023749 6.136215 32.675998 0.000000 0.000000 -3.074586 0.000000 0.000000 6.271931 -1.933901 -4.817211 32.477544 10.864042 13.628978 39.678264 0.000000 0.000000 20.071841 0.000000 0.000000 -1.013052 -2.505694 -6.799366 54.514268 -8.477476 4.785166 34.425834 0.000000 0.000000 -13.571038 0.000000 0.000000 -3.109834 -2.403556 -3.139792 0.950727 63.241072 114.269804 23.182678 0.000000 0.000000 16.857140 0.000000 0.000000 -4.610124 -2.491975 -2.359596 0.000000 0.000000 0.000000 0.000000 0.000000 0.000000 0.000000 0.000000 0.000000 0.000000 0.000000 0.000000 0.000000 0.000000 0.000000 0.000000 0.000000 0.000000 0.000000 0.000000 0.000000 0.000000 0.000000 0.000000 
0.000000 89.700000 0.000000 0.000000 0.000000 0.000000 6.479079 67.493265 3.726922 -3.135025 2.547975 -2.756718 1.832423 7.654907 6.418599 -0.062317 11.167885 15.544333 -1.224258 7.682930 3.114743 0.000000 0.000000 0.000000 10.175191 -9.140284 -20.115020 -28.020720 -38.007220 -6.418107 124.488348 -51.150252 -101.384932 55.522177 16.095174 -33.015289 -56.065255 0.412678 11.578621 -40.860425 0.000000 0.000000 11.025711 0.000000 0.000000 0.022390 -0.001199 4.934506 -46.346654 6.179035 2.151791 -49.369120 0.000000 0.000000 -9.077910 0.000000 0.000000 2.447046 -0.079831 2.056764 -26.316587 -39.313762 118.122478 -15.344758 0.000000 0.000000 -2.922286 0.000000 0.000000 4.260386 -0.094452 1.375350 -35.497315 -18.710658 14.917769 -40.217472 0.000000 0.000000 -23.626177 0.000000 0.000000 -6.917769 0.291382 2.291170 -10.956614 -23.040733 5.818610 -37.535962 0.000000 0.000000 -36.382120 0.000000 0.000000 0.441624 -0.014543 2.538997 -12.641455 19.513305 -19.154632 25.151085 53.190490 -6.916987 -126.275810 61.503959 -98.019870 -7.654449 9.156558 -58.129829 69.546756 -17.154773 3.261622 22.460959 0.000000 0.000000 -13.097403 0.000000 0.000000 -7.969741 -5.107087 -8.050663 50.917100 -14.602113 6.418876 32.912033 0.000000 0.000000 -5.687337 0.000000 0.000000 6.271931 -1.933901 -4.817211 33.924965 12.851048 14.574661 40.362874 0.000000 0.000000 20.421094 0.000000 0.000000 -1.013052 -2.505694 -6.799366 55.484845 -7.074548 5.897509 36.755433 0.000000 0.000000 -14.317601 0.000000 0.000000 -3.109834 -2.403556 -3.139792 0.660756 62.369187 116.242466 22.789150 0.000000 0.000000 16.953725 0.000000 0.000000 -4.610124 -2.491975 -2.359596 0.000000 0.000000 0.000000 0.000000 0.000000 0.000000 0.000000 0.000000 0.000000 0.000000 0.000000 0.000000 0.000000 0.000000 0.000000 0.000000 0.000000 0.000000 0.000000 0.000000 0.000000 0.000000 0.000000 0.000000 
0.000000 89.700000 0.000000 0.000000 0.000000 0.000000 7.271933 68.809028 4.634636 -3.274879 2.761847 -2.723731 1.850903 7.882266 6.465539 -0.021592 11.043852 15.710459 -1.091376 7.574651 3.204260 0.000000 0.000000 0.000000 10.092209 -8.973145 -20.169020 -28.425906 -37.961347 -6.117368 124.894564 -50.976817 -101.656424 53.796241 16.663889 -32.280517 -43.858184 1.060687 12.189003 -37.553583 0.000000 0.000000 9.842585 0.000000 0.000000 0.022390 -0.001199 4.934506 -30.063802 6.600983 2.601952 -43.865552 0.000000 0.000000 -10.095384 0.000000 0.000000 2.447046 -0.079831 2.056764 -22.169371 -37.572489 117.453097 -13.530326 0.000000 0.000000 -0.411842 0.000000 0.000000 4.260386 -0.094452 1.375350 -28.483383 -18.727587 14.977002 -38.680893 0.000000 0.000000 -27.023420 0.000000 0.000000 -6.917769 0.291382 2.291170 -9.842867 -20.354545 6.208416 -35.096459 0.000000 0.000000 -34.894776 0.000000 0.000000 0.441624 -0.014543 2.538997 -12.685568 19.691282 -19.117300 25.411989 53.436139 -6.731193 -125.656133 61.802511 -97.372519 -8.355139 9.337013 -57.377825 70.090422 -17.741854 5.135534 22.143270 0.000000 0.000000 -13.757470 0.000000 0.000000 -7.969741 -5.107087 -8.050663 52.223123 -15.438290 6.817196 32.887685 0.000000 0.000000 -7.997622 0.000000 0.000000 6.271931 -1.933901 -4.817211 35.457998 13.747427 14.892864 40.827728 0.000000 0.000000 20.462550 0.000000 0.000000 -1.013052 -2.505694 -6.799366 50.718001 -4.846722 7.554872 38.442284 0.000000 0.000000 -14.696800 0.000000 0.000000 -3.109834 -2.403556 -3.139792 0.436188 61.479578 117.704846 22.556842 0.000000 0.000000 17.105570 0.000000 0.000000 -4.610124 -2.491975 -2.359596 0.000000 0.000000 0.000000 0.000000 0.000000 0.000000 0.000000 0.000000 0.000000 0.000000 0.000000 0.000000 0.000000 0.000000 0.000000 0.000000 0.000000 0.000000 0.000000 0.000000 0.000000 0.000000 0.000000 0.000000 
0.000000 89.700000 0.000000 0.000000 0.000000 0.000000 7.533502 69.213665 4.960517 -3.367585 2.903246 -2.697132 1.850657 8.012708 6.484011 0.018521 10.974910 15.854550 -1.028795 7.515449 3.201569 0.000000 0.000000 0.000000 10.067270 -8.849723 -20.234993 -28.706380 -37.965077 -5.932485 125.039558 -50.881464 -101.752132 53.886864 17.130706 -32.597882 -40.973030 2.105578 12.460266 -38.623919 0.000000 0.000000 6.002998 0.000000 0.000000 0.022390 -0.001199 4.934506 -27.190105 7.881807 2.380414 -42.942055 0.000000 0.000000 -11.013823 0.000000 0.000000 2.447046 -0.079831 2.056764 -21.067052 -37.563464 117.324597 -12.790053 0.000000 0.000000 -0.252003 0.000000 0.000000 4.260386 -0.094452 1.375350 -26.283497 -18.635453 14.977597 -39.118688 0.000000 0.000000 -29.164682 0.000000 0.000000 -6.917769 0.291382 2.291170 -8.336716 -19.461996 6.389171 -35.307991 0.000000 0.000000 -35.264326 0.000000 0.000000 0.441624 -0.014543 2.538997 -12.748285 19.786703 -19.144259 25.615886 53.638985 -6.600082 -125.310141 61.834063 -97.217787 -8.733258 9.479613 -56.666488 70.059300 -17.948777 5.837473 22.003853 0.000000 0.000000 -14.032582 0.000000 0.000000 -7.969741 -5.107087 -8.050663 52.717537 -15.699774 6.941201 32.844189 0.000000 0.000000 -9.012599 0.000000 0.000000 6.271931 -1.933901 -4.817211 36.123245 13.835948 14.965711 41.140711 0.000000 0.000000 20.329500 0.000000 0.000000 -1.013052 -2.505694 -6.799366 47.874447 -3.816219 8.281979 39.067372 0.000000 0.000000 -14.791759 0.000000 0.000000 -3.109834 -2.403556 -3.139792 0.300994 61.117670 118.238920 22.518272 0.000000 0.000000 17.312995 0.000000 0.000000 -4.610124 -2.491975 -2.359596 0.000000 0.000000 0.000000 0.000000 0.000000 0.000000 0.000000 0.000000 0.000000 0.000000 0.000000 0.000000 0.000000 0.000000 0.000000 0.000000 0.000000 0.000000 0.000000 0.000000 0.000000 0.000000 0.000000 0.000000 
0.000000 89.700000 0.000000 0.000000 0.000000 0.000000 7.198869 68.722776 4.640107 -3.420282 2.972289 -2.670551 1.828730 8.039876 6.464195 0.041444 10.954661 15.964750 -1.048464 7.507818 3.111932 0.000000 0.000000 0.000000 10.100747 -8.785739 -20.313628 -28.856233 -38.040110 -5.875477 124.859257 -50.885015 -101.618889 55.809530 17.385517 -34.486442 -45.393442 3.380818 12.317123 -44.020282 0.000000 0.000000 0.314989 0.000000 0.000000 0.022390 -0.001199 4.934506 -37.442368 10.003107 0.963301 -47.430131 0.000000 0.000000 -12.048822 0.000000 0.000000 2.447046 -0.079831 2.056764 -23.120074 -39.387888 117.657376 -13.038833 0.000000 0.000000 -2.324775 0.000000 0.000000 4.260386 -0.094452 1.375350 -27.604895 -18.623487 14.910313 -41.497923 0.000000 0.000000 -30.130990 0.000000 0.000000 -6.917769 0.291382 2.291170 -3.121747 -20.676651 5.832398 -38.184406 0.000000 0.000000 -37.245799 0.000000 0.000000 0.441624 -0.014543 2.538997 -12.852779 19.787100 -19.246537 25.730928 53.760042 -6.561237 -124.834540 61.925003 -96.896990 -8.693975 9.514846 -56.061542 71.308635 -17.844150 4.873610 22.145149 0.000000 0.000000 -13.841257 0.000000 0.000000 -7.969741 -5.107087 -8.050663 53.159209 -15.400922 6.674433 32.866569 0.000000 0.000000 -8.289007 0.000000 0.000000 6.271931 -1.933901 -4.817211 36.096460 13.322657 14.920211 41.329110 0.000000 0.000000 20.135995 0.000000 0.000000 -1.013052 -2.505694 -6.799366 51.831652 -5.138847 7.209997 38.404723 0.000000 0.000000 -14.631330 0.000000 0.000000 -3.109834 -2.403556 -3.139792 0.315530 61.368089 117.736489 22.687554 0.000000 0.000000 17.538393 0.000000 0.000000 -4.610124 -2.491975 -2.359596 0.000000 0.000000 0.000000 0.000000 0.000000 0.000000 0.000000 0.000000 0.000000 0.000000 0.000000 0.000000 0.000000 0.000000 0.000000 0.000000 0.000000 0.000000 0.000000 0.000000 0.000000 0.000000 0.000000 0.000000 
0.000000 89.700000 0.000000 0.000000 0.000000 0.000000 6.337318 67.343669 3.742924 -3.438737 2.966655 -2.651423 1.788447 7.963360 6.415923 0.046127 10.970697 16.015702 -1.141285 7.557767 2.935629 0.000000 0.000000 0.000000 10.179512 -8.792795 -20.410254 -28.939240 -38.186792 -5.906967 124.400488 -50.998062 -101.255671 58.721388 15.865195 -37.120053 -53.090004 4.458214 12.129691 -49.494957 0.000000 0.000000 -4.671701 0.000000 0.000000 0.022390 -0.001199 4.934506 -47.046499 12.042517 -0.720665 -53.971617 0.000000 0.000000 -12.233612 0.000000 0.000000 2.447046 -0.079831 2.056764 -26.897163 -40.789748 117.714227 -14.178114 0.000000 0.000000 -4.907220 0.000000 0.000000 4.260386 -0.094452 1.375350 -35.587356 -17.645167 14.679421 -43.737483 0.000000 0.000000 -28.851307 0.000000 0.000000 -6.917769 0.291382 2.291170 -9.631973 -22.575471 5.374533 -40.690923 0.000000 0.000000 -38.970467 0.000000 0.000000 0.441624 -0.014543 2.538997 -12.986196 19.695178 -19.419955 25.706434 53.790436 -6.649223 -124.352687 61.724099 -96.618224 -8.313916 9.453289 -55.594854 71.955654 -17.354133 2.579684 22.510900 0.000000 0.000000 -13.189207 0.000000 0.000000 -7.969741 -5.107087 -8.050663 52.959494 -14.418881 6.221239 32.830332 0.000000 0.000000 -6.307400 0.000000 0.000000 6.271931 -1.933901 -4.817211 35.743253 12.286479 14.679426 41.253978 0.000000 0.000000 19.828882 0.000000 0.000000 -1.013052 -2.505694 -6.799366 57.534400 -7.859408 5.006758 36.675988 0.000000 0.000000 -14.154075 0.000000 0.000000 -3.109834 -2.403556 -3.139792 0.587499 61.891965 116.453905 23.093310 0.000000 0.000000 17.745239 0.000000 0.000000 -4.610124 -2.491975 -2.359596 0.000000 0.000000 0.000000 0.000000 0.000000 0.000000 0.000000 0.000000 0.000000 0.000000 0.000000 0.000000 0.000000 0.000000 0.000000 0.000000 0.000000 0.000000 0.000000 0.000000 0.000000 0.000000 0.000000 0.000000 
0.000000 89.700000 0.000000 0.000000 0.000000 0.000000 5.128240 65.065509 2.445021 -3.423953 2.881164 -2.661069 1.735026 7.785206 6.362863 0.050654 11.007182 15.983335 -1.278709 7.652526 2.671899 0.000000 0.000000 0.000000 10.284130 -8.876036 -20.533610 -29.045979 -38.383674 -5.955515 123.783813 -51.222087 -100.717466 62.003580 11.209293 -38.966798 -63.593345 5.032374 12.298417 -50.832980 0.000000 0.000000 -6.563925 0.000000 0.000000 0.022390 -0.001199 4.934506 -54.932881 12.940058 -1.305748 -57.975140 0.000000 0.000000 -10.337252 0.000000 0.000000 2.447046 -0.079831 2.056764 -31.043922 -39.502220 116.583594 -16.300477 0.000000 0.000000 -6.584305 0.000000 0.000000 4.260386 -0.094452 1.375350 -47.405250 -14.586837 14.121202 -43.823689 0.000000 0.000000 -24.330269 0.000000 0.000000 -6.917769 0.291382 2.291170 -29.408164 -22.595650 5.901457 -39.663031 0.000000 0.000000 -38.874737 0.000000 0.000000 0.441624 -0.014543 2.538997 -13.105543 19.526910 -19.643700 25.503063 53.740264 -6.872983 -124.532097 61.225199 -96.934963 -7.764017 9.402988 -55.252954 68.966762 -16.337886 -0.005789 22.912902 0.000000 0.000000 -12.094139 0.000000 0.000000 -7.969741 -5.107087 -8.050663 50.917081 -12.671777 5.946160 32.524016 0.000000 0.000000 -4.051445 0.000000 0.000000 6.271931 -1.933901 -4.817211 34.288813 10.641252 13.980258 40.675353 0.000000 0.000000 19.313952 0.000000 0.000000 -1.013052 -2.505694 -6.799366 57.787518 -9.900899 3.241408 34.367951 0.000000 0.000000 -13.240169 0.000000 0.000000 -3.109834 -2.403556 -3.139792 1.272837 62.234969 114.939914 23.664439 0.000000 0.000000 17.953348 0.000000 0.000000 -4.610124 -2.491975 -2.359596 0.000000 0.000000 0.000000 0.000000 0.000000 0.000000 0.000000 0.000000 0.000000 0.000000 0.000000 0.000000 0.000000 0.000000 0.000000 0.000000 0.000000 0.000000 0.000000 0.000000 0.000000 0.000000 0.000000 0.000000 
0.000000 89.700000 0.000000 0.000000 0.000000 0.000000 3.809531 61.873172 0.975959 -3.370971 2.712057 -2.722005 1.667466 7.506264 6.324777 0.084629 11.043201 15.864598 -1.427903 7.731551 2.325839 0.000000 0.000000 0.000000 10.398692 -9.041271 -20.691564 -29.223026 -38.597255 -5.957044 123.102519 -51.566708 -100.087448 65.086445 3.817753 -38.846413 -68.090555 5.216949 12.855488 -47.606532 0.000000 0.000000 -5.444293 0.000000 0.000000 0.022390 -0.001199 4.934506 -59.895879 12.367501 -0.106205 -57.115423 0.000000 0.000000 -6.622258 0.000000 0.000000 2.447046 -0.079831 2.056764 -34.973619 -35.503096 113.993599 -19.602466 0.000000 0.000000 -7.850525 0.000000 0.000000 4.260386 -0.094452 1.375350 -55.806911 -9.556672 13.152076 -41.983861 0.000000 0.000000 -17.608857 0.000000 0.000000 -6.917769 0.291382 2.291170 -58.347366 -18.386197 6.827783 -34.968659 0.000000 0.000000 -37.161972 0.000000 0.000000 0.441624 -0.014543 2.538997 -13.160898 19.307018 -19.887702 25.112577 53.600516 -7.210202 -124.514986 60.896586 -97.041608 -7.240439 9.559206 -54.978631 64.701355 -14.742508 -1.761448 23.063872 0.000000 0.000000 -10.485504 0.000000 0.000000 -7.969741 -5.107087 -8.050663 48.799160 -10.285012 6.160396 31.807638 0.000000 0.000000 -2.074528 0.000000 0.000000 6.271931 -1.933901 -4.817211 32.869437 8.193842 12.477032 39.415527 0.000000 0.000000 18.674880 0.000000 0.000000 -1.013052 -2.505694 -6.799366 54.438051 -10.089676 2.978985 31.896535 0.000000 0.000000 -11.769156 0.000000 0.000000 -3.109834 -2.403556 -3.139792 2.613765 62.062337 113.810244 24.120849 0.000000 0.000000 18.343459 0.000000 0.000000 -4.610124 -2.491975 -2.359596 0.000000 0.000000 0.000000 0.000000 0.000000 0.000000 0.000000 0.000000 0.000000 0.000000 0.000000 0.000000 0.000000 0.000000 0.000000 0.000000 0.000000 0.000000 0.000000 0.000000 0.000000 0.000000 0.000000 0.000000 
0.000000 89.700000 0.000000 0.000000 0.000000 0.000000 2.591039 57.787288 -0.460705 -3.268312 2.461052 -2.832150 1.577295 7.125062 6.303484 0.169120 11.037563 15.672818 -1.561578 7.696088 1.914161 0.000000 0.000000 0.000000 10.518216 -9.302625 -20.883515 -29.439584 -38.805526 -5.889972 122.350470 -52.050113 -99.434714 66.209938 -4.262011 -36.638754 -68.268427 5.486457 13.438219 -43.018676 0.000000 0.000000 -3.723441 0.000000 0.000000 0.022390 -0.001199 4.934506 -62.805789 10.916912 2.625837 -52.685847 0.000000 0.000000 -3.226617 0.000000 0.000000 2.447046 -0.079831 2.056764 -38.071764 -31.088224 110.940481 -24.038967 0.000000 0.000000 -10.854010 0.000000 0.000000 4.260386 -0.094452 1.375350 -61.744256 -4.006578 12.007467 -40.793832 0.000000 0.000000 -11.855002 0.000000 0.000000 -6.917769 0.291382 2.291170 -78.432974 -9.901420 6.458174 -30.032504 0.000000 0.000000 -35.197096 0.000000 0.000000 0.441624 -0.014543 2.538997 -13.122314 19.059999 -20.123544 24.555003 53.314676 -7.623064 -124.041930 60.719907 -96.712483 -6.977477 10.058357 -54.688560 59.557719 -12.791546 -2.202486 22.713091 0.000000 0.000000 -8.222593 0.000000 0.000000 -7.969741 -5.107087 -8.050663 46.055750 -7.668779 6.962403 30.708691 0.000000 0.000000 -0.050752 0.000000 0.000000 6.271931 -1.933901 -4.817211 31.770755 4.842874 10.049710 37.485359 0.000000 0.000000 18.241640 0.000000 0.000000 -1.013052 -2.505694 -6.799366 50.459025 -8.958035 4.080695 29.577526 0.000000 0.000000 -9.676480 0.000000 0.000000 -3.109834 -2.403556 -3.139792 4.991857 61.082950 113.413050 24.096525 0.000000 0.000000 19.294504 0.000000 0.000000 -4.610124 -2.491975 -2.359596 0.000000 0.000000 0.000000 0.000000 0.000000 0.000000 0.000000 0.000000 0.000000 0.000000 0.000000 0.000000 0.000000 0.000000 0.000000 0.000000 0.000000 0.000000 0.000000 0.000000 0.000000 0.000000 0.000000 0.000000 
0.000000 89.700000 0.000000 0.000000 0.000000 0.000000 1.580971 52.897649 -1.746546 -3.098176 2.135444 -2.949751 1.455011 6.639815 6.283033 0.305654 10.915627 15.413571 -1.655386 7.458380 1.463213 0.000000 0.000000 0.000000 10.646361 -9.680449 -21.096252 -29.629425 -39.021570 -5.779868 121.449269 -52.677955 -98.778995 62.949762 -10.663377 -33.197363 -62.535637 6.291931 13.593300 -40.768113 0.000000 0.000000 -3.803773 0.000000 0.000000 0.022390 -0.001199 4.934506 -59.547041 9.527960 6.091742 -47.982632 0.000000 0.000000 -2.469430 0.000000 0.000000 2.447046 -0.079831 2.056764 -39.308690 -28.925846 109.328577 -28.977159 0.000000 0.000000 -17.512515 0.000000 0.000000 4.260386 -0.094452 1.375350 -60.158409 0.227542 11.236157 -42.939635 0.000000 0.000000 -10.111903 0.000000 0.000000 -6.917769 0.291382 2.291170 -73.224528 -0.396026 3.886770 -29.070511 0.000000 0.000000 -34.010012 0.000000 0.000000 0.441624 -0.014543 2.538997 -12.987493 18.802914 -20.328810 23.860131 52.794364 -8.078609 -123.245994 60.416742 -96.153765 -7.241168 10.793934 -54.303320 55.204275 -10.997284 -1.619287 21.889482 0.000000 0.000000 -5.238887 0.000000 0.000000 -7.969741 -5.107087 -8.050663 42.579247 -5.441060 8.210700 29.484178 0.000000 0.000000 2.622910 0.000000 0.000000 6.271931 -1.933901 -4.817211 30.317471 0.805027 7.080294 35.173562 0.000000 0.000000 18.456455 0.000000 0.000000 -1.013052 -2.505694 -6.799366 47.600252 -7.880269 5.598053 27.799357 0.000000 0.000000 -6.993648 0.000000 0.000000 -3.109834 -2.403556 -3.139792 8.815950 58.920172 113.710076 23.378828 0.000000 0.000000 21.245598 0.000000 0.000000 -4.610124 -2.491975 -2.359596 0.000000 0.000000 0.000000 0.000000 0.000000 0.000000 0.000000 0.000000 0.000000 0.000000 0.000000 0.000000 0.000000 0.000000 0.000000 0.000000 0.000000 0.000000 0.000000 0.000000 0.000000 0.000000 0.000000 0.000000 
0.000000 89.700000 0.000000 0.000000 0.000000 0.000000 0.788315 47.361322 -2.837391 -2.840445 1.743306 -3.010926 1.295672 6.052557 6.240140 0.482771 10.585617 15.076984 -1.684794 6.982588 1.001243 0.000000 0.000000 0.000000 10.785861 -10.193692 -21.310048 -29.758006 -39.293059 -5.676072 120.323774 -53.428010 -98.069713 54.879567 -13.961656 -29.662128 -46.121951 7.663400 13.102890 -41.872512 0.000000 0.000000 -6.142298 0.000000 0.000000 0.022390 -0.001199 4.934506 -43.667767 8.782290 9.431120 -45.387723 0.000000 0.000000 -4.754383 0.000000 0.000000 2.447046 -0.079831 2.056764 -38.008495 -29.915029 110.365396 -33.164171 0.000000 0.000000 -27.456757 0.000000 0.000000 4.260386 -0.094452 1.375350 -41.925228 2.107925 11.244418 -48.453108 0.000000 0.000000 -12.783914 0.000000 0.000000 -6.917769 0.291382 2.291170 -48.209665 5.836236 0.081083 -33.278649 0.000000 0.000000 -33.505797 0.000000 0.000000 0.441624 -0.014543 2.538997 -12.765465 18.546329 -20.484003 23.053725 51.963736 -8.554695 -122.092308 59.906901 -95.862650 -8.200832 11.464047 -53.776419 55.440293 -9.861576 -0.606921 20.943223 0.000000 0.000000 -1.640839 0.000000 0.000000 -7.969741 -5.107087 -8.050663 42.572391 -4.119101 9.647573 28.518999 0.000000 0.000000 6.116997 0.000000 0.000000 6.271931 -1.933901 -4.817211 30.992703 -3.443312 4.255794 32.944836 0.000000 0.000000 19.614134 0.000000 0.000000 -1.013052 -2.505694 -6.799366 47.579067 -7.821673 6.642110 26.955143 0.000000 0.000000 -3.847368 0.000000 0.000000 -3.109834 -2.403556 -3.139792 14.164349 55.290204 114.387278 21.999260 0.000000 0.000000 24.423305 0.000000 0.000000 -4.610124 -2.491975 -2.359596 0.000000 0.000000 0.000000 0.000000 0.000000 0.000000 0.000000 0.000000 0.000000 0.000000 0.000000 0.000000 0.000000 0.000000 0.000000 0.000000 0.000000 0.000000 0.000000 0.000000 0.000000 0.000000 0.000000 0.000000 
0.000000 89.700000 0.000000 0.000000 0.000000 0.000000 0.180667 41.383701 -3.714597 -2.482773 1.288142 -2.966294 1.100795 5.374814 6.155290 0.689802 9.989880 14.660899 -1.629023 6.287348 0.555370 0.000000 0.000000 0.000000 10.935270 -10.854302 -21.511083 -29.834981 -39.675535 -5.625806 118.926544 -54.258748 -97.192261 44.751369 -14.440782 -26.807770 -35.589159 9.205638 12.056213 -44.223109 0.000000 0.000000 -9.401249 0.000000 0.000000 0.022390 -0.001199 4.934506 -30.943786 8.693868 12.035164 -44.913471 0.000000 0.000000 -8.360608 0.000000 0.000000 2.447046 -0.079831 2.056764 -34.585525 -32.673610 113.349720 -35.355987 0.000000 0.000000 -37.949199 0.000000 0.000000 4.260386 -0.094452 1.375350 -26.040941 1.896877 11.897543 -54.379823 0.000000 0.000000 -17.463962 0.000000 0.000000 -6.917769 0.291382 2.291170 -30.506899 7.203039 -3.162615 -39.802400 0.000000 0.000000 -32.867072 0.000000 0.000000 0.441624 -0.014543 2.538997 -12.461313 18.297170 -20.572750 22.167628 50.792072 -9.024883 -121.116419 59.519378 -95.773489 -9.804627 11.841797 -53.107314 57.899962 -9.546213 0.405774 20.236207 0.000000 0.000000 2.353034 0.000000 0.000000 -7.969741 -5.107087 -8.050663 44.510439 -3.813390 11.056614 28.050292 0.000000 0.000000 10.179157 0.000000 0.000000 6.271931 -1.933901 -4.817211 32.943276 -7.501856 2.021965 31.127560 0.000000 0.000000 21.677922 0.000000 0.000000 -1.013052 -2.505694 -6.799366 48.858399 -8.878487 6.911415 27.149778 0.000000 0.000000 -0.404569 0.000000 0.000000 -3.109834 -2.403556 -3.139792 20.543764 50.298179 114.993226 20.149968 0.000000 0.000000 28.683122 0.000000 0.000000 -4.610124 -2.491975 -2.359596 0.000000 0.000000 0.000000 0.000000 0.000000 0.000000 0.000000 0.000000 0.000000 0.000000 0.000000 0.000000 0.000000 0.000000 0.000000 0.000000 0.000000 0.000000 0.000000 0.000000 0.000000 0.000000 0.000000 0.000000 
0.000000 89.700000 0.000000 0.000000 0.000000 0.000000 -0.276242 35.204311 -4.360345 -2.031128 0.768672 -2.808017 0.880058 4.630531 6.021126 0.926051 9.149740 14.192831 -1.474754 5.427702 0.152419 0.000000 0.000000 0.000000 11.096008 -11.660041 -21.698062 -29.873603 -40.207436 -5.661423 117.215902 -55.124845 -96.017282 36.071487 -13.891187 -24.886494 -43.686648 10.545489 10.580058 -45.089611 0.000000 0.000000 -12.155321 0.000000 0.000000 0.022390 -0.001199 4.934506 -35.370626 8.976647 13.686462 -45.143720 0.000000 0.000000 -11.370825 0.000000 0.000000 2.447046 -0.079831 2.056764 -30.252327 -34.883503 116.487897 -35.234187 0.000000 0.000000 -46.176624 0.000000 0.000000 4.260386 -0.094452 1.375350 -29.069282 0.675290 12.745312 -57.529515 0.000000 0.000000 -21.362094 0.000000 0.000000 -6.917769 0.291382 2.291170 -30.426658 5.652537 -4.885524 -44.664257 0.000000 0.000000 -31.612548 0.000000 0.000000 0.441624 -0.014543 2.538997 -12.081303 18.053823 -20.589688 21.264337 49.307030 -9.440150 -120.047543 59.310050 -95.249250 -11.826508 11.922670 -52.332281 60.641265 -9.884033 1.237832 19.885349 0.000000 0.000000 6.538869 0.000000 0.000000 -7.969741 -5.107087 -8.050663 46.694120 -4.265321 12.312827 28.046879 0.000000 0.000000 14.496889 0.000000 0.000000 6.271931 -1.933901 -4.817211 35.140235 -11.233968 0.354983 29.762790 0.000000 0.000000 24.354648 0.000000 0.000000 -1.013052 -2.505694 -6.799366 50.335217 -10.622831 6.601681 28.137962 0.000000 0.000000 3.203650 0.000000 0.000000 -3.109834 -2.403556 -3.139792 27.099366 44.432096 115.137358 18.069393 0.000000 0.000000 33.645886 0.000000 0.000000 -4.610124 -2.491975 -2.359596 0.000000 0.000000 0.000000 0.000000 0.000000 0.000000 0.000000 0.000000 0.000000 0.000000 0.000000 0.000000 0.000000 0.000000 0.000000 0.000000 0.000000 0.000000 0.000000 0.000000 0.000000 0.000000 0.000000 0.000000 
0.000000 89.700000 0.000000 0.000000 0.000000 0.000000 -0.618723 29.061098 -4.757629 -1.511140 0.183591 -2.576721 0.651452 3.850360 5.845785 1.195499 8.153957 13.718471 -1.216742 4.479397 -0.188355 0.000000 0.000000 0.000000 11.277457 -12.585864 -21.877175 -29.861446 -40.903631 -5.801036 115.171622 -55.976007 -94.477565 30.160018 -14.092446 -23.860226 -47.456479 11.728652 8.435063 -43.529317 0.000000 0.000000 -14.053423 0.000000 0.000000 0.022390 -0.001199 4.934506 -40.287011 9.305490 14.523403 -44.942322 0.000000 0.000000 -13.315967 0.000000 0.000000 2.447046 -0.079831 2.056764 -26.055581 -35.036121 118.580844 -33.463778 0.000000 0.000000 -51.248030 0.000000 0.000000 4.260386 -0.094452 1.375350 -33.353615 -0.525639 13.472272 -57.059247 0.000000 0.000000 -23.450572 0.000000 0.000000 -6.917769 0.291382 2.291170 -31.660827 4.036523 -5.261712 -46.161690 0.000000 0.000000 -30.136596 0.000000 0.000000 0.441624 -0.014543 2.538997 -11.647604 17.799376 -20.546272 20.440109 47.602257 -9.739709 -120.038688 59.292394 -95.386523 -14.002565 11.821819 -51.497709 63.378220 -10.654334 1.762339 19.845742 0.000000 0.000000 10.780455 0.000000 0.000000 -7.969741 -5.107087 -8.050663 48.857686 -5.125843 13.333521 28.372561 0.000000 0.000000 18.870139 0.000000 0.000000 6.271931 -1.933901 -4.817211 37.434870 -14.624584 -0.968895 28.781499 0.000000 0.000000 27.312214 0.000000 0.000000 -1.013052 -2.505694 -6.799366 51.855290 -12.564522 6.071126 29.571130 0.000000 0.000000 6.929846 0.000000 0.000000 -3.109834 -2.403556 -3.139792 32.962917 38.338930 114.740630 16.010819 0.000000 0.000000 38.949177 0.000000 0.000000 -4.610124 -2.491975 -2.359596 0.000000 0.000000 0.000000 0.000000 0.000000 0.000000 0.000000 0.000000 0.000000 0.000000 0.000000 0.000000 0.000000 0.000000 0.000000 0.000000 0.000000 0.000000 0.000000 0.000000 0.000000 0.000000 0.000000 0.000000 
0.000000 89.700000 0.000000 0.000000 0.000000 0.000000 -0.895550 23.120612 -4.893481 -0.957314 -0.463249 -2.344473 0.435781 3.063008 5.646378 1.494762 7.107818 13.272645 -0.864160 3.529749 -0.468905 0.000000 0.000000 0.000000 11.488050 -13.583605 -22.048939 -29.767907 -41.751281 -6.054635 112.864975 -56.752101 -92.629927 26.154910 -15.534815 -23.632925 -52.030275 13.106657 5.044511 -40.330779 0.000000 0.000000 -15.394327 0.000000 0.000000 0.022390 -0.001199 4.934506 -42.628903 9.387094 14.834628 -44.114446 0.000000 0.000000 -14.764045 0.000000 0.000000 2.447046 -0.079831 2.056764 -22.479181 -33.174321 119.561241 -30.837914 0.000000 0.000000 -53.911754 0.000000 0.000000 4.260386 -0.094452 1.375350 -36.797497 -1.139002 13.916752 -54.206653 0.000000 0.000000 -24.210406 0.000000 0.000000 -6.917769 0.291382 2.291170 -33.639665 3.846988 -4.896200 -45.242996 0.000000 0.000000 -29.196051 0.000000 0.000000 0.441624 -0.014543 2.538997 -11.201005 17.506060 -20.467287 19.799655 45.836200 -9.884794 -120.378818 59.116349 -95.663141 -16.080067 11.625882 -50.626897 66.111707 -11.789935 1.716530 20.124700 0.000000 0.000000 14.950675 0.000000 0.000000 -7.969741 -5.107087 -8.050663 51.001551 -6.117434 14.046403 29.008158 0.000000 0.000000 23.148833 0.000000 0.000000 6.271931 -1.933901 -4.817211 39.847032 -17.526912 -2.021882 28.261178 0.000000 0.000000 30.288560 0.000000 0.000000 -1.013052 -2.505694 -6.799366 53.424023 -14.348442 5.619604 31.206552 0.000000 0.000000 10.794601 0.000000 0.000000 -3.109834 -2.403556 -3.139792 37.304655 32.753027 114.160085 14.304310 0.000000 0.000000 44.311701 0.000000 0.000000 -4.610124 -2.491975 -2.359596 0.000000 0.000000 0.000000 0.000000 0.000000 0.000000 0.000000 0.000000 0.000000 0.000000 0.000000 0.000000 0.000000 0.000000 0.000000 0.000000 0.000000 0.000000 0.000000 0.000000 0.000000 0.000000 0.000000 0.000000 
0.000000 89.700000 0.000000 0.000000 0.000000 0.000000 -1.167126 17.440204 -4.769549 -0.396032 -1.162781 -2.175008 0.248996 2.292975 5.435841 1.812044 6.102124 12.871440 -0.449837 2.670997 -0.712485 0.000000 0.000000 0.000000 11.718312 -14.592403 -22.195584 -29.566820 -42.700556 -6.423366 110.489845 -57.404320 -90.652096 22.923555 -17.646573 -24.097707 -58.187762 14.831165 0.264379 -36.573711 0.000000 0.000000 -16.290639 0.000000 0.000000 0.022390 -0.001199 4.934506 -41.335274 9.086440 14.802518 -42.965972 0.000000 0.000000 -16.055897 0.000000 0.000000 2.447046 -0.079831 2.056764 -20.053274 -30.501825 119.885908 -27.762864 0.000000 0.000000 -55.326978 0.000000 0.000000 4.260386 -0.094452 1.375350 -40.369864 -0.839135 13.757538 -50.483577 0.000000 0.000000 -24.292246 0.000000 0.000000 -6.917769 0.291382 2.291170 -35.495247 5.321992 -4.396499 -43.586114 0.000000 0.000000 -29.127109 0.000000 0.000000 0.441624 -0.014543 2.538997 -10.785634 17.148195 -20.382423 19.433604 44.204601 -9.871634 -121.437901 58.681090 -96.637926 -17.778800 11.362676 -49.696041 68.683191 -13.354310 0.726641 20.853760 0.000000 0.000000 18.802815 0.000000 0.000000 -7.969741 -5.107087 -8.050663 52.940250 -6.960671 14.431267 30.147299 0.000000 0.000000 27.108154 0.000000 0.000000 6.271931 -1.933901 -4.817211 42.186172 -19.539798 -2.614050 28.501738 0.000000 0.000000 33.040624 0.000000 0.000000 -1.013052 -2.505694 -6.799366 54.630095 -15.824152 5.347110 32.889744 0.000000 0.000000 14.768062 0.000000 0.000000 -3.109834 -2.403556 -3.139792 39.190644 28.578729 114.033980 13.378858 0.000000 0.000000 49.312516 0.000000 0.000000 -4.610124 -2.491975 -2.359596 0.000000 0.000000 0.000000 0.000000 0.000000 0.000000 0.000000 0.000000 0.000000 0.000000 0.000000 0.000000 0.000000 0.000000 0.000000 0.000000 0.000000 0.000000 0.000000 0.000000 0.000000 0.000000 0.000000 0.000000 
0.000000 89.700000 0.000000 0.000000 0.000000 0.000000 -1.492076 12.018668 -4.418232 0.163198 -1.904825 -2.090864 0.099266 1.561034 5.217910 2.132135 5.206523 12.530015 -0.022298 1.984969 -0.941501 0.000000 0.000000 0.000000 11.937308 -15.551682 -22.281740 -29.260448 -43.673984 -6.886940 108.273233 -57.929464 -88.750514 20.198943 -19.701389 -25.098365 -63.864695 16.478308 -4.859968 -32.805616 0.000000 0.000000 -16.616327 0.000000 0.000000 0.022390 -0.001199 4.934506 -43.597565 8.677277 14.303928 -41.781862 0.000000 0.000000 -16.977690 0.000000 0.000000 2.447046 -0.079831 2.056764 -19.785252 -28.454148 119.912730 -24.426105 0.000000 0.000000 -56.535952 0.000000 0.000000 4.260386 -0.094452 1.375350 -43.136384 0.818189 12.328188 -46.684526 0.000000 0.000000 -24.000037 0.000000 0.000000 -6.917769 0.291382 2.291170 -35.546559 8.296994 -4.315219 -42.079222 0.000000 0.000000 -29.668130 0.000000 0.000000 0.441624 -0.014543 2.538997 -10.431902 16.710313 -20.317613 19.404985 42.881511 -9.714604 -122.610964 58.132728 -97.440824 -18.817981 11.065410 -48.637751 69.927508 -15.353785 -1.393786 22.177059 0.000000 0.000000 21.890918 0.000000 0.000000 -7.969741 -5.107087 -8.050663 53.332916 -7.250653 14.571300 32.135938 0.000000 0.000000 30.414632 0.000000 0.000000 6.271931 -1.933901 -4.817211 42.830640 -20.151045 -2.473600 29.838014 0.000000 0.000000 35.274540 0.000000 0.000000 -1.013052 -2.505694 -6.799366 53.037876 -17.076875 5.077530 34.446267 0.000000 0.000000 18.573924 0.000000 0.000000 -3.109834 -2.403556 -3.139792 37.689643 26.721558 114.822995 13.548283 0.000000 0.000000 53.092898 0.000000 0.000000 -4.610124 -2.491975 -2.359596 0.000000 0.000000 0.000000 0.000000 0.000000 0.000000 0.000000 0.000000 0.000000 0.000000 0.000000 0.000000 0.000000 0.000000 0.000000 0.000000 0.000000 0.000000 0.000000 0.000000 0.000000 0.000000 0.000000 0.000000 
0.000000 89.700000 0.000000 0.000000 0.000000 0.000000 -1.907569 6.890071 -3.905267 0.720854 -2.678010 -2.076814 -0.011739 0.881243 4.997535 2.435808 4.459978 12.276012 0.379198 1.517886 -1.154904 0.000000 0.000000 0.000000 12.110449 -16.410792 -22.272441 -28.898765 -44.600572 -7.391764 106.332391 -58.371577 -87.040613 18.335386 -21.336379 -26.432544 -72.726640 17.306884 -8.456522 -29.217866 0.000000 0.000000 -16.455027 0.000000 0.000000 0.022390 -0.001199 4.934506 -49.188970 8.893125 12.834706 -40.706549 0.000000 0.000000 -17.280462 0.000000 0.000000 2.447046 -0.079831 2.056764 -22.439477 -27.849991 119.697427 -21.039148 0.000000 0.000000 -58.296886 0.000000 0.000000 4.260386 -0.094452 1.375350 -47.810472 4.333598 8.865421 -43.098647 0.000000 0.000000 -23.575056 0.000000 0.000000 -6.917769 0.291382 2.291170 -36.644075 12.388860 -5.039733 -40.785384 0.000000 0.000000 -30.378172 0.000000 0.000000 0.441624 -0.014543 2.538997 -10.152904 16.188529 -20.289011 19.730653 41.957955 -9.428338 -124.220504 57.468033 -98.582750 -19.090801 10.810398 -47.380984 68.226887 -17.584178 -4.307488 24.118139 0.000000 0.000000 23.734405 0.000000 0.000000 -7.969741 -5.107087 -8.050663 49.982462 -6.569342 14.617621 35.267843 0.000000 0.000000 32.779278 0.000000 0.000000 6.271931 -1.933901 -4.817211 38.591081 -19.127167 -1.599373 32.303037 0.000000 0.000000 36.695384 0.000000 0.000000 -1.013052 -2.505694 -6.799366 47.941577 -18.160920 4.664196 35.723166 0.000000 0.000000 21.650268 0.000000 0.000000 -3.109834 -2.403556 -3.139792 32.507012 27.474758 116.365571 14.639138 0.000000 0.000000 54.536952 0.000000 0.000000 -4.610124 -2.491975 -2.359596 0.000000 0.000000 0.000000 0.000000 0.000000 0.000000 0.000000 0.000000 0.000000 0.000000 0.000000 0.000000 0.000000 0.000000 0.000000 0.000000 0.000000 0.000000 0.000000 0.000000 0.000000 0.000000 0.000000 0.000000 
0.000000 89.700000 0.000000 0.000000 0.000000 0.000000 -2.411647 2.171660 -3.313300 1.274880 -3.463212 -2.105757 -0.087350 0.259638 4.791543 2.700249 3.868405 12.139710 0.736936 1.263485 -1.329823 0.000000 0.000000 0.000000 12.222112 -17.134799 -22.153992 -28.574744 -45.442839 -7.858244 104.629235 -58.784619 -85.510417 17.583822 -22.577771 -27.899860 -84.274873 16.942369 -9.095781 -26.015055 0.000000 0.000000 -16.164179 0.000000 0.000000 0.022390 -0.001199 4.934506 -54.650543 10.524059 9.768509 -39.735965 0.000000 0.000000 -16.977543 0.000000 0.000000 2.447046 -0.079831 2.056764 -27.441177 -28.554161 118.988767 -17.917582 0.000000 0.000000 -60.643860 0.000000 0.000000 4.260386 -0.094452 1.375350 -57.825441 9.664839 3.268049 -39.989725 0.000000 0.000000 -23.328695 0.000000 0.000000 -6.917769 0.291382 2.291170 -43.396492 16.847012 -6.593233 -39.588234 0.000000 0.000000 -31.051750 0.000000 0.000000 0.441624 -0.014543 2.538997 -9.950740 15.592948 -20.303067 20.367791 41.422223 -9.025375 -125.478701 56.854314 -99.475387 -18.818380 10.637815 -45.910248 67.222216 -19.647399 -7.109597 26.628691 0.000000 0.000000 24.237901 0.000000 0.000000 -7.969741 -5.107087 -8.050663 44.153979 -4.874510 14.671302 39.520240 0.000000 0.000000 34.192611 0.000000 0.000000 6.271931 -1.933901 -4.817211 30.405583 -16.822808 -0.450905 35.452953 0.000000 0.000000 37.157781 0.000000 0.000000 -1.013052 -2.505694 -6.799366 48.718553 -18.620828 4.576913 36.803941 0.000000 0.000000 23.508561 0.000000 0.000000 -3.109834 -2.403556 -3.139792 24.759747 30.061565 117.993100 15.980482 0.000000 0.000000 53.328525 0.000000 0.000000 -4.610124 -2.491975 -2.359596 0.000000 0.000000 0.000000 0.000000 0.000000 0.000000 0.000000 0.000000 0.000000 0.000000 0.000000 0.000000 0.000000 0.000000 0.000000 0.000000 0.000000 0.000000 0.000000 0.000000 0.000000 0.000000 0.000000 0.000000 
0.000000 89.700000 0.000000 0.000000 0.000000 0.000000 -2.958675 -1.969229 -2.721737 1.813807 -4.227228 -2.153674 -0.133776 -0.300126 4.621229 2.907980 3.418253 12.135221 1.044004 1.168913 -1.443620 0.000000 0.000000 0.000000 12.284961 -17.707222 -21.941035 -28.388340 -46.195646 -8.206981 103.054357 -59.197037 -84.088856 17.721980 -23.604277 -29.342573 -92.252541 15.690476 -6.683317 -23.432953 0.000000 0.000000 -15.972321 0.000000 0.000000 0.022390 -0.001199 4.934506 -61.447779 13.739403 5.082235 -38.707663 0.000000 0.000000 -16.216077 0.000000 0.000000 2.447046 -0.079831 2.056764 -32.893109 -29.720980 117.287105 -15.429265 0.000000 0.000000 -62.776070 0.000000 0.000000 4.260386 -0.094452 1.375350 -71.150633 15.738903 -3.285580 -37.676115 0.000000 0.000000 -23.402916 0.000000 0.000000 -6.917769 0.291382 2.291170 -52.147677 20.756739 -8.594084 -38.542216 0.000000 0.000000 -31.724299 0.000000 0.000000 0.441624 -0.014543 2.538997 -9.823234 14.952140 -20.357639 21.215729 41.186365 -8.530378 -126.390826 56.289628 -100.135574 -18.418069 10.451525 -44.304593 73.100581 -21.002449 -8.561305 29.762768 0.000000 0.000000 23.942744 0.000000 0.000000 -7.969741 -5.107087 -8.050663 38.459024 -2.712367 14.709208 44.437888 0.000000 0.000000 34.940352 0.000000 0.000000 6.271931 -1.933901 -4.817211 23.285506 -14.036071 0.305619 38.563709 0.000000 0.000000 36.755695 0.000000 0.000000 -1.013052 -2.505694 -6.799366 52.039983 -17.692756 5.717237 38.063476 0.000000 0.000000 24.214145 0.000000 0.000000 -3.109834 -2.403556 -3.139792 16.847467 33.119280 119.142662 17.026039 0.000000 0.000000 51.014133 0.000000 0.000000 -4.610124 -2.491975 -2.359596 0.000000 0.000000 0.000000 0.000000 0.000000 0.000000 0.000000 0.000000 0.000000 0.000000 0.000000 0.000000 0.000000 0.000000 0.000000 0.000000 0.000000 0.000000 0.000000 0.000000 0.000000 0.000000 0.000000 0.000000 
0.000000 89.700000 0.000000 0.000000 0.000000 0.000000 -3.478177 -5.386140 -2.192327 2.316782 -4.923801 -2.200095 -0.157067 -0.790833 4.495368 3.056519 3.085595 12.248511 1.293039 1.159629 -1.493228 0.000000 0.000000 0.000000 12.330829 -18.129890 -21.668127 -28.402140 -46.867988 -8.386649 101.539133 -59.605928 -82.735953 18.280703 -24.505742 -30.659199 -95.289110 14.227909 -2.366044 -21.574756 0.000000 0.000000 -15.796879 0.000000 0.000000 0.022390 -0.001199 4.934506 -72.846379 17.709016 -0.084071 -37.495955 0.000000 0.000000 -15.193413 0.000000 0.000000 2.447046 -0.079831 2.056764 -36.937056 -30.368288 114.065629 -13.796042 0.000000 0.000000 -63.774795 0.000000 0.000000 4.260386 -0.094452 1.375350 -77.262998 20.971032 -8.926025 -36.296964 0.000000 0.000000 -23.652672 0.000000 0.000000 -6.917769 0.291382 2.291170 -51.405227 23.648433 -10.546753 -37.765642 0.000000 0.000000 -32.440808 0.000000 0.000000 0.441624 -0.014543 2.538997 -9.766283 14.311380 -20.437423 22.129337 41.126567 -8.000328 -127.133606 56.323922 -100.517266 -18.144285 10.086461 -42.726773 80.877796 -21.016007 -7.552041 33.655111 0.000000 0.000000 23.705081 0.000000 0.000000 -7.969741 -5.107087 -8.050663 35.435027 -0.835215 14.641016 49.316880 0.000000 0.000000 35.330587 0.000000 0.000000 6.271931 -1.933901 -4.817211 21.341323 -11.524443 0.261870 41.025039 0.000000 0.000000 35.771904 0.000000 0.000000 -1.013052 -2.505694 -6.799366 50.327579 -15.325089 8.245392 39.844980 0.000000 0.000000 24.390402 0.000000 0.000000 -3.109834 -2.403556 -3.139792 11.079073 35.698698 119.720060 17.911587 0.000000 0.000000 50.370109 0.000000 0.000000 -4.610124 -2.491975 -2.359596 0.000000 0.000000 0.000000 0.000000 0.000000 0.000000 0.000000 0.000000 0.000000 0.000000 0.000000 0.000000 0.000000 0.000000 0.000000 0.000000 0.000000 0.000000 0.000000 0.000000 0.000000 0.000000 0.000000 0.000000 
0.000000 89.700000 0.000000 0.000000 0.000000 0.000000 -3.906838 -8.003459 -1.761121 2.759435 -5.506525 -2.229377 -0.162526 -1.203890 4.405246 3.156555 2.836968 12.431391 1.476147 1.166453 -1.496694 0.000000 0.000000 0.000000 12.386563 -18.418641 -21.373781 -28.615731 -47.462328 -8.390249 100.116999 -59.992621 -81.486911 18.953061 -25.263141 -31.800025 -95.561621 13.099555 2.302116 -20.356658 0.000000 0.000000 -15.484457 0.000000 0.000000 0.022390 -0.001199 4.934506 -77.678609 21.098056 -4.018679 -36.207525 0.000000 0.000000 -14.158720 0.000000 0.000000 2.447046 -0.079831 2.056764 -38.993022 -29.918054 109.131500 -12.929419 0.000000 0.000000 -63.346659 0.000000 0.000000 4.260386 -0.094452 1.375350 -78.737054 24.430667 -12.512163 -35.687833 0.000000 0.000000 -23.848423 0.000000 0.000000 -6.917769 0.291382 2.291170 -50.496820 25.816556 -12.176577 -37.253934 0.000000 0.000000 -33.151095 0.000000 0.000000 0.441624 -0.014543 2.538997 -9.769818 13.719588 -20.512584 22.952022 41.118884 -7.522055 -127.214711 56.488363 -100.383947 -17.909181 9.478221 -41.370609 74.950181 -19.357612 -3.904466 38.199731 0.000000 0.000000 24.072479 0.000000 0.000000 -7.969741 -5.107087 -8.050663 31.454816 0.397005 14.425409 53.518143 0.000000 0.000000 35.458911 0.000000 0.000000 6.271931 -1.933901 -4.817211 22.753280 -9.634746 -0.516191 42.593550 0.000000 0.000000 34.572345 0.000000 0.000000 -1.013052 -2.505694 -6.799366 46.807584 -12.510574 11.152912 42.096090 0.000000 0.000000 24.726680 0.000000 0.000000 -3.109834 -2.403556 -3.139792 8.355497 37.570474 119.931054 19.167656 0.000000 0.000000 53.155568 0.000000 0.000000 -4.610124 -2.491975 -2.359596 0.000000 0.000000 0.000000 0.000000 0.000000 0.000000 0.000000 0.000000 0.000000 0.000000 0.000000 0.000000 0.000000 0.000000 0.000000 0.000000 0.000000 0.000000 0.000000 0.000000 0.000000 0.000000 0.000000 0.000000 
0.000000 89.700000 0.000000 0.000000 0.000000 0.000000 -4.207883 -9.826686 -1.441825 3.123754 -5.947937 -2.233576 -0.156942 -1.534997 4.334804 3.220880 2.638377 12.610223 1.587235 1.136447 -1.480067 0.000000 0.000000 0.000000 12.449021 -18.594135 -21.085213 -28.970651 -47.959385 -8.250865 98.926570 -60.342288 -80.447385 19.679866 -25.860954 -32.750571 -95.099538 12.464868 6.287881 -19.585514 0.000000 0.000000 -15.017238 0.000000 0.000000 0.022390 -0.001199 4.934506 -78.134465 23.081409 -5.758400 -35.051041 0.000000 0.000000 -13.303771 0.000000 0.000000 2.447046 -0.079831 2.056764 -39.653025 -28.384331 102.810408 -12.531232 0.000000 0.000000 -61.830627 0.000000 0.000000 4.260386 -0.094452 1.375350 -79.419030 26.261306 -14.179874 -35.532747 0.000000 0.000000 -23.889308 0.000000 0.000000 -6.917769 0.291382 2.291170 -51.725930 27.850567 -13.405693 -36.893186 0.000000 0.000000 -33.787892 0.000000 0.000000 0.441624 -0.014543 2.538997 -9.809247 13.212597 -20.550704 23.568657 41.068482 -7.173643 -126.509101 56.967942 -99.759188 -17.495203 8.703612 -40.400738 57.326079 -16.553141 1.128071 42.776663 0.000000 0.000000 24.965260 0.000000 0.000000 -7.969741 -5.107087 -8.050663 27.000028 1.129095 14.128032 56.626655 0.000000 0.000000 35.251786 0.000000 0.000000 6.271931 -1.933901 -4.817211 22.939514 -8.295864 -1.603651 43.368131 0.000000 0.000000 33.489086 0.000000 0.000000 -1.013052 -2.505694 -6.799366 44.211148 -10.338345 13.318688 44.352410 0.000000 0.000000 25.508613 0.000000 0.000000 -3.109834 -2.403556 -3.139792 8.097725 38.791431 119.987439 20.975798 0.000000 0.000000 58.623853 0.000000 0.000000 -4.610124 -2.491975 -2.359596 0.000000 0.000000 0.000000 0.000000 0.000000 0.000000 0.000000 0.000000 0.000000 0.000000 0.000000 0.000000 0.000000 0.000000 0.000000 0.000000 0.000000 0.000000 0.000000 0.000000 0.000000 0.000000 0.000000 0.000000 
0.000000 89.700000 0.000000 0.000000 0.000000 0.000000 -4.369160 -10.922276 -1.237994 3.404233 -6.247323 -2.210337 -0.149427 -1.783480 4.273683 3.257762 2.469116 12.715777 1.622827 1.028693 -1.464398 0.000000 0.000000 0.000000 12.477645 -18.671544 -20.808663 -29.389745 -48.316479 -8.009649 98.167142 -60.661381 -79.763054 20.475679 -26.315139 -33.508340 -94.563416 12.184192 9.343071 -19.071622 0.000000 0.000000 -14.481823 0.000000 0.000000 0.022390 -0.001199 4.934506 -77.984527 23.733206 -5.535919 -34.114771 0.000000 0.000000 -12.674050 0.000000 0.000000 2.447046 -0.079831 2.056764 -39.749540 -26.169354 95.777151 -12.331789 0.000000 0.000000 -59.769718 0.000000 0.000000 4.260386 -0.094452 1.375350 -80.078908 27.069871 -14.621318 -35.586876 0.000000 0.000000 -23.818092 0.000000 0.000000 -6.917769 0.291382 2.291170 -53.568780 29.996618 -14.171421 -36.587725 0.000000 0.000000 -34.342380 0.000000 0.000000 0.441624 -0.014543 2.538997 -9.839687 12.805938 -20.530711 23.939598 40.922847 -6.985125 -126.198548 57.369664 -99.612206 -16.848495 7.874669 -39.908784 47.055511 -13.774087 5.598332 46.443999 0.000000 0.000000 25.839159 0.000000 0.000000 -7.969741 -5.107087 -8.050663 26.165232 1.637306 13.859995 58.514623 0.000000 0.000000 34.663463 0.000000 0.000000 6.271931 -1.933901 -4.817211 21.066817 -7.294745 -2.506227 43.639859 0.000000 0.000000 32.692774 0.000000 0.000000 -1.013052 -2.505694 -6.799366 41.698685 -9.157749 14.442377 46.008992 0.000000 0.000000 26.465197 0.000000 0.000000 -3.109834 -2.403556 -3.139792 9.025950 39.436833 119.998361 22.877300 0.000000 0.000000 64.324381 0.000000 0.000000 -4.610124 -2.491975 -2.359596 0.000000 0.000000 0.000000 0.000000 0.000000 0.000000 0.000000 0.000000 0.000000 0.000000 0.000000 0.000000 0.000000 0.000000 0.000000 0.000000 0.000000 0.000000 0.000000 0.000000 0.000000 0.000000 0.000000 0.000000 
0.000000 89.700000 0.000000 0.000000 0.000000 0.000000 -4.392669 -11.381850 -1.152597 3.605013 -6.419440 -2.156720 -0.149567 -1.946900 4.222165 3.272242 2.322175 12.707754 1.582733 0.811261 -1.461763 0.000000 0.000000 0.000000 12.404074 -18.655749 -20.524345 -29.842554 -48.477432 -7.664962 98.035840 -60.980715 -79.587448 21.303189 -26.581152 -34.070978 -94.026256 12.023483 11.602919 -18.710788 0.000000 0.000000 -13.997704 0.000000 0.000000 0.022390 -0.001199 4.934506 -77.853211 23.545604 -4.062230 -33.358538 0.000000 0.000000 -12.249288 0.000000 0.000000 2.447046 -0.079831 2.056764 -39.683186 -23.768716 88.854549 -12.211659 0.000000 0.000000 -57.639960 0.000000 0.000000 4.260386 -0.094452 1.375350 -80.746858 27.186000 -14.179872 -35.772736 0.000000 0.000000 -23.750245 0.000000 0.000000 -6.917769 0.291382 2.291170 -55.697928 31.969500 -14.346501 -36.324238 0.000000 0.000000 -34.848679 0.000000 0.000000 0.441624 -0.014543 2.538997 -9.800287 12.500450 -20.442704 24.084111 40.663185 -6.938757 -126.396374 57.466426 -99.633553 -16.056654 7.003296 -39.884686 42.923628 -11.880631 8.234310 48.543041 0.000000 0.000000 26.098080 0.000000 0.000000 -7.969741 -5.107087 -8.050663 24.985408 2.038869 13.636431 59.425571 0.000000 0.000000 33.770836 0.000000 0.000000 6.271931 -1.933901 -4.817211 19.643910 -6.479267 -2.951318 43.777845 0.000000 0.000000 32.148659 0.000000 0.000000 -1.013052 -2.505694 -6.799366 38.039083 -8.729216 14.861237 46.646109 0.000000 0.000000 26.965842 0.000000 0.000000 -3.109834 -2.403556 -3.139792 9.972349 39.660714 119.999855 24.122732 0.000000 0.000000 68.095269 0.000000 0.000000 -4.610124 -2.491975 -2.359596 0.000000 0.000000 0.000000 0.000000 0.000000 0.000000 0.000000 0.000000 0.000000 0.000000 0.000000 0.000000 0.000000 0.000000 0.000000 0.000000 0.000000 0.000000 0.000000 0.000000 0.000000 0.000000 0.000000 0.000000 
0.000000 89.700000 0.000000 0.000000 0.000000 0.000000 -4.287138 -11.287539 -1.189222 3.732655 -6.477237 -2.065389 -0.165926 -2.019520 4.184804 3.268204 2.191098 12.567559 1.469183 0.468322 -1.472286 0.000000 0.000000 0.000000 12.141998 -18.544336 -20.183935 -30.397913 -48.379792 -7.134238 98.706952 -61.367324 -80.080171 22.043975 -26.410213 -34.456871 -93.489097 11.761550 13.187326 -18.515404 0.000000 0.000000 -13.733580 0.000000 0.000000 0.022390 -0.001199 4.934506 -77.740410 22.856104 -1.771000 -32.721118 0.000000 0.000000 -12.098317 0.000000 0.000000 2.447046 -0.079831 2.056764 -39.305326 -21.627427 83.140505 -12.188550 0.000000 0.000000 -55.831701 0.000000 0.000000 4.260386 -0.094452 1.375350 -81.422886 26.367086 -12.512134 -36.152743 0.000000 0.000000 -23.855427 0.000000 0.000000 -6.917769 0.291382 2.291170 -58.130177 32.998275 -13.642600 -36.137514 0.000000 0.000000 -35.326080 0.000000 0.000000 0.441624 -0.014543 2.538997 -9.627951 12.292859 -20.277100 24.034584 40.286967 -6.999992 -127.044733 57.270944 -99.950283 -15.164452 5.939763 -40.196918 43.167802 -10.964779 8.941335 49.202161 0.000000 0.000000 25.548792 0.000000 0.000000 -7.969741 -5.107087 -8.050663 25.518664 2.325094 13.318561 59.897153 0.000000 0.000000 32.751089 0.000000 0.000000 6.271931 -1.933901 -4.817211 19.157191 -5.695284 -2.991407 44.097312 0.000000 0.000000 31.713958 0.000000 0.000000 -1.013052 -2.505694 -6.799366 37.646990 -8.762172 14.974479 46.325424 0.000000 0.000000 26.562367 0.000000 0.000000 -3.109834 -2.403556 -3.139792 10.407711 39.618392 119.999992 24.200004 0.000000 0.000000 69.213897 0.000000 0.000000 -4.610124 -2.491975 -2.359596 0.000000 0.000000 0.000000 0.000000 0.000000 0.000000 0.000000 0.000000 0.000000 0.000000 0.000000 0.000000 0.000000 0.000000 0.000000 0.000000 0.000000 0.000000 0.000000 0.000000 0.000000 0.000000 0.000000 0.000000 
0.000000 89.700000 0.000000 0.000000 0.000000 0.000000 -4.066824 -10.692185 -1.347748 3.792224 -6.424671 -1.927923 -0.206094 -1.997280 4.159190 3.249258 2.059011 12.273411 1.285440 0.010912 -1.476065 0.000000 0.000000 0.000000 11.590059 -18.333849 -19.711913 -31.215087 -47.951352 -6.258850 100.355737 -61.928073 -81.424516 22.477332 -25.247315 -34.755041 -93.078447 11.219903 14.151814 -18.596171 0.000000 0.000000 -13.936834 0.000000 0.000000 0.022390 -0.001199 4.934506 -78.066035 21.701731 1.227311 -32.148739 0.000000 0.000000 -12.467127 0.000000 0.000000 2.447046 -0.079831 2.056764 -38.182093 -20.047521 80.232894 -12.372580 0.000000 0.000000 -54.581763 0.000000 0.000000 4.260386 -0.094452 1.375350 -81.320593 23.973976 -8.925698 -36.814318 0.000000 0.000000 -24.359368 0.000000 0.000000 -6.917769 0.291382 2.291170 -60.265103 31.894945 -11.536352 -35.993331 0.000000 0.000000 -35.712376 0.000000 0.000000 0.441624 -0.014543 2.538997 -9.270900 12.183328 -20.017164 23.800975 39.799189 -7.143092 -127.918770 56.829828 -100.425750 -14.205960 4.445124 -40.594022 47.053004 -10.745539 8.335761 49.266668 0.000000 0.000000 24.663299 0.000000 0.000000 -7.969741 -5.107087 -8.050663 26.982696 2.491533 12.731817 60.421207 0.000000 0.000000 31.870839 0.000000 0.000000 6.271931 -1.933901 -4.817211 20.074548 -4.735441 -2.898943 44.716051 0.000000 0.000000 31.297009 0.000000 0.000000 -1.013052 -2.505694 -6.799366 41.537677 -9.124349 14.995934 45.717427 0.000000 0.000000 25.534719 0.000000 0.000000 -3.109834 -2.403556 -3.139792 10.545163 39.277780 119.999982 23.161034 0.000000 0.000000 68.185771 0.000000 0.000000 -4.610124 -2.491975 -2.359596 0.000000 0.000000 0.000000 0.000000 0.000000 0.000000 0.000000 0.000000 0.000000 0.000000 0.000000 0.000000 0.000000 0.000000 0.000000 0.000000 0.000000 0.000000 0.000000 0.000000 0.000000 0.000000 0.000000 0.000000 
0.000000 89.700000 0.000000 0.000000 0.000000 0.000000 -3.752403 -9.617287 -1.620899 3.786320 -6.259986 -1.743987 -0.276824 -1.882562 4.131222 3.218641 1.895235 11.790032 1.035920 -0.524568 -1.429470 0.000000 0.000000 0.000000 10.638735 -18.023329 -19.016146 -32.468354 -47.103210 -4.856150 103.172050 -62.777595 -83.829628 22.290211 -22.386688 -35.163397 -92.864032 10.351525 14.580589 -19.103008 0.000000 0.000000 -14.868162 0.000000 0.000000 0.022390 -0.001199 4.934506 -80.528873 20.022508 4.652967 -31.554277 0.000000 0.000000 -13.722956 0.000000 0.000000 2.447046 -0.079831 2.056764 -36.118505 -19.013623 81.805517 -12.915559 0.000000 0.000000 -53.680073 0.000000 0.000000 4.260386 -0.094452 1.375350 -75.597231 19.565587 -3.283186 -37.680159 0.000000 0.000000 -25.439538 0.000000 0.000000 -6.917769 0.291382 2.291170 -58.252849 27.508746 -7.556075 -35.622613 0.000000 0.000000 -35.800538 0.000000 0.000000 0.441624 -0.014543 2.538997 -8.695907 12.179077 -19.642933 23.359920 39.216920 -7.356155 -129.003974 56.502487 -101.110440 -13.321807 2.323733 -40.751738 49.173973 -10.946252 7.160638 49.645745 0.000000 0.000000 24.353555 0.000000 0.000000 -7.969741 -5.107087 -8.050663 26.137430 2.645144 11.818453 61.105048 0.000000 0.000000 31.422435 0.000000 0.000000 6.271931 -1.933901 -4.817211 22.442726 -3.416015 -2.991079 45.552511 0.000000 0.000000 30.959131 0.000000 0.000000 -1.013052 -2.505694 -6.799366 45.417848 -9.684946 14.994652 45.739349 0.000000 0.000000 24.808911 0.000000 0.000000 -3.109834 -2.403556 -3.139792 11.060997 38.392654 119.999665 21.655483 0.000000 0.000000 66.102836 0.000000 0.000000 -4.610124 -2.491975 -2.359596 0.000000 0.000000 0.000000 0.000000 0.000000 0.000000 0.000000 0.000000 0.000000 0.000000 0.000000 0.000000 0.000000 0.000000 0.000000 0.000000 0.000000 0.000000 0.000000 0.000000 0.000000 0.000000 0.000000 0.000000 
0.000000 89.700000 0.000000 0.000000 0.000000 0.000000 -3.366250 -8.063761 -1.996086 3.712150 -5.980674 -1.529707 -0.382913 -1.681204 4.082921 3.176261 1.655007 11.083957 0.726224 -1.098001 -1.278480 0.000000 0.000000 0.000000 9.193683 -17.610897 -18.011347 -34.249261 -45.729849 -2.798584 107.360276 -64.021681 -87.533203 21.196270 -17.570951 -35.960143 -88.440385 9.363059 14.578908 -20.159735 0.000000 0.000000 -16.665683 0.000000 0.000000 0.022390 -0.001199 4.934506 -80.636027 17.940303 7.702507 -30.862100 0.000000 0.000000 -16.136531 0.000000 0.000000 2.447046 -0.079831 2.056764 -33.565316 -18.193134 88.242504 -13.935818 0.000000 0.000000 -52.308829 0.000000 0.000000 4.260386 -0.094452 1.375350 -61.020561 13.557964 3.280349 -38.402009 0.000000 0.000000 -27.009033 0.000000 0.000000 -6.917769 0.291382 2.291170 -49.192567 19.765378 -1.921685 -34.504081 0.000000 0.000000 -35.266991 0.000000 0.000000 0.441624 -0.014543 2.538997 -7.894099 12.295467 -19.143759 22.663219 38.580715 -7.637767 -130.232975 56.107549 -101.939704 -12.614466 -0.520295 -40.367375 48.744244 -11.221036 5.964703 50.620712 0.000000 0.000000 25.417517 0.000000 0.000000 -7.969741 -5.107087 -8.050663 26.628229 3.081530 10.689152 61.678065 0.000000 0.000000 31.629122 0.000000 0.000000 6.271931 -1.933901 -4.817211 26.382784 -1.534040 -3.402086 46.395803 0.000000 0.000000 30.885514 0.000000 0.000000 -1.013052 -2.505694 -6.799366 47.035163 -10.157431 14.974681 46.729375 0.000000 0.000000 25.193865 0.000000 0.000000 -3.109834 -2.403556 -3.139792 12.672564 36.599442 119.996170 20.600200 0.000000 0.000000 64.044470 0.000000 0.000000 -4.610124 -2.491975 -2.359596 0.000000 0.000000 0.000000 0.000000 0.000000 0.000000 0.000000 0.000000 0.000000 0.000000 0.000000 0.000000 0.000000 0.000000 0.000000 0.000000 0.000000 0.000000 0.000000 0.000000 0.000000 0.000000 0.000000 0.000000 
0.000000 89.700000 0.000000 0.000000 0.000000 0.000000 -2.923540 -6.033301 -2.459960 3.556703 -5.586159 -1.318164 -0.524946 -1.394119 4.005969 3.113831 1.279106 10.150686 0.364461 -1.691676 -0.986241 0.000000 0.000000 0.000000 7.210751 -17.083049 -16.647725 -36.499085 -43.722625 -0.082266 113.144664 -65.692894 -92.809313 19.082537 -11.672603 -37.391823 -71.007639 8.653441 14.179634 -21.812284 0.000000 0.000000 -19.283235 0.000000 0.000000 0.022390 -0.001199 4.934506 -62.280098 15.843943 9.415220 -30.176328 0.000000 0.000000 -19.618226 0.000000 0.000000 2.447046 -0.079831 2.056764 -31.281008 -17.401893 97.492214 -15.455122 0.000000 0.000000 -49.521036 0.000000 0.000000 4.260386 -0.094452 1.375350 -51.749242 7.249906 8.910619 -38.566992 0.000000 0.000000 -28.645287 0.000000 0.000000 -6.917769 0.291382 2.291170 -44.082889 10.433783 4.172733 -32.235501 0.000000 0.000000 -33.895733 0.000000 0.000000 0.441624 -0.014543 2.538997 -6.888998 12.551164 -18.525145 21.653005 37.958593 -8.003080 -131.228953 56.058818 -103.076633 -11.893166 -4.104960 -39.257176 49.802486 -11.065708 5.081588 51.696111 0.000000 0.000000 28.206850 0.000000 0.000000 -7.969741 -5.107087 -8.050663 32.956126 4.163873 9.605466 61.790398 0.000000 0.000000 32.681499 0.000000 0.000000 6.271931 -1.933901 -4.817211 31.267512 1.196354 -3.859742 46.919227 0.000000 0.000000 31.247226 0.000000 0.000000 -1.013052 -2.505694 -6.799366 41.795576 -10.203166 14.906253 47.868602 0.000000 0.000000 26.641029 0.000000 0.000000 -3.109834 -2.403556 -3.139792 15.702775 33.650864 119.970295 20.545278 0.000000 0.000000 62.367997 0.000000 0.000000 -4.610124 -2.491975 -2.359596 0.000000 0.000000 0.000000 0.000000 0.000000 0.000000 0.000000 0.000000 0.000000 0.000000 0.000000 0.000000 0.000000 0.000000 0.000000 0.000000 0.000000 0.000000 0.000000 0.000000 0.000000 0.000000 0.000000 0.000000 
0.000000 89.700000 0.000000 0.000000 0.000000 0.000000 -2.429881 -3.550204 -2.997309 3.293886 -5.077110 -1.150982 -0.697645 -1.013174 3.907104 3.012012 0.693127 9.033481 -0.031883 -2.314462 -0.552599 0.000000 0.000000 0.000000 4.724555 -16.406644 -14.932095 -39.007256 -41.004424 3.156538 120.801143 -67.697025 -99.987647 15.974660 -6.568071 -39.534291 -51.645732 8.545853 13.280219 -23.926724 0.000000 0.000000 -22.539154 0.000000 0.000000 0.022390 -0.001199 4.934506 -39.059400 14.201407 9.423173 -29.815097 0.000000 0.000000 -23.632864 0.000000 0.000000 2.447046 -0.079831 2.056764 -29.408368 -17.032880 105.788252 -17.401505 0.000000 0.000000 -45.018179 0.000000 0.000000 4.260386 -0.094452 1.375350 -44.943181 2.131234 12.446157 -38.077885 0.000000 0.000000 -29.906651 0.000000 0.000000 -6.917769 0.291382 2.291170 -40.703706 2.393638 9.200958 -29.091267 0.000000 0.000000 -31.889665 0.000000 0.000000 0.441624 -0.014543 2.538997 -5.739393 12.956059 -17.798179 20.268730 37.422704 -8.500980 -131.551909 56.617679 -103.756720 -10.718609 -8.317343 -37.390145 52.332388 -10.040105 4.776448 51.950582 0.000000 0.000000 32.606944 0.000000 0.000000 -7.969741 -5.107087 -8.050663 42.118537 6.003018 8.877404 61.204911 0.000000 0.000000 34.730434 0.000000 0.000000 6.271931 -1.933901 -4.817211 38.087441 4.867960 -3.802286 46.760704 0.000000 0.000000 32.062075 0.000000 0.000000 -1.013052 -2.505694 -6.799366 33.357920 -9.665192 14.740538 47.502939 0.000000 0.000000 28.041454 0.000000 0.000000 -3.109834 -2.403556 -3.139792 19.792481 29.787040 119.834446 21.271565 0.000000 0.000000 60.439663 0.000000 0.000000 -4.610124 -2.491975 -2.359596 0.000000 0.000000 0.000000 0.000000 0.000000 0.000000 0.000000 0.000000 0.000000 0.000000 0.000000 0.000000 0.000000 0.000000 0.000000 0.000000 0.000000 0.000000 0.000000 0.000000 0.000000 0.000000 0.000000 0.000000 
0.000000 89.700000 0.000000 0.000000 0.000000 0.000000 -1.890922 -0.667730 -3.579355 2.889544 -4.451229 -1.065346 -0.890521 -0.528121 3.798653 2.845162 -0.183336 7.822253 -0.429651 -2.981754 -0.011224 0.000000 0.000000 0.000000 1.856667 -15.538484 -12.936896 -41.482643 -37.583926 6.687514 130.603060 -69.786642 -109.378378 11.872821 -3.957225 -42.223355 -42.618980 9.132789 11.681086 -26.067117 0.000000 0.000000 -26.147750 0.000000 0.000000 0.022390 -0.001199 4.934506 -27.623946 13.315380 8.128185 -30.015597 0.000000 0.000000 -27.416526 0.000000 0.000000 2.447046 -0.079831 2.056764 -27.154204 -17.685750 109.936133 -19.647567 0.000000 0.000000 -39.303692 0.000000 0.000000 4.260386 -0.094452 1.375350 -36.889528 -0.804921 13.966345 -37.224086 0.000000 0.000000 -30.754823 0.000000 0.000000 -6.917769 0.291382 2.291170 -32.997236 -2.288275 12.279215 -26.102888 0.000000 0.000000 -29.928709 0.000000 0.000000 0.441624 -0.014543 2.538997 -4.530673 13.501737 -16.964250 18.450978 37.002853 -9.217214 -130.251986 57.860063 -103.227673 -8.717051 -12.759366 -34.829148 59.274694 -8.081707 5.210886 50.554940 0.000000 0.000000 38.069644 0.000000 0.000000 -7.969741 -5.107087 -8.050663 54.683103 8.288723 8.632620 59.767757 0.000000 0.000000 37.667297 0.000000 0.000000 6.271931 -1.933901 -4.817211 45.932907 8.996676 -2.940055 45.688589 0.000000 0.000000 33.144871 0.000000 0.000000 -1.013052 -2.505694 -6.799366 27.295385 -8.614915 14.462383 44.154997 0.000000 0.000000 27.590979 0.000000 0.000000 -3.109834 -2.403556 -3.139792 24.060237 25.812636 119.314300 22.062599 0.000000 0.000000 57.391345 0.000000 0.000000 -4.610124 -2.491975 -2.359596 0.000000 0.000000 0.000000 0.000000 0.000000 0.000000 0.000000 0.000000 0.000000 0.000000 0.000000 0.000000 0.000000 0.000000 0.000000 0.000000 0.000000 0.000000 0.000000 0.000000 0.000000 0.000000 0.000000 0.000000 
0.000000 89.700000 0.000000 0.000000 0.000000 0.000000 -1.324913 2.537410 -4.150331 2.318580 -3.703095 -1.081753 -1.090306 0.058490 3.683494 2.595946 -1.403972 6.636212 -0.786303 -3.696202 0.581496 0.000000 0.000000 0.000000 -1.200298 -14.454052 -10.796461 -43.657686 -33.600854 10.259267 142.513901 -71.607724 -120.953377 6.792646 -4.211716 -45.111072 -42.049908 10.339513 9.251815 -27.609354 0.000000 0.000000 -29.700119 0.000000 0.000000 0.022390 -0.001199 4.934506 -28.209211 13.216460 6.199181 -30.622512 0.000000 0.000000 -30.364441 0.000000 0.000000 2.447046 -0.079831 2.056764 -23.724403 -19.394308 109.079820 -22.001934 0.000000 0.000000 -33.153124 0.000000 0.000000 4.260386 -0.094452 1.375350 -34.603569 -1.357040 14.125673 -36.314872 0.000000 0.000000 -31.484591 0.000000 0.000000 -6.917769 0.291382 2.291170 -30.580560 -3.541395 13.453333 -24.361035 0.000000 0.000000 -28.779369 0.000000 0.000000 0.441624 -0.014543 2.538997 -3.359123 14.165540 -16.017388 16.163583 36.660557 -10.239969 -125.967329 59.873364 -100.160151 -5.820503 -16.746051 -31.623121 73.878762 -5.611336 6.215994 47.342231 0.000000 0.000000 43.752830 0.000000 0.000000 -7.969741 -5.107087 -8.050663 65.201784 10.452637 8.636918 57.451493 0.000000 0.000000 41.005456 0.000000 0.000000 6.271931 -1.933901 -4.817211 55.132046 12.624000 -1.749422 43.723056 0.000000 0.000000 34.185380 0.000000 0.000000 -1.013052 -2.505694 -6.799366 23.069708 -7.207204 14.168296 37.571969 0.000000 0.000000 23.750267 0.000000 0.000000 -3.109834 -2.403556 -3.139792 27.651725 22.653667 117.842359 22.317798 0.000000 0.000000 53.105038 0.000000 0.000000 -4.610124 -2.491975 -2.359596 0.000000 0.000000 0.000000 0.000000 0.000000 0.000000 0.000000 0.000000 0.000000 0.000000 0.000000 0.000000 0.000000 0.000000 0.000000 0.000000 0.000000 0.000000 0.000000 0.000000 0.000000 0.000000 0.000000 0.000000 
0.000000 89.700000 0.000000 0.000000 0.000000 0.000000 -0.762099 5.967052 -4.631572 1.584482 -2.834247 -1.198132 -1.284443 0.722183 3.552278 2.268486 -2.953061 5.598149 -1.068464 -4.442368 1.155743 0.000000 0.000000 0.000000 -4.219751 -13.177780 -8.686159 -45.363247 -29.324619 13.656601 155.730220 -72.852629 -133.897507 0.998744 -6.342250 -47.812315 -44.044977 11.941514 6.142023 -28.152856 0.000000 0.000000 -32.689143 0.000000 0.000000 0.022390 -0.001199 4.934506 -32.661028 13.673962 4.122573 -31.165751 0.000000 0.000000 -32.275779 0.000000 0.000000 2.447046 -0.079831 2.056764 -19.573111 -21.467661 104.829820 -24.149302 0.000000 0.000000 -27.169531 0.000000 0.000000 4.260386 -0.094452 1.375350 -35.787868 -0.106262 13.444950 -35.334036 0.000000 0.000000 -32.203766 0.000000 0.000000 -6.917769 0.291382 2.291170 -31.978993 -2.693376 13.281006 -24.129479 0.000000 0.000000 -28.715619 0.000000 0.000000 0.441624 -0.014543 2.538997 -2.315975 14.923769 -14.961929 13.428347 36.314515 -11.608256 -117.197565 62.575590 -93.258425 -2.308872 -19.604024 -27.735171 89.789204 -3.316004 7.365908 43.031788 0.000000 0.000000 48.769143 0.000000 0.000000 -7.969741 -5.107087 -8.050663 72.020660 11.947521 8.418438 54.505400 0.000000 0.000000 44.045601 0.000000 0.000000 6.271931 -1.933901 -4.817211 64.978197 14.884505 -1.289867 41.216091 0.000000 0.000000 34.942712 0.000000 0.000000 -1.013052 -2.505694 -6.799366 18.453200 -5.604419 14.043817 29.156150 0.000000 0.000000 16.446844 0.000000 0.000000 -3.109834 -2.403556 -3.139792 30.162088 20.807196 114.752086 21.901987 0.000000 0.000000 48.193590 0.000000 0.000000 -4.610124 -2.491975 -2.359596 0.000000 0.000000 0.000000 0.000000 0.000000 0.000000 0.000000 0.000000 0.000000 0.000000 0.000000 0.000000 0.000000 0.000000 0.000000 0.000000 0.000000 0.000000 0.000000 0.000000 0.000000 0.000000 0.000000 0.000000 
0.000000 89.700000 0.000000 0.000000 0.000000 0.000000 -0.227619 9.496551 -4.947766 0.722179 -1.864592 -1.393503 -1.464229 1.424503 3.400323 1.883962 -4.732635 4.802250 -1.267652 -5.184727 1.644598 0.000000 0.000000 0.000000 -6.988903 -11.792074 -6.784562 -46.549867 -25.096362 16.727943 168.673032 -73.429451 -146.629394 -4.985415 -8.867529 -50.046461 -46.220127 13.511275 2.841491 -27.865520 0.000000 0.000000 -34.634850 0.000000 0.000000 0.022390 -0.001199 4.934506 -36.349913 14.288862 2.142208 -31.232832 0.000000 0.000000 -33.274741 0.000000 0.000000 2.447046 -0.079831 2.056764 -16.435704 -23.047898 100.168063 -25.669651 0.000000 0.000000 -21.817666 0.000000 0.000000 4.260386 -0.094452 1.375350 -37.438090 1.866423 12.222521 -34.053668 0.000000 0.000000 -32.607804 0.000000 0.000000 -6.917769 0.291382 2.291170 -34.022601 -1.190187 12.419457 -24.617616 0.000000 0.000000 -29.248339 0.000000 0.000000 0.441624 -0.014543 2.538997 -1.474464 15.759363 -13.824507 10.339477 35.893519 -13.288450 -101.259087 65.214274 -79.472398 1.302016 -21.027203 -23.060896 88.333358 -1.715548 8.425840 38.725469 0.000000 0.000000 52.411240 0.000000 0.000000 -7.969741 -5.107087 -8.050663 75.902443 12.424575 7.611769 51.419477 0.000000 0.000000 46.162584 0.000000 0.000000 6.271931 -1.933901 -4.817211 76.636310 15.469357 -2.351462 38.762205 0.000000 0.000000 35.401051 0.000000 0.000000 -1.013052 -2.505694 -6.799366 13.480826 -3.936411 14.185442 21.200330 0.000000 0.000000 7.434241 0.000000 0.000000 -3.109834 -2.403556 -3.139792 31.595278 20.102330 109.954904 21.069443 0.000000 0.000000 43.080538 0.000000 0.000000 -4.610124 -2.491975 -2.359596 0.000000 0.000000 0.000000 0.000000 0.000000 0.000000 0.000000 0.000000 0.000000 0.000000 0.000000 0.000000 0.000000 0.000000 0.000000 0.000000 0.000000 0.000000 0.000000 0.000000 0.000000 0.000000 0.000000 0.000000 
0.000000 89.700000 0.000000 0.000000 0.000000 0.000000 0.276659 12.977959 -5.056432 -0.220101 -0.831086 -1.637012 -1.625608 2.131367 3.246034 1.464488 -6.597766 4.287407 -1.399122 -5.866487 2.006800 0.000000 0.000000 0.000000 -9.349987 -10.414990 -5.230168 -47.271033 -21.238564 19.385410 179.731018 -73.481611 -157.575766 -10.681302 -10.717237 -51.697365 -47.044304 14.513640 -0.031152 -27.389670 0.000000 0.000000 -35.298797 0.000000 0.000000 0.022390 -0.001199 4.934506 -37.619854 14.643456 0.363179 -30.730348 0.000000 0.000000 -33.588440 0.000000 0.000000 2.447046 -0.079831 2.056764 -15.889766 -23.717032 97.737009 -26.292730 0.000000 0.000000 -17.612588 0.000000 0.000000 4.260386 -0.094452 1.375350 -38.665888 3.453370 10.727557 -32.435771 0.000000 0.000000 -32.352237 0.000000 0.000000 -6.917769 0.291382 2.291170 -36.664512 0.050088 11.477656 -24.611030 0.000000 0.000000 -29.465941 0.000000 0.000000 0.441624 -0.014543 2.538997 -0.881274 16.658962 -12.649211 7.043679 35.371658 -15.194849 -77.652598 65.792529 -58.329986 4.470639 -21.161073 -17.520535 89.292631 -0.920722 9.473203 35.309493 0.000000 0.000000 54.473139 0.000000 0.000000 -7.969741 -5.107087 -8.050663 80.988514 11.792761 6.166084 48.739489 0.000000 0.000000 47.159290 0.000000 0.000000 6.271931 -1.933901 -4.817211 90.033923 14.623411 -4.758919 36.860781 0.000000 0.000000 35.745814 0.000000 0.000000 -1.013052 -2.505694 -6.799366 11.464571 -2.143648 14.485122 15.358419 0.000000 0.000000 -0.735812 0.000000 0.000000 -3.109834 -2.403556 -3.139792 32.118735 19.890817 104.518212 20.204879 0.000000 0.000000 37.555368 0.000000 0.000000 -4.610124 -2.491975 -2.359596 0.000000 0.000000 0.000000 0.000000 0.000000 0.000000 0.000000 0.000000 0.000000 0.000000 0.000000 0.000000 0.000000 0.000000 0.000000 0.000000 0.000000 0.000000 0.000000 0.000000 0.000000 0.000000 0.000000 0.000000 
0.000000 89.700000 0.000000 0.000000 0.000000 0.000000 0.770917 16.271579 -4.959681 -1.201387 0.226059 -1.896179 -1.768093 2.824578 3.124390 1.027256 -8.411033 4.033620 -1.486990 -6.427292 2.241888 0.000000 0.000000 0.000000 -11.222232 -9.158274 -4.089188 -47.644677 -17.972652 21.587886 -172.015179 -73.253098 -165.891406 -15.912185 -11.653303 -52.782698 -44.814349 14.557715 -2.098059 -27.297110 0.000000 0.000000 -34.863308 0.000000 0.000000 0.022390 -0.001199 4.934506 -38.491089 14.441281 -1.172233 -29.817478 0.000000 0.000000 -33.444349 0.000000 0.000000 2.447046 -0.079831 2.056764 -17.852602 -23.720225 98.333385 -26.261985 0.000000 0.000000 -15.044723 0.000000 0.000000 4.260386 -0.094452 1.375350 -39.216700 3.939445 9.258889 -30.819327 0.000000 0.000000 -31.531183 0.000000 0.000000 -6.917769 0.291382 2.291170 -40.764814 0.567999 10.902412 -23.506946 0.000000 0.000000 -28.862722 0.000000 0.000000 0.441624 -0.014543 2.538997 -0.548129 17.604624 -11.481041 3.705826 34.763885 -17.227783 -52.037846 62.002016 -35.852725 6.830526 -20.409423 -11.161251 92.981305 -0.825826 10.470736 33.364509 0.000000 0.000000 55.427620 0.000000 0.000000 -7.969741 -5.107087 -8.050663 83.541160 10.200579 4.294399 46.955945 0.000000 0.000000 47.476797 0.000000 0.000000 6.271931 -1.933901 -4.817211 89.791307 12.810777 -7.576116 35.681086 0.000000 0.000000 36.226573 0.000000 0.000000 -1.013052 -2.505694 -6.799366 7.825608 -0.006216 14.757789 11.850663 0.000000 0.000000 -6.274838 0.000000 0.000000 -3.109834 -2.403556 -3.139792 32.035510 19.566688 100.234270 19.640205 0.000000 0.000000 31.524059 0.000000 0.000000 -4.610124 -2.491975 -2.359596 0.000000 0.000000 0.000000 0.000000 0.000000 0.000000 0.000000 0.000000 0.000000 0.000000 0.000000 0.000000 0.000000 0.000000 0.000000 0.000000 0.000000 0.000000 0.000000 0.000000 0.000000 0.000000 0.000000 0.000000 
0.000000 89.700000 0.000000 0.000000 0.000000 0.000000 1.272807 19.286225 -4.694846 -2.192145 1.274428 -2.143024 -1.893665 3.497733 3.058497 0.588963 -10.077303 3.978152 -1.550044 -6.841432 2.387305 0.000000 0.000000 0.000000 -12.603324 -8.092077 -3.347732 -47.803390 -15.382851 23.325495 -166.711490 -72.947880 -171.490541 -20.721947 -12.093374 -53.380049 -41.168400 13.554016 -3.384925 -27.623372 0.000000 0.000000 -33.883157 0.000000 0.000000 0.022390 -0.001199 4.934506 -37.796320 13.578785 -2.444815 -28.715370 0.000000 0.000000 -33.109429 0.000000 0.000000 2.447046 -0.079831 2.056764 -20.687378 -23.760529 100.760817 -26.314162 0.000000 0.000000 -14.267237 0.000000 0.000000 4.260386 -0.094452 1.375350 -38.709401 3.128988 8.080080 -29.745131 0.000000 0.000000 -30.711152 0.000000 0.000000 -6.917769 0.291382 2.291170 -44.364226 0.100411 10.867566 -21.885272 0.000000 0.000000 -27.878701 0.000000 0.000000 0.441624 -0.014543 2.538997 -0.440371 18.563533 -10.350640 0.490674 34.093282 -19.292532 -34.732112 54.574433 -21.932814 8.304907 -19.241304 -4.212445 96.701524 -1.366917 11.062003 33.066427 0.000000 0.000000 55.977344 0.000000 0.000000 -7.969741 -5.107087 -8.050663 86.372030 7.986054 2.338736 46.337343 0.000000 0.000000 47.862621 0.000000 0.000000 6.271931 -1.933901 -4.817211 96.477423 10.505060 -9.790580 35.138577 0.000000 0.000000 36.990183 0.000000 0.000000 -1.013052 -2.505694 -6.799366 5.245134 2.505683 14.915139 9.942471 0.000000 0.000000 -8.985843 0.000000 0.000000 -3.109834 -2.403556 -3.139792 31.797448 19.021032 98.511793 19.593105 0.000000 0.000000 25.809275 0.000000 0.000000 -4.610124 -2.491975 -2.359596 0.000000 0.000000 0.000000 0.000000 0.000000 0.000000 0.000000 0.000000 0.000000 0.000000 0.000000 0.000000 0.000000 0.000000 0.000000 0.000000 0.000000 0.000000 0.000000 0.000000 0.000000 0.000000 0.000000 0.000000 
0.000000 89.700000 0.000000 0.000000 0.000000 0.000000 1.769551 21.984598 -4.316422 -3.163099 2.285356 -2.358147 -2.005407 4.141675 3.039683 0.164267 -11.548251 4.041554 -1.595858 -7.143475 2.496409 0.000000 0.000000 0.000000 -13.553965 -7.235094 -2.931920 -47.854439 -13.439250 24.614551 -164.003939 -72.674221 -174.715574 -25.077979 -12.550975 -53.567135 -38.138684 11.667122 -4.080665 -28.045611 0.000000 0.000000 -32.987338 0.000000 0.000000 0.022390 -0.001199 4.934506 -34.076763 12.134690 -3.420107 -27.680831 0.000000 0.000000 -32.895021 0.000000 0.000000 2.447046 -0.079831 2.056764 -22.848970 -24.500568 103.183300 -27.088192 0.000000 0.000000 -14.908016 0.000000 0.000000 4.260386 -0.094452 1.375350 -36.755911 1.234987 7.340864 -29.648327 0.000000 0.000000 -30.490450 0.000000 0.000000 -6.917769 0.291382 2.291170 -44.338287 -1.467523 11.303477 -20.948546 0.000000 0.000000 -27.403451 0.000000 0.000000 0.441624 -0.014543 2.538997 -0.475129 19.479607 -9.272462 -2.431878 33.368988 -21.290040 -21.169031 43.466918 -12.482362 9.068811 -18.136221 2.924859 98.918929 -2.451457 10.965511 33.973016 0.000000 0.000000 56.554389 0.000000 0.000000 -7.969741 -5.107087 -8.050663 86.637094 5.603599 0.616646 46.676529 0.000000 0.000000 48.777584 0.000000 0.000000 6.271931 -1.933901 -4.817211 99.565958 8.215978 -10.825001 35.012361 0.000000 0.000000 37.919439 0.000000 0.000000 -1.013052 -2.505694 -6.799366 1.873958 5.040475 14.977966 8.808319 0.000000 0.000000 -9.796250 0.000000 0.000000 -3.109834 -2.403556 -3.139792 31.762834 18.586403 99.714380 20.160722 0.000000 0.000000 21.758819 0.000000 0.000000 -4.610124 -2.491975 -2.359596 0.000000 0.000000 0.000000 0.000000 0.000000 0.000000 0.000000 0.000000 0.000000 0.000000 0.000000 0.000000 0.000000 0.000000 0.000000 0.000000 0.000000 0.000000 0.000000 0.000000 0.000000 0.000000 0.000000 0.000000 
0.000000 89.700000 0.000000 0.000000 0.000000 0.000000 2.213510 24.353256 -3.883346 -4.073148 3.220883 -2.531667 -2.105496 4.734222 3.035499 -0.238723 -12.803182 4.160378 -1.623102 -7.406291 2.611009 0.000000 0.000000 0.000000 -14.170789 -6.566746 -2.744345 -47.865576 -12.052276 25.496976 -163.281715 -72.465945 -176.076139 -28.758329 -13.210694 -53.405476 -38.113753 9.241381 -4.257467 -28.395564 0.000000 0.000000 -32.547972 0.000000 0.000000 0.022390 -0.001199 4.934506 -32.207145 10.301061 -4.004619 -27.024055 0.000000 0.000000 -33.015047 0.000000 0.000000 2.447046 -0.079831 2.056764 -24.095811 -26.136857 104.576118 -28.597695 0.000000 0.000000 -16.244184 0.000000 0.000000 4.260386 -0.094452 1.375350 -35.638346 -1.153803 6.920563 -30.594446 0.000000 0.000000 -31.026232 0.000000 0.000000 -6.917769 0.291382 2.291170 -40.985864 -3.882755 11.983878 -21.387222 0.000000 0.000000 -27.810645 0.000000 0.000000 0.441624 -0.014543 2.538997 -0.544691 20.279467 -8.257489 -4.891977 32.603212 -23.106795 -13.298225 32.485314 -8.854050 9.333785 -17.497992 9.743406 96.652043 -3.696292 10.446017 35.190481 0.000000 0.000000 57.376118 0.000000 0.000000 -7.969741 -5.107087 -8.050663 84.016086 3.500950 -0.740968 47.248365 0.000000 0.000000 50.140933 0.000000 0.000000 6.271931 -1.933901 -4.817211 95.306466 6.420947 -10.874332 34.969579 0.000000 0.000000 38.632524 0.000000 0.000000 -1.013052 -2.505694 -6.799366 -3.135270 7.068475 14.995820 7.973629 0.000000 0.000000 -9.715543 0.000000 0.000000 -3.109834 -2.403556 -3.139792 31.983369 18.581334 103.021620 21.296610 0.000000 0.000000 20.079696 0.000000 0.000000 -4.610124 -2.491975 -2.359596 0.000000 0.000000 0.000000 0.000000 0.000000 0.000000 0.000000 0.000000 0.000000 0.000000 0.000000 0.000000 0.000000 0.000000 0.000000 0.000000 0.000000 0.000000 0.000000 0.000000 0.000000 0.000000 0.000000 0.000000 
0.000000 89.700000 0.000000 0.000000 0.000000 0.000000 2.546675 26.374674 -3.455282 -4.869657 4.028964 -2.661617 -2.194466 5.244481 3.015852 -0.613721 -13.823473 4.308482 -1.628532 -7.680876 2.749213 0.000000 0.000000 0.000000 -14.556698 -6.046884 -2.696322 -47.868772 -11.117568 26.039434 -163.825261 -72.327486 -176.138146 -31.572935 -13.965676 -52.960061 -39.816347 6.719248 -3.902564 -28.809528 0.000000 0.000000 -32.571625 0.000000 0.000000 0.022390 -0.001199 4.934506 -32.731133 8.282978 -4.069340 -26.970061 0.000000 0.000000 -33.460903 0.000000 0.000000 2.447046 -0.079831 2.056764 -25.057224 -28.380091 105.017719 -30.359144 0.000000 0.000000 -17.599184 0.000000 0.000000 4.260386 -0.094452 1.375350 -36.140232 -3.108928 6.285185 -32.222370 0.000000 0.000000 -31.980230 0.000000 0.000000 -6.917769 0.291382 2.291170 -39.314262 -6.475601 12.590023 -22.931353 0.000000 0.000000 -28.727159 0.000000 0.000000 0.441624 -0.014543 2.538997 -0.557268 20.898165 -7.328569 -6.762996 31.840504 -24.628101 -9.356581 23.803856 -8.683208 9.192844 -17.455851 15.730231 91.234835 -4.468183 10.206753 35.897948 0.000000 0.000000 58.492660 0.000000 0.000000 -7.969741 -5.107087 -8.050663 82.828636 2.007234 -1.797036 47.218602 0.000000 0.000000 51.483034 0.000000 0.000000 6.271931 -1.933901 -4.817211 89.761255 5.393743 -10.778432 34.705527 0.000000 0.000000 38.752478 0.000000 0.000000 -1.013052 -2.505694 -6.799366 -6.018408 8.263458 14.999437 7.286720 0.000000 0.000000 -9.315961 0.000000 0.000000 -3.109834 -2.403556 -3.139792 32.289076 18.989308 106.761824 22.750660 0.000000 0.000000 20.255330 0.000000 0.000000 -4.610124 -2.491975 -2.359596 0.000000 0.000000 0.000000 0.000000 0.000000 0.000000 0.000000 0.000000 0.000000 0.000000 0.000000 0.000000 0.000000 0.000000 0.000000 0.000000 0.000000 0.000000 0.000000 0.000000 0.000000 0.000000 0.000000 0.000000 
0.000000 89.700000 0.000000 0.000000 0.000000 0.000000 2.732994 28.025368 -3.088680 -5.503788 4.656124 -2.750848 -2.272329 5.646384 2.970556 -0.950510 -14.587863 4.486678 -1.612306 -7.957814 2.910569 0.000000 0.000000 0.000000 -14.798159 -5.633662 -2.722521 -47.869080 -10.536136 26.329811 -164.933110 -72.257438 -175.467541 -33.585123 -14.692803 -52.325961 -41.778883 4.449170 -3.085893 -29.472267 0.000000 0.000000 -32.853249 0.000000 0.000000 0.022390 -0.001199 4.934506 -34.381868 6.228013 -3.576416 -27.500202 0.000000 0.000000 -34.075076 0.000000 0.000000 2.447046 -0.079831 2.056764 -26.196481 -30.745955 105.035297 -31.876905 0.000000 0.000000 -18.608109 0.000000 0.000000 4.260386 -0.094452 1.375350 -37.001963 -3.777634 4.704656 -34.009730 0.000000 0.000000 -32.878391 0.000000 0.000000 -6.917769 0.291382 2.291170 -40.366580 -8.584274 12.848163 -24.874339 0.000000 0.000000 -29.606187 0.000000 0.000000 0.441624 -0.014543 2.538997 -0.468527 21.305938 -6.523682 -8.008957 31.151494 -25.765688 -6.892840 17.127651 -8.720447 8.718102 -17.788055 20.479192 97.703371 -4.399750 10.702732 35.805747 0.000000 0.000000 59.577732 0.000000 0.000000 -7.969741 -5.107087 -8.050663 85.105870 1.276853 -2.605617 46.303372 0.000000 0.000000 52.346070 0.000000 0.000000 6.271931 -1.933901 -4.817211 94.114248 5.153702 -11.151289 34.173026 0.000000 0.000000 38.251923 0.000000 0.000000 -1.013052 -2.505694 -6.799366 -5.274680 8.763001 14.999949 6.720414 0.000000 0.000000 -8.893828 0.000000 0.000000 -3.109834 -2.403556 -3.139792 32.500620 19.535873 109.491597 24.116099 0.000000 0.000000 21.158298 0.000000 0.000000 -4.610124 -2.491975 -2.359596 0.000000 0.000000 0.000000 0.000000 0.000000 0.000000 0.000000 0.000000 0.000000 0.000000 0.000000 0.000000 0.000000 0.000000 0.000000 0.000000 0.000000 0.000000 0.000000 0.000000 0.000000 0.000000 0.000000 0.000000 
0.000000 89.700000 0.000000 0.000000 0.000000 0.000000 2.776796 29.291381 -2.826430 -5.950468 5.072335 -2.802408 -2.340194 5.929874 2.903517 -1.240754 -15.093344 4.695925 -1.579506 -8.192689 3.081957 0.000000 0.000000 0.000000 -14.954053 -5.295774 -2.780550 -47.856649 -10.219398 26.464317 -166.049408 -72.245990 -174.564164 -35.029485 -15.378053 -51.634594 -42.439228 2.581662 -2.016424 -30.374861 0.000000 0.000000 -33.190012 0.000000 0.000000 0.022390 -0.001199 4.934506 -33.873743 4.268364 -2.685751 -28.326280 0.000000 0.000000 -34.678781 0.000000 0.000000 2.447046 -0.079831 2.056764 -27.454655 -32.836444 104.972160 -32.921030 0.000000 0.000000 -19.211025 0.000000 0.000000 4.260386 -0.094452 1.375350 -36.774452 -2.959899 1.870093 -35.592288 0.000000 0.000000 -33.467074 0.000000 0.000000 -6.917769 0.291382 2.291170 -39.322239 -9.975331 12.704192 -26.681336 0.000000 0.000000 -30.195746 0.000000 0.000000 0.441624 -0.014543 2.538997 -0.285448 21.515226 -5.881419 -8.690180 30.593728 -26.482153 -5.851312 13.710738 -8.988908 8.092447 -18.128194 23.781011 101.888135 -3.756925 11.718486 35.160296 0.000000 0.000000 60.092264 0.000000 0.000000 -7.969741 -5.107087 -8.050663 85.766781 1.241677 -3.072409 44.963212 0.000000 0.000000 52.661875 0.000000 0.000000 6.271931 -1.933901 -4.817211 98.482334 5.528761 -11.628748 33.550930 0.000000 0.000000 37.490074 0.000000 0.000000 -1.013052 -2.505694 -6.799366 -4.478381 9.053295 14.999997 6.239006 0.000000 0.000000 -8.668973 0.000000 0.000000 -3.109834 -2.403556 -3.139792 32.584181 20.023032 110.831766 25.145892 0.000000 0.000000 22.221322 0.000000 0.000000 -4.610124 -2.491975 -2.359596 0.000000 0.000000 0.000000 0.000000 0.000000 0.000000 0.000000 0.000000 0.000000 0.000000 0.000000 0.000000 0.000000 0.000000 0.000000 0.000000 0.000000 0.000000 0.000000 0.000000 0.000000 0.000000 0.000000 0.000000 
0.000000 89.700000 0.000000 0.000000 0.000000 0.000000 2.719139 30.176847 -2.687605 -6.217171 5.288383 -2.816453 -2.401251 6.102912 2.818427 -1.485521 -15.369839 4.921167 -1.539358 -8.357713 3.237420 0.000000 0.000000 0.000000 -15.056055 -5.015174 -2.845400 -47.817915 -10.089943 26.524509 -166.847486 -72.266744 -173.789862 -36.089897 -16.039718 -51.030475 -41.789522 1.180662 -0.989456 -31.299284 0.000000 0.000000 -33.474961 0.000000 0.000000 0.022390 -0.001199 4.934506 -33.566020 2.612069 -1.722445 -29.001681 0.000000 0.000000 -35.099547 0.000000 0.000000 2.447046 -0.079831 2.056764 -28.521180 -34.459348 104.908918 -33.525634 0.000000 0.000000 -19.527503 0.000000 0.000000 4.260386 -0.094452 1.375350 -35.924200 -1.246232 -1.642810 -36.808640 0.000000 0.000000 -33.764192 0.000000 0.000000 -6.917769 0.291382 2.291170 -38.094331 -10.772185 12.338390 -28.092752 0.000000 0.000000 -30.511027 0.000000 0.000000 0.441624 -0.014543 2.538997 -0.044151 21.568083 -5.419851 -8.926901 30.184343 -26.801215 -5.317533 12.494571 -8.838198 7.555116 -18.268995 25.649743 101.736680 -3.107152 12.760379 34.309829 0.000000 0.000000 59.805189 0.000000 0.000000 -7.969741 -5.107087 -8.050663 85.957851 1.626907 -3.091829 43.794457 0.000000 0.000000 52.693540 0.000000 0.000000 6.271931 -1.933901 -4.817211 100.370131 6.256007 -11.254941 32.916627 0.000000 0.000000 36.813272 0.000000 0.000000 -1.013052 -2.505694 -6.799366 -3.090645 9.549575 15.000000 5.779078 0.000000 0.000000 -8.700012 0.000000 0.000000 -3.109834 -2.403556 -3.139792 32.663686 20.537263 111.162812 26.025057 0.000000 0.000000 23.876657 0.000000 0.000000 -4.610124 -2.491975 -2.359596 0.000000 0.000000 0.000000 0.000000 0.000000 0.000000 0.000000 0.000000 0.000000 0.000000 0.000000 0.000000 0.000000 0.000000 0.000000 0.000000 0.000000 0.000000 0.000000 0.000000 0.000000 0.000000 0.000000 0.000000 
0.000000 89.700000 0.000000 0.000000 0.000000 0.000000 2.613684 30.697328 -2.667754 -6.333674 5.346275 -2.791824 -2.460018 6.183503 2.716684 -1.689781 -15.465389 5.130650 -1.502341 -8.457565 3.341846 0.000000 0.000000 0.000000 -15.118827 -4.780865 -2.904687 -47.741092 -10.082475 26.557880 -167.226510 -72.281380 -173.328976 -36.831669 -16.649110 -50.627945 -40.613905 0.336568 -0.286085 -31.975291 0.000000 0.000000 -33.673693 0.000000 0.000000 0.022390 -0.001199 4.934506 -33.783713 1.515130 -1.019792 -29.156680 0.000000 0.000000 -35.193050 0.000000 0.000000 2.447046 -0.079831 2.056764 -29.160792 -35.603486 104.924097 -33.877133 0.000000 0.000000 -19.741938 0.000000 0.000000 4.260386 -0.094452 1.375350 -35.188706 0.440574 -4.668157 -37.571386 0.000000 0.000000 -33.896560 0.000000 0.000000 -6.917769 0.291382 2.291170 -37.449876 -11.118197 11.977725 -28.978621 0.000000 0.000000 -30.638855 0.000000 0.000000 0.441624 -0.014543 2.538997 0.220690 21.514040 -5.129648 -8.845235 29.908021 -26.791312 -5.205733 12.539631 -8.747882 7.205048 -18.213992 26.263234 101.307546 -2.763234 13.555753 33.423057 0.000000 0.000000 58.905018 0.000000 0.000000 -7.969741 -5.107087 -8.050663 85.105469 2.129659 -2.731309 42.958257 0.000000 0.000000 52.607764 0.000000 0.000000 6.271931 -1.933901 -4.817211 101.136624 7.088803 -9.632812 32.161893 0.000000 0.000000 36.207835 0.000000 0.000000 -1.013052 -2.505694 -6.799366 -2.467952 10.260153 15.000000 5.329821 0.000000 0.000000 -8.839999 0.000000 0.000000 -3.109834 -2.403556 -3.139792 32.809573 21.281405 110.894367 27.086711 0.000000 0.000000 26.612830 0.000000 0.000000 -4.610124 -2.491975 -2.359596 0.000000 0.000000 0.000000 0.000000 0.000000 0.000000 0.000000 0.000000 0.000000 0.000000 0.000000 0.000000 0.000000 0.000000 0.000000 0.000000 0.000000 0.000000 0.000000 0.000000 0.000000 0.000000 0.000000 0.000000 
0.000000 89.700000 0.000000 0.000000 0.000000 0.000000 2.497184 30.870561 -2.750543 -6.331249 5.290360 -2.730039 -2.519939 6.187605 2.603895 -1.850495 -15.418860 5.288204 -1.475557 -8.507678 3.363826 0.000000 0.000000 0.000000 -15.157136 -4.583046 -2.955801 -47.617840 -10.146638 26.574019 -167.235926 -72.260190 -173.204992 -37.280737 -17.151265 -50.462325 -40.567224 0.165294 -0.095063 -32.266716 0.000000 0.000000 -33.783345 0.000000 0.000000 0.022390 -0.001199 4.934506 -35.140697 1.158140 -0.772341 -28.719461 0.000000 0.000000 -34.918222 0.000000 0.000000 2.447046 -0.079831 2.056764 -29.331603 -36.272208 105.178276 -34.122265 0.000000 0.000000 -19.951279 0.000000 0.000000 4.260386 -0.094452 1.375350 -34.945688 1.467330 -6.265110 -37.819155 0.000000 0.000000 -33.956961 0.000000 0.000000 -6.917769 0.291382 2.291170 -37.393753 -11.003048 11.719709 -29.236604 0.000000 0.000000 -30.624653 0.000000 0.000000 0.441624 -0.014543 2.538997 0.494923 21.384656 -4.987620 -8.529022 29.738409 -26.525897 -5.345380 13.369475 -8.926363 6.835487 -17.925949 25.837777 101.775214 -2.644237 14.044796 32.594827 0.000000 0.000000 57.655721 0.000000 0.000000 -7.969741 -5.107087 -8.050663 83.583846 2.620726 -2.173371 42.341874 0.000000 0.000000 52.255363 0.000000 0.000000 6.271931 -1.933901 -4.817211 101.219842 7.832275 -7.637799 31.334990 0.000000 0.000000 35.489633 0.000000 0.000000 -1.013052 -2.505694 -6.799366 -2.488819 10.807310 15.000000 5.015397 0.000000 0.000000 -8.928479 0.000000 0.000000 -3.109834 -2.403556 -3.139792 32.826292 22.316615 110.133378 28.327431 0.000000 0.000000 29.961537 0.000000 0.000000 -4.610124 -2.491975 -2.359596 0.000000 0.000000 0.000000 0.000000 0.000000 0.000000 0.000000 0.000000 0.000000 0.000000 0.000000 0.000000 0.000000 0.000000 0.000000 0.000000 0.000000 0.000000 0.000000 0.000000 0.000000 0.000000 0.000000 0.000000 
0.000000 89.700000 0.000000 0.000000 0.000000 0.000000 2.376013 30.716753 -2.918776 -6.229059 5.146542 -2.638126 -2.581149 6.121904 2.489775 -1.954820 -15.243454 5.373705 -1.459240 -8.511415 3.288306 0.000000 0.000000 0.000000 -15.201355 -4.412347 -3.004222 -47.437339 -10.249232 26.550719 -166.997869 -72.204065 -173.325484 -37.486763 -17.536369 -50.440915 -40.345335 0.748902 -0.474413 -32.192219 0.000000 0.000000 -33.805872 0.000000 0.000000 0.022390 -0.001199 4.934506 -35.745293 1.582745 -0.996545 -27.893952 0.000000 0.000000 -34.346082 0.000000 0.000000 2.447046 -0.079831 2.056764 -29.090055 -36.282305 105.671122 -34.161010 0.000000 0.000000 -19.963770 0.000000 0.000000 4.260386 -0.094452 1.375350 -34.658003 1.699404 -6.123899 -37.528145 0.000000 0.000000 -33.955336 0.000000 0.000000 -6.917769 0.291382 2.291170 -37.821663 -10.327990 11.549447 -28.733063 0.000000 0.000000 -30.425460 0.000000 0.000000 0.441624 -0.014543 2.538997 0.787522 21.171560 -4.974121 -7.995539 29.642476 -26.045616 -5.581743 15.009205 -9.170209 6.056630 -17.147305 24.500702 101.746163 -2.510000 14.187500 31.950639 0.000000 0.000000 56.126019 0.000000 0.000000 -7.969741 -5.107087 -8.050663 82.731678 3.160602 -1.528687 41.952194 0.000000 0.000000 51.353929 0.000000 0.000000 6.271931 -1.933901 -4.817211 101.287304 8.349160 -6.777082 30.776040 0.000000 0.000000 34.614048 0.000000 0.000000 -1.013052 -2.505694 -6.799366 -2.484636 10.729521 15.000000 5.043960 0.000000 0.000000 -8.954685 0.000000 0.000000 -3.109834 -2.403556 -3.139792 32.388428 23.558489 108.780992 29.426971 0.000000 0.000000 32.905240 0.000000 0.000000 -4.610124 -2.491975 -2.359596 0.000000 0.000000 0.000000 0.000000 0.000000 0.000000 0.000000 0.000000 0.000000 0.000000 0.000000 0.000000 0.000000 0.000000 0.000000 0.000000 0.000000 0.000000 0.000000 0.000000 0.000000 0.000000 0.000000 0.000000 
0.000000 89.700000 0.000000 0.000000 0.000000 0.000000 2.234287 30.263399 -3.154914 -6.035475 4.922038 -2.529288 -2.640327 5.984710 2.381683 -1.989249 -14.925205 5.392195 -1.447953 -8.455052 3.118295 0.000000 0.000000 0.000000 -15.294614 -4.254958 -3.061895 -47.165269 -10.369056 26.435581 -166.691831 -72.152191 -173.499642 -37.519463 -17.869073 -50.290559 -39.444818 2.063667 -1.321851 -31.704844 0.000000 0.000000 -33.690517 0.000000 0.000000 0.022390 -0.001199 4.934506 -35.534641 2.728360 -1.585637 -26.888908 0.000000 0.000000 -33.535922 0.000000 0.000000 2.447046 -0.079831 2.056764 -28.461907 -35.267529 106.023753 -33.621538 0.000000 0.000000 -19.215515 0.000000 0.000000 4.260386 -0.094452 1.375350 -34.574280 1.283901 -4.331827 -36.615460 0.000000 0.000000 -33.780410 0.000000 0.000000 -6.917769 0.291382 2.291170 -38.353293 -9.057493 11.483492 -27.296777 0.000000 0.000000 -29.894454 0.000000 0.000000 0.441624 -0.014543 2.538997 1.124495 20.821811 -5.077738 -7.200224 29.568849 -25.342937 -5.939104 17.365621 -9.517727 4.709964 -15.536298 22.238739 100.325106 -2.209286 13.964668 31.566014 0.000000 0.000000 54.147345 0.000000 0.000000 -7.969741 -5.107087 -8.050663 84.542572 3.858666 -0.767230 41.901665 0.000000 0.000000 49.723347 0.000000 0.000000 6.271931 -1.933901 -4.817211 100.984529 8.657550 -7.483046 30.704611 0.000000 0.000000 33.540007 0.000000 0.000000 -1.013052 -2.505694 -6.799366 -1.022368 9.785555 14.999997 5.559100 0.000000 0.000000 -8.996817 0.000000 0.000000 -3.109834 -2.403556 -3.139792 31.394237 24.868282 106.792446 30.084296 0.000000 0.000000 34.909388 0.000000 0.000000 -4.610124 -2.491975 -2.359596 0.000000 0.000000 0.000000 0.000000 0.000000 0.000000 0.000000 0.000000 0.000000 0.000000 0.000000 0.000000 0.000000 0.000000 0.000000 0.000000 0.000000 0.000000 0.000000 0.000000 0.000000 0.000000 0.000000 0.000000 
0.000000 89.700000 0.000000 0.000000 0.000000 0.000000 2.051879 29.540142 -3.435670 -5.756247 4.615986 -2.423078 -2.692424 5.771163 2.283266 -1.948289 -14.434552 5.356248 -1.435153 -8.316344 2.865024 0.000000 0.000000 0.000000 -15.464115 -4.078644 -3.146623 -46.719028 -10.485566 26.139330 -166.603624 -72.174531 -173.409548 -37.428928 -18.203042 -49.510479 -38.411202 3.926078 -2.370995 -30.497393 0.000000 0.000000 -33.273414 0.000000 0.000000 0.022390 -0.001199 4.934506 -34.505362 4.473094 -2.410427 -25.723993 0.000000 0.000000 -32.411400 0.000000 0.000000 2.447046 -0.079831 2.056764 -27.489879 -32.945428 105.582806 -32.063310 0.000000 0.000000 -16.944995 0.000000 0.000000 4.260386 -0.094452 1.375350 -33.859229 0.460519 -1.163671 -34.804551 0.000000 0.000000 -33.151493 0.000000 0.000000 -6.917769 0.291382 2.291170 -37.570918 -7.347301 11.641752 -24.838007 0.000000 0.000000 -28.810611 0.000000 0.000000 0.441624 -0.014543 2.538997 1.539374 20.259853 -5.289202 -6.063851 29.442641 -24.372248 -6.958302 20.497182 -10.184616 3.111410 -12.928962 18.960791 98.790929 -1.710624 13.471313 31.403295 0.000000 0.000000 51.427828 0.000000 0.000000 -7.969741 -5.107087 -8.050663 86.490317 4.765892 0.226095 42.146044 0.000000 0.000000 47.349801 0.000000 0.000000 6.271931 -1.933901 -4.817211 101.061194 9.002966 -8.267252 30.815525 0.000000 0.000000 31.948479 0.000000 0.000000 -1.013052 -2.505694 -6.799366 1.605773 8.100583 14.999947 6.576842 0.000000 0.000000 -9.048326 0.000000 0.000000 -3.109834 -2.403556 -3.139792 30.109244 25.992270 104.375620 30.076800 0.000000 0.000000 36.049621 0.000000 0.000000 -4.610124 -2.491975 -2.359596 0.000000 0.000000 0.000000 0.000000 0.000000 0.000000 0.000000 0.000000 0.000000 0.000000 0.000000 0.000000 0.000000 0.000000 0.000000 0.000000 0.000000 0.000000 0.000000 0.000000 0.000000 0.000000 0.000000 0.000000 
0.000000 89.700000 0.000000 0.000000 0.000000 0.000000 1.819940 28.564851 -3.732638 -5.400363 4.229311 -2.345758 -2.731986 5.478152 2.201523 -1.836051 -13.746744 5.258644 -1.416207 -8.072060 2.537616 0.000000 0.000000 0.000000 -15.689201 -3.826310 -3.284123 -45.968898 -10.575156 25.532354 -167.192484 -72.360227 -172.568810 -37.157372 -18.388658 -47.381484 -38.220723 5.946707 -3.206564 -28.155834 0.000000 0.000000 -32.299552 0.000000 0.000000 0.022390 -0.001199 4.934506 -34.470481 6.570837 -3.392726 -24.352370 0.000000 0.000000 -30.790125 0.000000 0.000000 2.447046 -0.079831 2.056764 -26.369263 -29.447035 103.755880 -29.274661 0.000000 0.000000 -12.634826 0.000000 0.000000 4.260386 -0.094452 1.375350 -33.413903 -0.485546 2.822208 -31.763772 0.000000 0.000000 -31.709796 0.000000 0.000000 -6.917769 0.291382 2.291170 -37.404028 -5.610042 12.142209 -21.573610 0.000000 0.000000 -26.989652 0.000000 0.000000 0.441624 -0.014543 2.538997 2.059184 19.423959 -5.596885 -4.517863 29.175195 -23.083820 -9.043532 24.851167 -11.336953 1.809766 -9.472086 14.627807 98.171881 -0.896135 12.885560 31.385446 0.000000 0.000000 47.835649 0.000000 0.000000 -7.969741 -5.107087 -8.050663 86.536669 5.909050 1.560839 42.429197 0.000000 0.000000 44.395917 0.000000 0.000000 6.271931 -1.933901 -4.817211 101.477758 9.727815 -7.001913 30.455132 0.000000 0.000000 29.399653 0.000000 0.000000 -1.013052 -2.505694 -6.799366 5.703269 6.202026 14.999378 8.066801 0.000000 0.000000 -8.914117 0.000000 0.000000 -3.109834 -2.403556 -3.139792 28.981383 26.509771 102.102024 29.107255 0.000000 0.000000 36.403576 0.000000 0.000000 -4.610124 -2.491975 -2.359596 0.000000 0.000000 0.000000 0.000000 0.000000 0.000000 0.000000 0.000000 0.000000 0.000000 0.000000 0.000000 0.000000 0.000000 0.000000 0.000000 0.000000 0.000000 0.000000 0.000000 0.000000 0.000000 0.000000 0.000000 
0.000000 89.700000 0.000000 0.000000 0.000000 0.000000 1.550711 27.341202 -4.019274 -4.983537 3.771757 -2.327676 -2.753200 5.107553 2.153148 -1.661836 -12.860855 5.070104 -1.389334 -7.698158 2.147030 0.000000 0.000000 0.000000 -15.899656 -3.436306 -3.509961 -44.778259 -10.623219 24.457718 -169.147823 -72.808497 -170.294335 -36.340441 -17.925788 -43.127789 -39.570029 7.546589 -3.290432 -24.603712 0.000000 0.000000 -30.525450 0.000000 0.000000 0.022390 -0.001199 4.934506 -35.171646 8.539760 -4.434753 -22.908910 0.000000 0.000000 -28.532688 0.000000 0.000000 2.447046 -0.079831 2.056764 -25.315053 -25.419327 100.438751 -25.546760 0.000000 0.000000 -6.604085 0.000000 0.000000 4.260386 -0.094452 1.375350 -34.692272 -1.379823 6.833585 -27.597319 0.000000 0.000000 -29.321598 0.000000 0.000000 -6.917769 0.291382 2.291170 -39.229619 -4.417268 12.930085 -18.133813 0.000000 0.000000 -24.436769 0.000000 0.000000 0.441624 -0.014543 2.538997 2.687701 18.295016 -5.987498 -2.567310 28.678057 -21.478780 -11.925686 30.360378 -12.567646 1.162227 -5.579993 9.334915 96.842225 0.662048 12.356582 31.484008 0.000000 0.000000 43.607718 0.000000 0.000000 -7.969741 -5.107087 -8.050663 83.665173 7.383547 3.246329 42.462734 0.000000 0.000000 41.160305 0.000000 0.000000 6.271931 -1.933901 -4.817211 101.206027 11.023892 -2.893999 29.234545 0.000000 0.000000 25.851436 0.000000 0.000000 -1.013052 -2.505694 -6.799366 11.102764 4.951195 14.995036 10.030578 0.000000 0.000000 -8.215794 0.000000 0.000000 -3.109834 -2.403556 -3.139792 28.341528 26.092647 100.919095 26.939920 0.000000 0.000000 35.825532 0.000000 0.000000 -4.610124 -2.491975 -2.359596 0.000000 0.000000 0.000000 0.000000 0.000000 0.000000 0.000000 0.000000 0.000000 0.000000 0.000000 0.000000 0.000000 0.000000 0.000000 0.000000 0.000000 0.000000 0.000000 0.000000 0.000000 0.000000 0.000000 0.000000 
0.000000 89.700000 0.000000 0.000000 0.000000 0.000000 1.279348 25.878818 -4.272995 -4.529868 3.266165 -2.393793 -2.749986 4.668338 2.160122 -1.435865 -11.807961 4.770335 -1.356112 -7.177311 1.719183 0.000000 0.000000 0.000000 -16.004597 -2.882476 -3.866191 -43.054414 -10.645295 22.762310 -173.469838 -73.608522 -165.650627 -34.020668 -16.077474 -36.289922 -43.022826 8.197874 -2.130206 -20.489506 0.000000 0.000000 -27.815762 0.000000 0.000000 0.022390 -0.001199 4.934506 -35.908072 9.732527 -5.198163 -21.784033 0.000000 0.000000 -25.656509 0.000000 0.000000 2.447046 -0.079831 2.056764 -24.193801 -21.672606 96.444746 -21.693975 0.000000 0.000000 -0.244370 0.000000 0.000000 4.260386 -0.094452 1.375350 -39.557201 -2.284794 10.188426 -23.201634 0.000000 0.000000 -26.261019 0.000000 0.000000 -6.917769 0.291382 2.291170 -42.841927 -4.142687 13.765779 -15.288077 0.000000 0.000000 -21.383748 0.000000 0.000000 0.441624 -0.014543 2.538997 3.395971 16.909122 -6.445387 -0.348535 27.877610 -19.661125 -17.052550 37.971421 -15.230119 1.169012 -1.738432 3.272119 89.825092 3.529453 12.012698 31.669591 0.000000 0.000000 39.089515 0.000000 0.000000 -7.969741 -5.107087 -8.050663 76.100972 9.309452 5.174215 42.060444 0.000000 0.000000 37.846395 0.000000 0.000000 6.271931 -1.933901 -4.817211 98.872589 12.678534 2.820280 27.489060 0.000000 0.000000 21.949720 0.000000 0.000000 -1.013052 -2.505694 -6.799366 17.457864 5.205189 14.971537 12.444035 0.000000 0.000000 -6.517659 0.000000 0.000000 -3.109834 -2.403556 -3.139792 28.206131 24.934311 101.750452 23.832573 0.000000 0.000000 34.342965 0.000000 0.000000 -4.610124 -2.491975 -2.359596 0.000000 0.000000 0.000000 0.000000 0.000000 0.000000 0.000000 0.000000 0.000000 0.000000 0.000000 0.000000 0.000000 0.000000 0.000000 0.000000 0.000000 0.000000 0.000000 0.000000 0.000000 0.000000 0.000000 0.000000 
0.000000 89.700000 0.000000 0.000000 0.000000 0.000000 1.047778 24.218628 -4.473432 -4.064447 2.742421 -2.549086 -2.716158 4.176940 2.234705 -1.172051 -10.641606 4.382107 -1.316817 -6.519588 1.289994 0.000000 0.000000 0.000000 -15.917593 -2.207341 -4.393092 -40.768931 -10.709609 20.335748 178.340347 -74.770946 -157.270321 -28.655174 -12.317727 -27.174260 -48.504832 7.763551 0.362611 -17.066344 0.000000 0.000000 -24.152218 0.000000 0.000000 0.022390 -0.001199 4.934506 -38.546946 9.624509 -5.010711 -21.409111 0.000000 0.000000 -22.320273 0.000000 0.000000 2.447046 -0.079831 2.056764 -22.598196 -18.631421 93.553034 -18.583414 0.000000 0.000000 4.611279 0.000000 0.000000 4.260386 -0.094452 1.375350 -45.568230 -3.255849 12.556997 -19.872982 0.000000 0.000000 -22.891392 0.000000 0.000000 -6.917769 0.291382 2.291170 -48.313145 -4.574931 14.407024 -13.428777 0.000000 0.000000 -18.147283 0.000000 0.000000 0.441624 -0.014543 2.538997 4.128028 15.354485 -6.951230 1.872997 26.741142 -17.840042 -23.979768 45.854343 -19.333790 1.640203 1.769660 -3.357973 71.942444 7.634517 11.984777 31.915857 0.000000 0.000000 34.312530 0.000000 0.000000 -7.969741 -5.107087 -8.050663 63.759222 11.567090 7.196919 41.277233 0.000000 0.000000 34.396651 0.000000 0.000000 6.271931 -1.933901 -4.817211 86.922323 13.899371 7.880891 26.237673 0.000000 0.000000 18.790417 0.000000 0.000000 -1.013052 -2.505694 -6.799366 23.341615 7.190166 14.879082 15.122450 0.000000 0.000000 -3.710913 0.000000 0.000000 -3.109834 -2.403556 -3.139792 28.251905 23.769853 104.632265 20.663454 0.000000 0.000000 32.408915 0.000000 0.000000 -4.610124 -2.491975 -2.359596 0.000000 0.000000 0.000000 0.000000 0.000000 0.000000 0.000000 0.000000 0.000000 0.000000 0.000000 0.000000 0.000000 0.000000 0.000000 0.000000 0.000000 0.000000 0.000000 0.000000 0.000000 0.000000 0.000000 0.000000 
0.000000 89.700000 0.000000 0.000000 0.000000 0.000000 0.873266 22.432919 -4.610756 -3.596874 2.217912 -2.770803 -2.645102 3.655262 2.365659 -0.895766 -9.414405 3.972984 -1.260164 -5.772158 0.874118 0.000000 0.000000 0.000000 -15.558111 -1.528621 -5.119448 -37.940054 -10.947785 17.142575 164.026825 -76.043199 -143.093447 -18.997291 -6.818508 -17.011538 -51.373634 6.510687 3.682061 -15.316731 0.000000 0.000000 -19.608079 0.000000 0.000000 0.022390 -0.001199 4.934506 -37.811842 8.058833 -3.241421 -21.769552 0.000000 0.000000 -18.738948 0.000000 0.000000 2.447046 -0.079831 2.056764 -20.539828 -16.328692 93.603120 -16.513673 0.000000 0.000000 6.703454 0.000000 0.000000 4.260386 -0.094452 1.375350 -48.792160 -4.066033 13.957998 -18.352640 0.000000 0.000000 -19.231877 0.000000 0.000000 -6.917769 0.291382 2.291170 -50.938889 -4.982229 14.768246 -12.343073 0.000000 0.000000 -14.986180 0.000000 0.000000 0.441624 -0.014543 2.538997 4.814921 13.753228 -7.488430 3.789480 25.310892 -16.265005 -29.410857 50.035737 -22.901560 2.404574 4.963454 -10.281727 58.158434 11.564637 12.156543 32.448018 0.000000 0.000000 29.158815 0.000000 0.000000 -7.969741 -5.107087 -8.050663 48.705845 13.525176 9.102658 40.648138 0.000000 0.000000 30.711810 0.000000 0.000000 6.271931 -1.933901 -4.817211 61.293150 13.577760 10.657370 26.740974 0.000000 0.000000 17.338533 0.000000 0.000000 -1.013052 -2.505694 -6.799366 27.743747 10.031319 14.612539 17.668156 0.000000 0.000000 -0.431928 0.000000 0.000000 -3.109834 -2.403556 -3.139792 27.944045 23.386583 108.222640 18.526991 0.000000 0.000000 30.644112 0.000000 0.000000 -4.610124 -2.491975 -2.359596 0.000000 0.000000 0.000000 0.000000 0.000000 0.000000 0.000000 0.000000 0.000000 0.000000 0.000000 0.000000 0.000000 0.000000 0.000000 0.000000 0.000000 0.000000 0.000000 0.000000 0.000000 0.000000 0.000000 0.000000 
0.000000 89.700000 0.000000 0.000000 0.000000 0.000000 0.732413 20.595379 -4.699156 -3.114508 1.683658 -3.018286 -2.531211 3.128424 2.518296 -0.644687 -8.162306 3.623523 -1.163223 -5.003957 0.440110 0.000000 0.000000 0.000000 -14.847854 -1.015663 -6.050695 -34.599467 -11.525628 13.237026 141.568338 -76.560748 -121.332502 -5.583357 -0.400534 -7.510544 -39.641505 4.821549 7.047721 -14.973525 0.000000 0.000000 -14.371294 0.000000 0.000000 0.022390 -0.001199 4.934506 -25.444977 5.354688 0.033754 -22.084423 0.000000 0.000000 -15.135424 0.000000 0.000000 2.447046 -0.079831 2.056764 -18.741548 -15.028894 96.891487 -15.161305 0.000000 0.000000 5.922200 0.000000 0.000000 4.260386 -0.094452 1.375350 -39.498092 -4.375459 14.636477 -18.293030 0.000000 0.000000 -15.083556 0.000000 0.000000 -6.917769 0.291382 2.291170 -44.185974 -4.683520 14.894583 -11.589819 0.000000 0.000000 -12.165103 0.000000 0.000000 0.441624 -0.014543 2.538997 5.382760 12.239932 -8.051164 5.161006 23.719519 -15.143318 -34.554574 52.204663 -26.645110 3.157051 7.849137 -16.902995 49.204319 13.160120 11.976626 33.619385 0.000000 0.000000 23.814868 0.000000 0.000000 -7.969741 -5.107087 -8.050663 35.445724 14.177191 10.517441 40.912056 0.000000 0.000000 26.808826 0.000000 0.000000 6.271931 -1.933901 -4.817211 40.135743 11.174075 11.000571 29.751809 0.000000 0.000000 17.874674 0.000000 0.000000 -1.013052 -2.505694 -6.799366 31.371754 12.069835 14.053393 19.567706 0.000000 0.000000 2.155700 0.000000 0.000000 -3.109834 -2.403556 -3.139792 26.751156 24.205622 110.548131 18.226502 0.000000 0.000000 29.477088 0.000000 0.000000 -4.610124 -2.491975 -2.359596 0.000000 0.000000 0.000000 0.000000 0.000000 0.000000 0.000000 0.000000 0.000000 0.000000 0.000000 0.000000 0.000000 0.000000 0.000000 0.000000 0.000000 0.000000 0.000000 0.000000 0.000000 0.000000 0.000000 0.000000 
0.000000 89.700000 0.000000 0.000000 0.000000 0.000000 0.577168 18.752216 -4.775079 -2.596426 1.114899 -3.250032 -2.374149 2.622741 2.647402 -0.455891 -6.911329 3.395872 -1.010262 -4.287971 -0.074826 0.000000 0.000000 0.000000 -13.724183 -0.844957 -7.156607 -30.762705 -12.563386 8.758504 114.307514 -74.801826 -95.545658 8.849190 6.058073 0.012882 -22.252792 3.115189 9.868620 -14.688271 0.000000 0.000000 -8.730016 0.000000 0.000000 0.022390 -0.001199 4.934506 -10.869903 2.349793 3.780150 -21.383870 0.000000 0.000000 -11.708001 0.000000 0.000000 2.447046 -0.079831 2.056764 -17.865406 -15.458171 101.556167 -14.142483 0.000000 0.000000 3.416620 0.000000 0.000000 4.260386 -0.094452 1.375350 -23.916718 -3.994997 14.898589 -18.715915 0.000000 0.000000 -10.496963 0.000000 0.000000 -6.917769 0.291382 2.291170 -31.496989 -3.502399 14.824084 -11.138186 0.000000 0.000000 -10.074277 0.000000 0.000000 0.441624 -0.014543 2.538997 5.753449 10.950998 -8.639925 5.871587 22.168554 -14.595543 -39.295429 52.891760 -30.802526 2.967836 9.874715 -22.118623 45.317354 11.348577 10.882685 34.881212 0.000000 0.000000 18.521189 0.000000 0.000000 -7.969741 -5.107087 -8.050663 29.523058 12.853646 11.134494 41.823495 0.000000 0.000000 22.459233 0.000000 0.000000 6.271931 -1.933901 -4.817211 31.069642 7.429901 9.974372 34.477754 0.000000 0.000000 19.793248 0.000000 0.000000 -1.013052 -2.505694 -6.799366 34.244958 12.026819 13.219581 20.370060 0.000000 0.000000 3.135428 0.000000 0.000000 -3.109834 -2.403556 -3.139792 24.326538 26.152089 110.506051 19.893104 0.000000 0.000000 28.857188 0.000000 0.000000 -4.610124 -2.491975 -2.359596 0.000000 0.000000 0.000000 0.000000 0.000000 0.000000 0.000000 0.000000 0.000000 0.000000 0.000000 0.000000 0.000000 0.000000 0.000000 0.000000 0.000000 0.000000 0.000000 0.000000 0.000000 0.000000 0.000000 0.000000 
0.000000 89.700000 0.000000 0.000000 0.000000 0.000000 0.362721 16.916816 -4.877848 -2.032451 0.495575 -3.432285 -2.182030 2.161152 2.711026 -0.345525 -5.690374 3.324762 -0.810816 -3.695762 -0.715956 0.000000 0.000000 0.000000 -12.164563 -1.151771 -8.368863 -26.424676 -14.043391 3.915830 91.524433 -69.962306 -75.136649 21.251187 11.890439 5.256602 -10.081011 1.924105 11.771604 -13.445748 0.000000 0.000000 -3.073128 0.000000 0.000000 0.022390 -0.001199 4.934506 -2.654605 0.109477 6.565632 -19.662796 0.000000 0.000000 -8.579259 0.000000 0.000000 2.447046 -0.079831 2.056764 -17.681195 -18.073204 105.101012 -13.523285 0.000000 0.000000 0.864990 0.000000 0.000000 4.260386 -0.094452 1.375350 -10.674640 -2.867859 14.977192 -18.981270 0.000000 0.000000 -6.052949 0.000000 0.000000 -6.917769 0.291382 2.291170 -16.687204 -1.696208 14.496718 -11.531621 0.000000 0.000000 -9.056658 0.000000 0.000000 0.441624 -0.014543 2.538997 5.850727 10.016432 -9.249523 5.927977 20.876317 -14.642686 -43.502768 51.572943 -35.348776 0.279776 9.805822 -24.580231 49.623075 7.326426 8.910775 34.108982 0.000000 0.000000 12.932107 0.000000 0.000000 -7.969741 -5.107087 -8.050663 36.639325 9.939388 11.179659 41.378412 0.000000 0.000000 16.993108 0.000000 0.000000 6.271931 -1.933901 -4.817211 36.840103 3.871417 9.077764 38.060004 0.000000 0.000000 21.727715 0.000000 0.000000 -1.013052 -2.505694 -6.799366 34.646413 10.132642 12.372990 19.896437 0.000000 0.000000 2.263695 0.000000 0.000000 -3.109834 -2.403556 -3.139792 20.666942 28.600932 108.645991 22.680765 0.000000 0.000000 28.072412 0.000000 0.000000 -4.610124 -2.491975 -2.359596 0.000000 0.000000 0.000000 0.000000 0.000000 0.000000 0.000000 0.000000 0.000000 0.000000 0.000000 0.000000 0.000000 0.000000 0.000000 0.000000 0.000000 0.000000 0.000000 0.000000 0.000000 0.000000 0.000000 0.000000 
0.000000 89.700000 0.000000 0.000000 0.000000 0.000000 0.071769 15.079389 -5.021653 -1.429010 -0.167013 -3.545468 -1.969709 1.756125 2.679903 -0.295183 -4.522624 3.414240 -0.596283 -3.285509 -1.464130 0.000000 0.000000 0.000000 -10.201401 -1.995801 -9.597531 -21.617688 -15.778470 -1.024035 76.128665 -63.737134 -62.912203 30.688575 16.440787 8.788706 -11.702308 1.563597 12.353820 -11.525884 0.000000 0.000000 1.946165 0.000000 0.000000 0.022390 -0.001199 4.934506 -1.924620 -0.831439 7.559647 -18.047273 0.000000 0.000000 -5.846647 0.000000 0.000000 2.447046 -0.079831 2.056764 -17.399325 -22.419314 106.406919 -13.813158 0.000000 0.000000 -1.297422 0.000000 0.000000 4.260386 -0.094452 1.375350 -12.378785 -1.135304 14.994446 -19.208591 0.000000 0.000000 -2.826891 0.000000 0.000000 -6.917769 0.291382 2.291170 -10.143590 0.297383 13.816982 -13.311047 0.000000 0.000000 -9.133907 0.000000 0.000000 0.441624 -0.014543 2.538997 5.616587 9.536464 -9.866748 5.441768 20.023610 -15.197311 -44.235926 48.468781 -37.846239 -5.851726 6.532840 -23.416101 46.177844 3.618408 6.705658 29.188105 0.000000 0.000000 6.440689 0.000000 0.000000 -7.969741 -5.107087 -8.050663 37.287524 6.641648 11.341268 37.283974 0.000000 0.000000 10.050037 0.000000 0.000000 6.271931 -1.933901 -4.817211 36.459442 1.441362 9.359792 37.145529 0.000000 0.000000 21.991214 0.000000 0.000000 -1.013052 -2.505694 -6.799366 27.331756 7.991493 11.813507 18.435435 0.000000 0.000000 -0.106028 0.000000 0.000000 -3.109834 -2.403556 -3.139792 16.381036 30.623299 106.561760 24.963426 0.000000 0.000000 26.106310 0.000000 0.000000 -4.610124 -2.491975 -2.359596 0.000000 0.000000 0.000000 0.000000 0.000000 0.000000 0.000000 0.000000 0.000000 0.000000 0.000000 0.000000 0.000000 0.000000 0.000000 0.000000 0.000000 0.000000 0.000000 0.000000 0.000000 0.000000 0.000000 0.000000 
0.000000 89.700000 0.000000 0.000000 0.000000 0.000000 -0.268484 13.217438 -5.173374 -0.800572 -0.846127 -3.591111 -1.754328 1.406455 2.542350 -0.258974 -3.402849 3.630572 -0.402813 -3.076069 -2.228868 0.000000 0.000000 0.000000 -7.916065 -3.351658 -10.760546 -16.519511 -17.494492 -5.735435 65.724616 -57.508529 -55.973329 38.136673 19.151360 11.368568 -28.605913 1.774388 11.156743 -9.767794 0.000000 0.000000 5.564583 0.000000 0.000000 0.022390 -0.001199 4.934506 -13.836061 -0.874682 7.163459 -17.486717 0.000000 0.000000 -3.639513 0.000000 0.000000 2.447046 -0.079831 2.056764 -16.480740 -27.634796 105.980368 -15.494460 0.000000 0.000000 -4.364134 0.000000 0.000000 4.260386 -0.094452 1.375350 -25.968736 0.767264 14.996473 -19.649340 0.000000 0.000000 -1.725255 0.000000 0.000000 -6.917769 0.291382 2.291170 -15.660314 2.138555 12.874383 -16.199939 0.000000 0.000000 -9.967046 0.000000 0.000000 0.441624 -0.014543 2.538997 5.026303 9.550737 -10.479268 4.610411 19.727792 -16.064140 -43.396071 44.108077 -39.297881 -14.295942 0.303358 -18.869927 24.208469 1.894313 4.958368 20.750613 0.000000 0.000000 -0.627291 0.000000 0.000000 -7.969741 -5.107087 -8.050663 16.311098 3.903535 11.970395 29.651485 0.000000 0.000000 2.512871 0.000000 0.000000 6.271931 -1.933901 -4.817211 15.613284 -0.228349 10.793313 30.984095 0.000000 0.000000 19.509334 0.000000 0.000000 -1.013052 -2.505694 -6.799366 12.011047 7.076391 11.519026 16.717056 0.000000 0.000000 -3.145403 0.000000 0.000000 -3.109834 -2.403556 -3.139792 12.723719 31.698020 105.624679 25.382243 0.000000 0.000000 22.706587 0.000000 0.000000 -4.610124 -2.491975 -2.359596 0.000000 0.000000 0.000000 0.000000 0.000000 0.000000 0.000000 0.000000 0.000000 0.000000 0.000000 0.000000 0.000000 0.000000 0.000000 0.000000 0.000000 0.000000 0.000000 0.000000 0.000000 0.000000 0.000000 0.000000 
0.000000 89.700000 0.000000 0.000000 0.000000 0.000000 -0.594510 11.311851 -5.265925 -0.158462 -1.508054 -3.580090 -1.552614 1.103248 2.301864 -0.188320 -2.295749 3.909844 -0.258850 -3.033242 -2.889793 0.000000 0.000000 0.000000 -5.414257 -5.122739 -11.808269 -11.499589 -18.984454 -9.847320 58.776756 -52.554768 -51.986320 44.071137 19.726859 13.418052 -39.150917 2.057486 8.028503 -8.297977 0.000000 0.000000 7.627891 0.000000 0.000000 0.022390 -0.001199 4.934506 -20.674805 -0.858342 6.630532 -17.661618 0.000000 0.000000 -1.939278 0.000000 0.000000 2.447046 -0.079831 2.056764 -14.678040 -33.274175 104.908479 -18.415977 0.000000 0.000000 -9.150163 0.000000 0.000000 4.260386 -0.094452 1.375350 -33.780990 2.426519 14.996358 -19.887381 0.000000 0.000000 -2.442458 0.000000 0.000000 -6.917769 0.291382 2.291170 -21.681967 3.906819 12.091396 -18.881145 0.000000 0.000000 -10.935753 0.000000 0.000000 0.441624 -0.014543 2.538997 4.089784 10.027354 -11.083839 3.683843 20.042578 -16.971990 -41.992712 40.415604 -39.427188 -22.262394 -7.084351 -12.246322 16.975495 1.946970 3.776172 12.123685 0.000000 0.000000 -6.828502 0.000000 0.000000 -7.969741 -5.107087 -8.050663 4.986926 1.866425 12.502162 21.207512 0.000000 0.000000 -3.908871 0.000000 0.000000 6.271931 -1.933901 -4.817211 3.942985 -2.132410 12.447949 22.320604 0.000000 0.000000 14.768959 0.000000 0.000000 -1.013052 -2.505694 -6.799366 11.721685 7.522599 11.246076 15.452648 0.000000 0.000000 -5.855488 0.000000 0.000000 -3.109834 -2.403556 -3.139792 10.791810 32.176491 106.216492 23.858733 0.000000 0.000000 19.128886 0.000000 0.000000 -4.610124 -2.491975 -2.359596 0.000000 0.000000 0.000000 0.000000 0.000000 0.000000 0.000000 0.000000 0.000000 0.000000 0.000000 0.000000 0.000000 0.000000 0.000000 0.000000 0.000000 0.000000 0.000000 0.000000 0.000000 0.000000 0.000000 0.000000 
0.000000 89.700000 0.000000 0.000000 0.000000 0.000000 -0.847219 9.377092 -5.255203 0.491734 -2.120987 -3.503569 -1.379936 0.839775 1.969904 -0.053601 -1.162690 4.181777 -0.181569 -3.091893 -3.357001 0.000000 0.000000 0.000000 -2.791878 -7.167327 -12.731705 -7.012218 -20.208117 -13.008900 54.648769 -49.834968 -49.450713 47.518101 18.029630 15.000624 -41.518623 2.147713 3.711348 -6.564802 0.000000 0.000000 8.779557 0.000000 0.000000 0.022390 -0.001199 4.934506 -21.305001 -1.440841 6.909234 -17.451671 0.000000 0.000000 -0.415211 0.000000 0.000000 2.447046 -0.079831 2.056764 -11.930569 -39.195141 104.126042 -21.596030 0.000000 0.000000 -14.402402 0.000000 0.000000 4.260386 -0.094452 1.375350 -35.904203 3.709782 14.996898 -19.118320 0.000000 0.000000 -3.414097 0.000000 0.000000 -6.917769 0.291382 2.291170 -24.693143 5.950578 11.960376 -19.835389 0.000000 0.000000 -11.280662 0.000000 0.000000 0.441624 -0.014543 2.538997 2.840505 10.880174 -11.689676 2.905684 20.952954 -17.637146 -42.182578 38.962895 -39.931435 -27.324819 -13.562503 -5.169074 15.493617 2.718031 2.360255 6.037096 0.000000 0.000000 -10.951192 0.000000 0.000000 -7.969741 -5.107087 -8.050663 3.639559 0.388584 11.788318 14.406872 0.000000 0.000000 -8.150927 0.000000 0.000000 6.271931 -1.933901 -4.817211 -3.203865 -4.809877 13.271098 14.650435 0.000000 0.000000 9.644799 0.000000 0.000000 -1.013052 -2.505694 -6.799366 11.397949 8.578020 11.043622 14.705777 0.000000 0.000000 -7.718434 0.000000 0.000000 -3.109834 -2.403556 -3.139792 10.432084 32.928568 107.810773 21.412834 0.000000 0.000000 17.099247 0.000000 0.000000 -4.610124 -2.491975 -2.359596 0.000000 0.000000 0.000000 0.000000 0.000000 0.000000 0.000000 0.000000 0.000000 0.000000 0.000000 0.000000 0.000000 0.000000 0.000000 0.000000 0.000000 0.000000 0.000000 0.000000 0.000000 0.000000 0.000000 0.000000 
0.000000 89.700000 0.000000 0.000000 0.000000 0.000000 -1.008762 7.486279 -5.172283 1.142886 -2.657516 -3.320542 -1.248949 0.617193 1.563605 0.149172 0.008253 4.389350 -0.178028 -3.204392 -3.606763 0.000000 0.000000 0.000000 -0.106441 -9.323353 -13.557383 -3.405344 -21.257878 -14.992627 53.151468 -49.820446 -47.648114 47.464571 14.068183 16.072838 -34.823152 2.025708 -0.057485 -4.494594 0.000000 0.000000 9.589962 0.000000 0.000000 0.022390 -0.001199 4.934506 -16.564290 -2.825228 7.840236 -16.250491 0.000000 0.000000 1.301548 0.000000 0.000000 2.447046 -0.079831 2.056764 -8.846156 -44.836569 104.121700 -23.808581 0.000000 0.000000 -18.078858 0.000000 0.000000 4.260386 -0.094452 1.375350 -28.783889 4.623651 14.998023 -17.223103 0.000000 0.000000 -3.015614 0.000000 0.000000 -6.917769 0.291382 2.291170 -16.271913 8.267172 12.526779 -18.597956 0.000000 0.000000 -10.306166 0.000000 0.000000 0.441624 -0.014543 2.538997 1.321677 11.995151 -12.319562 2.440807 22.353416 -17.834891 -44.900354 40.715759 -40.676491 -28.582622 -17.960295 1.205863 11.538263 3.592502 -0.325664 2.641586 0.000000 0.000000 -13.011330 0.000000 0.000000 -7.969741 -5.107087 -8.050663 3.867182 -0.499782 8.944636 9.509153 0.000000 0.000000 -10.389822 0.000000 0.000000 6.271931 -1.933901 -4.817211 -4.408127 -8.086812 12.586436 9.469856 0.000000 0.000000 5.901437 0.000000 0.000000 -1.013052 -2.505694 -6.799366 7.097136 9.764040 11.281893 13.866672 0.000000 0.000000 -9.012259 0.000000 0.000000 -3.109834 -2.403556 -3.139792 10.419683 34.606369 109.506195 19.128395 0.000000 0.000000 16.630307 0.000000 0.000000 -4.610124 -2.491975 -2.359596 0.000000 0.000000 0.000000 0.000000 0.000000 0.000000 0.000000 0.000000 0.000000 0.000000 0.000000 0.000000 0.000000 0.000000 0.000000 0.000000 0.000000 0.000000 0.000000 0.000000 0.000000 0.000000 0.000000 0.000000 
0.000000 89.700000 0.000000 0.000000 0.000000 0.000000 -1.097618 5.756548 -5.111011 1.776330 -3.095153 -2.985090 -1.166688 0.444753 1.111129 0.403857 1.187760 4.498908 -0.247049 -3.372168 -3.672520 0.000000 0.000000 0.000000 2.620161 -11.420933 -14.331415 -0.797277 -22.241521 -15.776225 54.158604 -52.433340 -46.584063 44.290033 8.110705 16.620909 -23.785613 1.827307 -1.627843 -3.060926 0.000000 0.000000 9.869665 0.000000 0.000000 0.022390 -0.001199 4.934506 -8.814953 -4.563341 8.529496 -14.750575 0.000000 0.000000 3.107218 0.000000 0.000000 2.447046 -0.079831 2.056764 -6.960427 -48.911288 104.746319 -24.415866 0.000000 0.000000 -19.279451 0.000000 0.000000 4.260386 -0.094452 1.375350 -16.585557 5.265225 14.998985 -15.188256 0.000000 0.000000 -0.697020 0.000000 0.000000 -6.917769 0.291382 2.291170 -2.302033 10.256622 13.296520 -16.124976 0.000000 0.000000 -7.564670 0.000000 0.000000 0.441624 -0.014543 2.538997 -0.415442 13.244455 -13.002222 2.321645 24.039711 -17.461292 -50.014507 45.118401 -42.036827 -26.469851 -19.894633 6.432043 9.882463 4.350309 -3.979955 0.913214 0.000000 0.000000 -13.791719 0.000000 0.000000 -7.969741 -5.107087 -8.050663 1.413408 -0.815611 4.265725 5.806787 0.000000 0.000000 -11.348977 0.000000 0.000000 6.271931 -1.933901 -4.817211 -10.099730 -11.366832 10.238717 6.396090 0.000000 0.000000 3.779397 0.000000 0.000000 -1.013052 -2.505694 -6.799366 3.497392 11.108323 12.047141 12.499475 0.000000 0.000000 -10.287225 0.000000 0.000000 -3.109834 -2.403556 -3.139792 10.098081 37.115357 110.733454 17.539577 0.000000 0.000000 15.865288 0.000000 0.000000 -4.610124 -2.491975 -2.359596 0.000000 0.000000 0.000000 0.000000 0.000000 0.000000 0.000000 0.000000 0.000000 0.000000 0.000000 0.000000 0.000000 0.000000 0.000000 0.000000 0.000000 0.000000 0.000000 0.000000 0.000000 0.000000 0.000000 0.000000 
0.000000 89.700000 0.000000 0.000000 0.000000 0.000000 -1.139068 4.296918 -5.154180 2.358152 -3.420175 -2.497709 -1.131354 0.333009 0.655262 0.686040 2.304372 4.506665 -0.377430 -3.622794 -3.613904 0.000000 0.000000 0.000000 5.342122 -13.285081 -15.085142 0.918073 -23.182547 -15.569865 57.387872 -56.944604 -46.754038 39.658023 0.746330 16.580823 -15.410227 1.838729 -0.725192 -3.578422 0.000000 0.000000 9.126310 0.000000 0.000000 0.022390 -0.001199 4.934506 -1.647754 -5.796074 8.417034 -14.485834 0.000000 0.000000 4.380293 0.000000 0.000000 2.447046 -0.079831 2.056764 -8.022872 -50.185421 105.163936 -23.613140 0.000000 0.000000 -18.787212 0.000000 0.000000 4.260386 -0.094452 1.375350 -8.348170 5.853083 14.998692 -14.414587 0.000000 0.000000 2.772527 0.000000 0.000000 -6.917769 0.291382 2.291170 5.741893 11.179890 13.732202 -14.000630 0.000000 0.000000 -3.218215 0.000000 0.000000 0.441624 -0.014543 2.538997 -2.284372 14.486275 -13.744970 2.442696 25.746189 -16.578119 -58.663655 52.326711 -44.937964 -22.477326 -19.174938 10.475085 10.932257 4.525144 -6.683896 0.521893 0.000000 0.000000 -13.935075 0.000000 0.000000 -7.969741 -5.107087 -8.050663 -0.383157 -0.867400 -0.362194 3.558789 0.000000 0.000000 -11.582775 0.000000 0.000000 6.271931 -1.933901 -4.817211 -15.070254 -13.897683 6.924416 4.834164 0.000000 0.000000 2.105754 0.000000 0.000000 -1.013052 -2.505694 -6.799366 4.654222 12.565073 12.812067 11.103718 0.000000 0.000000 -11.675107 0.000000 0.000000 -3.109834 -2.403556 -3.139792 10.406073 39.637469 111.545290 16.829921 0.000000 0.000000 13.872346 0.000000 0.000000 -4.610124 -2.491975 -2.359596 0.000000 0.000000 0.000000 0.000000 0.000000 0.000000 0.000000 0.000000 0.000000 0.000000 0.000000 0.000000 0.000000 0.000000 0.000000 0.000000 0.000000 0.000000 0.000000 0.000000 0.000000 0.000000 0.000000 0.000000 
0.000000 89.700000 0.000000 0.000000 0.000000 0.000000 -1.148450 3.159450 -5.304017 2.847296 -3.634627 -1.937935 -1.132120 0.279781 0.247839 0.971512 3.253725 4.439825 -0.541285 -3.950314 -3.496673 0.000000 0.000000 0.000000 7.894315 -14.750790 -15.786539 1.987191 -23.981611 -14.776021 62.128035 -62.027353 -48.458207 35.283554 -6.960311 15.706357 -21.549151 2.217982 1.698497 -6.623391 0.000000 0.000000 7.477803 0.000000 0.000000 0.022390 -0.001199 4.934506 -4.549353 -6.112673 7.740660 -16.477559 0.000000 0.000000 4.629979 0.000000 0.000000 2.447046 -0.079831 2.056764 -12.685523 -48.802334 104.504352 -22.068084 0.000000 0.000000 -18.140981 0.000000 0.000000 4.260386 -0.094452 1.375350 -18.931101 6.355288 14.991976 -15.704863 0.000000 0.000000 5.970115 0.000000 0.000000 -6.917769 0.291382 2.291170 -13.041535 10.811116 13.697307 -13.327128 0.000000 0.000000 1.721971 0.000000 0.000000 0.441624 -0.014543 2.538997 -4.117426 15.566371 -14.497027 2.609076 27.209010 -15.418477 -71.140935 61.111852 -50.974536 -18.714234 -15.865923 13.309629 11.573043 3.680739 -6.764631 1.698874 0.000000 0.000000 -13.662176 0.000000 0.000000 -7.969741 -5.107087 -8.050663 -1.317043 -0.965154 -2.614568 3.788656 0.000000 0.000000 -11.371867 0.000000 0.000000 6.271931 -1.933901 -4.817211 -15.948055 -15.131856 4.141055 4.781392 0.000000 0.000000 -0.256831 0.000000 0.000000 -1.013052 -2.505694 -6.799366 7.280382 13.798307 12.747591 10.712313 0.000000 0.000000 -12.845024 0.000000 0.000000 -3.109834 -2.403556 -3.139792 12.532851 41.421853 111.875864 17.171172 0.000000 0.000000 12.167809 0.000000 0.000000 -4.610124 -2.491975 -2.359596 0.000000 0.000000 0.000000 0.000000 0.000000 0.000000 0.000000 0.000000 0.000000 0.000000 0.000000 0.000000 0.000000 0.000000 0.000000 0.000000 0.000000 0.000000 0.000000 0.000000 0.000000 0.000000 0.000000 0.000000 
0.000000 89.700000 0.000000 0.000000 0.000000 0.000000 -1.129357 2.326764 -5.472722 3.212468 -3.760377 -1.445046 -1.152163 0.261035 -0.061994 1.234649 3.925437 4.346687 -0.691258 -4.280250 -3.387254 0.000000 0.000000 0.000000 9.952386 -15.704535 -16.319820 2.696700 -24.438042 -13.879678 66.619277 -66.234628 -50.691932 32.127694 -13.349274 13.563848 -28.974116 2.660050 4.444822 -11.521974 0.000000 0.000000 5.740311 0.000000 0.000000 0.022390 -0.001199 4.934506 -11.439270 -5.976594 6.936837 -20.183703 0.000000 0.000000 4.154680 0.000000 0.000000 2.447046 -0.079831 2.056764 -19.576418 -46.548345 103.317934 -20.467317 0.000000 0.000000 -17.906338 0.000000 0.000000 4.260386 -0.094452 1.375350 -34.239746 6.187299 14.953415 -18.759107 0.000000 0.000000 7.806715 0.000000 0.000000 -6.917769 0.291382 2.291170 -47.645613 9.519962 13.380459 -14.212442 0.000000 0.000000 5.848058 0.000000 0.000000 0.441624 -0.014543 2.538997 -5.651584 16.337922 -15.140099 2.614796 28.210679 -14.326089 -84.638289 68.111231 -59.654455 -16.761919 -10.920750 14.753409 13.458767 2.275542 -4.499547 4.005629 0.000000 0.000000 -13.037883 0.000000 0.000000 -7.969741 -5.107087 -8.050663 2.574769 -1.039007 -2.014374 6.393136 0.000000 0.000000 -10.883581 0.000000 0.000000 6.271931 -1.933901 -4.817211 -7.776511 -15.145432 2.804899 6.209001 0.000000 0.000000 -3.200820 0.000000 0.000000 -1.013052 -2.505694 -6.799366 7.249026 14.577091 11.134682 11.690286 0.000000 0.000000 -13.424187 0.000000 0.000000 -3.109834 -2.403556 -3.139792 15.758559 42.627807 110.909579 18.511572 0.000000 0.000000 12.245434 0.000000 0.000000 -4.610124 -2.491975 -2.359596 0.000000 0.000000 0.000000 0.000000 0.000000 0.000000 0.000000 0.000000 0.000000 0.000000 0.000000 0.000000 0.000000 0.000000 0.000000 0.000000 0.000000 0.000000 0.000000 0.000000 0.000000 0.000000 0.000000 0.000000 
0.000000 89.700000 0.000000 0.000000 0.000000 0.000000 -1.076830 1.740606 -5.529695 3.443177 -3.833646 -1.162054 -1.170868 0.239691 -0.237199 1.444701 4.241726 4.276332 -0.771347 -4.495949 -3.346842 0.000000 0.000000 0.000000 11.132846 -16.118969 -16.540535 3.283379 -24.339617 -13.309710 67.758694 -68.561065 -50.681280 30.655307 -16.525821 9.706090 -19.170167 2.730593 6.506844 -16.780696 0.000000 0.000000 4.400368 0.000000 0.000000 0.022390 -0.001199 4.934506 -4.860928 -5.990125 6.067154 -23.788706 0.000000 0.000000 3.836112 0.000000 0.000000 2.447046 -0.079831 2.056764 -25.871865 -45.358409 103.767312 -19.259135 0.000000 0.000000 -17.053835 0.000000 0.000000 4.260386 -0.094452 1.375350 -21.973813 4.771945 14.795229 -22.536255 0.000000 0.000000 7.810743 0.000000 0.000000 -6.917769 0.291382 2.291170 -32.416381 7.588880 12.885984 -16.162793 0.000000 0.000000 8.025809 0.000000 0.000000 0.441624 -0.014543 2.538997 -6.593489 16.696584 -15.533098 2.314929 28.608302 -13.640324 -96.687909 72.630548 -69.294825 -16.691292 -6.303539 14.568064 16.042843 1.459806 -1.828075 5.986571 0.000000 0.000000 -12.244520 0.000000 0.000000 -7.969741 -5.107087 -8.050663 6.232672 -0.856163 -0.655079 9.349721 0.000000 0.000000 -10.293496 0.000000 0.000000 6.271931 -1.933901 -4.817211 -0.974971 -14.663220 1.948254 8.236664 0.000000 0.000000 -5.491513 0.000000 0.000000 -1.013052 -2.505694 -6.799366 9.182774 15.059457 7.638843 13.117250 0.000000 0.000000 -13.236729 0.000000 0.000000 -3.109834 -2.403556 -3.139792 17.616539 43.932264 108.047420 20.111624 0.000000 0.000000 12.919790 0.000000 0.000000 -4.610124 -2.491975 -2.359596 0.000000 0.000000 0.000000 0.000000 0.000000 0.000000 0.000000 0.000000 0.000000 0.000000 0.000000 0.000000 0.000000 0.000000 0.000000 0.000000 0.000000 0.000000 0.000000 0.000000 0.000000 0.000000 0.000000 0.000000 
0.000000 89.700000 0.000000 0.000000 0.000000 0.000000 -0.988513 1.351553 -5.369574 3.543022 -3.888687 -1.185547 -1.165401 0.187197 -0.257022 1.568818 4.177936 4.258357 -0.738625 -4.501774 -3.414460 0.000000 0.000000 0.000000 11.192497 -16.035937 -16.379496 3.866825 -23.601682 -13.334220 63.180971 -68.379682 -46.134451 30.578017 -15.069743 3.970036 -16.863160 2.445599 7.212722 -21.347062 0.000000 0.000000 2.794275 0.000000 0.000000 0.022390 -0.001199 4.934506 -1.653652 -6.192569 5.117139 -25.555528 0.000000 0.000000 4.299158 0.000000 0.000000 2.447046 -0.079831 2.056764 -29.371860 -45.484065 107.170201 -18.527835 0.000000 0.000000 -14.470649 0.000000 0.000000 4.260386 -0.094452 1.375350 -15.246165 2.287299 14.310712 -26.230943 0.000000 0.000000 5.695668 0.000000 0.000000 -6.917769 0.291382 2.291170 -18.353767 4.739827 11.968758 -18.798060 0.000000 0.000000 7.604905 0.000000 0.000000 0.441624 -0.014543 2.538997 -6.747940 16.609284 -15.592553 1.673906 28.372589 -13.577299 -97.120224 73.858354 -69.446002 -17.424684 -3.981478 12.701488 17.776194 1.788629 -0.587902 6.255101 0.000000 0.000000 -11.520473 0.000000 0.000000 -7.969741 -5.107087 -8.050663 4.814666 -0.521036 -0.921467 10.296252 0.000000 0.000000 -9.797012 0.000000 0.000000 6.271931 -1.933901 -4.817211 -6.335586 -14.508153 -0.070509 9.480023 0.000000 0.000000 -5.810424 0.000000 0.000000 -1.013052 -2.505694 -6.799366 14.574202 15.515227 2.733201 13.564387 0.000000 0.000000 -12.160063 0.000000 0.000000 -3.109834 -2.403556 -3.139792 16.540306 45.184494 104.249213 20.848476 0.000000 0.000000 11.829209 0.000000 0.000000 -4.610124 -2.491975 -2.359596 0.000000 0.000000 0.000000 0.000000 0.000000 0.000000 0.000000 0.000000 0.000000 0.000000 0.000000 0.000000 0.000000 0.000000 0.000000 0.000000 0.000000 0.000000 0.000000 0.000000 0.000000 0.000000 0.000000 0.000000 
0.000000 89.700000 0.000000 0.000000 0.000000 0.000000 -0.880429 1.148917 -4.974045 3.517778 -3.940839 -1.532592 -1.117647 0.100418 -0.121690 1.580378 3.757114 4.296385 -0.581920 -4.275359 -3.587583 0.000000 0.000000 0.000000 10.182478 -15.524027 -15.904824 4.436359 -22.360131 -14.018237 54.641757 -65.162478 -38.871170 29.964748 -8.669064 -3.214564 -23.571133 2.132927 6.378774 -25.447437 0.000000 0.000000 -0.204524 0.000000 0.000000 0.022390 -0.001199 4.934506 -4.671743 -6.483076 4.436935 -24.968718 0.000000 0.000000 5.513370 0.000000 0.000000 2.447046 -0.079831 2.056764 -29.995554 -45.416230 112.121385 -18.021553 0.000000 0.000000 -10.427595 0.000000 0.000000 4.260386 -0.094452 1.375350 -20.269639 -0.513687 13.199943 -29.883711 0.000000 0.000000 1.275937 0.000000 0.000000 -6.917769 0.291382 2.291170 -20.181133 0.677605 10.215766 -22.125248 0.000000 0.000000 4.482645 0.000000 0.000000 0.441624 -0.014543 2.538997 -6.128066 16.123951 -15.350161 0.777995 27.611409 -14.160399 -83.454312 71.916672 -57.227640 -18.126093 -4.658374 9.549821 14.317074 2.668722 -0.921868 4.750400 0.000000 0.000000 -10.828476 0.000000 0.000000 -7.969741 -5.107087 -8.050663 2.268497 -0.452418 -2.649740 8.704869 0.000000 0.000000 -9.516373 0.000000 0.000000 6.271931 -1.933901 -4.817211 -12.363609 -14.827837 -3.107302 9.483726 0.000000 0.000000 -3.554581 0.000000 0.000000 -1.013052 -2.505694 -6.799366 10.961710 15.887500 -1.934833 12.638832 0.000000 0.000000 -9.916826 0.000000 0.000000 -3.109834 -2.403556 -3.139792 13.670323 44.984887 101.457054 20.297555 0.000000 0.000000 8.937759 0.000000 0.000000 -4.610124 -2.491975 -2.359596 0.000000 0.000000 0.000000 0.000000 0.000000 0.000000 0.000000 0.000000 0.000000 0.000000 0.000000 0.000000 0.000000 0.000000 0.000000 0.000000 0.000000 0.000000 0.000000 0.000000 0.000000 0.000000 0.000000 0.000000 
0.000000 89.700000 0.000000 0.000000 0.000000 0.000000 -0.789087 1.142476 -4.439079 3.379909 -3.984261 -2.118471 -1.026400 0.001337 0.142196 1.470602 3.046766 4.378117 -0.325228 -3.880646 -3.823988 0.000000 0.000000 0.000000 8.446039 -14.674098 -15.289033 4.903982 -20.925283 -15.232562 46.351461 -59.056556 -33.229059 26.460170 1.431495 -10.671910 -36.266771 2.031068 4.397169 -29.746427 0.000000 0.000000 -4.750356 0.000000 0.000000 0.022390 -0.001199 4.934506 -6.004265 -7.081599 4.536159 -22.909071 0.000000 0.000000 6.975286 0.000000 0.000000 2.447046 -0.079831 2.056764 -29.021799 -43.778570 116.098186 -17.534625 0.000000 0.000000 -6.458339 0.000000 0.000000 4.260386 -0.094452 1.375350 -34.675344 -2.861751 11.321288 -33.808527 0.000000 0.000000 -4.905538 0.000000 0.000000 -6.917769 0.291382 2.291170 -35.347067 -3.989882 7.556841 -26.144703 0.000000 0.000000 -0.672699 0.000000 0.000000 0.441624 -0.014543 2.538997 -4.962907 15.362721 -14.937099 -0.200248 26.529653 -15.227472 -65.184495 66.272319 -42.233080 -19.291419 -7.592704 6.084225 8.601950 3.114396 -1.339074 2.748431 0.000000 0.000000 -9.705081 0.000000 0.000000 -7.969741 -5.107087 -8.050663 1.313813 -0.932042 -3.293889 6.311620 0.000000 0.000000 -9.421448 0.000000 0.000000 6.271931 -1.933901 -4.817211 -13.993918 -14.773875 -5.152679 9.607152 0.000000 0.000000 1.237706 0.000000 0.000000 -1.013052 -2.505694 -6.799366 1.888430 15.778091 -4.108573 11.739074 0.000000 0.000000 -6.171735 0.000000 0.000000 -3.109834 -2.403556 -3.139792 11.703909 42.002423 100.564604 19.298170 0.000000 0.000000 7.056702 0.000000 0.000000 -4.610124 -2.491975 -2.359596 0.000000 0.000000 0.000000 0.000000 0.000000 0.000000 0.000000 0.000000 0.000000 0.000000 0.000000 0.000000 0.000000 0.000000 0.000000 0.000000 0.000000 0.000000 0.000000 0.000000 0.000000 0.000000 0.000000 0.000000 
0.000000 89.700000 0.000000 0.000000 0.000000 0.000000 -0.748591 1.318181 -3.933454 3.162614 -4.005323 -2.770261 -0.914094 -0.078058 0.482967 1.262049 2.167143 4.490464 -0.018387 -3.436332 -4.066060 0.000000 0.000000 0.000000 6.460986 -13.628346 -14.711542 5.165354 -19.629067 -16.696673 40.318740 -51.402845 -31.178730 20.505503 12.694199 -16.678979 -51.164350 2.456671 2.231790 -33.748978 0.000000 0.000000 -9.388017 0.000000 0.000000 0.022390 -0.001199 4.934506 -5.779423 -8.086825 5.592702 -21.081800 0.000000 0.000000 7.893894 0.000000 0.000000 2.447046 -0.079831 2.056764 -27.365497 -41.133917 117.791554 -17.335629 0.000000 0.000000 -4.592635 0.000000 0.000000 4.260386 -0.094452 1.375350 -52.529075 -3.881487 9.076999 -37.479266 0.000000 0.000000 -11.052463 0.000000 0.000000 -6.917769 0.291382 2.291170 -55.274737 -7.329252 4.629644 -30.173749 0.000000 0.000000 -6.345579 0.000000 0.000000 0.441624 -0.014543 2.538997 -3.590068 14.497267 -14.504000 -1.061785 25.346550 -16.498910 -51.245509 57.241293 -33.657531 -22.603220 -11.580138 3.643392 4.669887 2.427237 -0.505097 1.742113 0.000000 0.000000 -7.683906 0.000000 0.000000 -7.969741 -5.107087 -8.050663 3.842099 -2.017748 -0.903566 5.525380 0.000000 0.000000 -9.334253 0.000000 0.000000 6.271931 -1.933901 -4.817211 -7.811382 -13.275782 -4.686735 11.890895 0.000000 0.000000 8.110455 0.000000 0.000000 -1.013052 -2.505694 -6.799366 -6.232007 14.817691 -2.517397 13.085090 0.000000 0.000000 -0.968714 0.000000 0.000000 -3.109834 -2.403556 -3.139792 12.471044 36.708363 100.618846 19.120235 0.000000 0.000000 8.854868 0.000000 0.000000 -4.610124 -2.491975 -2.359596 0.000000 0.000000 0.000000 0.000000 0.000000 0.000000 0.000000 0.000000 0.000000 0.000000 0.000000 0.000000 0.000000 0.000000 0.000000 0.000000 0.000000 0.000000 0.000000 0.000000 0.000000 0.000000 0.000000 0.000000 
0.000000 89.700000 0.000000 0.000000 0.000000 0.000000 -0.762120 1.613613 -3.601697 2.918465 -3.998072 -3.297305 -0.818849 -0.113174 0.833087 1.011028 1.281707 4.627401 0.275947 -3.060384 -4.258995 0.000000 0.000000 0.000000 4.636589 -12.585226 -14.275112 5.122276 -18.698204 -18.057080 36.435924 -44.160951 -32.004061 16.370917 22.485906 -19.591061 -64.789324 4.021959 1.001980 -35.586623 0.000000 0.000000 -11.803972 0.000000 0.000000 0.022390 -0.001199 4.934506 -6.268853 -8.971400 7.290087 -21.123535 0.000000 0.000000 7.402030 0.000000 0.000000 2.447046 -0.079831 2.056764 -25.044572 -39.743103 117.242482 -18.178912 0.000000 0.000000 -6.669173 0.000000 0.000000 4.260386 -0.094452 1.375350 -68.534605 -2.430643 7.424235 -39.398694 0.000000 0.000000 -14.671697 0.000000 0.000000 -6.917769 0.291382 2.291170 -72.655598 -6.716737 2.488857 -32.783297 0.000000 0.000000 -10.659066 0.000000 0.000000 0.441624 -0.014543 2.538997 -2.310486 13.707247 -14.142230 -1.627605 24.247842 -17.667843 -41.695907 47.229449 -30.805926 -29.468120 -15.914658 3.360342 7.793438 0.236082 1.254354 2.537780 0.000000 0.000000 -4.973588 0.000000 0.000000 -7.969741 -5.107087 -8.050663 11.663158 -3.769419 3.785110 7.521364 0.000000 0.000000 -8.882495 0.000000 0.000000 6.271931 -1.933901 -4.817211 8.855645 -10.454485 -2.014046 16.606979 0.000000 0.000000 15.573580 0.000000 0.000000 -1.013052 -2.505694 -6.799366 -7.397033 12.933386 1.976204 17.835773 0.000000 0.000000 4.898962 0.000000 0.000000 -3.109834 -2.403556 -3.139792 15.773900 31.616253 100.352785 20.028690 0.000000 0.000000 14.171135 0.000000 0.000000 -4.610124 -2.491975 -2.359596 0.000000 0.000000 0.000000 0.000000 0.000000 0.000000 0.000000 0.000000 0.000000 0.000000 0.000000 0.000000 0.000000 0.000000 0.000000 0.000000 0.000000 0.000000 0.000000 0.000000 0.000000 0.000000 0.000000 0.000000 
0.000000 89.700000 0.000000 0.000000 0.000000 0.000000 -0.800376 1.931336 -3.488880 2.700815 -3.970982 -3.574726 -0.776200 -0.097415 1.122400 0.788816 0.556316 4.787099 0.497365 -2.827706 -4.352006 0.000000 0.000000 0.000000 3.205925 -11.760504 -13.992131 4.705007 -18.228824 -18.992948 34.339033 -38.941200 -34.066044 18.622058 29.181830 -18.640990 -67.611161 7.008726 1.058225 -33.617155 0.000000 0.000000 -10.523151 0.000000 0.000000 0.022390 -0.001199 4.934506 -12.514355 -8.830615 8.986732 -23.464223 0.000000 0.000000 5.198527 0.000000 0.000000 2.447046 -0.079831 2.056764 -21.940799 -41.448580 114.804945 -20.797742 0.000000 0.000000 -13.183764 0.000000 0.000000 4.260386 -0.094452 1.375350 -69.608799 1.912301 7.179564 -38.325515 0.000000 0.000000 -14.277574 0.000000 0.000000 -6.917769 0.291382 2.291170 -68.847217 -0.926776 1.820044 -32.736327 0.000000 0.000000 -12.450031 0.000000 0.000000 0.441624 -0.014543 2.538997 -1.307507 13.140651 -13.866042 -1.774952 23.398998 -18.481367 -36.811162 39.474078 -31.930735 -39.059219 -20.355043 5.553343 22.710871 -3.262109 2.743036 5.412958 0.000000 0.000000 -2.398932 0.000000 0.000000 -7.969741 -5.107087 -8.050663 23.441061 -6.013642 8.317183 11.762734 0.000000 0.000000 -7.434161 0.000000 0.000000 6.271931 -1.933901 -4.817211 23.103475 -7.866538 1.718283 21.340608 0.000000 0.000000 20.792128 0.000000 0.000000 -1.013052 -2.505694 -6.799366 4.639026 10.263408 7.026876 24.876156 0.000000 0.000000 10.061296 0.000000 0.000000 -3.109834 -2.403556 -3.139792 20.083165 29.258634 100.144385 21.028110 0.000000 0.000000 20.512997 0.000000 0.000000 -4.610124 -2.491975 -2.359596 0.000000 0.000000 0.000000 0.000000 0.000000 0.000000 0.000000 0.000000 0.000000 0.000000 0.000000 0.000000 0.000000 0.000000 0.000000 0.000000 0.000000 0.000000 0.000000 0.000000 0.000000 0.000000 0.000000 0.000000 
0.000000 89.700000 0.000000 0.000000 0.000000 0.000000 -0.827826 2.173909 -3.547395 2.545790 -3.941470 -3.575632 -0.803581 -0.042668 1.295303 0.655514 0.114561 4.963372 0.603594 -2.758818 -4.304749 0.000000 0.000000 0.000000 2.256346 -11.330273 -13.826712 3.925291 -18.218596 -19.303172 33.899526 -36.518095 -35.855587 27.110861 32.303678 -14.376737 -51.203379 10.414652 1.451876 -27.959003 0.000000 0.000000 -6.127983 0.000000 0.000000 0.022390 -0.001199 4.934506 -25.928346 -7.184657 10.050947 -26.524440 0.000000 0.000000 2.248938 0.000000 0.000000 2.447046 -0.079831 2.056764 -18.357881 -45.740831 110.668452 -25.051298 0.000000 0.000000 -22.007873 0.000000 0.000000 4.260386 -0.094452 1.375350 -45.932907 7.470804 8.281110 -34.453414 0.000000 0.000000 -10.772265 0.000000 0.000000 -6.917769 0.291382 2.291170 -32.448334 7.858443 2.550270 -30.006398 0.000000 0.000000 -12.142908 0.000000 0.000000 0.441624 -0.014543 2.538997 -0.663293 12.891853 -13.652834 -1.476092 22.955866 -18.789867 -35.907217 36.008640 -33.996070 -47.718501 -24.410614 9.557154 39.921658 -6.891904 3.624108 10.414273 0.000000 0.000000 -0.435512 0.000000 0.000000 -7.969741 -5.107087 -8.050663 35.382573 -7.863121 10.815590 16.849311 0.000000 0.000000 -4.435956 0.000000 0.000000 6.271931 -1.933901 -4.817211 28.127696 -6.802090 5.659444 23.271492 0.000000 0.000000 21.590521 0.000000 0.000000 -1.013052 -2.505694 -6.799366 20.116720 7.005947 10.656550 31.040069 0.000000 0.000000 13.101956 0.000000 0.000000 -3.109834 -2.403556 -3.139792 23.716644 29.829821 101.531065 21.174937 0.000000 0.000000 25.213242 0.000000 0.000000 -4.610124 -2.491975 -2.359596 0.000000 0.000000 0.000000 0.000000 0.000000 0.000000 0.000000 0.000000 0.000000 0.000000 0.000000 0.000000 0.000000 0.000000 0.000000 0.000000 0.000000 0.000000 0.000000 0.000000 0.000000 0.000000 0.000000 0.000000 
0.000000 89.700000 0.000000 0.000000 0.000000 0.000000 -0.825911 2.279012 -3.701375 2.465020 -3.921978 -3.344198 -0.896402 0.030182 1.326542 0.643230 0.012470 5.138694 0.580673 -2.833185 -4.108807 0.000000 0.000000 0.000000 1.818316 -11.382407 -13.743343 2.910452 -18.599134 -18.931884 34.994263 -37.019479 -36.535064 36.446843 32.037677 -8.354241 -41.672267 12.244522 0.869477 -20.242433 0.000000 0.000000 -0.604075 0.000000 0.000000 0.022390 -0.001199 4.934506 -29.531371 -4.688770 10.292450 -27.602532 0.000000 0.000000 0.371321 0.000000 0.000000 2.447046 -0.079831 2.056764 -14.679676 -50.116355 105.272743 -29.397895 0.000000 0.000000 -28.950659 0.000000 0.000000 4.260386 -0.094452 1.375350 -34.324329 11.135278 9.980897 -29.124319 0.000000 0.000000 -6.708308 0.000000 0.000000 -6.917769 0.291382 2.291170 -19.221493 15.187805 4.284069 -25.695224 0.000000 0.000000 -11.263946 0.000000 0.000000 0.441624 -0.014543 2.538997 -0.416908 12.993758 -13.491579 -0.817107 23.017555 -18.552518 -37.639553 36.761119 -35.229413 -51.173647 -27.065559 14.133659 35.274312 -9.014522 4.112900 16.557028 0.000000 0.000000 1.105803 0.000000 0.000000 -7.969741 -5.107087 -8.050663 31.156520 -8.139366 10.858021 21.152208 0.000000 0.000000 -0.227112 0.000000 0.000000 6.271931 -1.933901 -4.817211 23.852820 -6.903238 9.221861 21.940863 0.000000 0.000000 18.750360 0.000000 0.000000 -1.013052 -2.505694 -6.799366 14.232657 3.700512 12.422268 32.884843 0.000000 0.000000 13.012026 0.000000 0.000000 -3.109834 -2.403556 -3.139792 25.255286 31.504328 104.598704 20.470493 0.000000 0.000000 26.285341 0.000000 0.000000 -4.610124 -2.491975 -2.359596 0.000000 0.000000 0.000000 0.000000 0.000000 0.000000 0.000000 0.000000 0.000000 0.000000 0.000000 0.000000 0.000000 0.000000 0.000000 0.000000 0.000000 0.000000 0.000000 0.000000 0.000000 0.000000 0.000000 0.000000 
0.000000 89.700000 0.000000 0.000000 0.000000 0.000000 -0.795430 2.241912 -3.902030 2.450337 -3.910365 -2.946601 -1.034103 0.104562 1.222339 0.749144 0.232803 5.280404 0.442910 -3.015179 -3.798918 0.000000 0.000000 0.000000 1.918720 -11.894647 -13.732061 1.870289 -19.265505 -17.942435 37.372346 -40.260873 -36.103604 41.165855 28.694856 -2.282248 -41.356897 11.220108 -0.661357 -12.498557 0.000000 0.000000 4.301804 0.000000 0.000000 0.022390 -0.001199 4.934506 -26.852003 -2.926003 10.047228 -25.315309 0.000000 0.000000 0.589132 0.000000 0.000000 2.447046 -0.079831 2.056764 -11.250952 -52.305113 100.087473 -31.639454 0.000000 0.000000 -30.693061 0.000000 0.000000 4.260386 -0.094452 1.375350 -31.455361 11.079889 11.638925 -23.764740 0.000000 0.000000 -4.131175 0.000000 0.000000 -6.917769 0.291382 2.291170 -13.171115 18.080514 6.754307 -21.167032 0.000000 0.000000 -10.873966 0.000000 0.000000 0.441624 -0.014543 2.538997 -0.595330 13.419807 -13.401650 0.026148 23.561615 -17.816955 -41.254132 40.684903 -35.931408 -47.991627 -27.352818 18.121322 35.110047 -8.838923 3.558522 21.069144 0.000000 0.000000 2.039080 0.000000 0.000000 -7.969741 -5.107087 -8.050663 30.312629 -6.645974 8.903912 22.868605 0.000000 0.000000 3.512924 0.000000 0.000000 6.271931 -1.933901 -4.817211 11.950837 -7.258057 11.933792 18.894837 0.000000 0.000000 14.846926 0.000000 0.000000 -1.013052 -2.505694 -6.799366 2.095895 1.503099 13.007049 29.359902 0.000000 0.000000 9.755658 0.000000 0.000000 -3.109834 -2.403556 -3.139792 23.968589 32.924019 107.260024 19.269740 0.000000 0.000000 22.584315 0.000000 0.000000 -4.610124 -2.491975 -2.359596 0.000000 0.000000 0.000000 0.000000 0.000000 0.000000 0.000000 0.000000 0.000000 0.000000 0.000000 0.000000 0.000000 0.000000 0.000000 0.000000 0.000000 0.000000 0.000000 0.000000 0.000000 0.000000 0.000000 0.000000 
0.000000 89.700000 0.000000 0.000000 0.000000 0.000000 -0.749132 2.113905 -4.138629 2.486156 -3.892816 -2.436326 -1.190109 0.176283 1.007511 0.937864 0.695566 5.345434 0.224862 -3.277230 -3.434862 0.000000 0.000000 0.000000 2.571748 -12.746307 -13.808343 1.016499 -20.111269 -16.484633 40.757262 -45.789567 -35.245120 40.248182 22.386605 2.737599 -26.058770 7.978918 -1.454433 -6.776843 0.000000 0.000000 7.663608 0.000000 0.000000 0.022390 -0.001199 4.934506 -15.809445 -2.988770 9.623740 -21.073923 0.000000 0.000000 2.132395 0.000000 0.000000 2.447046 -0.079831 2.056764 -9.061668 -51.697421 97.280785 -30.698670 0.000000 0.000000 -27.508494 0.000000 0.000000 4.260386 -0.094452 1.375350 -15.217970 8.202977 13.006509 -19.530024 0.000000 0.000000 -3.431332 0.000000 0.000000 -6.917769 0.291382 2.291170 3.269588 16.789622 9.588171 -17.500878 0.000000 0.000000 -10.701810 0.000000 0.000000 0.441624 -0.014543 2.538997 -1.200594 14.096407 -13.421794 0.847330 24.441816 -16.703085 -47.005592 47.096129 -37.378602 -40.543564 -25.010220 20.883016 43.835346 -7.009134 1.129814 20.955769 0.000000 0.000000 1.427563 0.000000 0.000000 -7.969741 -5.107087 -8.050663 38.534201 -4.564243 6.040180 20.877888 0.000000 0.000000 4.705148 0.000000 0.000000 6.271931 -1.933901 -4.817211 9.255197 -7.925376 13.629808 15.541077 0.000000 0.000000 11.466973 0.000000 0.000000 -1.013052 -2.505694 -6.799366 -1.524159 1.296090 13.070938 22.861618 0.000000 0.000000 4.704371 0.000000 0.000000 -3.109834 -2.403556 -3.139792 20.748640 34.452605 107.626505 17.886541 0.000000 0.000000 15.013629 0.000000 0.000000 -4.610124 -2.491975 -2.359596 0.000000 0.000000 0.000000 0.000000 0.000000 0.000000 0.000000 0.000000 0.000000 0.000000 0.000000 0.000000 0.000000 0.000000 0.000000 0.000000 0.000000 0.000000 0.000000 0.000000 0.000000 0.000000 0.000000 0.000000 
0.000000 89.700000 0.000000 0.000000 0.000000 0.000000 -0.707423 1.976741 -4.412145 2.559066 -3.854260 -1.855175 -1.341405 0.250943 0.716165 1.156872 1.280940 5.301358 -0.027401 -3.604225 -3.074405 0.000000 0.000000 0.000000 3.728263 -13.751232 -13.995351 0.483935 -21.052619 -14.777189 45.024380 -52.736734 -35.010077 36.162806 13.267511 6.397906 -14.076795 4.493446 0.065688 -4.757341 0.000000 0.000000 9.078423 0.000000 0.000000 0.022390 -0.001199 4.934506 -5.489816 -4.245846 8.961067 -17.924488 0.000000 0.000000 3.478443 0.000000 0.000000 2.447046 -0.079831 2.056764 -9.664357 -48.989165 97.620034 -27.549972 0.000000 0.000000 -23.067328 0.000000 0.000000 4.260386 -0.094452 1.375350 -10.161576 4.746867 13.998905 -17.341721 0.000000 0.000000 -3.753414 0.000000 0.000000 -6.917769 0.291382 2.291170 1.608033 13.212372 12.109245 -15.274139 0.000000 0.000000 -9.736296 0.000000 0.000000 0.441624 -0.014543 2.538997 -2.172849 14.916013 -13.582758 1.482670 25.456651 -15.392109 -54.964402 55.873492 -39.389957 -32.585074 -20.439215 22.387598 22.905325 -4.840985 -2.212257 16.175338 0.000000 0.000000 -0.960665 0.000000 0.000000 -7.969741 -5.107087 -8.050663 17.157063 -3.106815 4.096938 16.418834 0.000000 0.000000 2.959619 0.000000 0.000000 6.271931 -1.933901 -4.817211 -3.517590 -9.125887 14.487450 12.576681 0.000000 0.000000 8.680199 0.000000 0.000000 -1.013052 -2.505694 -6.799366 -2.037504 2.442937 12.681011 17.145280 0.000000 0.000000 -0.038919 0.000000 0.000000 -3.109834 -2.403556 -3.139792 17.865659 36.895751 105.894556 16.990058 0.000000 0.000000 7.250883 0.000000 0.000000 -4.610124 -2.491975 -2.359596 0.000000 0.000000 0.000000 0.000000 0.000000 0.000000 0.000000 0.000000 0.000000 0.000000 0.000000 0.000000 0.000000 0.000000 0.000000 0.000000 0.000000 0.000000 0.000000 0.000000 0.000000 0.000000 0.000000 0.000000 
0.000000 89.700000 0.000000 0.000000 0.000000 0.000000 -0.691236 1.907810 -4.700500 2.656688 -3.788631 -1.262217 -1.472849 0.332635 0.394063 1.359022 1.857085 5.150953 -0.263614 -3.979203 -2.761479 0.000000 0.000000 0.000000 5.215515 -14.698521 -14.292270 0.293419 -22.011100 -13.088054 50.233259 -59.817011 -36.386338 31.517830 2.127145 8.877197 -11.787600 2.555557 3.517184 -6.766719 0.000000 0.000000 8.658662 0.000000 0.000000 0.022390 -0.001199 4.934506 -2.047150 -5.022964 8.102721 -18.021619 0.000000 0.000000 4.015571 0.000000 0.000000 2.447046 -0.079831 2.056764 -13.652587 -45.399909 99.488018 -24.152255 0.000000 0.000000 -21.254325 0.000000 0.000000 4.260386 -0.094452 1.375350 -7.967012 2.281586 14.593613 -17.588665 0.000000 0.000000 -4.090652 0.000000 0.000000 -6.917769 0.291382 2.291170 2.838863 9.009948 13.783808 -14.489794 0.000000 0.000000 -7.332607 0.000000 0.000000 0.441624 -0.014543 2.538997 -3.352762 15.742348 -13.872758 1.860519 26.415477 -14.102983 -66.219410 64.806741 -45.286975 -26.577301 -14.316309 23.018459 13.277994 -3.249702 -3.930447 10.243594 0.000000 0.000000 -3.702494 0.000000 0.000000 -7.969741 -5.107087 -8.050663 4.127429 -2.257891 4.642261 12.696744 0.000000 0.000000 0.324081 0.000000 0.000000 6.271931 -1.933901 -4.817211 -11.344280 -9.986103 14.824597 10.608701 0.000000 0.000000 6.214955 0.000000 0.000000 -1.013052 -2.505694 -6.799366 1.130098 3.269068 11.716361 14.400019 0.000000 0.000000 -3.099792 0.000000 0.000000 -3.109834 -2.403556 -3.139792 17.036027 39.921638 103.703803 17.320086 0.000000 0.000000 3.545494 0.000000 0.000000 -4.610124 -2.491975 -2.359596 0.000000 0.000000 0.000000 0.000000 0.000000 0.000000 0.000000 0.000000 0.000000 0.000000 0.000000 0.000000 0.000000 0.000000 0.000000 0.000000 0.000000 0.000000 0.000000 0.000000 0.000000 0.000000 0.000000 0.000000 
0.000000 89.700000 0.000000 0.000000 0.000000 0.000000 -0.705693 1.953586 -4.946209 2.761242 -3.705733 -0.751077 -1.574510 0.413003 0.100026 1.516084 2.310480 4.935640 -0.439805 -4.364688 -2.524708 0.000000 0.000000 0.000000 6.714345 -15.401507 -14.641447 0.378581 -22.859894 -11.693473 56.176416 -65.657068 -39.620585 27.782422 -9.375807 10.447587 -21.467328 2.596809 7.016083 -11.356890 0.000000 0.000000 7.137602 0.000000 0.000000 0.022390 -0.001199 4.934506 -7.954926 -4.453538 7.445166 -21.098954 0.000000 0.000000 4.096285 0.000000 0.000000 2.447046 -0.079831 2.056764 -19.506502 -42.248875 101.264759 -21.769642 0.000000 0.000000 -22.839585 0.000000 0.000000 4.260386 -0.094452 1.375350 -15.337318 1.053789 14.871033 -19.741033 0.000000 0.000000 -4.199029 0.000000 0.000000 -6.917769 0.291382 2.291170 -4.696380 5.273339 14.605313 -14.746670 0.000000 0.000000 -3.737191 0.000000 0.000000 0.441624 -0.014543 2.538997 -4.476259 16.421223 -14.214721 1.986043 27.151283 -13.057350 -80.824595 71.094032 -56.500917 -23.035329 -7.706703 23.274060 17.409897 -2.400123 -2.492828 6.596258 0.000000 0.000000 -5.275831 0.000000 0.000000 -7.969741 -5.107087 -8.050663 6.670098 -1.338834 7.456876 11.734197 0.000000 0.000000 -0.972858 0.000000 0.000000 6.271931 -1.933901 -4.817211 -8.401224 -9.534686 14.908081 10.017163 0.000000 0.000000 4.046932 0.000000 0.000000 -1.013052 -2.505694 -6.799366 5.922291 2.816073 10.450425 14.309321 0.000000 0.000000 -4.502868 0.000000 0.000000 -3.109834 -2.403556 -3.139792 18.123975 42.445134 102.410552 18.611559 0.000000 0.000000 4.775292 0.000000 0.000000 -4.610124 -2.491975 -2.359596 0.000000 0.000000 0.000000 0.000000 0.000000 0.000000 0.000000 0.000000 0.000000 0.000000 0.000000 0.000000 0.000000 0.000000 0.000000 0.000000 0.000000 0.000000 0.000000 0.000000 0.000000 0.000000 0.000000 0.000000 
0.000000 89.700000 0.000000 0.000000 0.000000 0.000000 -0.729834 2.123230 -5.073589 2.849519 -3.630626 -0.427947 -1.637584 0.471166 -0.107471 1.614999 2.572095 4.716718 -0.529478 -4.694766 -2.377449 0.000000 0.000000 0.000000 7.825341 -15.746952 -14.929086 0.654595 -23.405459 -10.825625 61.330902 -69.273561 -43.244246 25.721547 -18.989897 11.292844 -26.117633 3.488875 9.215434 -16.097929 0.000000 0.000000 5.430343 0.000000 0.000000 0.022390 -0.001199 4.934506 -10.368576 -3.247252 7.196028 -24.995091 0.000000 0.000000 3.853239 0.000000 0.000000 2.447046 -0.079831 2.056764 -24.406847 -40.589989 103.541846 -20.480852 0.000000 0.000000 -25.342461 0.000000 0.000000 4.260386 -0.094452 1.375350 -22.028444 0.410391 14.968477 -22.332171 0.000000 0.000000 -4.544814 0.000000 0.000000 -6.917769 0.291382 2.291170 -19.614061 2.762004 14.900771 -15.307148 0.000000 0.000000 0.100657 0.000000 0.000000 0.441624 -0.014543 2.538997 -5.236403 16.812666 -14.483929 1.881905 27.514991 -12.445145 -96.153984 74.655390 -69.798185 -21.246781 -2.290007 23.513519 22.935882 -1.918780 0.985795 5.496749 0.000000 0.000000 -5.777134 0.000000 0.000000 -7.969741 -5.107087 -8.050663 13.207240 -0.159007 10.786916 12.674971 0.000000 0.000000 -0.860395 0.000000 0.000000 6.271931 -1.933901 -4.817211 1.806212 -8.218799 14.885889 10.432680 0.000000 0.000000 2.320778 0.000000 0.000000 -1.013052 -2.505694 -6.799366 10.772588 1.551306 9.491010 15.083331 0.000000 0.000000 -5.087095 0.000000 0.000000 -3.109834 -2.403556 -3.139792 19.994578 43.959951 101.970797 19.475269 0.000000 0.000000 7.236470 0.000000 0.000000 -4.610124 -2.491975 -2.359596 0.000000 0.000000 0.000000 0.000000 0.000000 0.000000 0.000000 0.000000 0.000000 0.000000 0.000000 0.000000 0.000000 0.000000 0.000000 0.000000 0.000000 0.000000 0.000000 0.000000 0.000000 0.000000 0.000000 0.000000 
0.000000 89.700000 0.000000 0.000000 0.000000 0.000000 -0.729925 2.398226 -5.018147 2.898855 -3.592333 -0.370317 -1.653583 0.486353 -0.191759 1.645377 2.618350 4.552294 -0.526098 -4.892961 -2.320712 0.000000 0.000000 0.000000 8.218768 -15.713110 -15.040617 1.060256 -23.465162 -10.632635 62.804959 -70.281426 -44.261801 25.630330 -24.457314 11.541889 -21.840012 3.539667 10.208806 -18.942284 0.000000 0.000000 3.983861 0.000000 0.000000 0.022390 -0.001199 4.934506 -8.133856 -2.691425 7.128244 -27.473627 0.000000 0.000000 2.907921 0.000000 0.000000 2.447046 -0.079831 2.056764 -26.135340 -40.771150 107.465922 -19.829361 0.000000 0.000000 -25.804320 0.000000 0.000000 4.260386 -0.094452 1.375350 -18.742797 -0.573374 14.991877 -23.660005 0.000000 0.000000 -5.597788 0.000000 0.000000 -6.917769 0.291382 2.291170 -20.045523 1.735421 14.966960 -15.249486 0.000000 0.000000 2.887952 0.000000 0.000000 0.441624 -0.014543 2.538997 -5.402013 16.833326 -14.568611 1.564869 27.406919 -12.388713 -100.530693 75.330200 -73.692623 -20.298224 0.214249 23.846289 22.884415 -1.308284 4.022588 5.102355 0.000000 0.000000 -6.291598 0.000000 0.000000 -7.969741 -5.107087 -8.050663 12.496392 0.834487 13.077752 13.461696 0.000000 0.000000 -0.909858 0.000000 0.000000 6.271931 -1.933901 -4.817211 1.496826 -7.456202 14.770846 10.997209 0.000000 0.000000 1.259762 0.000000 0.000000 -1.013052 -2.505694 -6.799366 14.704542 0.552364 9.291289 15.028001 0.000000 0.000000 -5.492059 0.000000 0.000000 -3.109834 -2.403556 -3.139792 21.754568 44.747513 101.337939 18.876254 0.000000 0.000000 6.461895 0.000000 0.000000 -4.610124 -2.491975 -2.359596 0.000000 0.000000 0.000000 0.000000 0.000000 0.000000 0.000000 0.000000 0.000000 0.000000 0.000000 0.000000 0.000000 0.000000 0.000000 0.000000 0.000000 0.000000 0.000000 0.000000 0.000000 0.000000 0.000000 0.000000 
0.000000 89.700000 0.000000 0.000000 0.000000 0.000000 -0.687781 2.744035 -4.752397 2.891087 -3.607175 -0.601026 -1.615764 0.452673 -0.146965 1.592375 2.446380 4.477825 -0.434782 -4.912970 -2.349400 0.000000 0.000000 0.000000 7.781493 -15.342968 -14.933958 1.544753 -22.990836 -11.157615 59.319075 -68.591627 -41.353421 27.408514 -24.450073 11.368074 -20.839044 1.939608 10.783015 -19.120181 0.000000 0.000000 2.894667 0.000000 0.000000 0.022390 -0.001199 4.934506 -4.986469 -3.346301 7.120275 -27.683782 0.000000 0.000000 1.276441 0.000000 0.000000 2.447046 -0.079831 2.056764 -24.124229 -42.270680 112.188863 -19.569082 0.000000 0.000000 -23.031672 0.000000 0.000000 4.260386 -0.094452 1.375350 -17.115738 -2.453203 14.986039 -22.878255 0.000000 0.000000 -7.296242 0.000000 0.000000 -6.917769 0.291382 2.291170 -15.890802 1.768733 14.923000 -14.092681 0.000000 0.000000 3.484691 0.000000 0.000000 0.441624 -0.014543 2.538997 -4.923475 16.484068 -14.433048 1.079306 26.832114 -12.906245 -91.600100 73.705152 -65.163905 -19.943751 -0.885299 24.159228 21.094413 -0.444556 5.290379 4.199976 0.000000 0.000000 -7.283974 0.000000 0.000000 -7.969741 -5.107087 -8.050663 10.861550 1.047249 13.836410 12.949553 0.000000 0.000000 -2.344303 0.000000 0.000000 6.271931 -1.933901 -4.817211 -1.727700 -8.041503 14.372384 11.195914 0.000000 0.000000 1.016301 0.000000 0.000000 -1.013052 -2.505694 -6.799366 10.156989 0.590487 9.932080 13.753989 0.000000 0.000000 -5.596823 0.000000 0.000000 -3.109834 -2.403556 -3.139792 22.740150 44.983166 99.988875 17.508376 0.000000 0.000000 2.239174 0.000000 0.000000 -4.610124 -2.491975 -2.359596 0.000000 0.000000 0.000000 0.000000 0.000000 0.000000 0.000000 0.000000 0.000000 0.000000 0.000000 0.000000 0.000000 0.000000 0.000000 0.000000 0.000000 0.000000 0.000000 0.000000 0.000000 0.000000 0.000000 0.000000 
0.000000 89.700000 0.000000 0.000000 0.000000 0.000000 -0.619249 3.121233 -4.307549 2.816256 -3.668918 -1.079483 -1.522194 0.383004 0.009943 1.439616 2.060426 4.492610 -0.263808 -4.768855 -2.458818 0.000000 0.000000 0.000000 6.662249 -14.707923 -14.665108 2.052682 -22.120389 -12.327635 53.143563 -64.224876 -36.899643 31.025675 -19.415294 11.028984 -20.045960 -0.586794 11.476951 -17.207523 0.000000 0.000000 2.507823 0.000000 0.000000 0.022390 -0.001199 4.934506 -6.423598 -4.723336 7.437093 -26.362501 0.000000 0.000000 -0.306998 0.000000 0.000000 2.447046 -0.079831 2.056764 -19.411682 -44.185527 115.646363 -19.898105 0.000000 0.000000 -18.076675 0.000000 0.000000 4.260386 -0.094452 1.375350 -13.694816 -4.775404 14.949083 -20.595665 0.000000 0.000000 -8.970332 0.000000 0.000000 -6.917769 0.291382 2.291170 -1.655931 2.220761 14.724168 -12.344770 0.000000 0.000000 1.666354 0.000000 0.000000 0.441624 -0.014543 2.538997 -3.951105 15.848812 -14.134182 0.518096 25.913390 -13.897122 -75.895509 69.094867 -51.284645 -20.798327 -4.806115 24.214024 12.819937 0.114030 5.363049 3.245055 0.000000 0.000000 -8.182742 0.000000 0.000000 -7.969741 -5.107087 -8.050663 5.782146 0.053597 13.160332 11.293390 0.000000 0.000000 -5.024483 0.000000 0.000000 6.271931 -1.933901 -4.817211 -7.198758 -9.405690 13.230245 11.271261 0.000000 0.000000 1.633697 0.000000 0.000000 -1.013052 -2.505694 -6.799366 -0.324847 1.687203 11.199839 12.631776 0.000000 0.000000 -4.647889 0.000000 0.000000 -3.109834 -2.403556 -3.139792 22.424511 44.201157 98.580007 17.319743 0.000000 0.000000 -1.025088 0.000000 0.000000 -4.610124 -2.491975 -2.359596 0.000000 0.000000 0.000000 0.000000 0.000000 0.000000 0.000000 0.000000 0.000000 0.000000 0.000000 0.000000 0.000000 0.000000 0.000000 0.000000 0.000000 0.000000 0.000000 0.000000 0.000000 0.000000 0.000000 0.000000 
0.000000 89.700000 0.000000 0.000000 0.000000 0.000000 -0.564761 3.499620 -3.781157 2.680122 -3.753175 -1.703189 -1.381764 0.300622 0.250268 1.181488 1.492202 4.561109 -0.026881 -4.522144 -2.643876 0.000000 0.000000 0.000000 5.186098 -13.896820 -14.344142 2.534943 -21.104665 -13.947003 47.151342 -57.732946 -33.921922 36.750947 -11.370441 10.819429 -21.310194 -2.335366 12.223255 -14.911223 0.000000 0.000000 3.024356 0.000000 0.000000 0.022390 -0.001199 4.934506 -7.590583 -5.816156 8.239717 -25.221363 0.000000 0.000000 -1.422759 0.000000 0.000000 2.447046 -0.079831 2.056764 -14.199797 -46.023454 116.844075 -21.162999 0.000000 0.000000 -13.751640 0.000000 0.000000 4.260386 -0.094452 1.375350 -14.984205 -6.049267 14.855080 -18.579435 0.000000 0.000000 -9.868982 0.000000 0.000000 -6.917769 0.291382 2.291170 5.121495 2.999997 14.213462 -11.295808 0.000000 0.000000 -1.671838 0.000000 0.000000 0.441624 -0.014543 2.538997 -2.751125 15.064135 -13.780919 -0.005822 24.834144 -15.163135 -62.128238 61.643045 -40.977913 -23.865871 -9.897616 23.799158 6.784055 -0.669454 5.280477 3.679265 0.000000 0.000000 -7.925662 0.000000 0.000000 -7.969741 -5.107087 -8.050663 3.582413 -2.258469 11.353433 9.485902 0.000000 0.000000 -7.714293 0.000000 0.000000 6.271931 -1.933901 -4.817211 -3.770084 -10.346982 10.842593 11.707972 0.000000 0.000000 3.143353 0.000000 0.000000 -1.013052 -2.505694 -6.799366 -5.144046 2.921702 12.657039 14.271663 0.000000 0.000000 -1.729451 0.000000 0.000000 -3.109834 -2.403556 -3.139792 21.234028 41.837526 97.950694 19.774892 0.000000 0.000000 1.451376 0.000000 0.000000 -4.610124 -2.491975 -2.359596 0.000000 0.000000 0.000000 0.000000 0.000000 0.000000 0.000000 0.000000 0.000000 0.000000 0.000000 0.000000 0.000000 0.000000 0.000000 0.000000 0.000000 0.000000 0.000000 0.000000 0.000000 0.000000 0.000000 0.000000 
0.000000 89.700000 0.000000 0.000000 0.000000 0.000000 -0.555899 3.865995 -3.304116 2.507751 -3.832021 -2.335447 -1.218646 0.228400 0.539765 0.840599 0.824737 4.632457 0.247788 -4.240410 -2.888034 0.000000 0.000000 0.000000 3.695341 -13.018262 -14.065426 2.936415 -20.180641 -15.711712 42.438487 -50.387924 -33.400528 44.496674 -2.662375 10.982986 -23.829992 -1.912196 12.617369 -14.466301 0.000000 0.000000 3.581281 0.000000 0.000000 0.022390 -0.001199 4.934506 -8.546909 -5.982578 9.229571 -25.969063 0.000000 0.000000 -2.716600 0.000000 0.000000 2.447046 -0.079831 2.056764 -10.956195 -47.888979 116.435480 -23.388008 0.000000 0.000000 -12.955400 0.000000 0.000000 4.260386 -0.094452 1.375350 -18.938571 -4.924633 14.690220 -18.682773 0.000000 0.000000 -9.808170 0.000000 0.000000 -6.917769 0.291382 2.291170 2.036286 4.682088 13.238743 -12.119993 0.000000 0.000000 -5.270309 0.000000 0.000000 0.441624 -0.014543 2.538997 -1.577643 14.272569 -13.471178 -0.389095 23.763884 -16.454943 -51.989363 52.887755 -36.238044 -29.978384 -14.674654 22.958241 6.604229 -3.440602 5.466267 6.882577 0.000000 0.000000 -5.638029 0.000000 0.000000 -7.969741 -5.107087 -8.050663 5.903415 -5.458601 9.231471 9.068512 0.000000 0.000000 -8.900306 0.000000 0.000000 6.271931 -1.933901 -4.817211 11.343700 -10.582207 7.381102 12.321767 0.000000 0.000000 5.093366 0.000000 0.000000 -1.013052 -2.505694 -6.799366 -0.730938 3.128050 13.833329 20.949545 0.000000 0.000000 3.521836 0.000000 0.000000 -3.109834 -2.403556 -3.139792 20.837550 38.134393 98.369089 24.537009 0.000000 0.000000 10.785675 0.000000 0.000000 -4.610124 -2.491975 -2.359596 0.000000 0.000000 0.000000 0.000000 0.000000 0.000000 0.000000 0.000000 0.000000 0.000000 0.000000 0.000000 0.000000 0.000000 0.000000 0.000000 0.000000 0.000000 0.000000 0.000000 0.000000 0.000000 0.000000 0.000000 
0.000000 89.700000 0.000000 0.000000 0.000000 0.000000 -0.587328 4.214264 -2.976057 2.334972 -3.888860 -2.855157 -1.067880 0.182705 0.839735 0.474748 0.180172 4.669233 0.514114 -3.973262 -3.151760 0.000000 0.000000 0.000000 2.420790 -12.194714 -13.871136 3.156896 -19.504225 -17.275429 39.052740 -43.725809 -34.712525 53.083224 5.046674 11.636834 -29.686280 0.728947 12.481524 -17.212260 0.000000 0.000000 2.726383 0.000000 0.000000 0.022390 -0.001199 4.934506 -13.851250 -5.525314 10.024605 -29.114616 0.000000 0.000000 -5.012827 0.000000 0.000000 2.447046 -0.079831 2.056764 -11.097569 -49.991803 115.703824 -26.067017 0.000000 0.000000 -16.257118 0.000000 0.000000 4.260386 -0.094452 1.375350 -24.764753 -1.616861 14.489832 -21.595101 0.000000 0.000000 -9.278702 0.000000 0.000000 -6.917769 0.291382 2.291170 -10.641481 7.716036 11.846911 -14.965498 0.000000 0.000000 -8.333604 0.000000 0.000000 0.441624 -0.014543 2.538997 -0.586496 13.588032 -13.251047 -0.538686 22.836105 -17.530659 -44.883269 44.862820 -35.195842 -39.189597 -18.332216 22.202423 13.745748 -7.561010 6.099026 13.087371 0.000000 0.000000 -1.446744 0.000000 0.000000 -7.969741 -5.107087 -8.050663 11.232264 -8.435735 8.086222 11.437368 0.000000 0.000000 -7.571666 0.000000 0.000000 6.271931 -1.933901 -4.817211 29.198821 -11.150962 4.264490 12.302849 0.000000 0.000000 6.125586 0.000000 0.000000 -1.013052 -2.505694 -6.799366 20.974573 2.143662 14.488657 32.364121 0.000000 0.000000 10.091906 0.000000 0.000000 -3.109834 -2.403556 -3.139792 22.725956 34.241428 99.920915 29.422244 0.000000 0.000000 23.537373 0.000000 0.000000 -4.610124 -2.491975 -2.359596 0.000000 0.000000 0.000000 0.000000 0.000000 0.000000 0.000000 0.000000 0.000000 0.000000 0.000000 0.000000 0.000000 0.000000 0.000000 0.000000 0.000000 0.000000 0.000000 0.000000 0.000000 0.000000 0.000000 0.000000 
0.000000 89.700000 0.000000 0.000000 0.000000 0.000000 -0.621193 4.529419 -2.825384 2.193819 -3.924692 -3.188928 -0.962906 0.171486 1.105163 0.160312 -0.320921 4.667947 0.718226 -3.756981 -3.375171 0.000000 0.000000 0.000000 1.456152 -11.552615 -13.760441 3.064391 -19.162566 -18.352505 36.972178 -38.924063 -36.681717 60.526371 10.875036 12.741717 -39.968260 4.327287 12.004658 -22.143827 0.000000 0.000000 0.098600 0.000000 0.000000 0.022390 -0.001199 4.934506 -24.527285 -5.247896 10.581745 -33.279036 0.000000 0.000000 -8.004444 0.000000 0.000000 2.447046 -0.079831 2.056764 -14.018787 -52.323029 115.285917 -28.491028 0.000000 0.000000 -21.395076 0.000000 0.000000 4.260386 -0.094452 1.375350 -33.840185 2.227158 14.285389 -26.181576 0.000000 0.000000 -8.907074 0.000000 0.000000 -6.917769 0.291382 2.291170 -21.936382 11.637351 10.366657 -18.766541 0.000000 0.000000 -10.643514 0.000000 0.000000 0.441624 -0.014543 2.538997 0.164366 13.092832 -13.112448 -0.382640 22.170859 -18.212464 -40.840468 39.037042 -36.117488 -49.889787 -20.504573 22.460985 24.457930 -11.388125 7.073794 20.369669 0.000000 0.000000 3.117258 0.000000 0.000000 -7.969741 -5.107087 -8.050663 16.156324 -9.765203 8.621287 16.304306 0.000000 0.000000 -3.751199 0.000000 0.000000 6.271931 -1.933901 -4.817211 23.081045 -12.459541 3.399240 11.480876 0.000000 0.000000 5.292612 0.000000 0.000000 -1.013052 -2.505694 -6.799366 48.915649 0.913771 14.615174 44.483768 0.000000 0.000000 15.642432 0.000000 0.000000 -3.109834 -2.403556 -3.139792 26.674743 31.332357 102.205205 31.734062 0.000000 0.000000 34.096620 0.000000 0.000000 -4.610124 -2.491975 -2.359596 0.000000 0.000000 0.000000 0.000000 0.000000 0.000000 0.000000 0.000000 0.000000 0.000000 0.000000 0.000000 0.000000 0.000000 0.000000 0.000000 0.000000 0.000000 0.000000 0.000000 0.000000 0.000000 0.000000 0.000000 
0.000000 89.700000 0.000000 0.000000 0.000000 0.000000 -0.614891 4.786146 -2.823635 2.102475 -3.952347 -3.309688 -0.923228 0.194340 1.289493 -0.037700 -0.594448 4.654446 0.818549 -3.618742 -3.498933 0.000000 0.000000 0.000000 0.819293 -11.211818 -13.713864 2.582431 -19.193081 -18.791291 36.265469 -36.538721 -38.247469 64.825972 14.454659 14.133910 -31.089231 7.315265 11.288420 -26.085155 0.000000 0.000000 -2.751914 0.000000 0.000000 0.022390 -0.001199 4.934506 -27.183610 -5.400660 11.007471 -35.973602 0.000000 0.000000 -10.273335 0.000000 0.000000 2.447046 -0.079831 2.056764 -17.371209 -54.573769 114.684709 -30.218048 0.000000 0.000000 -25.399380 0.000000 0.000000 4.260386 -0.094452 1.375350 -26.483810 5.121334 13.922516 -29.932698 0.000000 0.000000 -8.737138 0.000000 0.000000 -6.917769 0.291382 2.291170 -18.085889 15.148243 9.234641 -21.977348 0.000000 0.000000 -12.151091 0.000000 0.000000 0.441624 -0.014543 2.538997 0.656562 12.850229 -13.017661 0.086903 21.875058 -18.416843 -39.948512 36.202581 -37.623597 -58.579866 -20.814410 24.603951 37.686044 -13.776876 7.365837 25.227479 0.000000 0.000000 6.245071 0.000000 0.000000 -7.969741 -5.107087 -8.050663 26.271051 -8.474686 10.253487 21.249145 0.000000 0.000000 1.564046 0.000000 0.000000 6.271931 -1.933901 -4.817211 26.862609 -12.627537 5.377133 10.853157 0.000000 0.000000 3.842580 0.000000 0.000000 -1.013052 -2.505694 -6.799366 42.662917 0.318747 14.233331 51.708057 0.000000 0.000000 18.037441 0.000000 0.000000 -3.109834 -2.403556 -3.139792 30.957956 29.649061 103.188538 30.120049 0.000000 0.000000 38.440093 0.000000 0.000000 -4.610124 -2.491975 -2.359596 0.000000 0.000000 0.000000 0.000000 0.000000 0.000000 0.000000 0.000000 0.000000 0.000000 0.000000 0.000000 0.000000 0.000000 0.000000 0.000000 0.000000 0.000000 0.000000 0.000000 0.000000 0.000000 0.000000 0.000000 
0.000000 89.700000 0.000000 0.000000 0.000000 0.000000 -0.543636 4.960967 -2.926976 2.062803 -3.983898 -3.222360 -0.949427 0.244026 1.358544 -0.088189 -0.606337 4.656249 0.801641 -3.568371 -3.491528 0.000000 0.000000 0.000000 0.525757 -11.265173 -13.708955 1.770098 -19.572339 -18.576546 36.918978 -36.667666 -38.830462 64.379107 15.831144 15.611287 -23.239958 8.753522 10.114002 -25.965983 0.000000 0.000000 -3.522583 0.000000 0.000000 0.022390 -0.001199 4.934506 -21.675176 -5.541595 11.241495 -35.370449 0.000000 0.000000 -10.455137 0.000000 0.000000 2.447046 -0.079831 2.056764 -18.750895 -56.029168 113.144767 -30.950313 0.000000 0.000000 -26.277562 0.000000 0.000000 4.260386 -0.094452 1.375350 -20.248594 6.750330 12.996850 -30.405422 0.000000 0.000000 -8.139304 0.000000 0.000000 -6.917769 0.291382 2.291170 -17.264142 17.004059 8.790448 -23.453675 0.000000 0.000000 -12.641929 0.000000 0.000000 0.441624 -0.014543 2.538997 0.860079 12.905238 -12.930939 0.781433 22.000505 -18.146757 -41.526236 36.417861 -39.135199 -61.698257 -18.839637 28.738190 33.378569 -14.907387 5.594102 25.368384 0.000000 0.000000 7.593295 0.000000 0.000000 -7.969741 -5.107087 -8.050663 28.461788 -4.489155 11.957629 23.878512 0.000000 0.000000 7.241939 0.000000 0.000000 6.271931 -1.933901 -4.817211 26.638682 -9.290630 8.855248 11.303469 0.000000 0.000000 4.237290 0.000000 0.000000 -1.013052 -2.505694 -6.799366 29.215769 0.445785 13.349788 51.091302 0.000000 0.000000 16.926650 0.000000 0.000000 -3.109834 -2.403556 -3.139792 33.800649 28.488128 100.057624 25.302176 0.000000 0.000000 35.971883 0.000000 0.000000 -4.610124 -2.491975 -2.359596 0.000000 0.000000 0.000000 0.000000 0.000000 0.000000 0.000000 0.000000 0.000000 0.000000 0.000000 0.000000 0.000000 0.000000 0.000000 0.000000 0.000000 0.000000 0.000000 0.000000 0.000000 0.000000 0.000000 0.000000 
0.000000 89.700000 0.000000 0.000000 0.000000 0.000000 -0.408990 5.042145 -3.109120 2.065590 -4.020782 -2.949278 -1.027171 0.309990 1.298654 -0.001260 -0.371174 4.674661 0.682746 -3.596484 -3.362262 0.000000 0.000000 0.000000 0.621322 -11.749537 -13.729954 0.823932 -20.213738 -17.789250 38.752690 -39.184743 -38.425053 58.641009 15.267834 17.012998 -30.487128 8.453516 8.436224 -21.345596 0.000000 0.000000 -1.276515 0.000000 0.000000 0.022390 -0.001199 4.934506 -18.632826 -5.481527 11.143530 -31.353710 0.000000 0.000000 -8.245602 0.000000 0.000000 2.447046 -0.079831 2.056764 -17.626209 -56.002707 110.897291 -30.155162 0.000000 0.000000 -22.972306 0.000000 0.000000 4.260386 -0.094452 1.375350 -22.823464 7.476811 11.264503 -26.821736 0.000000 0.000000 -6.639104 0.000000 0.000000 -6.917769 0.291382 2.291170 -15.222158 16.943227 9.215678 -22.725735 0.000000 0.000000 -11.851506 0.000000 0.000000 0.441624 -0.014543 2.538997 0.724501 13.273112 -12.843323 1.535942 22.510344 -17.465527 -44.831406 39.587956 -39.937569 -58.336289 -14.751121 33.808666 47.226169 -15.353413 1.462642 21.643091 0.000000 0.000000 8.035123 0.000000 0.000000 -7.969741 -5.107087 -8.050663 40.498568 1.202079 13.247073 23.875339 0.000000 0.000000 12.356838 0.000000 0.000000 6.271931 -1.933901 -4.817211 25.211361 -2.865758 11.970105 12.490208 0.000000 0.000000 7.171951 0.000000 0.000000 -1.013052 -2.505694 -6.799366 30.799122 0.981801 12.175998 44.113776 0.000000 0.000000 13.580524 0.000000 0.000000 -3.109834 -2.403556 -3.139792 34.405997 27.345984 92.348233 19.356108 0.000000 0.000000 28.586925 0.000000 0.000000 -4.610124 -2.491975 -2.359596 0.000000 0.000000 0.000000 0.000000 0.000000 0.000000 0.000000 0.000000 0.000000 0.000000 0.000000 0.000000 0.000000 0.000000 0.000000 0.000000 0.000000 0.000000 0.000000 0.000000 0.000000 0.000000 0.000000 0.000000 
0.000000 89.700000 0.000000 0.000000 0.000000 0.000000 -0.241504 5.029849 -3.367900 2.101917 -4.052212 -2.517839 -1.136433 0.383691 1.111787 0.177676 0.055945 4.679140 0.495103 -3.688022 -3.151902 0.000000 0.000000 0.000000 1.169393 -12.623046 -13.780913 0.003033 -21.009112 -16.572402 41.501935 -43.780391 -37.502611 49.211849 12.812418 18.219689 -30.834489 6.754932 6.863591 -14.768114 0.000000 0.000000 2.635240 0.000000 0.000000 0.022390 -0.001199 4.934506 -12.746846 -5.557500 10.628206 -25.337420 0.000000 0.000000 -4.534254 0.000000 0.000000 2.447046 -0.079831 2.056764 -15.771503 -54.601130 109.079519 -27.451232 0.000000 0.000000 -15.810828 0.000000 0.000000 4.260386 -0.094452 1.375350 -21.004198 7.430625 9.303415 -20.889372 0.000000 0.000000 -4.827392 0.000000 0.000000 -6.917769 0.291382 2.291170 -4.733973 15.645781 10.397441 -20.170368 0.000000 0.000000 -10.027703 0.000000 0.000000 0.441624 -0.014543 2.538997 0.202656 13.930954 -12.783229 2.172577 23.297511 -16.476387 -50.007455 45.349324 -40.783107 -50.661015 -9.902950 37.935659 68.337223 -15.032150 -3.549730 16.582057 0.000000 0.000000 7.685701 0.000000 0.000000 -7.969741 -5.107087 -8.050663 66.549791 6.362024 14.109020 22.312766 0.000000 0.000000 15.403685 0.000000 0.000000 6.271931 -1.933901 -4.817211 37.609009 2.980760 13.844544 13.341939 0.000000 0.000000 10.582390 0.000000 0.000000 -1.013052 -2.505694 -6.799366 21.504531 1.703397 11.228708 34.627940 0.000000 0.000000 9.407464 0.000000 0.000000 -3.109834 -2.403556 -3.139792 32.799633 27.036403 83.532691 14.585475 0.000000 0.000000 19.205934 0.000000 0.000000 -4.610124 -2.491975 -2.359596 0.000000 0.000000 0.000000 0.000000 0.000000 0.000000 0.000000 0.000000 0.000000 0.000000 0.000000 0.000000 0.000000 0.000000 0.000000 0.000000 0.000000 0.000000 0.000000 0.000000 0.000000 0.000000 0.000000 0.000000 
0.000000 89.700000 0.000000 0.000000 0.000000 0.000000 -0.096163 4.932297 -3.703804 2.170935 -4.061385 -1.961872 -1.259685 0.462039 0.811878 0.387074 0.591668 4.628449 0.279088 -3.835493 -2.914411 0.000000 0.000000 0.000000 2.205603 -13.760642 -13.894078 -0.481604 -21.884295 -15.113659 44.969737 -49.857010 -36.823901 39.730669 8.277738 19.088484 -15.559457 4.557341 6.272151 -9.770805 0.000000 0.000000 5.786417 0.000000 0.000000 0.022390 -0.001199 4.934506 -1.857740 -5.783217 9.725988 -19.692146 0.000000 0.000000 -0.760460 0.000000 0.000000 2.447046 -0.079831 2.056764 -15.658201 -52.677079 108.506986 -23.513784 0.000000 0.000000 -7.625416 0.000000 0.000000 4.260386 -0.094452 1.375350 -7.568378 6.478882 8.410992 -16.023234 0.000000 0.000000 -4.055320 0.000000 0.000000 -6.917769 0.291382 2.291170 5.493157 13.891462 11.801522 -17.304647 0.000000 0.000000 -8.182342 0.000000 0.000000 0.441624 -0.014543 2.538997 -0.711113 14.814737 -12.805436 2.574057 24.238362 -15.309438 -56.835741 52.964670 -42.240429 -41.804200 -5.986572 39.378155 59.609437 -13.488772 -6.904674 12.025213 0.000000 0.000000 5.526004 0.000000 0.000000 -7.969741 -5.107087 -8.050663 58.444798 8.525577 14.622375 20.146254 0.000000 0.000000 14.674847 0.000000 0.000000 6.271931 -1.933901 -4.817211 28.461967 4.515635 14.659756 13.211425 0.000000 0.000000 11.791494 0.000000 0.000000 -1.013052 -2.505694 -6.799366 12.172049 2.387885 10.949948 26.136784 0.000000 0.000000 5.091572 0.000000 0.000000 -3.109834 -2.403556 -3.139792 29.446162 28.945217 78.631226 12.493653 0.000000 0.000000 11.218576 0.000000 0.000000 -4.610124 -2.491975 -2.359596 0.000000 0.000000 0.000000 0.000000 0.000000 0.000000 0.000000 0.000000 0.000000 0.000000 0.000000 0.000000 0.000000 0.000000 0.000000 0.000000 0.000000 0.000000 0.000000 0.000000 0.000000 0.000000 0.000000 0.000000 
0.000000 89.700000 0.000000 0.000000 0.000000 0.000000 -0.029438 4.764550 -4.089684 2.273249 -4.035931 -1.339973 -1.383744 0.544407 0.433430 0.575785 1.140487 4.499190 0.074225 -4.037128 -2.702291 0.000000 0.000000 0.000000 3.672953 -14.973869 -14.111990 -0.555159 -22.803368 -13.628698 49.107525 -56.484072 -37.176569 33.526143 1.857011 19.433773 -8.742933 3.021674 6.820790 -8.467305 0.000000 0.000000 6.702621 0.000000 0.000000 0.022390 -0.001199 4.934506 2.577726 -5.625640 8.695456 -16.825578 0.000000 0.000000 2.038620 0.000000 0.000000 2.447046 -0.079831 2.056764 -18.292002 -50.926069 109.185220 -20.072522 0.000000 0.000000 -2.745896 0.000000 0.000000 4.260386 -0.094452 1.375350 -2.790777 4.804610 9.325972 -14.899833 0.000000 0.000000 -4.903064 0.000000 0.000000 -6.917769 0.291382 2.291170 7.640105 12.011076 12.771926 -16.100437 0.000000 0.000000 -7.238674 0.000000 0.000000 0.441624 -0.014543 2.538997 -1.938663 15.816998 -12.956183 2.725060 25.228147 -14.112007 -66.988524 61.254348 -47.148787 -34.106469 -3.412145 37.489229 37.488325 -10.868197 -6.652772 8.827666 0.000000 0.000000 1.256378 0.000000 0.000000 -7.969741 -5.107087 -8.050663 33.108895 7.040320 14.869728 18.061867 0.000000 0.000000 10.259427 0.000000 0.000000 6.271931 -1.933901 -4.817211 8.522264 1.288046 14.923123 12.359762 0.000000 0.000000 9.860958 0.000000 0.000000 -1.013052 -2.505694 -6.799366 6.926629 2.729150 11.225269 20.811739 0.000000 0.000000 1.005530 0.000000 0.000000 -3.109834 -2.403556 -3.139792 25.435716 33.012873 80.311289 13.154705 0.000000 0.000000 7.778054 0.000000 0.000000 -4.610124 -2.491975 -2.359596 0.000000 0.000000 0.000000 0.000000 0.000000 0.000000 0.000000 0.000000 0.000000 0.000000 0.000000 0.000000 0.000000 0.000000 0.000000 0.000000 0.000000 0.000000 0.000000 0.000000 0.000000 0.000000 0.000000 0.000000 
0.000000 89.700000 0.000000 0.000000 0.000000 0.000000 -0.063242 4.552496 -4.460311 2.396836 -3.976958 -0.746567 -1.496039 0.625210 0.039492 0.719571 1.615304 4.296773 -0.088562 -4.283270 -2.555164 0.000000 0.000000 0.000000 5.371321 -16.056432 -14.442870 -0.286657 -23.708476 -12.335826 53.857607 -62.560996 -39.002018 31.144016 -5.468466 19.124311 -15.875090 2.648126 7.708662 -10.511285 0.000000 0.000000 5.744572 0.000000 0.000000 0.022390 -0.001199 4.934506 -4.123389 -4.914969 7.832149 -17.672062 0.000000 0.000000 3.723973 0.000000 0.000000 2.447046 -0.079831 2.056764 -22.576317 -49.434058 110.841361 -18.625466 0.000000 0.000000 -3.720586 0.000000 0.000000 4.260386 -0.094452 1.375350 -10.241542 2.960532 11.349227 -17.389714 0.000000 0.000000 -6.317252 0.000000 0.000000 -6.917769 0.291382 2.291170 -2.311476 10.104279 13.066253 -17.324922 0.000000 0.000000 -6.907757 0.000000 0.000000 0.441624 -0.014543 2.538997 -3.294408 16.791743 -13.231539 2.684420 26.167764 -13.045712 -79.879967 68.226104 -56.363280 -28.774520 -1.402874 33.017715 23.502648 -8.175589 -2.811804 7.474970 0.000000 0.000000 -3.807442 0.000000 0.000000 -7.969741 -5.107087 -8.050663 16.221700 3.508731 14.937884 16.715565 0.000000 0.000000 4.311014 0.000000 0.000000 6.271931 -1.933901 -4.817211 -2.549957 -4.035031 14.986841 11.491766 0.000000 0.000000 5.682380 0.000000 0.000000 -1.013052 -2.505694 -6.799366 6.836469 2.603081 11.477663 19.444431 0.000000 0.000000 -2.330634 0.000000 0.000000 -3.109834 -2.403556 -3.139792 22.339640 37.380263 87.493422 15.475340 0.000000 0.000000 10.013983 0.000000 0.000000 -4.610124 -2.491975 -2.359596 0.000000 0.000000 0.000000 0.000000 0.000000 0.000000 0.000000 0.000000 0.000000 0.000000 0.000000 0.000000 0.000000 0.000000 0.000000 0.000000 0.000000 0.000000 0.000000 0.000000 0.000000 0.000000 0.000000 0.000000 
0.000000 89.700000 0.000000 0.000000 0.000000 0.000000 -0.165541 4.339705 -4.731841 2.515616 -3.901323 -0.290362 -1.582977 0.690306 -0.292103 0.816006 1.959432 4.049587 -0.191897 -4.542551 -2.493791 0.000000 0.000000 0.000000 6.971364 -16.842360 -14.826584 0.188783 -24.465514 -11.422794 58.647815 -67.133788 -41.880598 30.752460 -12.202291 18.219596 -25.361182 2.921472 8.233578 -13.785924 0.000000 0.000000 4.349225 0.000000 0.000000 0.022390 -0.001199 4.934506 -11.779252 -4.208367 7.150400 -20.867759 0.000000 0.000000 4.645400 0.000000 0.000000 2.447046 -0.079831 2.056764 -26.501933 -48.185961 113.026806 -19.246971 0.000000 0.000000 -9.299316 0.000000 0.000000 4.260386 -0.094452 1.375350 -19.182924 1.459416 13.208398 -21.063346 0.000000 0.000000 -6.689012 0.000000 0.000000 -6.917769 0.291382 2.291170 -14.108379 8.528117 12.988187 -19.756912 0.000000 0.000000 -5.899405 0.000000 0.000000 0.441624 -0.014543 2.538997 -4.510707 17.577249 -13.560715 2.506306 26.929953 -12.280461 -96.199038 73.268991 -70.308664 -25.848192 0.368711 27.622055 25.305141 -6.421051 2.453842 7.801303 0.000000 0.000000 -7.986097 0.000000 0.000000 -7.969741 -5.107087 -8.050663 17.555038 0.105448 14.834520 16.265721 0.000000 0.000000 -1.022606 0.000000 0.000000 6.271931 -1.933901 -4.817211 4.500869 -8.551378 14.998284 11.006006 0.000000 0.000000 0.772417 0.000000 0.000000 -1.013052 -2.505694 -6.799366 12.914626 2.141140 11.142402 21.077142 0.000000 0.000000 -4.528678 0.000000 0.000000 -3.109834 -2.403556 -3.139792 21.211070 40.293689 96.942703 18.023443 0.000000 0.000000 15.607803 0.000000 0.000000 -4.610124 -2.491975 -2.359596 0.000000 0.000000 0.000000 0.000000 0.000000 0.000000 0.000000 0.000000 0.000000 0.000000 0.000000 0.000000 0.000000 0.000000 0.000000 0.000000 0.000000 0.000000 0.000000 0.000000 0.000000 0.000000 0.000000 0.000000 
0.000000 89.700000 0.000000 0.000000 0.000000 0.000000 -0.268613 4.181279 -4.835141 2.603855 -3.835364 -0.052590 -1.634034 0.722414 -0.501846 0.867792 2.156631 3.801732 -0.231105 -4.758272 -2.522343 0.000000 0.000000 0.000000 8.111332 -17.246861 -15.151063 0.759718 -24.891095 -11.013894 61.917148 -69.651359 -44.201670 30.709748 -16.888336 17.006153 -31.408866 3.022522 8.558021 -15.975910 0.000000 0.000000 3.680145 0.000000 0.000000 0.022390 -0.001199 4.934506 -12.179177 -4.059549 6.495613 -23.701982 0.000000 0.000000 5.013707 0.000000 0.000000 2.447046 -0.079831 2.056764 -28.617091 -47.502881 115.000473 -20.703788 0.000000 0.000000 -15.646121 0.000000 0.000000 4.260386 -0.094452 1.375350 -24.584661 0.529163 14.293443 -23.411098 0.000000 0.000000 -5.476596 0.000000 0.000000 -6.917769 0.291382 2.291170 -18.971068 7.747565 13.002022 -21.314706 0.000000 0.000000 -3.459426 0.000000 0.000000 0.441624 -0.014543 2.538997 -5.317280 18.035649 -13.832484 2.191744 27.365165 -11.963510 -108.727904 75.025837 -81.819887 -24.362482 1.131670 23.004018 25.208570 -5.659607 6.117462 8.617472 0.000000 0.000000 -10.538973 0.000000 0.000000 -7.969741 -5.107087 -8.050663 18.150275 -1.940103 14.372767 15.982921 0.000000 0.000000 -4.911646 0.000000 0.000000 6.271931 -1.933901 -4.817211 10.136963 -11.135758 14.999307 10.750505 0.000000 0.000000 -3.430978 0.000000 0.000000 -1.013052 -2.505694 -6.799366 13.305457 1.484857 9.886550 23.057422 0.000000 0.000000 -5.711986 0.000000 0.000000 -3.109834 -2.403556 -3.139792 21.710618 41.626286 105.377542 19.637234 0.000000 0.000000 19.969839 0.000000 0.000000 -4.610124 -2.491975 -2.359596 0.000000 0.000000 0.000000 0.000000 0.000000 0.000000 0.000000 0.000000 0.000000 0.000000 0.000000 0.000000 0.000000 0.000000 0.000000 0.000000 0.000000 0.000000 0.000000 0.000000 0.000000 0.000000 0.000000 0.000000 
0.000000 89.700000 0.000000 0.000000 0.000000 0.000000 -0.310677 4.115992 -4.737259 2.647511 -3.801753 -0.064800 -1.644825 0.711853 -0.570973 0.874457 2.216064 3.601567 -0.209247 -4.864417 -2.632442 0.000000 0.000000 0.000000 8.531363 -17.265555 -15.314194 1.360462 -24.851957 -11.150126 61.902980 -69.961617 -44.117764 31.114325 -18.666039 15.895801 -26.638580 2.586380 9.223782 -15.884227 0.000000 0.000000 4.005365 0.000000 0.000000 0.022390 -0.001199 4.934506 -10.524123 -4.496797 5.834896 -24.078879 0.000000 0.000000 4.891554 0.000000 0.000000 2.447046 -0.079831 2.056764 -28.384345 -47.761883 116.267765 -21.703905 0.000000 0.000000 -19.086353 0.000000 0.000000 4.260386 -0.094452 1.375350 -21.131622 0.147360 14.750305 -23.364426 0.000000 0.000000 -3.452722 0.000000 0.000000 -6.917769 0.291382 2.291170 -17.139271 7.824679 13.322052 -20.782521 0.000000 0.000000 -0.429475 0.000000 0.000000 0.441624 -0.014543 2.538997 -5.539283 18.093853 -13.951330 1.720693 27.365901 -12.167697 -107.209730 74.916689 -80.175341 -23.264696 -0.039028 20.201923 24.370300 -5.065449 6.372024 8.453354 0.000000 0.000000 -11.712496 0.000000 0.000000 -7.969741 -5.107087 -8.050663 16.211737 -2.509499 13.147217 14.779817 0.000000 0.000000 -7.422776 0.000000 0.000000 6.271931 -1.933901 -4.817211 6.271044 -12.241894 14.995970 10.370855 0.000000 0.000000 -5.873274 0.000000 0.000000 -1.013052 -2.505694 -6.799366 12.904928 0.941366 7.678705 22.667514 0.000000 0.000000 -6.359850 0.000000 0.000000 -3.109834 -2.403556 -3.139792 22.332379 42.369693 110.739115 19.665091 0.000000 0.000000 19.412845 0.000000 0.000000 -4.610124 -2.491975 -2.359596 0.000000 0.000000 0.000000 0.000000 0.000000 0.000000 0.000000 0.000000 0.000000 0.000000 0.000000 0.000000 0.000000 0.000000 0.000000 0.000000 0.000000 0.000000 0.000000 0.000000 0.000000 0.000000 0.000000 0.000000 
0.000000 89.700000 0.000000 0.000000 0.000000 0.000000 -0.271329 4.141486 -4.445180 2.642372 -3.806853 -0.315373 -1.614518 0.663797 -0.514990 0.835481 2.142506 3.482663 -0.132405 -4.820579 -2.806528 0.000000 0.000000 0.000000 8.168477 -16.942183 -15.281176 1.937880 -24.351696 -11.791180 58.570987 -68.109788 -41.571859 32.972233 -17.672729 15.270434 -21.620804 1.825110 10.449659 -13.778830 0.000000 0.000000 5.034459 0.000000 0.000000 0.022390 -0.001199 4.934506 -7.137421 -5.258595 5.390160 -21.856629 0.000000 0.000000 4.509720 0.000000 0.000000 2.447046 -0.079831 2.056764 -25.834640 -48.867968 116.982646 -21.917493 0.000000 0.000000 -17.917850 0.000000 0.000000 4.260386 -0.094452 1.375350 -17.217153 0.268466 14.910463 -21.266578 0.000000 0.000000 -1.646735 0.000000 0.000000 -6.917769 0.291382 2.291170 -9.582991 8.523496 13.847466 -18.329098 0.000000 0.000000 1.664474 0.000000 0.000000 0.441624 -0.014543 2.538997 -5.159544 17.765565 -13.884839 1.115741 26.935103 -12.858559 -94.513274 73.247210 -68.339264 -22.458006 -3.251645 19.339615 21.527286 -3.895625 3.973261 6.801457 0.000000 0.000000 -12.150706 0.000000 0.000000 -7.969741 -5.107087 -8.050663 12.222373 -2.258288 10.812685 12.153827 0.000000 0.000000 -8.957036 0.000000 0.000000 6.271931 -1.933901 -4.817211 0.890599 -12.930627 14.978844 9.703097 0.000000 0.000000 -6.312654 0.000000 0.000000 -1.013052 -2.505694 -6.799366 10.119775 1.267180 5.092433 19.275916 0.000000 0.000000 -6.807577 0.000000 0.000000 -3.109834 -2.403556 -3.139792 21.582071 43.252732 112.858757 18.229918 0.000000 0.000000 13.510255 0.000000 0.000000 -4.610124 -2.491975 -2.359596 0.000000 0.000000 0.000000 0.000000 0.000000 0.000000 0.000000 0.000000 0.000000 0.000000 0.000000 0.000000 0.000000 0.000000 0.000000 0.000000 0.000000 0.000000 0.000000 0.000000 0.000000 0.000000 0.000000 0.000000 
0.000000 89.700000 0.000000 0.000000 0.000000 0.000000 -0.181966 4.222346 -4.008000 2.589973 -3.839134 -0.754098 -1.544106 0.596069 -0.364297 0.751727 1.923565 3.452898 -0.008399 -4.641081 -3.024118 0.000000 0.000000 0.000000 7.164779 -16.340603 -15.091838 2.435495 -23.531648 -12.833300 53.729245 -64.316129 -38.410696 36.381114 -14.865299 15.360931 -18.847921 1.279844 11.977231 -10.916166 0.000000 0.000000 6.293324 0.000000 0.000000 0.022390 -0.001199 4.934506 -4.640368 -6.066515 5.528469 -18.628437 0.000000 0.000000 4.112239 0.000000 0.000000 2.447046 -0.079831 2.056764 -21.630368 -50.082099 117.561488 -21.794946 0.000000 0.000000 -12.902677 0.000000 0.000000 4.260386 -0.094452 1.375350 -14.867596 0.959125 14.967655 -18.240881 0.000000 0.000000 -0.514581 0.000000 0.000000 -6.917769 0.291382 2.291170 -0.284174 9.677634 14.334447 -14.946816 0.000000 0.000000 2.297478 0.000000 0.000000 0.441624 -0.014543 2.538997 -4.311341 17.142158 -13.668908 0.459548 26.191827 -13.908006 -77.879146 68.814342 -53.719235 -22.886774 -7.669497 19.818344 12.655836 -2.281294 1.705140 4.584714 0.000000 0.000000 -12.300780 0.000000 0.000000 -7.969741 -5.107087 -8.050663 5.818773 -2.265196 7.659552 8.657856 0.000000 0.000000 -9.944668 0.000000 0.000000 6.271931 -1.933901 -4.817211 -5.088087 -14.118336 14.918654 8.870193 0.000000 0.000000 -5.340228 0.000000 0.000000 -1.013052 -2.505694 -6.799366 0.874186 2.933226 3.412944 14.870350 0.000000 0.000000 -6.896332 0.000000 0.000000 -3.109834 -2.403556 -3.139792 19.197138 43.899352 113.063935 16.549586 0.000000 0.000000 5.398263 0.000000 0.000000 -4.610124 -2.491975 -2.359596 0.000000 0.000000 0.000000 0.000000 0.000000 0.000000 0.000000 0.000000 0.000000 0.000000 0.000000 0.000000 0.000000 0.000000 0.000000 0.000000 0.000000 0.000000 0.000000 0.000000 0.000000 0.000000 0.000000 0.000000 
0.000000 89.700000 0.000000 0.000000 0.000000 0.000000 -0.103098 4.322251 -3.517442 2.500019 -3.879651 -1.286811 -1.440892 0.530013 -0.153905 0.623219 1.551305 3.499121 0.152518 -4.387590 -3.267536 0.000000 0.000000 0.000000 5.793993 -15.539497 -14.820964 2.809917 -22.591670 -14.123278 49.114138 -59.148565 -36.376718 39.898564 -11.290392 16.180602 -14.750753 1.485580 13.300542 -8.645716 0.000000 0.000000 7.249454 0.000000 0.000000 0.022390 -0.001199 4.934506 -2.691667 -6.633065 6.345768 -16.324544 0.000000 0.000000 3.581689 0.000000 0.000000 2.447046 -0.079831 2.056764 -17.319285 -50.410646 118.122023 -21.776867 0.000000 0.000000 -6.932635 0.000000 0.000000 4.260386 -0.094452 1.375350 -12.556449 2.215798 14.989666 -15.619950 0.000000 0.000000 -0.014614 0.000000 0.000000 -6.917769 0.291382 2.291170 -3.556469 11.143275 14.565113 -11.859655 0.000000 0.000000 2.089107 0.000000 0.000000 0.441624 -0.014543 2.538997 -3.213837 16.356680 -13.375317 -0.139386 25.308954 -15.135589 -65.497492 62.621661 -44.564915 -25.650392 -11.894853 20.753792 7.375885 -1.052671 2.057836 3.465404 0.000000 0.000000 -12.066202 0.000000 0.000000 -7.969741 -5.107087 -8.050663 4.459015 -3.346029 4.843751 5.632222 0.000000 0.000000 -10.432134 0.000000 0.000000 6.271931 -1.933901 -4.817211 -3.858713 -15.915325 14.767977 8.159941 0.000000 0.000000 -3.866292 0.000000 0.000000 -1.013052 -2.505694 -6.799366 -3.084524 5.296294 3.843682 12.527070 0.000000 0.000000 -6.033563 0.000000 0.000000 -3.109834 -2.403556 -3.139792 16.531587 42.963879 112.623590 16.535741 0.000000 0.000000 0.012965 0.000000 0.000000 -4.610124 -2.491975 -2.359596 0.000000 0.000000 0.000000 0.000000 0.000000 0.000000 0.000000 0.000000 0.000000 0.000000 0.000000 0.000000 0.000000 0.000000 0.000000 0.000000 0.000000 0.000000 0.000000 0.000000 0.000000 0.000000 0.000000 0.000000 
0.000000 89.700000 0.000000 0.000000 0.000000 0.000000 -0.079489 4.424583 -3.084939 2.391620 -3.913325 -1.791421 -1.323005 0.482140 0.077125 0.453907 1.054677 3.597520 0.337518 -4.128266 -3.520158 0.000000 0.000000 0.000000 4.348518 -14.634419 -14.533517 3.032800 -21.701263 -15.466557 45.456955 -53.508943 -36.029043 41.946712 -7.599697 17.513658 -13.732597 2.617100 14.018380 -7.575117 0.000000 0.000000 7.587599 0.000000 0.000000 0.022390 -0.001199 4.934506 -0.177060 -6.782445 7.414605 -15.854916 0.000000 0.000000 2.669382 0.000000 0.000000 2.447046 -0.079831 2.056764 -14.622171 -49.397042 118.321093 -21.911506 0.000000 0.000000 -3.404398 0.000000 0.000000 4.260386 -0.094452 1.375350 -12.657545 3.763139 14.997384 -14.322861 0.000000 0.000000 0.022833 0.000000 0.000000 -6.917769 0.291382 2.291170 -7.876901 12.616109 14.392048 -10.091825 0.000000 0.000000 1.735689 0.000000 0.000000 0.441624 -0.014543 2.538997 -2.089493 15.539617 -13.073665 -0.583926 24.436462 -16.347281 -56.537470 55.173446 -39.982555 -31.163543 -14.524636 21.409423 8.622030 -0.801703 5.021183 4.635399 0.000000 0.000000 -10.871176 0.000000 0.000000 -7.969741 -5.107087 -8.050663 6.943897 -5.337514 3.713690 4.423666 0.000000 0.000000 -9.955269 0.000000 0.000000 6.271931 -1.933901 -4.817211 0.099756 -17.466133 14.505600 7.789937 0.000000 0.000000 -2.588427 0.000000 0.000000 -1.013052 -2.505694 -6.799366 0.074793 7.283703 6.267982 14.235154 0.000000 0.000000 -3.512496 0.000000 0.000000 -3.109834 -2.403556 -3.139792 15.608916 39.398609 111.796301 19.254053 0.000000 0.000000 0.825762 0.000000 0.000000 -4.610124 -2.491975 -2.359596 0.000000 0.000000 0.000000 0.000000 0.000000 0.000000 0.000000 0.000000 0.000000 0.000000 0.000000 0.000000 0.000000 0.000000 0.000000 0.000000 0.000000 0.000000 0.000000 0.000000 0.000000 0.000000 0.000000 0.000000 
0.000000 89.700000 0.000000 0.000000 0.000000 0.000000 -0.109705 4.526990 -2.794400 2.286257 -3.932825 -2.166022 -1.215117 0.460910 0.290290 0.261551 0.504143 3.723451 0.530396 -3.903848 -3.762483 0.000000 0.000000 0.000000 3.043550 -13.726998 -14.267440 3.066228 -20.964047 -16.655505 42.881344 -48.354964 -37.053830 42.710354 -4.258170 18.984583 -15.252050 4.348980 14.026662 -7.456180 0.000000 0.000000 7.331637 0.000000 0.000000 0.022390 -0.001199 4.934506 2.327530 -6.598431 8.139147 -16.799566 0.000000 0.000000 1.493472 0.000000 0.000000 2.447046 -0.079831 2.056764 -14.022608 -47.760908 117.616620 -22.094238 0.000000 0.000000 -4.018455 0.000000 0.000000 4.260386 -0.094452 1.375350 -14.431055 5.142238 14.999506 -14.461139 0.000000 0.000000 -0.407031 0.000000 0.000000 -6.917769 0.291382 2.291170 -12.048758 13.640719 13.732705 -10.064246 0.000000 0.000000 1.452980 0.000000 0.000000 0.441624 -0.014543 2.538997 -1.097153 14.786604 -12.808332 -0.802502 23.665415 -17.370321 -50.435827 49.051072 -38.386988 -38.953920 -14.738550 21.435679 14.608725 -1.274116 8.440692 8.088256 0.000000 0.000000 -8.082452 0.000000 0.000000 -7.969741 -5.107087 -8.050663 12.247004 -7.196211 4.843751 5.610495 0.000000 0.000000 -7.984722 0.000000 0.000000 6.271931 -1.933901 -4.817211 3.795392 -17.814242 14.209362 7.741342 0.000000 0.000000 -1.571733 0.000000 0.000000 -1.013052 -2.505694 -6.799366 10.253689 8.587399 9.168055 19.736764 0.000000 0.000000 1.047078 0.000000 0.000000 -3.109834 -2.403556 -3.139792 17.473255 34.027066 110.627001 23.585681 0.000000 0.000000 7.302928 0.000000 0.000000 -4.610124 -2.491975 -2.359596 0.000000 0.000000 0.000000 0.000000 0.000000 0.000000 0.000000 0.000000 0.000000 0.000000 0.000000 0.000000 0.000000 0.000000 0.000000 0.000000 0.000000 0.000000 0.000000 0.000000 0.000000 0.000000 0.000000 0.000000 
0.000000 89.700000 0.000000 0.000000 0.000000 0.000000 -0.157014 4.627491 -2.666962 2.198930 -3.937240 -2.371123 -1.137534 0.467555 0.460024 0.078193 -0.016195 3.857332 0.709419 -3.728652 -3.975597 0.000000 0.000000 0.000000 1.980151 -12.903359 -14.039166 2.854137 -20.432899 -17.523546 41.344102 -44.374735 -38.802650 43.881273 -1.846317 20.216148 -20.657296 6.043454 13.461238 -7.700316 0.000000 0.000000 6.613237 0.000000 0.000000 0.022390 -0.001199 4.934506 -0.787756 -6.304904 8.266095 -18.089367 0.000000 0.000000 0.462030 0.000000 0.000000 2.447046 -0.079831 2.056764 -14.376472 -47.013024 115.711103 -22.494570 0.000000 0.000000 -8.247582 0.000000 0.000000 4.260386 -0.094452 1.375350 -19.271602 5.893052 14.999933 -15.513980 0.000000 0.000000 -1.547711 0.000000 0.000000 -6.917769 0.291382 2.291170 -18.574500 13.783508 12.663882 -11.388782 0.000000 0.000000 1.065671 0.000000 0.000000 0.441624 -0.014543 2.538997 -0.302427 14.148091 -12.591370 -0.752725 23.040387 -18.088927 -47.101087 44.901827 -38.670172 -47.671718 -12.671432 20.865226 21.928025 -1.751550 10.416564 12.710117 0.000000 0.000000 -3.700351 0.000000 0.000000 -7.969741 -5.107087 -8.050663 20.353572 -7.868369 7.659552 8.636242 0.000000 0.000000 -4.575455 0.000000 0.000000 6.271931 -1.933901 -4.817211 16.744406 -16.806202 14.041452 7.868944 0.000000 0.000000 -0.213397 0.000000 0.000000 -1.013052 -2.505694 -6.799366 20.812465 9.625288 11.015407 26.915293 0.000000 0.000000 7.120330 0.000000 0.000000 -3.109834 -2.403556 -3.139792 21.320230 29.442727 109.883184 26.933470 0.000000 0.000000 15.427025 0.000000 0.000000 -4.610124 -2.491975 -2.359596 0.000000 0.000000 0.000000 0.000000 0.000000 0.000000 0.000000 0.000000 0.000000 0.000000 0.000000 0.000000 0.000000 0.000000 0.000000 0.000000 0.000000 0.000000 0.000000 0.000000 0.000000 0.000000 0.000000 0.000000 
0.000000 89.700000 0.000000 0.000000 0.000000 0.000000 -0.183487 4.719380 -2.668243 2.135190 -3.928672 -2.428594 -1.098958 0.497727 0.580051 -0.062896 -0.442073 3.983789 0.849260 -3.606385 -4.145904 0.000000 0.000000 0.000000 1.165840 -12.217388 -13.850162 2.352022 -20.126552 -17.987177 40.743518 -41.839872 -40.660129 46.270842 -0.820359 21.008398 -28.666180 7.133139 12.571938 -7.862468 0.000000 0.000000 5.545869 0.000000 0.000000 0.022390 -0.001199 4.934506 -8.017759 -6.054616 7.950209 -18.882904 0.000000 0.000000 -0.215808 0.000000 0.000000 2.447046 -0.079831 2.056764 -14.238880 -47.952676 112.917862 -23.424546 0.000000 0.000000 -14.335516 0.000000 0.000000 4.260386 -0.094452 1.375350 -25.578556 5.713435 14.999994 -16.774448 0.000000 0.000000 -3.482427 0.000000 0.000000 -6.917769 0.291382 2.291170 -21.756768 12.931669 11.530856 -13.088751 0.000000 0.000000 0.290398 0.000000 0.000000 0.441624 -0.014543 2.538997 0.307005 13.637748 -12.407820 -0.429534 22.580779 -18.462108 -46.123966 42.502188 -40.045625 -55.224863 -9.284846 19.957974 22.574773 -1.805047 10.756011 16.910520 0.000000 0.000000 1.171856 0.000000 0.000000 -7.969741 -5.107087 -8.050663 29.252980 -7.073352 10.812688 12.073218 0.000000 0.000000 -0.607434 0.000000 0.000000 6.271931 -1.933901 -4.817211 34.374702 -15.008273 14.093828 8.052532 0.000000 0.000000 1.954391 0.000000 0.000000 -1.013052 -2.505694 -6.799366 10.424215 10.630401 11.336500 33.129518 0.000000 0.000000 13.093515 0.000000 0.000000 -3.109834 -2.403556 -3.139792 25.162789 27.690715 110.470741 27.671771 0.000000 0.000000 21.244040 0.000000 0.000000 -4.610124 -2.491975 -2.359596 0.000000 0.000000 0.000000 0.000000 0.000000 0.000000 0.000000 0.000000 0.000000 0.000000 0.000000 0.000000 0.000000 0.000000 0.000000 0.000000 0.000000 0.000000 0.000000 0.000000 0.000000 0.000000 0.000000 0.000000 
0.000000 89.700000 0.000000 0.000000 0.000000 0.000000 -0.171252 4.793799 -2.743248 2.092815 -3.908391 -2.388445 -1.096490 0.543120 0.657133 -0.143051 -0.747798 4.089766 0.931820 -3.534060 -4.264685 0.000000 0.000000 0.000000 0.554303 -11.684207 -13.687361 1.559141 -20.025015 -18.043487 40.894431 -40.670244 -42.241430 48.672087 -1.035798 21.429067 -33.860902 7.481426 11.637859 -7.813946 0.000000 0.000000 4.329765 0.000000 0.000000 0.022390 -0.001199 4.934506 -12.606282 -5.845428 7.477210 -18.996304 0.000000 0.000000 -0.691485 0.000000 0.000000 2.447046 -0.079831 2.056764 -13.300073 -49.771942 110.142971 -24.761994 0.000000 0.000000 -20.244860 0.000000 0.000000 4.260386 -0.094452 1.375350 -26.834382 4.720250 15.000000 -17.665989 0.000000 0.000000 -5.696010 0.000000 0.000000 -6.917769 0.291382 2.291170 -22.767090 11.480386 10.808018 -14.214038 0.000000 0.000000 -0.896093 0.000000 0.000000 0.441624 -0.014543 2.538997 0.781706 13.246481 -12.229530 0.133644 22.281562 -18.506051 -46.744032 41.903007 -41.442757 -59.650988 -5.794021 19.037873 22.009056 -1.564793 10.362240 19.478713 0.000000 0.000000 4.874690 0.000000 0.000000 -7.969741 -5.107087 -8.050663 29.903595 -5.436205 13.147281 14.582201 0.000000 0.000000 2.697855 0.000000 0.000000 6.271931 -1.933901 -4.817211 37.512404 -13.147193 14.291785 8.148227 0.000000 0.000000 4.378749 0.000000 0.000000 -1.013052 -2.505694 -6.799366 3.113059 11.185022 10.495029 36.592864 0.000000 0.000000 17.105238 0.000000 0.000000 -3.109834 -2.403556 -3.139792 27.429668 28.476867 112.269726 26.495515 0.000000 0.000000 23.811869 0.000000 0.000000 -4.610124 -2.491975 -2.359596 0.000000 0.000000 0.000000 0.000000 0.000000 0.000000 0.000000 0.000000 0.000000 0.000000 0.000000 0.000000 0.000000 0.000000 0.000000 0.000000 0.000000 0.000000 0.000000 0.000000 0.000000 0.000000 0.000000 0.000000 
0.000000 89.700000 0.000000 0.000000 0.000000 0.000000 -0.122770 4.842169 -2.845562 2.065101 -3.876011 -2.299567 -1.118475 0.594358 0.704544 -0.164170 -0.946226 4.167038 0.957980 -3.499286 -4.329228 0.000000 0.000000 0.000000 0.070043 -11.279145 -13.524052 0.510922 -20.065785 -17.733171 41.525440 -40.575319 -43.412982 49.538224 -1.789500 21.759392 -33.165684 7.411300 10.926239 -7.661267 0.000000 0.000000 3.306779 0.000000 0.000000 0.022390 -0.001199 4.934506 -12.657756 -5.531373 7.036946 -18.792814 0.000000 0.000000 -1.150251 0.000000 0.000000 2.447046 -0.079831 2.056764 -12.185834 -50.983380 108.284913 -25.967171 0.000000 0.000000 -24.411120 0.000000 0.000000 4.260386 -0.094452 1.375350 -23.501829 3.516008 15.000000 -17.905403 0.000000 0.000000 -7.340261 0.000000 0.000000 -6.917769 0.291382 2.291170 -21.747178 10.070564 10.762529 -14.424420 0.000000 0.000000 -2.110764 0.000000 0.000000 0.441624 -0.014543 2.538997 1.182837 12.949997 -12.029741 0.890398 22.106238 -18.254988 -47.827117 42.299794 -42.480304 -60.343759 -3.070687 18.390242 21.045410 -1.429784 10.040261 20.124563 0.000000 0.000000 6.389570 0.000000 0.000000 -7.969741 -5.107087 -8.050663 26.284172 -3.933199 14.373406 15.704932 0.000000 0.000000 4.518379 0.000000 0.000000 6.271931 -1.933901 -4.817211 31.419953 -11.683159 14.498151 8.050516 0.000000 0.000000 5.907741 0.000000 0.000000 -1.013052 -2.505694 -6.799366 0.266177 10.615620 9.084023 37.010432 0.000000 0.000000 18.272235 0.000000 0.000000 -3.109834 -2.403556 -3.139792 27.932385 30.134044 114.141714 25.104928 0.000000 0.000000 24.304329 0.000000 0.000000 -4.610124 -2.491975 -2.359596 0.000000 0.000000 0.000000 0.000000 0.000000 0.000000 0.000000 0.000000 0.000000 0.000000 0.000000 0.000000 0.000000 0.000000 0.000000 0.000000 0.000000 0.000000 0.000000 0.000000 0.000000 0.000000 0.000000 0.000000 
0.000000 89.700000 0.000000 0.000000 0.000000 0.000000 -0.052631 4.856467 -2.949654 2.045163 -3.832775 -2.197681 -1.148267 0.644216 0.742299 -0.141892 -1.074684 4.214090 0.948500 -3.481202 -4.346567 0.000000 0.000000 0.000000 -0.385505 -10.943421 -13.324029 -0.764296 -20.159098 -17.099686 42.311292 -41.171809 -44.175182 48.684455 -2.394378 22.332990 -30.126560 7.331193 10.676539 -7.511197 0.000000 0.000000 2.925299 0.000000 0.000000 0.022390 -0.001199 4.934506 -10.203558 -4.903926 6.682514 -18.795662 0.000000 0.000000 -1.438245 0.000000 0.000000 2.447046 -0.079831 2.056764 -11.375109 -50.728970 107.494124 -26.591541 0.000000 0.000000 -26.100713 0.000000 0.000000 4.260386 -0.094452 1.375350 -21.211029 2.740594 15.000000 -17.557083 0.000000 0.000000 -7.848078 0.000000 0.000000 -6.917769 0.291382 2.291170 -20.418892 9.053286 11.283798 -14.096607 0.000000 0.000000 -2.830426 0.000000 0.000000 0.441624 -0.014543 2.538997 1.581365 12.710398 -11.789357 1.823758 21.993568 -17.728631 -48.882087 43.294998 -43.209192 -58.238501 -1.403398 18.173115 19.397782 -1.636749 10.098335 19.268778 0.000000 0.000000 5.815792 0.000000 0.000000 -7.969741 -5.107087 -8.050663 23.524638 -3.119810 14.838594 15.773713 0.000000 0.000000 4.680069 0.000000 0.000000 6.271931 -1.933901 -4.817211 28.355588 -10.569619 14.605483 8.067336 0.000000 0.000000 6.280682 0.000000 0.000000 -1.013052 -2.505694 -6.799366 1.284047 8.687002 7.667638 35.236040 0.000000 0.000000 17.049425 0.000000 0.000000 -3.109834 -2.403556 -3.139792 27.377529 31.568067 114.844821 24.455909 0.000000 0.000000 23.574455 0.000000 0.000000 -4.610124 -2.491975 -2.359596 0.000000 0.000000 0.000000 0.000000 0.000000 0.000000 0.000000 0.000000 0.000000 0.000000 0.000000 0.000000 0.000000 0.000000 0.000000 0.000000 0.000000 0.000000 0.000000 0.000000 0.000000 0.000000 0.000000 0.000000 
0.000000 89.700000 0.000000 0.000000 0.000000 0.000000 0.020593 4.832552 -3.051857 2.029437 -3.784589 -2.101489 -1.169991 0.688601 0.795254 -0.095609 -1.177336 4.231040 0.934002 -3.452044 -4.331403 0.000000 0.000000 0.000000 -0.929317 -10.602082 -13.046167 -2.282862 -20.213492 -16.163499 42.913009 -42.075621 -44.519545 46.968853 -2.564412 23.353072 -27.323285 7.349584 11.037088 -7.335840 0.000000 0.000000 3.589076 0.000000 0.000000 0.022390 -0.001199 4.934506 -7.802398 -3.845549 6.401547 -19.340043 0.000000 0.000000 -1.163829 0.000000 0.000000 2.447046 -0.079831 2.056764 -10.816148 -48.965635 107.143154 -26.427225 0.000000 0.000000 -25.232912 0.000000 0.000000 4.260386 -0.094452 1.375350 -19.986010 2.552623 15.000000 -16.931027 0.000000 0.000000 -7.117649 0.000000 0.000000 -6.917769 0.291382 2.291170 -18.759713 8.266828 11.992748 -13.951776 0.000000 0.000000 -2.879851 0.000000 0.000000 0.441624 -0.014543 2.538997 2.067225 12.481448 -11.491832 2.971113 21.875266 -16.919504 -49.508995 44.418278 -43.559661 -54.848906 -0.667298 18.260202 19.798441 -2.106098 10.605661 17.564926 0.000000 0.000000 3.938535 0.000000 0.000000 -7.969741 -5.107087 -8.050663 21.965433 -2.846466 14.954960 15.435880 0.000000 0.000000 3.472178 0.000000 0.000000 6.271931 -1.933901 -4.817211 26.164415 -9.322203 14.464542 9.123866 0.000000 0.000000 6.747729 0.000000 0.000000 -1.013052 -2.505694 -6.799366 6.179412 5.763227 6.660556 32.464697 0.000000 0.000000 14.630068 0.000000 0.000000 -3.109834 -2.403556 -3.139792 26.337695 32.707188 113.720940 24.587754 0.000000 0.000000 21.745896 0.000000 0.000000 -4.610124 -2.491975 -2.359596 0.000000 0.000000 0.000000 0.000000 0.000000 0.000000 0.000000 0.000000 0.000000 0.000000 0.000000 0.000000 0.000000 0.000000 0.000000 0.000000 0.000000 0.000000 0.000000 0.000000 0.000000 0.000000 0.000000 0.000000 
0.000000 89.700000 0.000000 0.000000 0.000000 0.000000 0.078462 4.777918 -3.163114 2.018104 -3.740363 -2.011962 -1.174777 0.724916 0.882763 -0.043715 -1.291492 4.211080 0.942195 -3.378054 -4.295443 0.000000 0.000000 0.000000 -1.681235 -10.190311 -12.647454 -4.105624 -20.153713 -14.912351 43.014137 -42.982000 -44.356099 45.204652 -2.271177 24.766499 -28.585989 7.278489 11.942288 -7.132252 0.000000 0.000000 5.288795 0.000000 0.000000 0.022390 -0.001199 4.934506 -7.690870 -2.471224 6.199845 -20.490258 0.000000 0.000000 -0.312108 0.000000 0.000000 2.447046 -0.079831 2.056764 -10.400240 -45.931224 106.641000 -25.332682 0.000000 0.000000 -22.247706 0.000000 0.000000 4.260386 -0.094452 1.375350 -21.199874 2.637972 15.000000 -16.381681 0.000000 0.000000 -5.361823 0.000000 0.000000 -6.917769 0.291382 2.291170 -16.795864 7.389577 12.476599 -14.469105 0.000000 0.000000 -2.677552 0.000000 0.000000 0.441624 -0.014543 2.538997 2.746563 12.221648 -11.112661 4.410991 21.688667 -15.797026 -49.369095 45.336960 -43.403886 -51.320887 -0.629635 18.033897 20.738158 -2.679709 11.515188 15.991036 0.000000 0.000000 1.959616 0.000000 0.000000 -7.969741 -5.107087 -8.050663 20.074973 -2.594003 14.914465 15.522252 0.000000 0.000000 1.710202 0.000000 0.000000 6.271931 -1.933901 -4.817211 21.075961 -7.296871 13.821419 12.309684 0.000000 0.000000 8.935570 0.000000 0.000000 -1.013052 -2.505694 -6.799366 7.564963 2.366501 6.207364 29.720493 0.000000 0.000000 12.309217 0.000000 0.000000 -3.109834 -2.403556 -3.139792 24.898656 33.592210 111.061387 25.211488 0.000000 0.000000 19.349900 0.000000 0.000000 -4.610124 -2.491975 -2.359596 0.000000 0.000000 0.000000 0.000000 0.000000 0.000000 0.000000 0.000000 0.000000 0.000000 0.000000 0.000000 0.000000 0.000000 0.000000 0.000000 0.000000 0.000000 0.000000 0.000000 0.000000 0.000000 0.000000 0.000000 
0.000000 89.700000 0.000000 0.000000 0.000000 0.000000 0.102375 4.714547 -3.296133 2.012152 -3.706954 -1.916244 -1.163259 0.750045 1.006349 -0.001647 -1.437435 4.138018 0.988296 -3.226887 -4.237471 0.000000 0.000000 0.000000 -2.740571 -9.674557 -12.085144 -6.305429 -19.922894 -13.305129 42.338184 -43.713642 -43.510782 43.755589 -1.448274 26.249371 -34.129244 6.978337 13.069100 -7.144613 0.000000 0.000000 7.388597 0.000000 0.000000 0.022390 -0.001199 4.934506 -10.227970 -1.104015 6.148617 -22.221521 0.000000 0.000000 0.378122 0.000000 0.000000 2.447046 -0.079831 2.056764 -10.399237 -41.826235 106.128235 -23.317021 0.000000 0.000000 -18.012136 0.000000 0.000000 4.260386 -0.094452 1.375350 -25.209264 2.672540 15.000000 -16.160385 0.000000 0.000000 -3.024499 0.000000 0.000000 -6.917769 0.291382 2.291170 -15.397643 6.512345 12.520592 -15.503199 0.000000 0.000000 -2.920265 0.000000 0.000000 0.441624 -0.014543 2.538997 3.721793 11.907788 -10.613340 6.223678 21.379519 -14.321873 -48.443581 46.013135 -42.622562 -47.974506 -1.113849 16.318993 26.138281 -3.361371 12.498046 16.188580 0.000000 0.000000 1.521607 0.000000 0.000000 -7.969741 -5.107087 -8.050663 20.405789 -1.896995 14.676830 17.192850 0.000000 0.000000 1.022873 0.000000 0.000000 6.271931 -1.933901 -4.817211 15.140821 -3.970510 12.469649 17.978929 0.000000 0.000000 13.301827 0.000000 0.000000 -1.013052 -2.505694 -6.799366 12.231791 -1.058814 6.274411 27.804590 0.000000 0.000000 11.200702 0.000000 0.000000 -3.109834 -2.403556 -3.139792 23.103857 33.711030 108.271043 25.817019 0.000000 0.000000 17.526700 0.000000 0.000000 -4.610124 -2.491975 -2.359596 0.000000 0.000000 0.000000 0.000000 0.000000 0.000000 0.000000 0.000000 0.000000 0.000000 0.000000 0.000000 0.000000 0.000000 0.000000 0.000000 0.000000 0.000000 0.000000 0.000000 0.000000 0.000000 0.000000 0.000000 
0.000000 89.700000 0.000000 0.000000 0.000000 0.000000 0.075619 4.671734 -3.452862 2.008918 -3.685046 -1.796376 -1.142049 0.759620 1.147038 0.022116 -1.612233 3.992746 1.070444 -2.984225 -4.145909 0.000000 0.000000 0.000000 -4.163968 -9.057946 -11.322121 -8.932217 -19.477033 -11.293685 40.634000 -44.207642 -41.737609 42.650685 0.097291 27.318380 -35.834122 6.648473 14.025208 -7.721096 0.000000 0.000000 9.024359 0.000000 0.000000 0.022390 -0.001199 4.934506 -12.593630 0.050572 6.369248 -24.464046 0.000000 0.000000 -0.050328 0.000000 0.000000 2.447046 -0.079831 2.056764 -11.251396 -36.905999 106.145472 -20.825470 0.000000 0.000000 -13.276492 0.000000 0.000000 4.260386 -0.094452 1.375350 -27.176921 2.710379 15.000000 -16.353102 0.000000 0.000000 -0.610585 0.000000 0.000000 -6.917769 0.291382 2.291170 -14.431567 6.278697 12.238489 -16.480717 0.000000 0.000000 -3.967028 0.000000 0.000000 0.441624 -0.014543 2.538997 5.062503 11.538524 -9.947108 8.453631 20.903246 -12.465686 -46.280413 46.072712 -41.076771 -44.092425 -2.053650 11.725689 31.562241 -4.238630 12.968436 19.752392 0.000000 0.000000 3.918550 0.000000 0.000000 -7.969741 -5.107087 -8.050663 21.922510 -0.609365 14.046123 21.657087 0.000000 0.000000 3.320887 0.000000 0.000000 6.271931 -1.933901 -4.817211 14.800501 0.509585 10.558896 25.151016 0.000000 0.000000 18.714094 0.000000 0.000000 -1.013052 -2.505694 -6.799366 19.394635 -3.945798 6.850473 27.298134 0.000000 0.000000 11.873989 0.000000 0.000000 -3.109834 -2.403556 -3.139792 21.400367 32.360982 107.212327 25.561716 0.000000 0.000000 16.685853 0.000000 0.000000 -4.610124 -2.491975 -2.359596 0.000000 0.000000 0.000000 0.000000 0.000000 0.000000 0.000000 0.000000 0.000000 0.000000 0.000000 0.000000 0.000000 0.000000 0.000000 0.000000 0.000000 0.000000 0.000000 0.000000 0.000000 0.000000 0.000000 0.000000 
0.000000 89.700000 0.000000 0.000000 0.000000 0.000000 -0.006745 4.675261 -3.617287 1.999247 -3.668336 -1.639680 -1.116912 0.748110 1.276545 0.029632 -1.791614 3.762351 1.169460 -2.668061 -4.012904 0.000000 0.000000 0.000000 -5.949505 -8.371064 -10.340559 -11.998583 -18.788300 -8.861765 37.663465 -44.435895 -38.740510 41.629700 2.602319 27.515545 -35.470603 6.722813 14.613075 -8.916284 0.000000 0.000000 9.689090 0.000000 0.000000 0.022390 -0.001199 4.934506 -14.258565 1.293432 6.881907 -26.690679 0.000000 0.000000 -1.837482 0.000000 0.000000 2.447046 -0.079831 2.056764 -13.015536 -31.662619 106.722591 -18.621152 0.000000 0.000000 -8.088455 0.000000 0.000000 4.260386 -0.094452 1.375350 -28.464852 3.084187 15.000000 -16.912497 0.000000 0.000000 1.591311 0.000000 0.000000 -6.917769 0.291382 2.291170 -15.759284 7.265648 12.022875 -16.954905 0.000000 0.000000 -5.609540 0.000000 0.000000 0.441624 -0.014543 2.538997 6.779002 11.126205 -9.076987 11.093975 20.233192 -10.230175 -43.138444 46.050292 -38.740245 -38.324357 -3.599253 3.474281 25.112383 -5.330863 12.484622 26.433555 0.000000 0.000000 8.632704 0.000000 0.000000 -7.969741 -5.107087 -8.050663 20.021333 0.821786 12.881495 29.065217 0.000000 0.000000 9.099316 0.000000 0.000000 6.271931 -1.933901 -4.817211 23.181872 4.731864 8.661943 31.972315 0.000000 0.000000 23.295285 0.000000 0.000000 -1.013052 -2.505694 -6.799366 12.275658 -5.683905 7.874091 28.326373 0.000000 0.000000 13.873632 0.000000 0.000000 -3.109834 -2.403556 -3.139792 20.426866 29.493379 108.718289 23.840926 0.000000 0.000000 15.781059 0.000000 0.000000 -4.610124 -2.491975 -2.359596 0.000000 0.000000 0.000000 0.000000 0.000000 0.000000 0.000000 0.000000 0.000000 0.000000 0.000000 0.000000 0.000000 0.000000 0.000000 0.000000 0.000000 0.000000 0.000000 0.000000 0.000000 0.000000 0.000000 0.000000 
0.000000 89.700000 0.000000 0.000000 0.000000 0.000000 -0.128113 4.737926 -3.757521 1.969716 -3.646459 -1.443967 -1.088218 0.709486 1.372805 0.030200 -1.938365 3.444510 1.252278 -2.326322 -3.846731 0.000000 0.000000 0.000000 -8.030845 -7.657565 -9.159894 -15.486152 -17.860201 -6.059236 33.270554 -44.293160 -34.272347 40.107015 6.195649 26.565242 -33.630429 7.414313 14.877446 -10.446166 0.000000 0.000000 9.310109 0.000000 0.000000 0.022390 -0.001199 4.934506 -11.725042 3.190703 7.377933 -27.830244 0.000000 0.000000 -4.265492 0.000000 0.000000 2.447046 -0.079831 2.056764 -15.210518 -26.870377 107.316868 -17.286130 0.000000 0.000000 -2.170931 0.000000 0.000000 4.260386 -0.094452 1.375350 -30.926658 3.914731 14.999980 -17.812629 0.000000 0.000000 3.356946 0.000000 0.000000 -6.917769 0.291382 2.291170 -19.683302 9.195199 12.265915 -16.947140 0.000000 0.000000 -7.429347 0.000000 0.000000 0.441624 -0.014543 2.538997 8.811021 10.685797 -7.998240 14.098656 19.372510 -7.658201 -38.864623 45.685095 -35.419075 -30.009603 -6.182586 -7.702126 28.079413 -6.561074 11.191083 33.426831 0.000000 0.000000 13.284613 0.000000 0.000000 -7.969741 -5.107087 -8.050663 30.862113 1.443210 11.456507 37.480235 0.000000 0.000000 16.306833 0.000000 0.000000 6.271931 -1.933901 -4.817211 36.157154 6.689969 7.401477 36.936534 0.000000 0.000000 25.736158 0.000000 0.000000 -1.013052 -2.505694 -6.799366 12.476307 -6.108183 8.935354 30.225347 0.000000 0.000000 15.870957 0.000000 0.000000 -3.109834 -2.403556 -3.139792 20.466925 26.022907 111.896024 21.161472 0.000000 0.000000 13.460246 0.000000 0.000000 -4.610124 -2.491975 -2.359596 0.000000 0.000000 0.000000 0.000000 0.000000 0.000000 0.000000 0.000000 0.000000 0.000000 0.000000 0.000000 0.000000 0.000000 0.000000 0.000000 0.000000 0.000000 0.000000 0.000000 0.000000 0.000000 0.000000 0.000000 
0.000000 89.700000 0.000000 0.000000 0.000000 0.000000 -0.255521 4.852226 -3.837191 1.909926 -3.610930 -1.212661 -1.052161 0.639548 1.426817 0.030496 -2.011385 3.043922 1.280301 -2.018150 -3.671604 0.000000 0.000000 0.000000 -10.289519 -6.962020 -7.843080 -19.354754 -16.732030 -3.002940 27.564401 -43.541560 -28.345062 37.227405 10.703712 24.424677 -34.995565 8.392040 14.946339 -12.075379 0.000000 0.000000 7.961725 0.000000 0.000000 0.022390 -0.001199 4.934506 -9.413901 5.694133 7.259983 -27.301498 0.000000 0.000000 -6.395495 0.000000 0.000000 2.447046 -0.079831 2.056764 -17.203096 -23.362430 107.820400 -16.980319 0.000000 0.000000 4.024320 0.000000 0.000000 4.260386 -0.094452 1.375350 -34.716459 4.827974 14.999617 -19.142058 0.000000 0.000000 4.139452 0.000000 0.000000 -6.917769 0.291382 2.291170 -25.933647 11.008506 12.993407 -16.877702 0.000000 0.000000 -9.155777 0.000000 0.000000 0.441624 -0.014543 2.538997 11.041165 10.228996 -6.752087 17.412799 18.354177 -4.831180 -32.248196 45.222400 -29.262952 -20.169269 -10.295665 -19.359461 38.830868 -7.698745 9.873129 37.351621 0.000000 0.000000 15.679565 0.000000 0.000000 -7.969741 -5.107087 -8.050663 57.751258 0.685015 10.537554 43.603313 0.000000 0.000000 21.675898 0.000000 0.000000 6.271931 -1.933901 -4.817211 68.553849 5.606869 7.141964 39.347449 0.000000 0.000000 25.890506 0.000000 0.000000 -1.013052 -2.505694 -6.799366 19.242348 -5.669462 9.284939 31.714281 0.000000 0.000000 16.722336 0.000000 0.000000 -3.109834 -2.403556 -3.139792 21.311980 23.125561 115.150761 18.870699 0.000000 0.000000 9.199452 0.000000 0.000000 -4.610124 -2.491975 -2.359596 0.000000 0.000000 0.000000 0.000000 0.000000 0.000000 0.000000 0.000000 0.000000 0.000000 0.000000 0.000000 0.000000 0.000000 0.000000 0.000000 0.000000 0.000000 0.000000 0.000000 0.000000 0.000000 0.000000 0.000000 
0.000000 89.700000 0.000000 0.000000 0.000000 0.000000 -0.359265 4.991184 -3.827279 1.819297 -3.559545 -0.947591 -1.006069 0.539296 1.439483 0.027744 -1.975566 2.564012 1.222951 -1.789091 -3.515800 0.000000 0.000000 0.000000 -12.587338 -6.319573 -6.479835 -23.535921 -15.454779 0.156448 21.082024 -41.915897 -21.411849 32.156861 15.560663 21.216644 -34.365566 9.047857 14.868505 -13.827132 0.000000 0.000000 5.744260 0.000000 0.000000 0.022390 -0.001199 4.934506 -9.647825 7.907014 6.071475 -25.809165 0.000000 0.000000 -7.927439 0.000000 0.000000 2.447046 -0.079831 2.056764 -18.637793 -21.553527 108.926967 -17.586916 0.000000 0.000000 9.249210 0.000000 0.000000 4.260386 -0.094452 1.375350 -33.693935 5.272104 14.995628 -20.973608 0.000000 0.000000 3.338092 0.000000 0.000000 -6.917769 0.291382 2.291170 -26.061536 11.778641 13.838934 -17.207980 0.000000 0.000000 -10.686796 0.000000 0.000000 0.441624 -0.014543 2.538997 13.328884 9.761391 -5.420966 20.997618 17.219796 -1.851875 -24.099106 43.318398 -21.335797 -10.929288 -16.044455 -28.346563 40.082370 -8.394939 9.421308 36.955660 0.000000 0.000000 15.531378 0.000000 0.000000 -7.969741 -5.107087 -8.050663 60.961835 -0.911855 10.767096 45.145815 0.000000 0.000000 23.384084 0.000000 0.000000 6.271931 -1.933901 -4.817211 71.325539 2.596606 8.006661 38.868568 0.000000 0.000000 24.299244 0.000000 0.000000 -1.013052 -2.505694 -6.799366 21.135176 -5.076168 8.320591 31.821735 0.000000 0.000000 16.388294 0.000000 0.000000 -3.109834 -2.403556 -3.139792 22.561317 21.256113 117.521834 17.880435 0.000000 0.000000 3.385793 0.000000 0.000000 -4.610124 -2.491975 -2.359596 0.000000 0.000000 0.000000 0.000000 0.000000 0.000000 0.000000 0.000000 0.000000 0.000000 0.000000 0.000000 0.000000 0.000000 0.000000 0.000000 0.000000 0.000000 0.000000 0.000000 0.000000 0.000000 0.000000 0.000000 
0.000000 89.700000 0.000000 0.000000 0.000000 0.000000 -0.426127 5.122141 -3.708415 1.707467 -3.493281 -0.655224 -0.951954 0.415772 1.420042 0.013477 -1.814161 2.001134 1.070062 -1.651308 -3.396602 0.000000 0.000000 0.000000 -14.800593 -5.746099 -5.156529 -27.915905 -14.063513 3.270104 14.671812 -39.356162 -14.261864 24.667800 19.960438 17.078595 -31.793590 9.058394 14.528302 -15.756461 0.000000 0.000000 2.906008 0.000000 0.000000 0.022390 -0.001199 4.934506 -10.831828 9.000088 3.837168 -24.528375 0.000000 0.000000 -9.190587 0.000000 0.000000 2.447046 -0.079831 2.056764 -19.523823 -21.188425 111.144333 -18.857406 0.000000 0.000000 12.605132 0.000000 0.000000 4.260386 -0.094452 1.375350 -29.821801 4.989946 14.966076 -23.190510 0.000000 0.000000 0.922143 0.000000 0.000000 -6.917769 0.291382 2.291170 -22.536190 11.301581 14.410904 -18.091730 0.000000 0.000000 -11.990300 0.000000 0.000000 0.441624 -0.014543 2.538997 15.542099 9.278870 -4.108205 24.830292 15.992932 1.179437 -17.189689 39.914311 -14.735972 -4.049219 -22.802122 -32.536472 35.627996 -8.468766 10.122322 33.429613 0.000000 0.000000 13.987104 0.000000 0.000000 -7.969741 -5.107087 -8.050663 48.971149 -2.243731 11.966854 42.379419 0.000000 0.000000 22.027832 0.000000 0.000000 6.271931 -1.933901 -4.817211 54.004371 -0.517475 9.773927 35.674223 0.000000 0.000000 21.667514 0.000000 0.000000 -1.013052 -2.505694 -6.799366 19.957749 -4.835033 6.041764 30.495191 0.000000 0.000000 15.574749 0.000000 0.000000 -3.109834 -2.403556 -3.139792 23.917902 20.029997 118.909026 18.018400 0.000000 0.000000 -2.896385 0.000000 0.000000 -4.610124 -2.491975 -2.359596 0.000000 0.000000 0.000000 0.000000 0.000000 0.000000 0.000000 0.000000 0.000000 0.000000 0.000000 0.000000 0.000000 0.000000 0.000000 0.000000 0.000000 0.000000 0.000000 0.000000 0.000000 0.000000 0.000000 0.000000 
0.000000 89.700000 0.000000 0.000000 0.000000 0.000000 -0.452840 5.222459 -3.471080 1.587606 -3.408262 -0.364757 -0.893785 0.279220 1.393688 -0.018550 -1.536207 1.348496 0.835872 -1.581504 -3.311406 0.000000 0.000000 0.000000 -16.830417 -5.234251 -3.933853 -32.337310 -12.586744 6.207616 9.091587 -36.133905 -7.635559 15.428116 23.130584 11.982695 -28.824821 8.557690 13.634906 -17.633471 0.000000 0.000000 -0.020366 0.000000 0.000000 0.022390 -0.001199 4.934506 -12.042544 8.971846 0.947994 -23.901230 0.000000 0.000000 -10.536725 0.000000 0.000000 2.447046 -0.079831 2.056764 -20.032648 -21.579617 114.030468 -20.424115 0.000000 0.000000 14.222412 0.000000 0.000000 4.260386 -0.094452 1.375350 -25.477945 4.057209 14.810659 -25.392870 0.000000 0.000000 -2.523328 0.000000 0.000000 -6.917769 0.291382 2.291170 -18.485394 9.832409 14.565080 -19.299881 0.000000 0.000000 -12.999719 0.000000 0.000000 0.441624 -0.014543 2.538997 17.564897 8.769724 -2.914248 28.886339 14.672482 4.178854 -11.406740 36.231062 -8.792775 0.136007 -29.195812 -32.036515 30.764449 -8.111026 11.522640 28.721831 0.000000 0.000000 12.210624 0.000000 0.000000 -7.969741 -5.107087 -8.050663 35.374995 -2.695576 13.348156 37.435055 0.000000 0.000000 19.410556 0.000000 0.000000 6.271931 -1.933901 -4.817211 34.278396 -2.496479 11.809741 30.876421 0.000000 0.000000 18.786117 0.000000 0.000000 -1.013052 -2.505694 -6.799366 18.467808 -5.086030 2.974281 28.223662 0.000000 0.000000 14.802382 0.000000 0.000000 -3.109834 -2.403556 -3.139792 25.255890 18.842752 119.591383 18.479269 0.000000 0.000000 -8.299342 0.000000 0.000000 -4.610124 -2.491975 -2.359596 0.000000 0.000000 0.000000 0.000000 0.000000 0.000000 0.000000 0.000000 0.000000 0.000000 0.000000 0.000000 0.000000 0.000000 0.000000 0.000000 0.000000 0.000000 0.000000 0.000000 0.000000 0.000000 0.000000 0.000000 
0.000000 89.700000 0.000000 0.000000 0.000000 0.000000 -0.433811 5.280429 -3.126408 1.466901 -3.293157 -0.133432 -0.831192 0.139743 1.405338 -0.073067 -1.175029 0.610696 0.555086 -1.539065 -3.239192 0.000000 0.000000 0.000000 -18.590468 -4.760458 -2.842356 -36.635093 -11.081141 8.867294 4.707156 -32.725188 -1.946395 5.602557 24.630919 5.630630 -25.894624 7.874132 11.833253 -18.785825 0.000000 0.000000 -2.161044 0.000000 0.000000 0.022390 -0.001199 4.934506 -13.281163 8.456559 -2.143889 -23.411592 0.000000 0.000000 -11.928821 0.000000 0.000000 2.447046 -0.079831 2.056764 -20.235121 -21.979312 116.610238 -21.796981 0.000000 0.000000 14.802465 0.000000 0.000000 4.260386 -0.094452 1.375350 -21.282365 2.646444 14.213796 -26.735275 0.000000 0.000000 -6.269181 0.000000 0.000000 -6.917769 0.291382 2.291170 -14.753307 7.601769 14.383535 -20.344534 0.000000 0.000000 -13.457100 0.000000 0.000000 0.441624 -0.014543 2.538997 19.289075 8.227272 -1.915357 33.122186 13.245363 7.072913 -7.076675 32.544522 -3.543250 2.696057 -33.694751 -28.961635 28.072467 -7.746433 12.890116 24.229670 0.000000 0.000000 10.741767 0.000000 0.000000 -7.969741 -5.107087 -8.050663 25.882061 -2.442983 14.286014 32.582464 0.000000 0.000000 17.052349 0.000000 0.000000 6.271931 -1.933901 -4.817211 20.067358 -2.994490 13.442115 26.058772 0.000000 0.000000 16.443994 0.000000 0.000000 -1.013052 -2.505694 -6.799366 17.497737 -5.728198 -0.298755 25.411193 0.000000 0.000000 14.162866 0.000000 0.000000 -3.109834 -2.403556 -3.139792 26.513172 17.346034 119.860054 18.544025 0.000000 0.000000 -11.958232 0.000000 0.000000 -4.610124 -2.491975 -2.359596 0.000000 0.000000 0.000000 0.000000 0.000000 0.000000 0.000000 0.000000 0.000000 0.000000 0.000000 0.000000 0.000000 0.000000 0.000000 0.000000 0.000000 0.000000 0.000000 0.000000 0.000000 0.000000 0.000000 0.000000 
0.000000 89.700000 0.000000 0.000000 0.000000 0.000000 -0.363559 5.283849 -2.715411 1.341363 -3.136223 -0.023177 -0.756741 0.006318 1.501014 -0.161101 -0.782364 -0.181634 0.273264 -1.488147 -3.149691 0.000000 0.000000 0.000000 -20.002722 -4.298949 -1.890735 -40.677395 -9.636956 11.189479 1.516957 -29.583494 2.693021 -3.768871 24.646314 -2.428421 -23.934485 7.272051 8.900696 -18.189133 0.000000 0.000000 -2.457738 0.000000 0.000000 0.022390 -0.001199 4.934506 -15.145660 8.168487 -5.028958 -22.054590 0.000000 0.000000 -12.882571 0.000000 0.000000 2.447046 -0.079831 2.056764 -19.964307 -21.848521 118.117261 -22.488039 0.000000 0.000000 14.940140 0.000000 0.000000 4.260386 -0.094452 1.375350 -18.749604 0.966511 12.516504 -25.797252 0.000000 0.000000 -9.848169 0.000000 0.000000 -6.917769 0.291382 2.291170 -13.526706 4.742401 14.086925 -20.653151 0.000000 0.000000 -12.883354 0.000000 0.000000 0.441624 -0.014543 2.538997 20.619120 7.661438 -1.145183 37.453113 11.700465 9.779901 -4.485249 30.610224 0.149539 5.053268 -35.587241 -26.042149 29.122164 -7.730926 13.648715 20.573324 0.000000 0.000000 9.641664 0.000000 0.000000 -7.969741 -5.107087 -8.050663 24.543337 -2.002387 14.597687 29.043066 0.000000 0.000000 15.607340 0.000000 0.000000 6.271931 -1.933901 -4.817211 18.208009 -2.265217 14.400535 22.352012 0.000000 0.000000 15.151090 0.000000 0.000000 -1.013052 -2.505694 -6.799366 17.658257 -6.594014 -3.509291 22.235639 0.000000 0.000000 13.715376 0.000000 0.000000 -3.109834 -2.403556 -3.139792 27.543371 15.531761 119.884041 17.987709 0.000000 0.000000 -13.890752 0.000000 0.000000 -4.610124 -2.491975 -2.359596 0.000000 0.000000 0.000000 0.000000 0.000000 0.000000 0.000000 0.000000 0.000000 0.000000 0.000000 0.000000 0.000000 0.000000 0.000000 0.000000 0.000000 0.000000 0.000000 0.000000 0.000000 0.000000 0.000000 0.000000 
0.000000 89.700000 0.000000 0.000000 0.000000 0.000000 -0.249541 5.216118 -2.296119 1.200283 -2.936521 -0.065168 -0.660874 -0.112265 1.697561 -0.299136 -0.416392 -0.969925 0.030830 -1.410008 -3.017583 0.000000 0.000000 0.000000 -21.018680 -3.834273 -1.079225 -44.364799 -8.340664 13.153342 -0.666752 -27.020994 6.320203 -11.992114 23.923660 -12.407143 -24.188056 6.866672 4.828008 -15.032813 0.000000 0.000000 -0.286652 0.000000 0.000000 0.022390 -0.001199 4.934506 -17.223125 8.528359 -7.219712 -19.029494 0.000000 0.000000 -12.702454 0.000000 0.000000 2.447046 -0.079831 2.056764 -18.918308 -21.153999 118.201903 -22.366666 0.000000 0.000000 14.896262 0.000000 0.000000 4.260386 -0.094452 1.375350 -19.633506 -0.684749 8.926055 -21.125783 0.000000 0.000000 -13.174135 0.000000 0.000000 -6.917769 0.291382 2.291170 -16.321762 1.519701 13.945211 -19.866678 0.000000 0.000000 -11.010311 0.000000 0.000000 0.441624 -0.014543 2.538997 21.500208 7.097148 -0.590296 41.720310 10.047321 12.196101 -2.642718 29.386577 2.722735 7.874163 -35.364125 -25.182485 30.420595 -8.121758 13.402470 17.713144 0.000000 0.000000 8.762415 0.000000 0.000000 -7.969741 -5.107087 -8.050663 25.560887 -1.701890 14.163586 26.606763 0.000000 0.000000 15.057978 0.000000 0.000000 6.271931 -1.933901 -4.817211 21.833293 -0.838150 14.820614 20.006814 0.000000 0.000000 14.931417 0.000000 0.000000 -1.013052 -2.505694 -6.799366 19.461977 -7.541971 -6.653886 18.848163 0.000000 0.000000 13.696199 0.000000 0.000000 -3.109834 -2.403556 -3.139792 28.029371 13.714814 119.653615 17.114458 0.000000 0.000000 -14.680931 0.000000 0.000000 -4.610124 -2.491975 -2.359596 0.000000 0.000000 0.000000 0.000000 0.000000 0.000000 0.000000 0.000000 0.000000 0.000000 0.000000 0.000000 0.000000 0.000000 0.000000 0.000000 0.000000 0.000000 0.000000 0.000000 0.000000 0.000000 0.000000 0.000000 
0.000000 89.700000 0.000000 0.000000 0.000000 0.000000 -0.115526 5.069111 -1.917782 1.038219 -2.710577 -0.242085 -0.541179 -0.207919 1.972292 -0.494685 -0.119885 -1.681850 -0.152523 -1.302842 -2.839116 0.000000 0.000000 0.000000 -21.644666 -3.367765 -0.409997 -47.592831 -7.240224 14.751663 -2.082964 -25.212213 9.025458 -18.488267 23.153998 -23.835653 -24.679544 6.615146 -0.170528 -9.598739 0.000000 0.000000 3.794159 0.000000 0.000000 0.022390 -0.001199 4.934506 -16.245919 9.500070 -8.094812 -14.471340 0.000000 0.000000 -11.010836 0.000000 0.000000 2.447046 -0.079831 2.056764 -17.003777 -20.497720 116.802716 -21.931472 0.000000 0.000000 14.684626 0.000000 0.000000 4.260386 -0.094452 1.375350 -20.364860 -2.059802 3.282900 -12.655134 0.000000 0.000000 -16.359564 0.000000 0.000000 -6.917769 0.291382 2.291170 -15.599426 -1.601483 14.094170 -18.185594 0.000000 0.000000 -8.427338 0.000000 0.000000 0.441624 -0.014543 2.538997 21.945583 6.564406 -0.207836 45.680362 8.347871 14.208192 -1.503087 27.811156 4.466992 10.976567 -34.095934 -26.859781 32.547715 -8.619385 11.711838 15.002193 0.000000 0.000000 7.851731 0.000000 0.000000 -7.969741 -5.107087 -8.050663 27.737412 -1.467024 12.507740 23.799710 0.000000 0.000000 15.187337 0.000000 0.000000 6.271931 -1.933901 -4.817211 27.201564 0.714484 14.958893 18.593874 0.000000 0.000000 15.378096 0.000000 0.000000 -1.013052 -2.505694 -6.799366 22.970996 -8.457961 -9.630314 15.451381 0.000000 0.000000 14.161022 0.000000 0.000000 -3.109834 -2.403556 -3.139792 27.538241 12.509648 118.993076 16.451124 0.000000 0.000000 -14.929005 0.000000 0.000000 -4.610124 -2.491975 -2.359596 0.000000 0.000000 0.000000 0.000000 0.000000 0.000000 0.000000 0.000000 0.000000 0.000000 0.000000 0.000000 0.000000 0.000000 0.000000 0.000000 0.000000 0.000000 0.000000 0.000000 0.000000 0.000000 0.000000 0.000000 
0.000000 89.700000 0.000000 0.000000 0.000000 0.000000 0.008333 4.859881 -1.608365 0.864451 -2.488166 -0.497788 -0.407877 -0.276321 2.278275 -0.733832 0.097954 -2.252937 -0.279666 -1.172905 -2.637046 0.000000 0.000000 0.000000 -21.942938 -2.917860 0.114506 -50.238530 -6.345405 15.975438 -2.969549 -24.211980 10.929986 -22.751923 22.523144 -35.463300 -23.525315 6.387985 -5.448097 -3.448821 0.000000 0.000000 8.177235 0.000000 0.000000 0.022390 -0.001199 4.934506 -14.514238 10.673566 -7.203321 -9.541756 0.000000 0.000000 -8.114233 0.000000 0.000000 2.447046 -0.079831 2.056764 -14.641118 -20.591523 114.237679 -21.901386 0.000000 0.000000 14.218012 0.000000 0.000000 4.260386 -0.094452 1.375350 -18.699161 -3.131201 -3.282900 -2.569092 0.000000 0.000000 -19.342246 0.000000 0.000000 -6.917769 0.291382 2.291170 -9.854174 -4.201919 14.423696 -16.316916 0.000000 0.000000 -6.363861 0.000000 0.000000 0.441624 -0.014543 2.538997 22.038809 6.089309 0.051506 49.059608 6.729868 15.736336 -1.242983 26.821283 5.389210 13.981968 -32.663350 -30.405183 30.655662 -8.736732 8.100793 11.538689 0.000000 0.000000 6.531048 0.000000 0.000000 -7.969741 -5.107087 -8.050663 26.742078 -0.955239 8.924957 18.743948 0.000000 0.000000 15.859258 0.000000 0.000000 6.271931 -1.933901 -4.817211 27.110653 2.020740 14.992923 17.500313 0.000000 0.000000 15.950617 0.000000 0.000000 -1.013052 -2.505694 -6.799366 22.299876 -9.186532 -12.084025 12.234309 0.000000 0.000000 14.631233 0.000000 0.000000 -3.109834 -2.403556 -3.139792 25.809945 12.506721 117.768732 16.271608 0.000000 0.000000 -14.988081 0.000000 0.000000 -4.610124 -2.491975 -2.359596 0.000000 0.000000 0.000000 0.000000 0.000000 0.000000 0.000000 0.000000 0.000000 0.000000 0.000000 0.000000 0.000000 0.000000 0.000000 0.000000 0.000000 0.000000 0.000000 0.000000 0.000000 0.000000 0.000000 0.000000 
0.000000 89.700000 0.000000 0.000000 0.000000 0.000000 0.098911 4.632426 -1.378072 0.699561 -2.298906 -0.764472 -0.280362 -0.318283 2.566254 -0.984626 0.256127 -2.645216 -0.362778 -1.029373 -2.442234 0.000000 0.000000 0.000000 -22.007352 -2.514227 0.500830 -52.206886 -5.647313 16.829917 -3.538636 -23.942214 12.189676 -24.829096 21.989257 -45.709649 -22.491807 6.123050 -9.938382 1.646910 0.000000 0.000000 11.369883 0.000000 0.000000 0.022390 -0.001199 4.934506 -14.000786 11.605094 -4.763546 -5.513356 0.000000 0.000000 -4.720480 0.000000 0.000000 2.447046 -0.079831 2.056764 -12.603568 -21.460719 111.373403 -22.418491 0.000000 0.000000 13.455857 0.000000 0.000000 4.260386 -0.094452 1.375350 -17.032325 -3.985758 -8.926055 6.016272 0.000000 0.000000 -21.751919 0.000000 0.000000 -6.917769 0.291382 2.291170 -5.266827 -6.161348 14.727196 -14.920422 0.000000 0.000000 -5.442454 0.000000 0.000000 0.441624 -0.014543 2.538997 21.906856 5.689494 0.231890 51.657680 5.344167 16.775877 -1.246662 26.619364 5.599921 16.689187 -31.519537 -34.653865 28.084509 -8.178969 2.595432 7.037210 0.000000 0.000000 4.373059 0.000000 0.000000 -7.969741 -5.107087 -8.050663 22.987753 0.060479 3.282807 10.761742 0.000000 0.000000 16.927617 0.000000 0.000000 6.271931 -1.933901 -4.817211 19.664786 3.045073 14.998761 16.412663 0.000000 0.000000 16.339051 0.000000 0.000000 -1.013052 -2.505694 -6.799366 22.065697 -9.529383 -13.710808 9.416427 0.000000 0.000000 14.493655 0.000000 0.000000 -3.109834 -2.403556 -3.139792 23.169788 13.637837 116.275211 16.373681 0.000000 0.000000 -14.998544 0.000000 0.000000 -4.610124 -2.491975 -2.359596 0.000000 0.000000 0.000000 0.000000 0.000000 0.000000 0.000000 0.000000 0.000000 0.000000 0.000000 0.000000 0.000000 0.000000 0.000000 0.000000 0.000000 0.000000 0.000000 0.000000 0.000000 0.000000 0.000000 0.000000 
0.000000 89.700000 0.000000 0.000000 0.000000 0.000000 0.150601 4.439165 -1.222799 0.561882 -2.159709 -0.991422 -0.177124 -0.337623 2.801923 -1.213276 0.378349 -2.857580 -0.409764 -0.886089 -2.269328 0.000000 0.000000 0.000000 -21.932817 -2.186689 0.767097 -53.497474 -5.132046 17.359462 -3.948901 -24.197588 12.980220 -25.514939 21.619215 -53.400380 -22.397374 5.878057 -12.869521 4.930062 0.000000 0.000000 12.928540 0.000000 0.000000 0.022390 -0.001199 4.934506 -13.624304 12.123327 -1.646457 -2.849918 0.000000 0.000000 -1.434435 0.000000 0.000000 2.447046 -0.079831 2.056764 -11.436096 -22.433913 109.226599 -22.971483 0.000000 0.000000 12.511031 0.000000 0.000000 4.260386 -0.094452 1.375350 -17.064567 -4.655852 -12.516504 11.381182 0.000000 0.000000 -23.255967 0.000000 0.000000 -6.917769 0.291382 2.291170 -4.156639 -7.636512 14.899830 -14.158431 0.000000 0.000000 -5.165919 0.000000 0.000000 0.441624 -0.014543 2.538997 21.676619 5.375428 0.367059 53.428189 4.292437 17.399439 -1.247015 26.828827 5.393218 18.930288 -30.751411 -38.506961 23.827557 -7.141990 -3.716674 2.332828 0.000000 0.000000 1.269717 0.000000 0.000000 -7.969741 -5.107087 -8.050663 18.029314 1.367230 -3.282905 1.423998 0.000000 0.000000 18.049524 0.000000 0.000000 6.271931 -1.933901 -4.817211 10.982985 3.896509 14.995937 15.438968 0.000000 0.000000 16.608940 0.000000 0.000000 -1.013052 -2.505694 -6.799366 20.381540 -9.411522 -14.547012 7.261817 0.000000 0.000000 13.741723 0.000000 0.000000 -3.109834 -2.403556 -3.139792 20.553828 15.022599 115.319793 16.364046 0.000000 0.000000 -14.999878 0.000000 0.000000 -4.610124 -2.491975 -2.359596 0.000000 0.000000 0.000000 0.000000 0.000000 0.000000 0.000000 0.000000 0.000000 0.000000 0.000000 0.000000 0.000000 0.000000 0.000000 0.000000 0.000000 0.000000 0.000000 0.000000 0.000000 0.000000 0.000000 0.000000 
0.000000 89.700000 0.000000 0.000000 0.000000 0.000000 0.177043 4.316251 -1.125639 0.457581 -2.071724 -1.158193 -0.107108 -0.339620 2.974930 -1.399583 0.477388 -2.923474 -0.422675 -0.759291 -2.113313 0.000000 0.000000 0.000000 -21.795017 -1.953386 0.937335 -54.224176 -4.784274 17.647321 -4.288984 -24.710090 13.458973 -25.750093 21.507184 -58.259433 -22.205603 5.716644 -14.305123 6.734978 0.000000 0.000000 13.348944 0.000000 0.000000 0.022390 -0.001199 4.934506 -14.069549 12.330735 1.427148 -1.246315 0.000000 0.000000 1.328440 0.000000 0.000000 2.447046 -0.079831 2.056764 -11.093670 -22.885967 108.201011 -23.102685 0.000000 0.000000 11.616703 0.000000 0.000000 4.260386 -0.094452 1.375350 -16.602642 -5.140618 -14.213796 13.870643 0.000000 0.000000 -23.929684 0.000000 0.000000 -6.917769 0.291382 2.291170 -3.891028 -8.810534 14.941131 -13.745159 0.000000 0.000000 -4.707268 0.000000 0.000000 0.441624 -0.014543 2.538997 21.437791 5.153866 0.475741 54.482233 3.590329 17.722245 -1.099901 27.335909 5.338822 20.465254 -30.234065 -41.258838 22.268310 -6.156421 -9.130601 -1.348143 0.000000 0.000000 -2.192964 0.000000 0.000000 -7.969741 -5.107087 -8.050663 16.755619 2.456439 -8.926055 -6.557627 0.000000 0.000000 18.792400 0.000000 0.000000 6.271931 -1.933901 -4.817211 9.084854 4.573831 14.970443 14.792644 0.000000 0.000000 16.995176 0.000000 0.000000 -1.013052 -2.505694 -6.799366 19.266995 -9.008000 -14.875729 5.891201 0.000000 0.000000 12.983779 0.000000 0.000000 -3.109834 -2.403556 -3.139792 18.868968 15.735037 115.570292 16.084423 0.000000 0.000000 -14.999994 0.000000 0.000000 -4.610124 -2.491975 -2.359596 0.000000 0.000000 0.000000 0.000000 0.000000 0.000000 0.000000 0.000000 0.000000 0.000000 0.000000 0.000000 0.000000 0.000000 0.000000 0.000000 0.000000 0.000000 0.000000 0.000000 0.000000 0.000000 0.000000 0.000000 
0.000000 89.700000 0.000000 0.000000 0.000000 0.000000 0.199978 4.271166 -1.064356 0.381979 -2.025428 -1.267839 -0.068328 -0.331280 3.095029 -1.540391 0.558385 -2.896544 -0.405830 -0.661163 -1.964618 0.000000 0.000000 0.000000 -21.643122 -1.813750 1.035885 -54.568627 -4.585131 17.788704 -4.586865 -25.244920 13.736133 -25.985445 21.615054 -60.847284 -24.313796 5.618097 -14.827936 7.742174 0.000000 0.000000 13.395521 0.000000 0.000000 0.022390 -0.001199 4.934506 -16.133329 12.408883 4.495406 -0.219300 0.000000 0.000000 3.219736 0.000000 0.000000 2.447046 -0.079831 2.056764 -11.154105 -22.729770 107.959989 -22.857704 0.000000 0.000000 10.983846 0.000000 0.000000 4.260386 -0.094452 1.375350 -17.966178 -5.485956 -14.810659 14.731507 0.000000 0.000000 -24.173002 0.000000 0.000000 -6.917769 0.291382 2.291170 -5.616044 -9.697596 14.805936 -13.211466 0.000000 0.000000 -3.259426 0.000000 0.000000 0.441624 -0.014543 2.538997 21.231462 5.025678 0.562183 55.023083 3.185338 17.861948 -0.914211 27.706219 5.275109 21.155118 -29.860185 -42.711263 21.158929 -5.626760 -12.588374 -3.487892 0.000000 0.000000 -5.008077 0.000000 0.000000 -7.969741 -5.107087 -8.050663 16.371175 2.996560 -12.516504 -11.581693 0.000000 0.000000 18.958117 0.000000 0.000000 6.271931 -1.933901 -4.817211 9.367187 5.008133 14.844583 14.433110 0.000000 0.000000 17.568650 0.000000 0.000000 -1.013052 -2.505694 -6.799366 19.295051 -8.617644 -14.973843 5.160580 0.000000 0.000000 12.717387 0.000000 0.000000 -3.109834 -2.403556 -3.139792 18.318091 15.592162 116.824277 15.672892 0.000000 0.000000 -15.000000 0.000000 0.000000 -4.610124 -2.491975 -2.359596 0.000000 0.000000 0.000000 0.000000 0.000000 0.000000 0.000000 0.000000 0.000000 0.000000 0.000000 0.000000 0.000000 0.000000 0.000000 0.000000 0.000000 0.000000 0.000000 0.000000 0.000000 0.000000 0.000000 0.000000 
0.000000 89.700000 0.000000 0.000000 0.000000 0.000000 0.233004 4.288634 -1.022214 0.327096 -2.007370 -1.332164 -0.052507 -0.320115 3.179280 -1.642238 0.627818 -2.832505 -0.372085 -0.598112 -1.823253 0.000000 0.000000 0.000000 -21.502373 -1.750368 1.084291 -54.706244 -4.507651 17.861485 -4.838001 -25.667595 13.879717 -26.207815 21.806426 -62.090678 -25.570194 5.521971 -14.968398 8.404216 0.000000 0.000000 13.568203 0.000000 0.000000 0.022390 -0.001199 4.934506 -17.294142 12.477175 7.794702 0.530177 0.000000 0.000000 4.036088 0.000000 0.000000 2.447046 -0.079831 2.056764 -11.246540 -22.251828 108.017599 -22.550836 0.000000 0.000000 10.709161 0.000000 0.000000 4.260386 -0.094452 1.375350 -18.899349 -5.761345 -14.966076 14.952437 0.000000 0.000000 -24.344341 0.000000 0.000000 -6.917769 0.291382 2.291170 -6.211060 -10.188522 14.213539 -12.060801 0.000000 0.000000 -0.073052 0.000000 0.000000 0.441624 -0.014543 2.538997 21.064594 4.979623 0.623488 55.260073 2.996011 17.912492 -0.668983 27.876872 5.073055 21.121589 -29.633573 -43.105492 21.465075 -5.581577 -14.232505 -4.431701 0.000000 0.000000 -6.580558 0.000000 0.000000 -7.969741 -5.107087 -8.050663 16.615876 3.052787 -14.213796 -13.928421 0.000000 0.000000 18.683440 0.000000 0.000000 6.271931 -1.933901 -4.817211 9.831005 5.235084 14.403137 13.987904 0.000000 0.000000 18.147259 0.000000 0.000000 -1.013052 -2.505694 -6.799366 20.208550 -8.438222 -14.995871 4.787898 0.000000 0.000000 12.902631 0.000000 0.000000 -3.109834 -2.403556 -3.139792 18.437237 15.039141 118.233170 15.310711 0.000000 0.000000 -15.000000 0.000000 0.000000 -4.610124 -2.491975 -2.359596 0.000000 0.000000 0.000000 0.000000 0.000000 0.000000 0.000000 0.000000 0.000000 0.000000 0.000000 0.000000 0.000000 0.000000 0.000000 0.000000 0.000000 0.000000 0.000000 0.000000 0.000000 0.000000 0.000000 0.000000 
0.000000 89.700000 0.000000 0.000000 0.000000 0.000000 0.273263 4.347488 -0.994260 0.287616 -2.005310 -1.359395 -0.051274 -0.311049 3.240567 -1.712393 0.694570 -2.773909 -0.338411 -0.572097 -1.702371 0.000000 0.000000 0.000000 -21.384154 -1.739601 1.099287 -54.754811 -4.516242 17.912221 -5.032445 -25.947236 13.937624 -26.292309 21.978615 -62.793534 -24.644954 5.415475 -14.995839 8.853697 0.000000 0.000000 13.932321 0.000000 0.000000 0.022390 -0.001199 4.934506 -16.784229 12.578630 10.925020 1.095421 0.000000 0.000000 3.835171 0.000000 0.000000 2.447046 -0.079831 2.056764 -11.261885 -21.752112 108.193528 -22.377768 0.000000 0.000000 10.780691 0.000000 0.000000 4.260386 -0.094452 1.375350 -18.167007 -5.981223 -14.995628 14.993931 0.000000 0.000000 -24.575349 0.000000 0.000000 -6.917769 0.291382 2.291170 -5.058454 -10.225395 12.520817 -9.893109 0.000000 0.000000 4.591908 0.000000 0.000000 0.441624 -0.014543 2.538997 20.934055 4.992830 0.658735 55.346749 2.941857 17.933482 -0.482462 27.741235 4.814833 20.712450 -29.546869 -42.917582 22.651373 -5.792659 -14.814216 -4.774531 0.000000 0.000000 -7.097619 0.000000 0.000000 -7.969741 -5.107087 -8.050663 17.743825 2.897247 -14.810659 -14.744287 0.000000 0.000000 18.249753 0.000000 0.000000 6.271931 -1.933901 -4.817211 10.553897 5.374270 13.302707 12.939537 0.000000 0.000000 18.521077 0.000000 0.000000 -1.013052 -2.505694 -6.799366 21.339275 -8.484326 -14.999528 4.554293 0.000000 0.000000 13.232611 0.000000 0.000000 -3.109834 -2.403556 -3.139792 18.662660 14.518371 119.119165 15.043095 0.000000 0.000000 -15.000000 0.000000 0.000000 -4.610124 -2.491975 -2.359596 0.000000 0.000000 0.000000 0.000000 0.000000 0.000000 0.000000 0.000000 0.000000 0.000000 0.000000 0.000000 0.000000 0.000000 0.000000 0.000000 0.000000 0.000000 0.000000 0.000000 0.000000 0.000000 0.000000 0.000000 
0.000000 89.700000 0.000000 0.000000 0.000000 0.000000 0.306270 4.434258 -0.984974 0.262356 -2.011618 -1.349063 -0.059932 -0.304701 3.282793 -1.754674 0.765765 -2.741871 -0.315218 -0.579304 -1.620748 0.000000 0.000000 0.000000 -21.296076 -1.763579 1.092801 -54.767286 -4.573779 17.958440 -5.168101 -26.112322 13.948712 -26.195163 22.120232 -63.400531 -24.119663 5.343811 -14.999628 9.068725 0.000000 0.000000 14.215319 0.000000 0.000000 0.022390 -0.001199 4.934506 -16.397159 12.719803 13.187522 1.478660 0.000000 0.000000 2.878520 0.000000 0.000000 2.447046 -0.079831 2.056764 -11.275053 -21.387609 108.556911 -22.328490 0.000000 0.000000 11.113963 0.000000 0.000000 4.260386 -0.094452 1.375350 -17.980566 -6.098605 -14.999597 14.999447 0.000000 0.000000 -24.854389 0.000000 0.000000 -6.917769 0.291382 2.291170 -4.606587 -9.910701 8.959976 -6.608907 0.000000 0.000000 9.117385 0.000000 0.000000 0.441624 -0.014543 2.538997 20.841200 5.040579 0.674070 55.363747 2.958841 17.952258 -0.413514 27.655947 4.685334 20.317407 -29.492327 -42.615713 22.821250 -6.019660 -14.966556 -4.903693 0.000000 0.000000 -7.134223 0.000000 0.000000 -7.969741 -5.107087 -8.050663 18.248926 2.750402 -14.966075 -14.954561 0.000000 0.000000 17.893219 0.000000 0.000000 6.271931 -1.933901 -4.817211 10.556524 5.486602 11.409551 11.069854 0.000000 0.000000 18.655784 0.000000 0.000000 -1.013052 -2.505694 -6.799366 21.609512 -8.668148 -14.999963 4.391280 0.000000 0.000000 13.498615 0.000000 0.000000 -3.109834 -2.403556 -3.139792 18.732916 14.149541 119.327640 14.812558 0.000000 0.000000 -15.000000 0.000000 0.000000 -4.610124 -2.491975 -2.359596 0.000000 0.000000 0.000000 0.000000 0.000000 0.000000 0.000000 0.000000 0.000000 0.000000 0.000000 0.000000 0.000000 0.000000 0.000000 0.000000 0.000000 0.000000 0.000000 0.000000 0.000000 0.000000 0.000000 0.000000 
0.000000 89.700000 0.000000 0.000000 0.000000 0.000000 0.318500 4.544079 -0.998494 0.252101 -2.023615 -1.298418 -0.076483 -0.298878 3.304061 -1.771296 0.844059 -2.738679 -0.302554 -0.609699 -1.589369 0.000000 0.000000 0.000000 -21.242821 -1.814058 1.074334 -54.757349 -4.650511 18.000800 -5.252819 -26.203364 13.941187 -25.960821 22.259537 -64.016118 -24.155178 5.346492 -14.999960 9.048609 0.000000 0.000000 13.936475 0.000000 0.000000 0.022390 -0.001199 4.934506 -16.325350 12.895328 14.382289 1.694464 0.000000 0.000000 1.489824 0.000000 0.000000 2.447046 -0.079831 2.056764 -11.366098 -21.189387 109.173967 -22.328487 0.000000 0.000000 11.576415 0.000000 0.000000 4.260386 -0.094452 1.375350 -18.359264 -6.081358 -14.999597 14.999480 0.000000 0.000000 -25.148986 0.000000 0.000000 -6.917769 0.291382 2.291170 -5.222796 -9.483795 3.472241 -2.566844 0.000000 0.000000 11.781976 0.000000 0.000000 0.441624 -0.014543 2.538997 20.788957 5.105699 0.681273 55.339533 3.004643 17.975702 -0.384780 27.525745 4.551722 20.152633 -29.350218 -42.490027 22.772484 -6.150439 -14.995672 -4.968252 0.000000 0.000000 -7.142076 0.000000 0.000000 -7.969741 -5.107087 -8.050663 18.368133 2.690102 -14.995608 -14.994163 0.000000 0.000000 17.730155 0.000000 0.000000 6.271931 -1.933901 -4.817211 10.578616 5.543391 9.356845 9.003676 0.000000 0.000000 18.648663 0.000000 0.000000 -1.013052 -2.505694 -6.799366 21.687718 -8.904458 -14.999998 4.337688 0.000000 0.000000 13.642589 0.000000 0.000000 -3.109834 -2.403556 -3.139792 18.670004 13.872957 119.016550 14.577116 0.000000 0.000000 -15.000000 0.000000 0.000000 -4.610124 -2.491975 -2.359596 0.000000 0.000000 0.000000 0.000000 0.000000 0.000000 0.000000 0.000000 0.000000 0.000000 0.000000 0.000000 0.000000 0.000000 0.000000 0.000000 0.000000 0.000000 0.000000 0.000000 0.000000 0.000000 0.000000 0.000000 
0.000000 89.700000 0.000000 0.000000 0.000000 0.000000 0.306697 4.672575 -1.031217 0.256633 -2.040507 -1.213579 -0.098116 -0.291309 3.303930 -1.767278 0.926768 -2.756625 -0.295431 -0.651711 -1.603521 0.000000 0.000000 0.000000 -21.221206 -1.887226 1.053446 -54.728629 -4.727146 18.036744 -5.302864 -26.252075 13.932653 -25.675158 22.402363 -64.527442 -24.283118 5.418077 -14.999618 8.865123 0.000000 0.000000 12.460993 0.000000 0.000000 0.022390 -0.001199 4.934506 -16.295251 13.091504 14.837588 1.789817 0.000000 0.000000 -0.044193 0.000000 0.000000 2.447046 -0.079831 2.056764 -11.533140 -21.124816 110.004917 -22.355832 0.000000 0.000000 12.007225 0.000000 0.000000 4.260386 -0.094452 1.375350 -18.825751 -5.956457 -14.995628 14.994368 0.000000 0.000000 -25.434309 0.000000 0.000000 -6.917769 0.291382 2.291170 -6.400677 -9.188760 -2.496697 1.393024 0.000000 0.000000 11.760865 0.000000 0.000000 0.441624 -0.014543 2.538997 20.772131 5.179802 0.692962 55.281714 3.056145 18.003980 -0.399186 27.439425 4.541064 20.169751 -29.107173 -42.607607 22.823183 -6.199491 -14.999600 -5.005783 0.000000 0.000000 -7.254934 0.000000 0.000000 -7.969741 -5.107087 -8.050663 18.415058 2.684177 -14.999235 -14.999034 0.000000 0.000000 17.734334 0.000000 0.000000 6.271931 -1.933901 -4.817211 10.670551 5.510339 8.434200 8.047574 0.000000 0.000000 18.593706 0.000000 0.000000 -1.013052 -2.505694 -6.799366 22.108808 -9.147896 -15.000000 4.435702 0.000000 0.000000 13.680458 0.000000 0.000000 -3.109834 -2.403556 -3.139792 18.597749 13.680735 118.421248 14.375574 0.000000 0.000000 -15.000000 0.000000 0.000000 -4.610124 -2.491975 -2.359596 0.000000 0.000000 0.000000 0.000000 0.000000 0.000000 0.000000 0.000000 0.000000 0.000000 0.000000 0.000000 0.000000 0.000000 0.000000 0.000000 0.000000 0.000000 0.000000 0.000000 0.000000 0.000000 0.000000 0.000000 
0.000000 89.700000 0.000000 0.000000 0.000000 0.000000 0.277039 4.809789 -1.074772 0.273687 -2.060360 -1.110607 -0.119954 -0.281204 3.286777 -1.751097 1.007213 -2.783502 -0.288790 -0.697205 -1.646432 0.000000 0.000000 0.000000 -21.220423 -1.976906 1.039922 -54.686568 -4.792090 18.068130 -5.339762 -26.283936 13.935089 -25.413752 22.534822 -64.708082 -24.375998 5.537285 -14.995651 8.609262 0.000000 0.000000 9.311994 0.000000 0.000000 0.022390 -0.001199 4.934506 -16.201582 13.288828 14.936294 1.803927 0.000000 0.000000 -1.517635 0.000000 0.000000 2.447046 -0.079831 2.056764 -11.722187 -21.143619 110.981945 -22.430109 0.000000 0.000000 12.265084 0.000000 0.000000 4.260386 -0.094452 1.375350 -19.266616 -5.770000 -14.966076 14.956206 0.000000 0.000000 -25.658639 0.000000 0.000000 -6.917769 0.291382 2.291170 -7.608178 -9.126335 -6.442559 4.024010 0.000000 0.000000 9.049110 0.000000 0.000000 0.441624 -0.014543 2.538997 20.776637 5.258472 0.719131 55.195176 3.102787 18.037297 -0.393204 27.297194 4.514020 20.153042 -28.864218 -42.871272 22.697144 -6.238165 -14.999597 -5.032751 0.000000 0.000000 -7.373948 0.000000 0.000000 -7.969741 -5.107087 -8.050663 18.028981 2.660398 -14.995608 -14.994710 0.000000 0.000000 17.778670 0.000000 0.000000 6.271931 -1.933901 -4.817211 10.152723 5.419054 9.356845 8.939772 0.000000 0.000000 18.541654 0.000000 0.000000 -1.013052 -2.505694 -6.799366 22.022893 -9.382940 -15.000000 4.653309 0.000000 0.000000 13.671671 0.000000 0.000000 -3.109834 -2.403556 -3.139792 18.635500 13.605403 117.789974 14.263790 0.000000 0.000000 -15.000000 0.000000 0.000000 -4.610124 -2.491975 -2.359596 0.000000 0.000000 0.000000 0.000000 0.000000 0.000000 0.000000 0.000000 0.000000 0.000000 0.000000 0.000000 0.000000 0.000000 0.000000 0.000000 0.000000 0.000000 0.000000 0.000000 0.000000 0.000000 0.000000 0.000000 
0.000000 89.700000 0.000000 0.000000 0.000000 0.000000 0.238139 4.942547 -1.123410 0.299408 -2.079615 -1.006484 -0.137009 -0.269273 3.260275 -1.730424 1.078737 -2.805927 -0.278545 -0.742557 -1.698644 0.000000 0.000000 0.000000 -21.228197 -2.072304 1.041187 -54.635691 -4.837950 18.100832 -5.385013 -26.325217 13.957789 -25.188262 22.671404 -64.283485 -24.189532 5.721332 -14.966429 8.329193 0.000000 0.000000 4.978901 0.000000 0.000000 0.022390 -0.001199 4.934506 -15.755802 13.473324 14.806658 1.732701 0.000000 0.000000 -2.843918 0.000000 0.000000 2.447046 -0.079831 2.056764 -11.897457 -21.172770 112.113145 -22.524165 0.000000 0.000000 12.324969 0.000000 0.000000 4.260386 -0.094452 1.375350 -19.495351 -5.522771 -14.810659 14.754915 0.000000 0.000000 -25.713530 0.000000 0.000000 -6.917769 0.291382 2.291170 -8.117429 -9.213458 -6.442559 4.045726 0.000000 0.000000 4.456333 0.000000 0.000000 0.441624 -0.014543 2.538997 20.787975 5.336552 0.765303 55.085891 3.140336 18.075194 -0.297858 27.190303 4.678192 19.918046 -28.752487 -43.120969 23.395508 -6.321066 -14.995628 -5.067577 0.000000 0.000000 -7.363155 0.000000 0.000000 -7.969741 -5.107087 -8.050663 18.248305 2.576381 -14.966075 -14.959139 0.000000 0.000000 17.740489 0.000000 0.000000 6.271931 -1.933901 -4.817211 10.173046 5.364342 11.409551 10.996353 0.000000 0.000000 18.514993 0.000000 0.000000 -1.013052 -2.505694 -6.799366 22.634810 -9.604929 -15.000000 4.898102 0.000000 0.000000 13.696883 0.000000 0.000000 -3.109834 -2.403556 -3.139792 18.855191 13.567068 117.356463 14.201099 0.000000 0.000000 -15.000000 0.000000 0.000000 -4.610124 -2.491975 -2.359596 0.000000 0.000000 0.000000 0.000000 0.000000 0.000000 0.000000 0.000000 0.000000 0.000000 0.000000 0.000000 0.000000 0.000000 0.000000 0.000000 0.000000 0.000000 0.000000 0.000000 0.000000 0.000000 0.000000 0.000000 
0.000000 89.700000 0.000000 0.000000 0.000000 0.000000 0.196085 5.061295 -1.175675 0.328644 -2.094188 -0.913134 -0.146635 -0.256623 3.233508 -1.708431 1.137999 -2.815481 -0.262761 -0.788767 -1.743957 0.000000 0.000000 0.000000 -21.235270 -2.160540 1.058999 -54.576196 -4.860094 18.139935 -5.455123 -26.401594 14.006444 -24.909530 22.886202 -62.996067 -23.628646 6.051419 -14.814322 7.994847 0.000000 0.000000 1.244875 0.000000 0.000000 0.022390 -0.001199 4.934506 -14.979897 13.654784 14.213434 1.520950 0.000000 0.000000 -4.097870 0.000000 0.000000 2.447046 -0.079831 2.056764 -12.108853 -21.073350 113.479854 -22.507601 0.000000 0.000000 12.346024 0.000000 0.000000 4.260386 -0.094452 1.375350 -19.310368 -5.146277 -14.213796 13.978820 0.000000 0.000000 -25.464095 0.000000 0.000000 -6.917769 0.291382 2.291170 -7.636054 -9.283762 -2.496697 1.015816 0.000000 0.000000 -0.370236 0.000000 0.000000 0.441624 -0.014543 2.538997 20.798201 5.407030 0.830983 54.960790 3.167291 18.114909 -0.173648 27.204347 4.864655 19.448475 -28.840621 -43.218412 25.058829 -6.450029 -14.966076 -5.109080 0.000000 0.000000 -7.176782 0.000000 0.000000 -7.969741 -5.107087 -8.050663 19.646017 2.443004 -14.810659 -14.771821 0.000000 0.000000 17.566385 0.000000 0.000000 6.271931 -1.933901 -4.817211 11.372552 5.440665 13.302707 12.953169 0.000000 0.000000 18.498426 0.000000 0.000000 -1.013052 -2.505694 -6.799366 23.867978 -9.808160 -15.000000 5.095868 0.000000 0.000000 13.824470 0.000000 0.000000 -3.109834 -2.403556 -3.139792 19.254499 13.397310 117.276496 14.066412 0.000000 0.000000 -15.000000 0.000000 0.000000 -4.610124 -2.491975 -2.359596 0.000000 0.000000 0.000000 0.000000 0.000000 0.000000 0.000000 0.000000 0.000000 0.000000 0.000000 0.000000 0.000000 0.000000 0.000000 0.000000 0.000000 0.000000 0.000000 0.000000 0.000000 0.000000 0.000000 0.000000 
0.000000 89.700000 0.000000 0.000000 0.000000 0.000000 0.154111 5.162206 -1.229876 0.355265 -2.100838 -0.838833 -0.149465 -0.243481 3.215172 -1.684495 1.185253 -2.811631 -0.243298 -0.840954 -1.770019 0.000000 0.000000 0.000000 -21.236076 -2.230640 1.088658 -54.504816 -4.856386 18.185865 -5.559896 -26.529219 14.082933 -24.398649 23.281917 -60.687630 -23.679628 6.640228 -14.240579 7.453244 0.000000 0.000000 -0.271899 0.000000 0.000000 0.022390 -0.001199 4.934506 -15.147583 13.865502 12.516484 1.067838 0.000000 0.000000 -5.489778 0.000000 0.000000 2.447046 -0.079831 2.056764 -12.526968 -20.635962 115.100742 -22.214897 0.000000 0.000000 12.570242 0.000000 0.000000 4.260386 -0.094452 1.375350 -19.144454 -4.529478 -12.516504 11.759944 0.000000 0.000000 -24.824087 0.000000 0.000000 -6.917769 0.291382 2.291170 -7.518446 -9.220041 3.472241 -3.996487 0.000000 0.000000 -4.066384 0.000000 0.000000 0.441624 -0.014543 2.538997 20.806420 5.463122 0.909930 54.827151 3.183774 18.152724 -0.049763 27.305181 4.970972 18.861496 -29.111620 -43.084997 26.396365 -6.601895 -14.810659 -5.109472 0.000000 0.000000 -6.841501 0.000000 0.000000 -7.969741 -5.107087 -8.050663 21.134001 2.282631 -14.213796 -14.051778 0.000000 0.000000 17.251233 0.000000 0.000000 6.271931 -1.933901 -4.817211 12.906216 5.678245 14.403137 14.180052 0.000000 0.000000 18.445998 0.000000 0.000000 -1.013052 -2.505694 -6.799366 25.012065 -9.989957 -15.000000 5.244336 0.000000 0.000000 14.099042 0.000000 0.000000 -3.109834 -2.403556 -3.139792 19.784494 13.026893 117.574177 13.796369 0.000000 0.000000 -15.000000 0.000000 0.000000 -4.610124 -2.491975 -2.359596 0.000000 0.000000 0.000000 0.000000 0.000000 0.000000 0.000000 0.000000 0.000000 0.000000 0.000000 0.000000 0.000000 0.000000 0.000000 0.000000 0.000000 0.000000 0.000000 0.000000 0.000000 0.000000 0.000000 0.000000 
0.000000 89.700000 0.000000 0.000000 0.000000 0.000000 0.114583 5.242735 -1.280336 0.373413 -2.098613 -0.790090 -0.148526 -0.229273 3.210792 -1.657338 1.222916 -2.796528 -0.224647 -0.903606 -1.767807 0.000000 0.000000 0.000000 -21.228880 -2.276293 1.122308 -54.416726 -4.827194 18.234279 -5.703461 -26.707680 14.186900 -23.448265 23.910418 -57.372003 -24.961528 7.552959 -12.660676 6.381275 0.000000 0.000000 -0.052323 0.000000 0.000000 0.022390 -0.001199 4.934506 -16.163885 14.110282 8.926055 0.246764 0.000000 0.000000 -7.237512 0.000000 0.000000 2.447046 -0.079831 2.056764 -13.377730 -19.670392 116.794119 -21.601216 0.000000 0.000000 13.095327 0.000000 0.000000 4.260386 -0.094452 1.375350 -19.665606 -3.561139 -8.926055 7.030523 0.000000 0.000000 -23.761298 0.000000 0.000000 -6.917769 0.291382 2.291170 -8.527994 -8.988968 8.959980 -9.052961 0.000000 0.000000 -6.819843 0.000000 0.000000 0.441624 -0.014543 2.538997 20.816031 5.501219 0.993640 54.689630 3.191568 18.186535 0.041747 27.400416 4.985439 18.266249 -29.505008 -42.699601 27.675838 -6.780242 -14.213796 -4.942038 0.000000 0.000000 -6.381465 0.000000 0.000000 -7.969741 -5.107087 -8.050663 22.255602 2.080138 -12.516504 -12.001266 0.000000 0.000000 16.791855 0.000000 0.000000 6.271931 -1.933901 -4.817211 14.388581 6.037786 14.844584 14.802270 0.000000 0.000000 18.334576 0.000000 0.000000 -1.013052 -2.505694 -6.799366 25.966527 -10.153902 -15.000000 5.406150 0.000000 0.000000 14.539226 0.000000 0.000000 -3.109834 -2.403556 -3.139792 20.420730 12.556564 118.147375 13.464625 0.000000 0.000000 -15.000000 0.000000 0.000000 -4.610124 -2.491975 -2.359596 0.000000 0.000000 0.000000 0.000000 0.000000 0.000000 0.000000 0.000000 0.000000 0.000000 0.000000 0.000000 0.000000 0.000000 0.000000 0.000000 0.000000 0.000000 0.000000 0.000000 0.000000 0.000000 0.000000 0.000000 
0.000000 89.700000 0.000000 0.000000 0.000000 0.000000 0.080600 5.298319 -1.319847 0.379470 -2.089449 -0.770466 -0.146976 -0.214027 3.221481 -1.627193 1.253878 -2.769634 -0.210398 -0.974575 -1.732942 0.000000 0.000000 0.000000 -21.215933 -2.296976 1.154065 -54.307500 -4.775248 18.279175 -5.885117 -26.921923 14.315835 -21.921888 24.705374 -53.259789 -28.036536 8.744618 -9.513252 4.395398 0.000000 0.000000 -0.126181 0.000000 0.000000 0.022390 -0.001199 4.934506 -18.455718 14.321432 3.282900 -1.018129 0.000000 0.000000 -9.431789 0.000000 0.000000 2.447046 -0.079831 2.056764 -14.765752 -18.138562 118.239071 -20.819368 0.000000 0.000000 13.776843 0.000000 0.000000 4.260386 -0.094452 1.375350 -21.882845 -2.166500 -3.282900 -0.484781 0.000000 0.000000 -22.224768 0.000000 0.000000 -6.917769 0.291382 2.291170 -11.516901 -8.588037 12.520875 -12.843451 0.000000 0.000000 -9.619212 0.000000 0.000000 0.441624 -0.014543 2.538997 20.831913 5.522502 1.075619 54.547317 3.193457 18.216661 0.131073 27.448510 4.964378 17.680029 -29.947873 -42.083994 29.440172 -7.017254 -12.516504 -4.370775 0.000000 0.000000 -5.793116 0.000000 0.000000 -7.969741 -5.107087 -8.050663 23.811066 1.791077 -8.926055 -7.653367 0.000000 0.000000 16.159952 0.000000 0.000000 6.271931 -1.933901 -4.817211 16.402781 6.469060 14.970447 15.167104 0.000000 0.000000 18.189815 0.000000 0.000000 -1.013052 -2.505694 -6.799366 27.320394 -10.302760 -15.000000 5.654091 0.000000 0.000000 15.135726 0.000000 0.000000 -3.109834 -2.403556 -3.139792 21.183815 12.130534 118.813506 13.220324 0.000000 0.000000 -15.000000 0.000000 0.000000 -4.610124 -2.491975 -2.359596 0.000000 0.000000 0.000000 0.000000 0.000000 0.000000 0.000000 0.000000 0.000000 0.000000 0.000000 0.000000 0.000000 0.000000 0.000000 0.000000 0.000000 0.000000 0.000000 0.000000 0.000000 0.000000 0.000000 0.000000 
0.000000 89.700000 0.000000 0.000000 0.000000 0.000000 0.055594 5.324199 -1.346267 0.373589 -2.076885 -0.778686 -0.146066 -0.199347 3.245548 -1.595867 1.279869 -2.728133 -0.200882 -1.045056 -1.667045 0.000000 0.000000 0.000000 -21.201675 -2.297412 1.182590 -54.176566 -4.705042 18.316979 -6.098282 -27.150338 14.463381 -19.879302 25.486236 -48.722758 -31.577168 10.070932 -5.128171 1.434054 0.000000 0.000000 -1.640120 0.000000 0.000000 0.022390 -0.001199 4.934506 -21.147735 14.415895 -3.282900 -2.621774 0.000000 0.000000 -11.992297 0.000000 0.000000 2.447046 -0.079831 2.056764 -16.539234 -16.220614 119.210206 -20.133907 0.000000 0.000000 14.372685 0.000000 0.000000 4.260386 -0.094452 1.375350 -24.876459 -0.366153 3.282900 -9.373888 0.000000 0.000000 -20.201581 0.000000 0.000000 -6.917769 0.291382 2.291170 -15.984981 -8.016257 14.214179 -15.285883 0.000000 0.000000 -12.621293 0.000000 0.000000 0.441624 -0.014543 2.538997 20.857850 5.531960 1.152734 54.396036 3.191601 18.244447 0.310049 27.598715 5.017304 17.062474 -30.360733 -41.296929 30.857839 -7.331164 -8.926055 -3.128644 0.000000 0.000000 -5.084169 0.000000 0.000000 -7.969741 -5.107087 -8.050663 24.954097 1.397590 -3.282900 -0.791277 0.000000 0.000000 15.313131 0.000000 0.000000 6.271931 -1.933901 -4.817211 17.885742 6.963949 14.996011 15.504547 0.000000 0.000000 18.030084 0.000000 0.000000 -1.013052 -2.505694 -6.799366 28.362739 -10.443470 -15.000000 6.013486 0.000000 0.000000 15.847232 0.000000 0.000000 -3.109834 -2.403556 -3.139792 22.085692 11.787827 119.380779 13.161615 0.000000 0.000000 -15.000000 0.000000 0.000000 -4.610124 -2.491975 -2.359596 0.000000 0.000000 0.000000 0.000000 0.000000 0.000000 0.000000 0.000000 0.000000 0.000000 0.000000 0.000000 0.000000 0.000000 0.000000 0.000000 0.000000 0.000000 0.000000 0.000000 0.000000 0.000000 0.000000 0.000000 
0.000000 89.700000 0.000000 0.000000 0.000000 0.000000 0.041075 5.318834 -1.365717 0.359727 -2.064046 -0.808466 -0.145010 -0.187976 3.280067 -1.565357 1.300386 -2.670406 -0.193784 -1.106192 -1.575761 0.000000 0.000000 0.000000 -21.188574 -2.285286 1.209151 -54.031185 -4.622044 18.348599 -6.330000 -27.370922 14.620081 -17.643137 26.061442 -44.211434 -35.864271 11.357497 -1.267686 -1.937059 0.000000 0.000000 -4.052522 0.000000 0.000000 0.022390 -0.001199 4.934506 -23.988752 14.401467 -8.926055 -4.246468 0.000000 0.000000 -14.700355 0.000000 0.000000 2.447046 -0.079831 2.056764 -18.364793 -14.256325 119.716623 -19.764468 0.000000 0.000000 14.747342 0.000000 0.000000 4.260386 -0.094452 1.375350 -28.926294 1.658710 8.926055 -17.211717 0.000000 0.000000 -17.929804 0.000000 0.000000 -6.917769 0.291382 2.291170 -21.719046 -7.311542 14.810679 -16.881527 0.000000 0.000000 -15.173466 0.000000 0.000000 0.441624 -0.014543 2.538997 20.893682 5.535242 1.222787 54.235932 3.186270 18.270633 0.554025 27.736514 5.070319 16.405432 -30.687952 -40.433936 32.055052 -7.707917 -3.282900 -1.176157 0.000000 0.000000 -4.320223 0.000000 0.000000 -7.969741 -5.107087 -8.050663 25.998323 0.947585 3.282900 7.255506 0.000000 0.000000 14.260903 0.000000 0.000000 6.271931 -1.933901 -4.817211 19.314412 7.537788 14.999638 15.888199 0.000000 0.000000 17.809163 0.000000 0.000000 -1.013052 -2.505694 -6.799366 29.052676 -10.601896 -15.000000 6.453908 0.000000 0.000000 16.584241 0.000000 0.000000 -3.109834 -2.403556 -3.139792 23.078699 11.454557 119.743497 13.264686 0.000000 0.000000 -15.000000 0.000000 0.000000 -4.610124 -2.491975 -2.359596 0.000000 0.000000 0.000000 0.000000 0.000000 0.000000 0.000000 0.000000 0.000000 0.000000 0.000000 0.000000 0.000000 0.000000 0.000000 0.000000 0.000000 0.000000 0.000000 0.000000 0.000000 0.000000 0.000000 0.000000 
0.000000 89.700000 0.000000 0.000000 0.000000 0.000000 0.035059 5.286086 -1.388266 0.343864 -2.052973 -0.850963 -0.142504 -0.182636 3.321168 -1.536416 1.313581 -2.600414 -0.186895 -1.154889 -1.464245 0.000000 0.000000 0.000000 -21.173985 -2.268458 1.233901 -53.886981 -4.532324 18.377399 -6.563446 -27.562487 14.776612 -15.686503 26.359397 -40.148762 -38.323964 12.473440 -0.046249 -4.832403 0.000000 0.000000 -6.428807 0.000000 0.000000 0.022390 -0.001199 4.934506 -25.876212 14.379335 -12.516504 -5.548536 0.000000 0.000000 -17.265703 0.000000 0.000000 2.447046 -0.079831 2.056764 -19.949884 -12.591185 119.920056 -19.785957 0.000000 0.000000 14.921207 0.000000 0.000000 4.260386 -0.094452 1.375350 -31.190250 3.603515 12.516504 -22.412314 0.000000 0.000000 -15.921615 0.000000 0.000000 -6.917769 0.291382 2.291170 -24.560286 -6.579979 14.966076 -17.992284 0.000000 0.000000 -16.845743 0.000000 0.000000 0.441624 -0.014543 2.538997 20.933645 5.535740 1.281023 54.077267 3.175664 18.295514 0.767870 27.950610 5.130955 15.800746 -30.931627 -39.613978 33.867157 -8.114474 3.282900 1.093300 0.000000 0.000000 -3.620841 0.000000 0.000000 -7.969741 -5.107087 -8.050663 27.552416 0.535275 8.926055 14.281776 0.000000 0.000000 13.133608 0.000000 0.000000 6.271931 -1.933901 -4.817211 21.559599 8.168910 14.999980 16.293770 0.000000 0.000000 17.464873 0.000000 0.000000 -1.013052 -2.505694 -6.799366 29.811737 -10.805559 -15.000000 6.918969 0.000000 0.000000 17.211220 0.000000 0.000000 -3.109834 -2.403556 -3.139792 24.046801 11.059673 119.917471 13.425147 0.000000 0.000000 -15.000000 0.000000 0.000000 -4.610124 -2.491975 -2.359596 0.000000 0.000000 0.000000 0.000000 0.000000 0.000000 0.000000 0.000000 0.000000 0.000000 0.000000 0.000000 0.000000 0.000000 0.000000 0.000000 0.000000 0.000000 0.000000 0.000000 0.000000 0.000000 0.000000 0.000000 
0.000000 89.700000 0.000000 0.000000 0.000000 0.000000 0.032947 5.235089 -1.421128 0.331345 -2.045085 -0.898218 -0.138321 -0.184986 3.364772 -1.508399 1.319206 -2.529532 -0.180032 -1.192700 -1.335246 0.000000 0.000000 0.000000 -21.152607 -2.252953 1.254657 -53.762009 -4.442629 18.404855 -6.781654 -27.705380 14.924648 -14.369149 26.447380 -36.829194 -39.610897 13.375414 -1.975323 -6.742940 0.000000 0.000000 -8.385423 0.000000 0.000000 0.022390 -0.001199 4.934506 -27.511514 14.447794 -14.213796 -6.396941 0.000000 0.000000 -19.431264 0.000000 0.000000 2.447046 -0.079831 2.056764 -21.185239 -11.420922 119.982589 -20.128782 0.000000 0.000000 14.981273 0.000000 0.000000 4.260386 -0.094452 1.375350 -31.965778 5.211307 14.213796 -25.066944 0.000000 0.000000 -14.633101 0.000000 0.000000 -6.917769 0.291382 2.291170 -25.032622 -5.936532 14.995628 -18.729288 0.000000 0.000000 -17.742185 0.000000 0.000000 0.441624 -0.014543 2.538997 20.969086 5.533997 1.319892 53.937040 3.156804 18.320043 0.997329 28.191906 5.210030 15.414771 -31.124179 -38.943601 36.993404 -8.507914 8.926055 3.060760 0.000000 0.000000 -3.098910 0.000000 0.000000 -7.969741 -5.107087 -8.050663 30.477570 0.236228 12.516504 18.907603 0.000000 0.000000 12.151776 0.000000 0.000000 6.271931 -1.933901 -4.817211 25.033930 8.769586 15.000000 16.664935 0.000000 0.000000 17.035546 0.000000 0.000000 -1.013052 -2.505694 -6.799366 31.156241 -11.041989 -15.000000 7.354186 0.000000 0.000000 17.606891 0.000000 0.000000 -3.109834 -2.403556 -3.139792 24.836715 10.630875 119.979784 13.556046 0.000000 0.000000 -15.000000 0.000000 0.000000 -4.610124 -2.491975 -2.359596 0.000000 0.000000 0.000000 0.000000 0.000000 0.000000 0.000000 0.000000 0.000000 0.000000 0.000000 0.000000 0.000000 0.000000 0.000000 0.000000 0.000000 0.000000 0.000000 0.000000 0.000000 0.000000 0.000000 0.000000 
0.000000 89.700000 0.000000 0.000000 0.000000 0.000000 0.030247 5.176844 -1.466345 0.325223 -2.041421 -0.944356 -0.133894 -0.195055 3.407812 -1.480633 1.319748 -2.471424 -0.174427 -1.221624 -1.192067 0.000000 0.000000 0.000000 -21.122648 -2.242009 1.269256 -53.667832 -4.360203 18.428566 -6.970694 -27.785413 15.055905 -13.743452 26.429151 -34.359700 -40.096319 14.094985 -5.588771 -7.794138 0.000000 0.000000 -9.900509 0.000000 0.000000 0.022390 -0.001199 4.934506 -28.236596 14.634490 -14.810659 -6.909190 0.000000 0.000000 -21.078257 0.000000 0.000000 2.447046 -0.079831 2.056764 -22.104522 -10.735059 119.997142 -20.637322 0.000000 0.000000 14.996681 0.000000 0.000000 4.260386 -0.094452 1.375350 -32.197426 6.408657 14.810659 -26.164309 0.000000 0.000000 -14.136156 0.000000 0.000000 -6.917769 0.291382 2.291170 -25.308433 -5.415001 14.999617 -19.146817 0.000000 0.000000 -18.151243 0.000000 0.000000 0.441624 -0.014543 2.538997 20.994427 5.529047 1.333441 53.828469 3.127295 18.345691 1.132834 28.306052 5.218104 15.360936 -31.271430 -38.474522 39.160313 -8.847061 12.516504 4.355825 0.000000 0.000000 -2.790026 0.000000 0.000000 -7.969741 -5.107087 -8.050663 32.399511 0.050670 14.213796 21.274309 0.000000 0.000000 11.482850 0.000000 0.000000 6.271931 -1.933901 -4.817211 27.169688 9.217196 15.000000 16.960225 0.000000 0.000000 16.679194 0.000000 0.000000 -1.013052 -2.505694 -6.799366 31.312875 -11.261104 -15.000000 7.719130 0.000000 0.000000 17.755001 0.000000 0.000000 -3.109834 -2.403556 -3.139792 25.342952 10.279634 119.996318 13.640063 0.000000 0.000000 -15.000000 0.000000 0.000000 -4.610124 -2.491975 -2.359596 0.000000 0.000000 0.000000 0.000000 0.000000 0.000000 0.000000 0.000000 0.000000 0.000000 0.000000 0.000000 0.000000 0.000000 0.000000 0.000000 0.000000 0.000000 0.000000 0.000000 0.000000 0.000000 0.000000 0.000000 
0.000000 89.700000 0.000000 0.000000 0.000000 0.000000 0.025293 5.119932 -1.522904 0.326241 -2.042508 -0.984966 -0.131562 -0.211269 3.448759 -1.454195 1.317281 -2.433750 -0.171534 -1.243868 -1.041541 0.000000 0.000000 0.000000 -21.087909 -2.236251 1.278560 -53.606037 -4.292096 18.444751 -7.122333 -27.797731 15.164012 -13.598285 26.367835 -32.667973 -40.179671 14.685448 -8.993188 -8.391119 0.000000 0.000000 -11.000778 0.000000 0.000000 0.022390 -0.001199 4.934506 -28.280650 14.909807 -14.966076 -7.276471 0.000000 0.000000 -22.248521 0.000000 0.000000 2.447046 -0.079831 2.056764 -22.772724 -10.370692 119.999659 -21.129187 0.000000 0.000000 14.999576 0.000000 0.000000 4.260386 -0.094452 1.375350 -32.298162 7.267547 14.966076 -26.573354 0.000000 0.000000 -14.167251 0.000000 0.000000 -6.917769 0.291382 2.291170 -25.511714 -4.975389 14.999980 -19.326577 0.000000 0.000000 -18.287584 0.000000 0.000000 0.441624 -0.014543 2.538997 21.009661 5.519872 1.321985 53.754300 3.086960 18.373197 1.227835 28.401951 5.230225 15.590792 -31.350082 -38.183938 39.760473 -9.117590 14.213796 5.037027 0.000000 0.000000 -2.633593 0.000000 0.000000 -7.969741 -5.107087 -8.050663 32.798474 -0.089457 14.810659 22.284362 0.000000 0.000000 11.134589 0.000000 0.000000 6.271931 -1.933901 -4.817211 27.627009 9.430283 15.000000 17.161079 0.000000 0.000000 16.547186 0.000000 0.000000 -1.013052 -2.505694 -6.799366 30.808792 -11.429880 -15.000000 7.984797 0.000000 0.000000 17.777516 0.000000 0.000000 -3.109834 -2.403556 -3.139792 25.593513 10.100107 119.999518 13.701075 0.000000 0.000000 -15.000000 0.000000 0.000000 -4.610124 -2.491975 -2.359596 0.000000 0.000000 0.000000 0.000000 0.000000 0.000000 0.000000 0.000000 0.000000 0.000000 0.000000 0.000000 0.000000 0.000000 0.000000 0.000000 0.000000 0.000000 0.000000 0.000000 0.000000 0.000000 0.000000 0.000000 
0.000000 89.700000 0.000000 0.000000 0.000000 0.000000 0.019874 5.068547 -1.589044 0.333427 -2.048169 -1.016640 -0.133096 -0.231013 3.487026 -1.432100 1.310535 -2.413881 -0.172635 -1.263853 -0.892661 0.000000 0.000000 0.000000 -21.053784 -2.234240 1.286954 -53.572054 -4.243693 18.452352 -7.235406 -27.748028 15.248440 -13.656143 26.294582 -31.568418 -39.744052 15.187078 -11.271811 -8.827284 0.000000 0.000000 -11.756265 0.000000 0.000000 0.022390 -0.001199 4.934506 -27.855246 15.230052 -14.995628 -7.600435 0.000000 0.000000 -23.082265 0.000000 0.000000 2.447046 -0.079831 2.056764 -23.228631 -10.107915 119.999972 -21.450444 0.000000 0.000000 14.999963 0.000000 0.000000 4.260386 -0.094452 1.375350 -32.182922 7.891853 14.995628 -26.736611 0.000000 0.000000 -14.426823 0.000000 0.000000 -6.917769 0.291382 2.291170 -25.493992 -4.586361 15.000000 -19.354530 0.000000 0.000000 -18.302770 0.000000 0.000000 0.441624 -0.014543 2.538997 21.017351 5.505810 1.292219 53.709507 3.038390 18.401914 1.330164 28.485704 5.219390 15.931324 -31.347749 -37.992343 39.634594 -9.335579 14.810659 5.366347 0.000000 0.000000 -2.524747 0.000000 0.000000 -7.969741 -5.107087 -8.050663 32.473438 -0.254184 14.966076 22.699079 0.000000 0.000000 11.002153 0.000000 0.000000 6.271931 -1.933901 -4.817211 27.467198 9.422259 15.000000 17.259216 0.000000 0.000000 16.670770 0.000000 0.000000 -1.013052 -2.505694 -6.799366 30.921295 -11.558347 -15.000000 8.134883 0.000000 0.000000 17.849401 0.000000 0.000000 -3.109834 -2.403556 -3.139792 25.725189 10.087656 119.999957 13.760688 0.000000 0.000000 -15.000000 0.000000 0.000000 -4.610124 -2.491975 -2.359596 0.000000 0.000000 0.000000 0.000000 0.000000 0.000000 0.000000 0.000000 0.000000 0.000000 0.000000 0.000000 0.000000 0.000000 0.000000 0.000000 0.000000 0.000000 0.000000 0.000000 0.000000 0.000000 0.000000 0.000000 
0.000000 89.700000 0.000000 0.000000 0.000000 0.000000 0.016469 5.021998 -1.663466 0.345100 -2.057507 -1.036841 -0.138941 -0.251507 3.521754 -1.416805 1.297166 -2.399981 -0.178215 -1.286691 -0.751835 0.000000 0.000000 0.000000 -21.022664 -2.232202 1.300270 -53.559428 -4.215405 18.454568 -7.315710 -27.654642 15.315383 -13.720507 26.219554 -30.846273 -39.665843 15.631257 -12.554784 -9.227262 0.000000 0.000000 -12.309744 0.000000 0.000000 0.022390 -0.001199 4.934506 -27.912354 15.555673 -14.999617 -7.896966 0.000000 0.000000 -23.744995 0.000000 0.000000 2.447046 -0.079831 2.056764 -23.501101 -9.787569 119.999999 -21.552002 0.000000 0.000000 14.999998 0.000000 0.000000 4.260386 -0.094452 1.375350 -32.463992 8.378390 14.999617 -26.848296 0.000000 0.000000 -14.759349 0.000000 0.000000 -6.917769 0.291382 2.291170 -26.184143 -4.245082 15.000000 -19.330705 0.000000 0.000000 -18.366248 0.000000 0.000000 0.441624 -0.014543 2.538997 21.019458 5.485939 1.253864 53.686843 2.986062 18.429882 1.386581 28.580044 5.279665 16.219186 -31.267566 -37.805137 39.818990 -9.519145 14.966076 5.546406 0.000000 0.000000 -2.388328 0.000000 0.000000 -7.969741 -5.107087 -8.050663 32.502637 -0.464317 14.995628 22.876197 0.000000 0.000000 10.968131 0.000000 0.000000 6.271931 -1.933901 -4.817211 27.572083 9.272399 15.000000 17.256810 0.000000 0.000000 16.968620 0.000000 0.000000 -1.013052 -2.505694 -6.799366 31.368702 -11.668664 -15.000000 8.177271 0.000000 0.000000 18.061590 0.000000 0.000000 -3.109834 -2.403556 -3.139792 25.868666 10.161714 119.999998 13.840496 0.000000 0.000000 -15.000000 0.000000 0.000000 -4.610124 -2.491975 -2.359596 0.000000 0.000000 0.000000 0.000000 0.000000 0.000000 0.000000 0.000000 0.000000 0.000000 0.000000 0.000000 0.000000 0.000000 0.000000 0.000000 0.000000 0.000000 0.000000 0.000000 0.000000 0.000000 0.000000 0.000000 
0.000000 89.700000 0.000000 0.000000 0.000000 0.000000 0.013524 4.973843 -1.746784 0.360729 -2.069272 -1.043362 -0.148943 -0.270719 3.550901 -1.406697 1.277998 -2.373733 -0.186669 -1.313669 -0.617447 0.000000 0.000000 0.000000 -20.992509 -2.223327 1.323343 -53.560784 -4.198697 18.456892 -7.374396 -27.551874 15.373702 -13.706713 26.120419 -30.320484 -39.974662 16.038736 -13.319105 -9.662778 0.000000 0.000000 -12.796681 0.000000 0.000000 0.022390 -0.001199 4.934506 -28.215622 15.839271 -14.999980 -8.186868 0.000000 0.000000 -24.360619 0.000000 0.000000 2.447046 -0.079831 2.056764 -23.649339 -9.424804 120.000000 -21.529039 0.000000 0.000000 15.000000 0.000000 0.000000 4.260386 -0.094452 1.375350 -32.751257 8.819512 14.999980 -27.022803 0.000000 0.000000 -15.109205 0.000000 0.000000 -6.917769 0.291382 2.291170 -26.878922 -3.927006 15.000000 -19.372776 0.000000 0.000000 -18.640984 0.000000 0.000000 0.441624 -0.014543 2.538997 21.017463 5.458137 1.216733 53.678404 2.933824 18.453866 1.398789 28.641632 5.341349 16.377636 -31.100732 -37.549857 39.599109 -9.668976 14.995628 5.651690 0.000000 0.000000 -2.211878 0.000000 0.000000 -7.969741 -5.107087 -8.050663 32.104511 -0.702013 14.999617 22.910546 0.000000 0.000000 10.928553 0.000000 0.000000 6.271931 -1.933901 -4.817211 27.073590 9.048545 15.000000 17.175518 0.000000 0.000000 17.310574 0.000000 0.000000 -1.013052 -2.505694 -6.799366 31.642666 -11.766613 -15.000000 8.149578 0.000000 0.000000 18.368756 0.000000 0.000000 -3.109834 -2.403556 -3.139792 26.071354 10.230365 120.000000 13.973677 0.000000 0.000000 -15.000000 0.000000 0.000000 -4.610124 -2.491975 -2.359596 0.000000 0.000000 0.000000 0.000000 0.000000 0.000000 0.000000 0.000000 0.000000 0.000000 0.000000 0.000000 0.000000 0.000000 0.000000 0.000000 0.000000 0.000000 0.000000 0.000000 0.000000 0.000000 0.000000 0.000000 
0.000000 89.700000 0.000000 0.000000 0.000000 0.000000 0.002789 4.912025 -1.842421 0.382663 -2.082525 -1.033128 -0.163512 -0.287999 3.571280 -1.394793 1.257211 -2.312112 -0.193666 -1.339317 -0.475956 0.000000 0.000000 0.000000 -20.957981 -2.198291 1.358830 -53.568409 -4.176011 18.464222 -7.423882 -27.487241 15.429269 -13.613138 25.969534 -29.870050 -40.331719 16.390848 -13.815684 -10.190400 0.000000 0.000000 -13.248367 0.000000 0.000000 0.022390 -0.001199 4.934506 -28.182185 16.016608 -15.000000 -8.522885 0.000000 0.000000 -24.947322 0.000000 0.000000 2.447046 -0.079831 2.056764 -23.758839 -9.176289 120.000000 -21.529976 0.000000 0.000000 15.000000 0.000000 0.000000 4.260386 -0.094452 1.375350 -32.962647 9.256498 15.000000 -27.299861 0.000000 0.000000 -15.421916 0.000000 0.000000 -6.917769 0.291382 2.291170 -27.240150 -3.585738 15.000000 -19.540812 0.000000 0.000000 -19.157166 0.000000 0.000000 0.441624 -0.014543 2.538997 21.013555 5.418427 1.189293 53.674631 2.881678 18.469956 1.389922 28.666597 5.366506 16.394058 -30.840499 -37.191333 39.029637 -9.775538 14.999617 5.689850 0.000000 0.000000 -2.027005 0.000000 0.000000 -7.969741 -5.107087 -8.050663 31.687844 -0.940462 14.999980 22.818154 0.000000 0.000000 10.793052 0.000000 0.000000 6.271931 -1.933901 -4.817211 26.404944 8.779186 15.000000 17.046060 0.000000 0.000000 17.561194 0.000000 0.000000 -1.013052 -2.505694 -6.799366 31.672772 -11.849287 -15.000000 8.090320 0.000000 0.000000 18.661548 0.000000 0.000000 -3.109834 -2.403556 -3.139792 26.308832 10.206821 120.000000 14.178549 0.000000 0.000000 -15.000000 0.000000 0.000000 -4.610124 -2.491975 -2.359596 0.000000 0.000000 0.000000 0.000000 0.000000 0.000000 0.000000 0.000000 0.000000 0.000000 0.000000 0.000000 0.000000 0.000000 0.000000 0.000000 0.000000 0.000000 0.000000 0.000000 0.000000 0.000000 0.000000 0.000000 
0.000000 89.700000 0.000000 0.000000 0.000000 0.000000 -0.027877 4.823102 -1.954836 0.415866 -2.097157 -1.001777 -0.183621 -0.304051 3.579515 -1.371302 1.239092 -2.191727 -0.193458 -1.352964 -0.304283 0.000000 0.000000 0.000000 -20.913423 -2.148289 1.407202 -53.576017 -4.127874 18.479502 -7.472928 -27.506386 15.482928 -13.475248 25.780575 -29.431303 -40.032230 16.621218 -13.996385 -10.805293 0.000000 0.000000 -13.590785 0.000000 0.000000 0.022390 -0.001199 4.934506 -27.604812 16.024429 -15.000000 -8.943379 0.000000 0.000000 -25.405152 0.000000 0.000000 2.447046 -0.079831 2.056764 -23.887102 -9.153727 120.000000 -21.616659 0.000000 0.000000 15.000000 0.000000 0.000000 4.260386 -0.094452 1.375350 -32.790196 9.636413 15.000000 -27.615512 0.000000 0.000000 -15.631308 0.000000 0.000000 -6.917769 0.291382 2.291170 -27.102017 -3.212831 15.000000 -19.776681 0.000000 0.000000 -19.757214 0.000000 0.000000 0.441624 -0.014543 2.538997 21.010621 5.361714 1.177362 53.665242 2.825317 18.475429 1.381138 28.668116 5.375622 16.275457 -30.529428 -36.727754 38.283031 -9.832548 14.999980 5.665928 0.000000 0.000000 -1.871592 0.000000 0.000000 -7.969741 -5.107087 -8.050663 31.208494 -1.148656 15.000000 22.643230 0.000000 0.000000 10.524604 0.000000 0.000000 6.271931 -1.933901 -4.817211 25.812483 8.501070 15.000000 16.885537 0.000000 0.000000 17.618878 0.000000 0.000000 -1.013052 -2.505694 -6.799366 31.381491 -11.918728 -15.000000 7.987604 0.000000 0.000000 18.871672 0.000000 0.000000 -3.109834 -2.403556 -3.139792 26.543979 10.015878 120.000000 14.432104 0.000000 0.000000 -15.000000 0.000000 0.000000 -4.610124 -2.491975 -2.359596 0.000000 0.000000 0.000000 0.000000 0.000000 0.000000 0.000000 0.000000 0.000000 0.000000 0.000000 0.000000 0.000000 0.000000 0.000000 0.000000 0.000000 0.000000 0.000000 0.000000 0.000000 0.000000 0.000000 0.000000 
0.000000 89.700000 0.000000 0.000000 0.000000 0.000000 -0.085809 4.700877 -2.085236 0.464052 -2.113642 -0.947081 -0.209499 -0.320021 3.574225 -1.329949 1.225455 -2.002016 -0.182267 -1.346262 -0.084996 0.000000 0.000000 0.000000 -20.856788 -2.070713 1.466727 -53.580224 -4.044807 18.503332 -7.524839 -27.627446 15.533780 -13.322105 25.595576 -28.981582 -39.506253 16.673665 -13.775270 -11.442479 0.000000 0.000000 -13.748943 0.000000 0.000000 0.022390 -0.001199 4.934506 -26.848254 15.841839 -15.000000 -9.438867 0.000000 0.000000 -25.617934 0.000000 0.000000 2.447046 -0.079831 2.056764 -24.037408 -9.316828 120.000000 -21.750335 0.000000 0.000000 15.000000 0.000000 0.000000 4.260386 -0.094452 1.375350 -32.693646 9.875348 15.000000 -27.864500 0.000000 0.000000 -15.709322 0.000000 0.000000 -6.917769 0.291382 2.291170 -27.163615 -2.844594 15.000000 -19.967064 0.000000 0.000000 -20.234570 0.000000 0.000000 0.441624 -0.014543 2.538997 21.010932 5.285607 1.181951 53.643622 2.760483 18.470691 1.426378 28.874881 5.314812 16.037288 -30.244333 -36.180836 37.725217 -9.846526 15.000000 5.602595 0.000000 0.000000 -1.763799 0.000000 0.000000 -7.969741 -5.107087 -8.050663 30.844357 -1.300404 15.000000 22.462703 0.000000 0.000000 10.154237 0.000000 0.000000 6.271931 -1.933901 -4.817211 25.696236 8.278141 15.000000 16.697955 0.000000 0.000000 17.463583 0.000000 0.000000 -1.013052 -2.505694 -6.799366 31.292641 -11.979931 -15.000000 7.794076 0.000000 0.000000 19.007482 0.000000 0.000000 -3.109834 -2.403556 -3.139792 26.770951 9.634883 120.000000 14.691344 0.000000 0.000000 -15.000000 0.000000 0.000000 -4.610124 -2.491975 -2.359596 0.000000 0.000000 0.000000 0.000000 0.000000 0.000000 0.000000 0.000000 0.000000 0.000000 0.000000 0.000000 0.000000 0.000000 0.000000 0.000000 0.000000 0.000000 0.000000 0.000000 0.000000 0.000000 0.000000 0.000000 
0.000000 89.700000 0.000000 0.000000 0.000000 0.000000 -0.164110 4.554702 -2.227634 0.523730 -2.131801 -0.875706 -0.239245 -0.336386 3.559324 -1.274710 1.214938 -1.762791 -0.162312 -1.323054 0.172412 0.000000 0.000000 0.000000 -20.791838 -1.974442 1.533036 -53.581222 -3.936315 18.533028 -7.579157 -27.819887 15.582691 -13.163852 25.431379 -28.521507 -38.759783 16.586047 -13.258492 -12.058276 0.000000 0.000000 -13.757842 0.000000 0.000000 0.022390 -0.001199 4.934506 -26.291922 15.528426 -15.000000 -9.971499 0.000000 0.000000 -25.617499 0.000000 0.000000 2.447046 -0.079831 2.056764 -24.192920 -9.557777 120.000000 -21.886182 0.000000 0.000000 15.000000 0.000000 0.000000 4.260386 -0.094452 1.375350 -32.506378 9.983108 15.000000 -28.022456 0.000000 0.000000 -15.696436 0.000000 0.000000 -6.917769 0.291382 2.291170 -27.653806 -2.501004 15.000000 -20.076370 0.000000 0.000000 -20.548623 0.000000 0.000000 0.441624 -0.014543 2.538997 21.014225 5.195751 1.197431 53.611813 2.688474 18.459742 1.353986 29.509664 4.929398 15.722722 -30.012854 -35.587942 38.092693 -9.836623 15.000000 5.525242 0.000000 0.000000 -1.692248 0.000000 0.000000 -7.969741 -5.107087 -8.050663 31.315117 -1.403506 15.000000 22.314932 0.000000 0.000000 9.737731 0.000000 0.000000 6.271931 -1.933901 -4.817211 26.512960 8.128229 15.000000 16.492142 0.000000 0.000000 17.172189 0.000000 0.000000 -1.013052 -2.505694 -6.799366 31.954179 -12.036424 -15.000000 7.514155 0.000000 0.000000 19.110829 0.000000 0.000000 -3.109834 -2.403556 -3.139792 27.000779 9.126691 120.000000 14.936388 0.000000 0.000000 -15.000000 0.000000 0.000000 -4.610124 -2.491975 -2.359596 0.000000 0.000000 0.000000 0.000000 0.000000 0.000000 0.000000 0.000000 0.000000 0.000000 0.000000 0.000000 0.000000 0.000000 0.000000 0.000000 0.000000 0.000000 0.000000 0.000000 0.000000 0.000000 0.000000 0.000000 
