HIERARCHY
ROOT hips
{
	OFFSET 0.000000 29.995300 -0.000000
	CHANNELS 6 Xposition Yposition Zposition Zrotation Yrotation Xrotation 
	JOINT Chest
	{
		OFFSET 0.000000 10.123600 0.695200
		CHANNELS 3 Zrotation Yrotation Xrotation
		JOINT Chest2
		{
			OFFSET 0.000000 15.405600 0.012300
			CHANNELS 3 Zrotation Yrotation Xrotation
			JOINT Chest3
			{
				OFFSET 0.000000 11.482400 -0.009100
				CHANNELS 3 Zrotation Yrotation Xrotation
				JOINT Neck
				{
					OFFSET 0.000000 25.678300 -0.023300
					CHANNELS 3 Zrotation Yrotation Xrotation
					JOINT Head
					{
						OFFSET 0.000000 13.458800 0.864200
						CHANNELS 3 Zrotation Yrotation Xrotation
						JOINT Head_End
						{
							OFFSET 0.000000 11.713200 -0.000000
							CHANNELS 3 Zrotation Yrotation Xrotation
							End Site
							{
								OFFSET 0.005000 0.000000 0.000000
							}
						}
					}
				}
				JOINT LeftCollar
				{
					OFFSET 12.227600 21.516500 -0.711700
					CHANNELS 3 Zrotation Yrotation Xrotation
					JOINT LeftShoulder
					{
						OFFSET 10.451400 0.021300 -0.002200
						CHANNELS 3 Zrotation Yrotation Xrotation
						JOINT LeftElbow
						{
							OFFSET 26.123400 0.000000 0.000000
							CHANNELS 3 Zrotation Yrotation Xrotation
							JOINT LeftWrist
							{
								OFFSET 25.245600 0.035600 0.002400
								CHANNELS 3 Zrotation Yrotation Xrotation
								JOINT Middle_00_L
								{
									OFFSET 11.653500 0.000000 0.000000
									CHANNELS 3 Zrotation Yrotation Xrotation
									JOINT Middle_01_L
									{
										OFFSET 4.384300 0.000000 0.000000
										CHANNELS 3 Zrotation Yrotation Xrotation
										JOINT Middle_02_L
										{
											OFFSET 3.470400 -0.000300 0.000000
											CHANNELS 3 Zrotation Yrotation Xrotation
											JOINT Middle_03_L
											{
												OFFSET 2.422200 0.000300 0.000000
												CHANNELS 3 Zrotation Yrotation Xrotation
												End Site
												{
													OFFSET 0.005000 0.000000 0.000000
												}
											}
										}
									}
								}
								JOINT Index_00_L
								{
									OFFSET 11.320700 0.000000 3.214800
									CHANNELS 3 Zrotation Yrotation Xrotation
									JOINT Index_01_L
									{
										OFFSET 3.752500 0.000000 0.000000
										CHANNELS 3 Zrotation Yrotation Xrotation
										JOINT Index_02_L
										{
											OFFSET 2.704900 0.000000 0.000300
											CHANNELS 3 Zrotation Yrotation Xrotation
											JOINT Index_03_L
											{
												OFFSET 2.288400 0.000000 -0.000300
												CHANNELS 3 Zrotation Yrotation Xrotation
												End Site
												{
													OFFSET 0.005000 0.000000 0.000000
												}
											}
										}
									}
								}
								JOINT Thumb_00_L
								{
									OFFSET 2.189000 0.000000 5.112700
									CHANNELS 3 Zrotation Yrotation Xrotation
									JOINT Thumb_01_L
									{
										OFFSET 5.672300 0.000000 0.000000
										CHANNELS 3 Zrotation Yrotation Xrotation
										JOINT Thumb_02_L
										{
											OFFSET 3.353600 0.000000 0.000400
											CHANNELS 3 Zrotation Yrotation Xrotation
											JOINT Thumb_03_L
											{
												OFFSET 3.066600 0.000000 -0.000400
												CHANNELS 3 Zrotation Yrotation Xrotation
												End Site
												{
													OFFSET 0.005000 0.000000 0.000000
												}
											}
										}
									}
								}
								JOINT Ring_00_L
								{
									OFFSET 11.421100 0.000000 -3.087400
									CHANNELS 3 Zrotation Yrotation Xrotation
									JOINT Ring_01_L
									{
										OFFSET 4.107700 0.000000 0.000000
										CHANNELS 3 Zrotation Yrotation Xrotation
										JOINT Ring_02_L
										{
											OFFSET 2.971800 0.000000 0.000500
											CHANNELS 3 Zrotation Yrotation Xrotation
											JOINT Ring_03_L
											{
												OFFSET 2.159200 0.000000 -0.000500
												CHANNELS 3 Zrotation Yrotation Xrotation
												End Site
												{
													OFFSET 0.005000 0.000000 0.000000
												}
											}
										}
									}
								}
								JOINT Little_00_L
								{
									OFFSET 10.838200 0.000000 -5.836000
									CHANNELS 3 Zrotation Yrotation Xrotation
									JOINT Little_01_L
									{
										OFFSET 3.568800 0.000000 0.000000
										CHANNELS 3 Zrotation Yrotation Xrotation
										JOINT Little_02_L
										{
											OFFSET 2.336100 0.000000 0.000200
											CHANNELS 3 Zrotation Yrotation Xrotation
											JOINT Little_03_L
											{
												OFFSET 1.912900 0.000000 -0.000200
												CHANNELS 3 Zrotation Yrotation Xrotation
												End Site
												{
													OFFSET 0.005000 0.000000 0.000000
												}
											}
										}
									}
								}
							}
						}
					}
				}
				JOINT RightCollar
				{
					OFFSET -12.227600 21.516500 -0.711700
					CHANNELS 3 Zrotation Yrotation Xrotation
					JOINT RightShoulder
					{
						OFFSET -10.451300 0.021300 -0.002200
						CHANNELS 3 Zrotation Yrotation Xrotation
						JOINT RightElbow
						{
							OFFSET -26.123400 0.000000 0.000000
							CHANNELS 3 Zrotation Yrotation Xrotation
							JOINT RightWrist
							{
								OFFSET -25.245800 0.035400 0.002000
								CHANNELS 3 Zrotation Yrotation Xrotation
								JOINT Middle_00_R
								{
									OFFSET -11.654000 0.000000 0.000000
									CHANNELS 3 Zrotation Yrotation Xrotation
									JOINT Middle_01_R
									{
										OFFSET -4.408600 0.000000 0.000000
										CHANNELS 3 Zrotation Yrotation Xrotation
										JOINT Middle_02_R
										{
											OFFSET -3.470400 0.000000 0.000000
											CHANNELS 3 Zrotation Yrotation Xrotation
											JOINT Middle_03_R
											{
												OFFSET -2.422200 0.000000 0.000000
												CHANNELS 3 Zrotation Yrotation Xrotation
												End Site
												{
													OFFSET 0.005000 0.000000 0.000000
												}
											}
										}
									}
								}
								JOINT Ring_00_R
								{
									OFFSET -11.459300 0.000000 -3.067300
									CHANNELS 3 Zrotation Yrotation Xrotation
									JOINT Ring_01_R
									{
										OFFSET -4.107700 0.000000 0.000000
										CHANNELS 3 Zrotation Yrotation Xrotation
										JOINT Ring_02_R
										{
											OFFSET -2.971800 0.000000 0.000000
											CHANNELS 3 Zrotation Yrotation Xrotation
											JOINT Ring_03_R
											{
												OFFSET -2.159200 0.000000 0.000000
												CHANNELS 3 Zrotation Yrotation Xrotation
												End Site
												{
													OFFSET 0.005000 0.000000 0.000000
												}
											}
										}
									}
								}
								JOINT Little_00_R
								{
									OFFSET -10.887000 0.000000 -5.818300
									CHANNELS 3 Zrotation Yrotation Xrotation
									JOINT Little_01_R
									{
										OFFSET -3.568800 0.000000 0.000000
										CHANNELS 3 Zrotation Yrotation Xrotation
										JOINT Little_02_R
										{
											OFFSET -2.336100 0.000000 0.000000
											CHANNELS 3 Zrotation Yrotation Xrotation
											JOINT Little_03_R
											{
												OFFSET -1.912900 0.000000 0.000000
												CHANNELS 3 Zrotation Yrotation Xrotation
												End Site
												{
													OFFSET 0.005000 0.000000 0.000000
												}
											}
										}
									}
								}
								JOINT Index_00_R
								{
									OFFSET -11.333200 0.000000 3.234400
									CHANNELS 3 Zrotation Yrotation Xrotation
									JOINT Index_01_R
									{
										OFFSET -3.752500 0.000000 0.000000
										CHANNELS 3 Zrotation Yrotation Xrotation
										JOINT Index_02_R
										{
											OFFSET -2.704900 0.000000 0.000000
											CHANNELS 3 Zrotation Yrotation Xrotation
											JOINT Index_03_R
											{
												OFFSET -2.288400 0.000000 0.000000
												CHANNELS 3 Zrotation Yrotation Xrotation
												End Site
												{
													OFFSET 0.005000 0.000000 0.000000
												}
											}
										}
									}
								}
								JOINT Thumb_00_R
								{
									OFFSET -2.193600 -0.231700 5.095700
									CHANNELS 3 Zrotation Yrotation Xrotation
									JOINT Thumb_01_R
									{
										OFFSET -5.672200 0.231700 0.000000
										CHANNELS 3 Zrotation Yrotation Xrotation
										JOINT Thumb_02_R
										{
											OFFSET -3.353600 0.000000 0.000000
											CHANNELS 3 Zrotation Yrotation Xrotation
											JOINT Thumb_03_R
											{
												OFFSET -3.066500 0.000000 0.000000
												CHANNELS 3 Zrotation Yrotation Xrotation
												End Site
												{
													OFFSET 0.005000 0.000000 0.000000
												}
											}
										}
									}
								}
							}
						}
					}
				}
			}
		}
	}
	JOINT LeftHip
	{
		OFFSET 6.356900 0.000000 0.000000
		CHANNELS 3 Zrotation Yrotation Xrotation
		JOINT LeftKnee
		{
			OFFSET -0.000100 -37.930500 0.000000
			CHANNELS 3 Zrotation Yrotation Xrotation
			JOINT LeftAnkle
			{
				OFFSET -0.000100 -42.440200 -0.085400
				CHANNELS 3 Zrotation Yrotation Xrotation
				JOINT LeftToe
				{
					OFFSET 0.135400 -9.338000 13.882500
					CHANNELS 3 Zrotation Yrotation Xrotation
					End Site
					{
						OFFSET 0.005000 0.000000 0.000000
					}
				}
			}
		}
	}
	JOINT RightHip
	{
		OFFSET -6.356900 0.000000 0.000000
		CHANNELS 3 Zrotation Yrotation Xrotation
		JOINT RightKnee
		{
			OFFSET 0.000100 -37.930500 0.000000
			CHANNELS 3 Zrotation Yrotation Xrotation
			JOINT RightAnkle
			{
				OFFSET 0.000100 -42.440200 -0.085400
				CHANNELS 3 Zrotation Yrotation Xrotation
				JOINT RightToe
				{
					OFFSET -0.135400 -9.338000 13.882500
					CHANNELS 3 Zrotation Yrotation Xrotation
					End Site
					{
						OFFSET 0.005000 0.000000 0.000000
					}
				}
			}
		}
	}
}
MOTION
Frames: 246
Frame Time: 0.041667
0.000000 89.700000 0.000000 0.000000 0.000000 0.000000 -0.537666 1.507902 -3.207782 0.710769 -1.702262 1.814398 -0.755435 0.289437 2.475147 -0.232943 0.738753 -0.649642 -1.183005 -3.761027 1.353724 0.000000 0.000000 0.000000 -23.890959 -5.791608 0.608588 -46.319889 -6.001710 17.535704 -8.969959 -32.335053 19.660838 -12.254964 23.657264 -10.296927 -39.690285 18.181068 -15.000000 -30.838001 0.000000 0.000000 -22.846259 0.000000 0.000000 0.022390 -0.001199 4.934506 -29.569349 11.574954 -15.000000 -23.257970 0.000000 0.000000 -33.856429 0.000000 0.000000 2.447046 -0.079831 2.056764 -30.148365 -17.622247 120.000000 -27.112739 0.000000 0.000000 15.000000 0.000000 0.000000 4.260386 -0.094452 1.375350 -32.544674 -4.858293 15.000000 -40.217080 0.000000 0.000000 -24.798740 0.000000 0.000000 -6.917769 0.291382 2.291170 -31.540713 3.478312 4.047019 -34.857091 0.000000 0.000000 -29.181648 0.000000 0.000000 0.441624 -0.014543 2.538997 25.456839 9.280356 1.515716 49.305863 4.443575 18.154993 1.902951 30.454365 3.808591 0.732383 -24.616894 7.270995 37.345427 -6.835567 -1.983404 44.017833 0.000000 0.000000 27.174049 0.000000 0.000000 -7.969741 -5.107087 -8.050663 35.236698 6.481283 14.007480 50.301335 0.000000 0.000000 30.436394 0.000000 0.000000 6.271931 -1.933901 -4.817211 38.582348 17.824201 15.000000 39.949517 0.000000 0.000000 31.001904 0.000000 0.000000 -1.013052 -2.505694 -6.799366 31.987059 -9.865139 -15.000000 25.634186 0.000000 0.000000 36.034677 0.000000 0.000000 -3.109834 -2.403556 -3.139792 36.026392 15.103094 120.000000 27.075969 0.000000 0.000000 -15.000000 0.000000 0.000000 -4.610124 -2.491975 -2.359596 0.000000 0.000000 0.000000 0.000000 0.000000 0.000000 0.000000 0.000000 0.000000 0.000000 0.000000 0.000000 0.000000 0.000000 0.000000 0.000000 0.000000 0.000000 0.000000 0.000000 0.000000 0.000000 0.000000 0.000000 
0.000000 89.700000 0.000000 0.000000 0.000000 0.000000 -0.559634 1.683399 -3.200636 0.695511 -1.679415 1.777804 -0.745738 0.302641 2.479211 -0.221182 0.772515 -0.763964 -1.172374 -3.759889 1.320753 0.000000 0.000000 0.000000 -23.872924 -5.882570 0.547541 -46.326338 -5.992828 17.554055 -8.995516 -32.285691 19.706835 -12.006024 23.490272 -9.816998 -40.330744 18.289323 -15.000000 -30.681038 0.000000 0.000000 -22.923044 0.000000 0.000000 0.022390 -0.001199 4.934506 -30.065861 11.751548 -15.000000 -23.127064 0.000000 0.000000 -33.873667 0.000000 0.000000 2.447046 -0.079831 2.056764 -30.298959 -17.443569 120.000000 -27.050906 0.000000 0.000000 15.000000 0.000000 0.000000 4.260386 -0.094452 1.375350 -33.189714 -4.652916 14.991996 -40.068694 0.000000 0.000000 -24.921519 0.000000 0.000000 -6.917769 0.291382 2.291170 -32.486344 3.235864 3.976768 -34.181793 0.000000 0.000000 -28.901557 0.000000 0.000000 0.441624 -0.014543 2.538997 25.441327 9.302463 1.570844 49.276077 4.436483 18.197638 2.071277 30.341738 3.923847 0.664070 -24.362405 6.865105 37.960967 -7.096165 -1.645655 43.677356 0.000000 0.000000 27.126012 0.000000 0.000000 -7.969741 -5.107087 -8.050663 35.672317 6.273055 14.382549 50.436067 0.000000 0.000000 30.289180 0.000000 0.000000 6.271931 -1.933901 -4.817211 39.203814 17.380058 15.000000 39.872796 0.000000 0.000000 31.144784 0.000000 0.000000 -1.013052 -2.505694 -6.799366 32.991079 -10.334498 -15.000000 25.045879 0.000000 0.000000 35.791288 0.000000 0.000000 -3.109834 -2.403556 -3.139792 36.235876 14.930034 120.000000 27.293913 0.000000 0.000000 -15.000000 0.000000 0.000000 -4.610124 -2.491975 -2.359596 0.000000 0.000000 0.000000 0.000000 0.000000 0.000000 0.000000 0.000000 0.000000 0.000000 0.000000 0.000000 0.000000 0.000000 0.000000 0.000000 0.000000 0.000000 0.000000 0.000000 0.000000 0.000000 0.000000 0.000000 
0.000000 89.700000 0.000000 0.000000 0.000000 0.000000 -0.573822 1.841759 -3.194437 0.675339 -1.653886 1.738631 -0.734565 0.316369 2.487230 -0.211474 0.802093 -0.869684 -1.161845 -3.749377 1.279950 0.000000 0.000000 0.000000 -23.860928 -5.963190 0.492545 -46.327185 -5.985799 17.566398 -9.016739 -32.241055 19.743202 -11.831952 23.381951 -9.364858 -40.286147 18.304212 -15.000000 -30.549285 0.000000 0.000000 -22.920931 0.000000 0.000000 0.022390 -0.001199 4.934506 -30.188632 11.878178 -15.000000 -23.066800 0.000000 0.000000 -33.835609 0.000000 0.000000 2.447046 -0.079831 2.056764 -30.424315 -17.360884 120.000000 -27.012406 0.000000 0.000000 15.000000 0.000000 0.000000 4.260386 -0.094452 1.375350 -33.302958 -4.528007 14.970587 -39.900811 0.000000 0.000000 -24.932468 0.000000 0.000000 -6.917769 0.291382 2.291170 -32.974154 2.931642 3.968656 -33.627732 0.000000 0.000000 -28.603862 0.000000 0.000000 0.441624 -0.014543 2.538997 25.422997 9.323183 1.622712 49.258813 4.429962 18.233674 2.267394 30.230265 4.080089 0.681022 -24.197588 6.463214 37.852568 -7.279337 -1.347613 43.467048 0.000000 0.000000 27.099240 0.000000 0.000000 -7.969741 -5.107087 -8.050663 35.725157 6.152487 14.662853 50.612434 0.000000 0.000000 30.179719 0.000000 0.000000 6.271931 -1.933901 -4.817211 39.125673 17.156796 15.000000 39.907531 0.000000 0.000000 31.269808 0.000000 0.000000 -1.013052 -2.505694 -6.799366 32.929478 -10.671065 -15.000000 24.612974 0.000000 0.000000 35.591954 0.000000 0.000000 -3.109834 -2.403556 -3.139792 36.383034 14.742852 120.000000 27.400479 0.000000 0.000000 -15.000000 0.000000 0.000000 -4.610124 -2.491975 -2.359596 0.000000 0.000000 0.000000 0.000000 0.000000 0.000000 0.000000 0.000000 0.000000 0.000000 0.000000 0.000000 0.000000 0.000000 0.000000 0.000000 0.000000 0.000000 0.000000 0.000000 0.000000 0.000000 0.000000 0.000000 
0.000000 89.700000 0.000000 0.000000 0.000000 0.000000 -0.576379 1.971748 -3.189726 0.649697 -1.625423 1.698515 -0.721929 0.330573 2.499523 -0.203507 0.826277 -0.959786 -1.152878 -3.727298 1.231870 0.000000 0.000000 0.000000 -23.855376 -6.028269 0.447952 -46.322431 -5.981680 17.570663 -9.031553 -32.202713 19.764299 -11.773550 23.367430 -8.962337 -40.257670 18.165158 -15.000000 -30.470031 0.000000 0.000000 -22.825999 0.000000 0.000000 0.022390 -0.001199 4.934506 -30.388465 11.914309 -15.000000 -23.125315 0.000000 0.000000 -33.738524 0.000000 0.000000 2.447046 -0.079831 2.056764 -30.511444 -17.416837 120.000000 -27.022211 0.000000 0.000000 15.000000 0.000000 0.000000 4.260386 -0.094452 1.375350 -33.403123 -4.524870 14.918301 -39.732387 0.000000 0.000000 -24.791741 0.000000 0.000000 -6.917769 0.291382 2.291170 -33.390645 2.532546 4.038618 -33.304579 0.000000 0.000000 -28.278765 0.000000 0.000000 0.441624 -0.014543 2.538997 25.400208 9.342080 1.667958 49.261047 4.425195 18.258794 2.355957 30.208427 4.147075 0.793754 -24.137608 6.074065 37.908914 -7.368642 -1.062969 43.460410 0.000000 0.000000 27.139958 0.000000 0.000000 -7.969741 -5.107087 -8.050663 35.700387 6.140530 14.821261 50.844294 0.000000 0.000000 30.150913 0.000000 0.000000 6.271931 -1.933901 -4.817211 38.975433 17.235007 15.000000 40.070511 0.000000 0.000000 31.393509 0.000000 0.000000 -1.013052 -2.505694 -6.799366 32.787818 -10.878935 -15.000000 24.399874 0.000000 0.000000 35.493449 0.000000 0.000000 -3.109834 -2.403556 -3.139792 36.427751 14.525335 120.000000 27.352031 0.000000 0.000000 -15.000000 0.000000 0.000000 -4.610124 -2.491975 -2.359596 0.000000 0.000000 0.000000 0.000000 0.000000 0.000000 0.000000 0.000000 0.000000 0.000000 0.000000 0.000000 0.000000 0.000000 0.000000 0.000000 0.000000 0.000000 0.000000 0.000000 0.000000 0.000000 0.000000 0.000000 
0.000000 89.700000 0.000000 0.000000 0.000000 0.000000 -0.568410 2.067831 -3.185594 0.623016 -1.596591 1.661792 -0.709141 0.344563 2.512693 -0.196038 0.845546 -1.031197 -1.147271 -3.698902 1.185914 0.000000 0.000000 0.000000 -23.850926 -6.078581 0.416064 -46.317857 -5.979845 17.568786 -9.040200 -32.168736 19.768275 -11.837863 23.444645 -8.622851 -40.166911 17.875440 -15.000000 -30.475103 0.000000 0.000000 -22.681692 0.000000 0.000000 0.022390 -0.001199 4.934506 -30.388188 11.854687 -15.000000 -23.321779 0.000000 0.000000 -33.621627 0.000000 0.000000 2.447046 -0.079831 2.056764 -30.558841 -17.599839 120.000000 -27.099642 0.000000 0.000000 15.000000 0.000000 0.000000 4.260386 -0.094452 1.375350 -33.287799 -4.639358 14.821346 -39.610484 0.000000 0.000000 -24.532411 0.000000 0.000000 -6.917769 0.291382 2.291170 -33.136654 2.042802 4.157438 -33.281726 0.000000 0.000000 -27.932297 0.000000 0.000000 0.441624 -0.014543 2.538997 25.373472 9.360066 1.703311 49.281518 4.423342 18.271644 2.333358 30.074707 4.115489 0.962986 -24.140139 5.713713 38.590362 -7.403803 -0.720944 43.673867 0.000000 0.000000 27.293081 0.000000 0.000000 -7.969741 -5.107087 -8.050663 36.121530 6.188784 14.895501 51.106582 0.000000 0.000000 30.222081 0.000000 0.000000 6.271931 -1.933901 -4.817211 39.616406 17.519426 15.000000 40.296789 0.000000 0.000000 31.540635 0.000000 0.000000 -1.013052 -2.505694 -6.799366 32.813350 -11.058403 -15.000000 24.382140 0.000000 0.000000 35.536581 0.000000 0.000000 -3.109834 -2.403556 -3.139792 36.367587 14.268949 120.000000 27.180956 0.000000 0.000000 -15.000000 0.000000 0.000000 -4.610124 -2.491975 -2.359596 0.000000 0.000000 0.000000 0.000000 0.000000 0.000000 0.000000 0.000000 0.000000 0.000000 0.000000 0.000000 0.000000 0.000000 0.000000 0.000000 0.000000 0.000000 0.000000 0.000000 0.000000 0.000000 0.000000 0.000000 
0.000000 89.700000 0.000000 0.000000 0.000000 0.000000 -0.554130 2.127464 -3.178952 0.600367 -1.570697 1.630916 -0.697156 0.357089 2.523304 -0.189091 0.859498 -1.086424 -1.145071 -3.670883 1.151718 0.000000 0.000000 0.000000 -23.842453 -6.117158 0.396870 -46.319301 -5.978346 17.564777 -9.043352 -32.136339 19.756349 -12.002968 23.573224 -8.352944 -39.697120 17.507839 -15.000000 -30.574829 0.000000 0.000000 -22.544195 0.000000 0.000000 0.022390 -0.001199 4.934506 -30.011921 11.738167 -15.000000 -23.627014 0.000000 0.000000 -33.525549 0.000000 0.000000 2.447046 -0.079831 2.056764 -30.568408 -17.866733 120.000000 -27.238445 0.000000 0.000000 15.000000 0.000000 0.000000 4.260386 -0.094452 1.375350 -32.636422 -4.839188 14.690250 -39.556493 0.000000 0.000000 -24.225863 0.000000 0.000000 -6.917769 0.291382 2.291170 -32.034977 1.504700 4.286885 -33.532725 0.000000 0.000000 -27.596709 0.000000 0.000000 0.441624 -0.014543 2.538997 25.346126 9.378487 1.726253 49.312765 4.424621 18.274377 2.389569 30.006599 4.107081 1.155862 -24.168938 5.405029 38.635962 -7.430026 -0.305791 44.049773 0.000000 0.000000 27.542693 0.000000 0.000000 -7.969741 -5.107087 -8.050663 36.356121 6.234211 14.934966 51.341341 0.000000 0.000000 30.354002 0.000000 0.000000 6.271931 -1.933901 -4.817211 40.323240 17.826464 15.000000 40.511700 0.000000 0.000000 31.697020 0.000000 0.000000 -1.013052 -2.505694 -6.799366 32.453114 -11.258353 -15.000000 24.495774 0.000000 0.000000 35.698761 0.000000 0.000000 -3.109834 -2.403556 -3.139792 36.230259 14.001060 120.000000 26.958381 0.000000 0.000000 -15.000000 0.000000 0.000000 -4.610124 -2.491975 -2.359596 0.000000 0.000000 0.000000 0.000000 0.000000 0.000000 0.000000 0.000000 0.000000 0.000000 0.000000 0.000000 0.000000 0.000000 0.000000 0.000000 0.000000 0.000000 0.000000 0.000000 0.000000 0.000000 0.000000 0.000000 
0.000000 89.700000 0.000000 0.000000 0.000000 0.000000 -0.538460 2.150822 -3.165830 0.582901 -1.549504 1.604700 -0.685634 0.366738 2.530879 -0.183434 0.867191 -1.131716 -1.144198 -3.646498 1.131079 0.000000 0.000000 0.000000 -23.829632 -6.145559 0.387299 -46.327463 -5.975315 17.562962 -9.041401 -32.104552 19.733636 -12.218347 23.695030 -8.155188 -39.427222 17.169052 -15.000000 -30.734971 0.000000 0.000000 -22.455648 0.000000 0.000000 0.022390 -0.001199 4.934506 -29.593860 11.621622 -15.000000 -23.957893 0.000000 0.000000 -33.476767 0.000000 0.000000 2.447046 -0.079831 2.056764 -30.544951 -18.153889 120.000000 -27.401428 0.000000 0.000000 15.000000 0.000000 0.000000 4.260386 -0.094452 1.375350 -32.197302 -5.074713 14.569627 -39.549213 0.000000 0.000000 -23.954030 0.000000 0.000000 -6.917769 0.291382 2.291170 -30.978273 1.000704 4.403405 -33.918578 0.000000 0.000000 -27.325472 0.000000 0.000000 0.441624 -0.014543 2.538997 25.323439 9.397671 1.735869 49.346055 4.428417 18.272328 2.484483 29.954362 4.122812 1.344663 -24.216909 5.173741 37.750626 -7.467768 0.081200 44.412798 0.000000 0.000000 27.799934 0.000000 0.000000 -7.969741 -5.107087 -8.050663 35.638570 6.249524 14.963497 51.465798 0.000000 0.000000 30.463541 0.000000 0.000000 6.271931 -1.933901 -4.817211 39.808790 18.022405 15.000000 40.652008 0.000000 0.000000 31.810634 0.000000 0.000000 -1.013052 -2.505694 -6.799366 31.606551 -11.413841 -15.000000 24.652190 0.000000 0.000000 35.893292 0.000000 0.000000 -3.109834 -2.403556 -3.139792 36.049418 13.797214 120.000000 26.751210 0.000000 0.000000 -15.000000 0.000000 0.000000 -4.610124 -2.491975 -2.359596 0.000000 0.000000 0.000000 0.000000 0.000000 0.000000 0.000000 0.000000 0.000000 0.000000 0.000000 0.000000 0.000000 0.000000 0.000000 0.000000 0.000000 0.000000 0.000000 0.000000 0.000000 0.000000 0.000000 0.000000 
0.000000 89.700000 0.000000 0.000000 0.000000 0.000000 -0.525921 2.141850 -3.143686 0.568895 -1.533062 1.579813 -0.674041 0.373118 2.537110 -0.178701 0.868996 -1.172677 -1.142200 -3.626183 1.119959 0.000000 0.000000 0.000000 -23.815123 -6.164256 0.382160 -46.339129 -5.969310 17.565366 -9.036236 -32.074679 19.706774 -12.432435 23.770085 -8.029294 -39.316368 16.945899 -15.000000 -30.911138 0.000000 0.000000 -22.438950 0.000000 0.000000 0.022390 -0.001199 4.934506 -29.401111 11.551894 -15.000000 -24.236450 0.000000 0.000000 -33.500044 0.000000 0.000000 2.447046 -0.079831 2.056764 -30.504061 -18.390500 120.000000 -27.547635 0.000000 0.000000 15.000000 0.000000 0.000000 4.260386 -0.094452 1.375350 -32.084471 -5.284896 14.507051 -39.576651 0.000000 0.000000 -23.784671 0.000000 0.000000 -6.917769 0.291382 2.291170 -30.541229 0.629707 4.491173 -34.271631 0.000000 0.000000 -27.166201 0.000000 0.000000 0.441624 -0.014543 2.538997 25.309492 9.416673 1.733411 49.374483 4.433478 18.270482 2.427933 29.899462 4.079839 1.492750 -24.288504 5.041079 37.417773 -7.523552 0.296533 44.539634 0.000000 0.000000 27.968193 0.000000 0.000000 -7.969741 -5.107087 -8.050663 35.273957 6.242790 14.983539 51.409689 0.000000 0.000000 30.481985 0.000000 0.000000 6.271931 -1.933901 -4.817211 39.371795 18.091172 15.000000 40.656551 0.000000 0.000000 31.840698 0.000000 0.000000 -1.013052 -2.505694 -6.799366 31.240939 -11.431857 -15.000000 24.743968 0.000000 0.000000 36.030747 0.000000 0.000000 -3.109834 -2.403556 -3.139792 35.846924 13.740118 120.000000 26.597630 0.000000 0.000000 -15.000000 0.000000 0.000000 -4.610124 -2.491975 -2.359596 0.000000 0.000000 0.000000 0.000000 0.000000 0.000000 0.000000 0.000000 0.000000 0.000000 0.000000 0.000000 0.000000 0.000000 0.000000 0.000000 0.000000 0.000000 0.000000 0.000000 0.000000 0.000000 0.000000 0.000000 
0.000000 89.700000 0.000000 0.000000 0.000000 0.000000 -0.519494 2.107414 -3.112586 0.557392 -1.520838 1.552802 -0.663055 0.377674 2.543400 -0.173248 0.866928 -1.211183 -1.137982 -3.610202 1.114951 0.000000 0.000000 0.000000 -23.800811 -6.174854 0.376872 -46.351662 -5.958800 17.569653 -9.031449 -32.048634 19.678169 -12.628145 23.797646 -7.970491 -39.467002 16.859397 -15.000000 -31.094464 0.000000 0.000000 -22.492978 0.000000 0.000000 0.022390 -0.001199 4.934506 -29.356299 11.548598 -15.000000 -24.455052 0.000000 0.000000 -33.611968 0.000000 0.000000 2.447046 -0.079831 2.056764 -30.466826 -18.529367 120.000000 -27.654803 0.000000 0.000000 15.000000 0.000000 0.000000 4.260386 -0.094452 1.375350 -32.127164 -5.425215 14.504796 -39.661561 0.000000 0.000000 -23.743649 0.000000 0.000000 -6.917769 0.291382 2.291170 -30.549192 0.437404 4.539024 -34.506165 0.000000 0.000000 -27.132181 0.000000 0.000000 0.441624 -0.014543 2.538997 25.304484 9.434451 1.722138 49.393400 4.437956 18.270082 2.336122 29.822508 3.994977 1.581742 -24.382840 5.015675 37.475099 -7.600637 0.291884 44.337946 0.000000 0.000000 28.008805 0.000000 0.000000 -7.969741 -5.107087 -8.050663 35.589559 6.227707 14.994319 51.186657 0.000000 0.000000 30.397761 0.000000 0.000000 6.271931 -1.933901 -4.817211 39.345001 18.083688 15.000000 40.501285 0.000000 0.000000 31.795101 0.000000 0.000000 -1.013052 -2.505694 -6.799366 31.148427 -11.305813 -15.000000 24.700781 0.000000 0.000000 36.075200 0.000000 0.000000 -3.109834 -2.403556 -3.139792 35.635860 13.851058 120.000000 26.505242 0.000000 0.000000 -15.000000 0.000000 0.000000 -4.610124 -2.491975 -2.359596 0.000000 0.000000 0.000000 0.000000 0.000000 0.000000 0.000000 0.000000 0.000000 0.000000 0.000000 0.000000 0.000000 0.000000 0.000000 0.000000 0.000000 0.000000 0.000000 0.000000 0.000000 0.000000 0.000000 0.000000 
0.000000 89.700000 0.000000 0.000000 0.000000 0.000000 -0.518511 2.054707 -3.074542 0.547989 -1.512091 1.521195 -0.654106 0.382547 2.549989 -0.165759 0.863178 -1.245563 -1.131858 -3.599388 1.113744 0.000000 0.000000 0.000000 -23.787761 -6.179700 0.369189 -46.364332 -5.942770 17.571316 -9.028781 -32.026576 19.644553 -12.812881 23.800316 -7.967153 -39.467715 16.871142 -15.000000 -31.289912 0.000000 0.000000 -22.591358 0.000000 0.000000 0.022390 -0.001199 4.934506 -29.147423 11.600839 -15.000000 -24.643528 0.000000 0.000000 -33.790044 0.000000 0.000000 2.447046 -0.079831 2.056764 -30.439485 -18.567524 120.000000 -27.713429 0.000000 0.000000 15.000000 0.000000 0.000000 4.260386 -0.094452 1.375350 -32.025923 -5.494271 14.526401 -39.807172 0.000000 0.000000 -23.806516 0.000000 0.000000 -6.917769 0.291382 2.291170 -30.351948 0.379586 4.552001 -34.623945 0.000000 0.000000 -27.196121 0.000000 0.000000 0.441624 -0.014543 2.538997 25.305178 9.450889 1.706170 49.401207 4.440270 18.270088 2.371787 29.841027 3.957314 1.627769 -24.480505 5.089765 37.490342 -7.690848 0.153276 43.909114 0.000000 0.000000 27.950057 0.000000 0.000000 -7.969741 -5.107087 -8.050663 35.694861 6.208050 14.998533 50.899579 0.000000 0.000000 30.258755 0.000000 0.000000 6.271931 -1.933901 -4.817211 39.358550 18.031933 15.000000 40.230240 0.000000 0.000000 31.719508 0.000000 0.000000 -1.013052 -2.505694 -6.799366 31.455168 -11.131331 -15.000000 24.545040 0.000000 0.000000 36.053841 0.000000 0.000000 -3.109834 -2.403556 -3.139792 35.438195 14.067418 120.000000 26.463039 0.000000 0.000000 -15.000000 0.000000 0.000000 -4.610124 -2.491975 -2.359596 0.000000 0.000000 0.000000 0.000000 0.000000 0.000000 0.000000 0.000000 0.000000 0.000000 0.000000 0.000000 0.000000 0.000000 0.000000 0.000000 0.000000 0.000000 0.000000 0.000000 0.000000 0.000000 0.000000 0.000000 
0.000000 89.700000 0.000000 0.000000 0.000000 0.000000 -0.518790 1.989430 -3.032228 0.538952 -1.505862 1.483942 -0.647896 0.388483 2.556623 -0.156557 0.858740 -1.272736 -1.124781 -3.594263 1.112813 0.000000 0.000000 0.000000 -23.777535 -6.180197 0.358976 -46.376910 -5.921858 17.568403 -9.025773 -32.005890 19.601826 -12.974529 23.787000 -8.000796 -38.976670 16.950918 -15.000000 -31.463063 0.000000 0.000000 -22.706129 0.000000 0.000000 0.022390 -0.001199 4.934506 -28.534332 11.688064 -15.000000 -24.781990 0.000000 0.000000 -33.976056 0.000000 0.000000 2.447046 -0.079831 2.056764 -30.411816 -18.530746 120.000000 -27.723894 0.000000 0.000000 15.000000 0.000000 0.000000 4.260386 -0.094452 1.375350 -31.468977 -5.517669 14.555095 -39.957142 0.000000 0.000000 -23.930349 0.000000 0.000000 -6.917769 0.291382 2.291170 -29.683263 0.386063 4.545982 -34.633650 0.000000 0.000000 -27.313779 0.000000 0.000000 0.441624 -0.014543 2.538997 25.307461 9.466814 1.688993 49.400101 4.440319 18.270730 2.374637 29.845895 3.930599 1.653864 -24.543148 5.242343 37.367489 -7.777260 0.011471 43.425554 0.000000 0.000000 27.860751 0.000000 0.000000 -7.969741 -5.107087 -8.050663 35.482778 6.182852 14.999722 50.646462 0.000000 0.000000 30.148948 0.000000 0.000000 6.271931 -1.933901 -4.817211 39.049983 17.934498 15.000000 39.919636 0.000000 0.000000 31.664541 0.000000 0.000000 -1.013052 -2.505694 -6.799366 31.482675 -11.022723 -15.000000 24.360327 0.000000 0.000000 36.030331 0.000000 0.000000 -3.109834 -2.403556 -3.139792 35.288138 14.290623 120.000000 26.452977 0.000000 0.000000 -15.000000 0.000000 0.000000 -4.610124 -2.491975 -2.359596 0.000000 0.000000 0.000000 0.000000 0.000000 0.000000 0.000000 0.000000 0.000000 0.000000 0.000000 0.000000 0.000000 0.000000 0.000000 0.000000 0.000000 0.000000 0.000000 0.000000 0.000000 0.000000 0.000000 0.000000 
0.000000 89.700000 0.000000 0.000000 0.000000 0.000000 -0.516616 1.915465 -2.988524 0.528469 -1.501441 1.442345 -0.643977 0.394207 2.562894 -0.147696 0.853186 -1.290779 -1.117872 -3.594153 1.108963 0.000000 0.000000 0.000000 -23.771121 -6.177399 0.347436 -46.389035 -5.898191 17.563295 -9.018502 -31.982381 19.549417 -13.072767 23.741981 -8.050098 -38.772228 17.107111 -15.000000 -31.557414 0.000000 0.000000 -22.825652 0.000000 0.000000 0.022390 -0.001199 4.934506 -28.399099 11.795082 -15.000000 -24.813055 0.000000 0.000000 -34.121159 0.000000 0.000000 2.447046 -0.079831 2.056764 -30.382795 -18.447942 120.000000 -27.706343 0.000000 0.000000 15.000000 0.000000 0.000000 4.260386 -0.094452 1.375350 -31.235615 -5.512213 14.607048 -40.053378 0.000000 0.000000 -24.086801 0.000000 0.000000 -6.917769 0.291382 2.291170 -29.504312 0.437970 4.525753 -34.529895 0.000000 0.000000 -27.451389 0.000000 0.000000 0.441624 -0.014543 2.538997 25.308463 9.483692 1.672689 49.394277 4.439652 18.274078 2.401106 29.881107 3.966801 1.668036 -24.545499 5.446584 37.463074 -7.847280 -0.065876 43.009282 0.000000 0.000000 27.809941 0.000000 0.000000 -7.969741 -5.107087 -8.050663 35.434218 6.158985 14.999963 50.457464 0.000000 0.000000 30.142539 0.000000 0.000000 6.271931 -1.933901 -4.817211 39.054970 17.812696 15.000000 39.637169 0.000000 0.000000 31.658700 0.000000 0.000000 -1.013052 -2.505694 -6.799366 31.486162 -11.016870 -15.000000 24.208029 0.000000 0.000000 36.053641 0.000000 0.000000 -3.109834 -2.403556 -3.139792 35.213198 14.457114 120.000000 26.462827 0.000000 0.000000 -15.000000 0.000000 0.000000 -4.610124 -2.491975 -2.359596 0.000000 0.000000 0.000000 0.000000 0.000000 0.000000 0.000000 0.000000 0.000000 0.000000 0.000000 0.000000 0.000000 0.000000 0.000000 0.000000 0.000000 0.000000 0.000000 0.000000 0.000000 0.000000 0.000000 0.000000 
0.000000 89.700000 0.000000 0.000000 0.000000 0.000000 -0.511882 1.835125 -2.947090 0.516754 -1.498629 1.401220 -0.641521 0.397820 2.567633 -0.142160 0.844915 -1.299810 -1.111892 -3.597016 1.101729 0.000000 0.000000 0.000000 -23.767764 -6.173464 0.336431 -46.400343 -5.874180 17.560035 -9.005306 -31.952291 19.489927 -13.078281 23.651643 -8.097741 -39.058538 17.334987 -15.000000 -31.565290 0.000000 0.000000 -22.942887 0.000000 0.000000 0.022390 -0.001199 4.934506 -28.579394 11.899695 -15.000000 -24.740366 0.000000 0.000000 -34.219304 0.000000 0.000000 2.447046 -0.079831 2.056764 -30.375226 -18.347883 120.000000 -27.699560 0.000000 0.000000 15.000000 0.000000 0.000000 4.260386 -0.094452 1.375350 -31.444554 -5.479508 14.685486 -40.111475 0.000000 0.000000 -24.258687 0.000000 0.000000 -6.917769 0.291382 2.291170 -29.873710 0.559062 4.479510 -34.357572 0.000000 0.000000 -27.590985 0.000000 0.000000 0.441624 -0.014543 2.538997 25.307251 9.503206 1.658129 49.387224 4.440549 18.281714 2.418301 29.883428 3.925927 1.667441 -24.504699 5.676298 37.600226 -7.887422 -0.103941 42.725266 0.000000 0.000000 27.830596 0.000000 0.000000 -7.969741 -5.107087 -8.050663 35.454652 6.158886 14.999997 50.331767 0.000000 0.000000 30.254511 0.000000 0.000000 6.271931 -1.933901 -4.817211 39.181360 17.743669 15.000000 39.447062 0.000000 0.000000 31.693886 0.000000 0.000000 -1.013052 -2.505694 -6.799366 31.562747 -11.049711 -15.000000 24.103440 0.000000 0.000000 36.125610 0.000000 0.000000 -3.109834 -2.403556 -3.139792 35.215681 14.565335 120.000000 26.492737 0.000000 0.000000 -15.000000 0.000000 0.000000 -4.610124 -2.491975 -2.359596 0.000000 0.000000 0.000000 0.000000 0.000000 0.000000 0.000000 0.000000 0.000000 0.000000 0.000000 0.000000 0.000000 0.000000 0.000000 0.000000 0.000000 0.000000 0.000000 0.000000 0.000000 0.000000 0.000000 0.000000 
0.000000 89.700000 0.000000 0.000000 0.000000 0.000000 -0.506372 1.749655 -2.912311 0.505300 -1.497296 1.367507 -0.640073 0.398646 2.568651 -0.142374 0.831741 -1.300167 -1.106769 -3.601090 1.092445 0.000000 0.000000 0.000000 -23.766429 -6.170706 0.327644 -46.410061 -5.851183 17.560119 -8.986900 -31.914154 19.427166 -12.998560 23.526097 -8.136566 -39.348407 17.584772 -15.000000 -31.536135 0.000000 0.000000 -23.051405 0.000000 0.000000 0.022390 -0.001199 4.934506 -28.719506 11.970711 -15.000000 -24.636874 0.000000 0.000000 -34.298766 0.000000 0.000000 2.447046 -0.079831 2.056764 -30.416900 -18.258135 120.000000 -27.735975 0.000000 0.000000 15.000000 0.000000 0.000000 4.260386 -0.094452 1.375350 -31.504821 -5.427102 14.765078 -40.185398 0.000000 0.000000 -24.428349 0.000000 0.000000 -6.917769 0.291382 2.291170 -30.354288 0.755625 4.396872 -34.215001 0.000000 0.000000 -27.722303 0.000000 0.000000 0.441624 -0.014543 2.538997 25.304627 9.526427 1.645567 49.380999 4.444692 18.292427 2.440243 29.936714 3.932356 1.646281 -24.461385 5.908831 37.328734 -7.881356 -0.169029 42.582742 0.000000 0.000000 27.913281 0.000000 0.000000 -7.969741 -5.107087 -8.050663 35.315304 6.205056 15.000000 50.262025 0.000000 0.000000 30.432573 0.000000 0.000000 6.271931 -1.933901 -4.817211 39.355164 17.806704 15.000000 39.385764 0.000000 0.000000 31.732809 0.000000 0.000000 -1.013052 -2.505694 -6.799366 31.272808 -11.031538 -15.000000 24.045360 0.000000 0.000000 36.229457 0.000000 0.000000 -3.109834 -2.403556 -3.139792 35.269329 14.645743 120.000000 26.543627 0.000000 0.000000 -15.000000 0.000000 0.000000 -4.610124 -2.491975 -2.359596 0.000000 0.000000 0.000000 0.000000 0.000000 0.000000 0.000000 0.000000 0.000000 0.000000 0.000000 0.000000 0.000000 0.000000 0.000000 0.000000 0.000000 0.000000 0.000000 0.000000 0.000000 0.000000 0.000000 0.000000 
0.000000 89.700000 0.000000 0.000000 0.000000 0.000000 -0.500447 1.660233 -2.887609 0.494941 -1.497036 1.346355 -0.639564 0.397678 2.563877 -0.148450 0.812237 -1.290626 -1.101703 -3.607156 1.081919 0.000000 0.000000 0.000000 -23.767805 -6.169249 0.322018 -46.416704 -5.828634 17.560860 -8.964197 -31.870424 19.365803 -12.865784 23.389237 -8.170932 -39.132102 17.815584 -15.000000 -31.509344 0.000000 0.000000 -23.148648 0.000000 0.000000 0.022390 -0.001199 4.934506 -28.457921 12.013366 -15.000000 -24.552432 0.000000 0.000000 -34.373512 0.000000 0.000000 2.447046 -0.079831 2.056764 -30.511411 -18.175524 120.000000 -27.805130 0.000000 0.000000 15.000000 0.000000 0.000000 4.260386 -0.094452 1.375350 -31.402875 -5.369105 14.823105 -40.270572 0.000000 0.000000 -24.582953 0.000000 0.000000 -6.917769 0.291382 2.291170 -30.390779 0.988809 4.280452 -34.136430 0.000000 0.000000 -27.834442 0.000000 0.000000 0.441624 -0.014543 2.538997 25.302601 9.552931 1.635156 49.376805 4.452164 18.302063 2.485696 29.965693 3.961703 1.613287 -24.437938 6.125820 37.481813 -7.837923 -0.290116 42.505464 0.000000 0.000000 28.026385 0.000000 0.000000 -7.969741 -5.107087 -8.050663 35.525490 6.287677 15.000000 50.198461 0.000000 0.000000 30.603274 0.000000 0.000000 6.271931 -1.933901 -4.817211 39.637715 17.991878 15.000000 39.403234 0.000000 0.000000 31.740885 0.000000 0.000000 -1.013052 -2.505694 -6.799366 31.305590 -10.948751 -15.000000 24.031923 0.000000 0.000000 36.368198 0.000000 0.000000 -3.109834 -2.403556 -3.139792 35.331175 14.718591 120.000000 26.608386 0.000000 0.000000 -15.000000 0.000000 0.000000 -4.610124 -2.491975 -2.359596 0.000000 0.000000 0.000000 0.000000 0.000000 0.000000 0.000000 0.000000 0.000000 0.000000 0.000000 0.000000 0.000000 0.000000 0.000000 0.000000 0.000000 0.000000 0.000000 0.000000 0.000000 0.000000 0.000000 0.000000 
0.000000 89.700000 0.000000 0.000000 0.000000 0.000000 -0.492975 1.568589 -2.873941 0.485921 -1.497626 1.338645 -0.639977 0.396244 2.552932 -0.157936 0.787249 -1.270086 -1.095908 -3.617584 1.069771 0.000000 0.000000 0.000000 -23.773826 -6.166680 0.319992 -46.418921 -5.804464 17.557938 -8.937242 -31.827144 19.310679 -12.716240 23.259854 -8.211463 -39.456522 18.040485 -15.000000 -31.470544 0.000000 0.000000 -23.220937 0.000000 0.000000 0.022390 -0.001199 4.934506 -28.562099 12.100800 -15.000000 -24.473535 0.000000 0.000000 -34.409512 0.000000 0.000000 2.447046 -0.079831 2.056764 -30.631021 -18.049764 120.000000 -27.847288 0.000000 0.000000 15.000000 0.000000 0.000000 4.260386 -0.094452 1.375350 -31.903439 -5.301281 14.857064 -40.289629 0.000000 0.000000 -24.715638 0.000000 0.000000 -6.917769 0.291382 2.291170 -30.871084 1.195756 4.140612 -34.015225 0.000000 0.000000 -27.906975 0.000000 0.000000 0.441624 -0.014543 2.538997 25.303449 9.580694 1.627009 49.375027 4.461463 18.305812 2.528949 29.937806 3.975585 1.605586 -24.428002 6.314208 38.107694 -7.802571 -0.423560 42.383474 0.000000 0.000000 28.131663 0.000000 0.000000 -7.969741 -5.107087 -8.050663 36.036370 6.359558 15.000000 50.070519 0.000000 0.000000 30.717772 0.000000 0.000000 6.271931 -1.933901 -4.817211 39.999646 18.184716 15.000000 39.396347 0.000000 0.000000 31.715871 0.000000 0.000000 -1.013052 -2.505694 -6.799366 31.715633 -10.875970 -15.000000 24.067868 0.000000 0.000000 36.546514 0.000000 0.000000 -3.109834 -2.403556 -3.139792 35.361689 14.782739 120.000000 26.678551 0.000000 0.000000 -15.000000 0.000000 0.000000 -4.610124 -2.491975 -2.359596 0.000000 0.000000 0.000000 0.000000 0.000000 0.000000 0.000000 0.000000 0.000000 0.000000 0.000000 0.000000 0.000000 0.000000 0.000000 0.000000 0.000000 0.000000 0.000000 0.000000 0.000000 0.000000 0.000000 0.000000 
0.000000 89.700000 0.000000 0.000000 0.000000 0.000000 -0.483536 1.476551 -2.869809 0.479360 -1.499511 1.341696 -0.641253 0.394449 2.537604 -0.167617 0.759787 -1.240884 -1.089743 -3.633093 1.055669 0.000000 0.000000 0.000000 -23.785386 -6.160205 0.322043 -46.416949 -5.776913 17.549603 -8.905952 -31.790462 19.263713 -12.574292 23.148912 -8.266363 -39.672288 18.271909 -15.000000 -31.370644 0.000000 0.000000 -23.243204 0.000000 0.000000 0.022390 -0.001199 4.934506 -28.803479 12.299977 -15.000000 -24.370688 0.000000 0.000000 -34.371234 0.000000 0.000000 2.447046 -0.079831 2.056764 -30.741478 -17.841221 120.000000 -27.804599 0.000000 0.000000 15.000000 0.000000 0.000000 4.260386 -0.094452 1.375350 -31.824150 -5.205743 14.876394 -40.164103 0.000000 0.000000 -24.814923 0.000000 0.000000 -6.917769 0.291382 2.291170 -30.865557 1.322515 3.994140 -33.701608 0.000000 0.000000 -27.911903 0.000000 0.000000 0.441624 -0.014543 2.538997 25.308475 9.606914 1.620530 49.374899 4.470532 18.301227 2.513175 29.957667 3.979387 1.656417 -24.418329 6.467330 38.210428 -7.814150 -0.494602 42.184269 0.000000 0.000000 28.195321 0.000000 0.000000 -7.969741 -5.107087 -8.050663 35.946994 6.378126 15.000000 49.879889 0.000000 0.000000 30.756859 0.000000 0.000000 6.271931 -1.933901 -4.817211 39.834689 18.267549 15.000000 39.325200 0.000000 0.000000 31.683742 0.000000 0.000000 -1.013052 -2.505694 -6.799366 31.445709 -10.883568 -15.000000 24.155410 0.000000 0.000000 36.739557 0.000000 0.000000 -3.109834 -2.403556 -3.139792 35.342638 14.834247 120.000000 26.743273 0.000000 0.000000 -15.000000 0.000000 0.000000 -4.610124 -2.491975 -2.359596 0.000000 0.000000 0.000000 0.000000 0.000000 0.000000 0.000000 0.000000 0.000000 0.000000 0.000000 0.000000 0.000000 0.000000 0.000000 0.000000 0.000000 0.000000 0.000000 0.000000 0.000000 0.000000 0.000000 0.000000 
0.000000 89.700000 0.000000 0.000000 0.000000 0.000000 -0.473168 1.385618 -2.871750 0.477299 -1.503218 1.351157 -0.643276 0.390984 2.520817 -0.175291 0.732677 -1.208487 -1.085038 -3.651582 1.040357 0.000000 0.000000 0.000000 -23.801495 -6.148495 0.328530 -46.412886 -5.746307 17.538349 -8.870927 -31.762905 19.221618 -12.442510 23.063279 -8.336059 -39.585526 18.465888 -15.000000 -31.180558 0.000000 0.000000 -23.212647 0.000000 0.000000 0.022390 -0.001199 4.934506 -29.126421 12.572562 -15.000000 -24.245176 0.000000 0.000000 -34.290076 0.000000 0.000000 2.447046 -0.079831 2.056764 -30.831025 -17.593071 120.000000 -27.683727 0.000000 0.000000 15.000000 0.000000 0.000000 4.260386 -0.094452 1.375350 -31.636978 -5.088250 14.894795 -39.886280 0.000000 0.000000 -24.868606 0.000000 0.000000 -6.917769 0.291382 2.291170 -30.722047 1.349959 3.863800 -33.170091 0.000000 0.000000 -27.841375 0.000000 0.000000 0.441624 -0.014543 2.538997 25.317629 9.628835 1.613789 49.374514 4.477806 18.289684 2.509635 29.954355 3.995575 1.746236 -24.405349 6.583293 38.097582 -7.860939 -0.459357 41.985210 0.000000 0.000000 28.211992 0.000000 0.000000 -7.969741 -5.107087 -8.050663 35.621410 6.347827 15.000000 49.731547 0.000000 0.000000 30.723979 0.000000 0.000000 6.271931 -1.933901 -4.817211 39.244943 18.234768 15.000000 39.254130 0.000000 0.000000 31.673549 0.000000 0.000000 -1.013052 -2.505694 -6.799366 30.887613 -10.959296 -15.000000 24.262004 0.000000 0.000000 36.913088 0.000000 0.000000 -3.109834 -2.403556 -3.139792 35.282652 14.875782 120.000000 26.779373 0.000000 0.000000 -15.000000 0.000000 0.000000 -4.610124 -2.491975 -2.359596 0.000000 0.000000 0.000000 0.000000 0.000000 0.000000 0.000000 0.000000 0.000000 0.000000 0.000000 0.000000 0.000000 0.000000 0.000000 0.000000 0.000000 0.000000 0.000000 0.000000 0.000000 0.000000 0.000000 0.000000 
0.000000 89.700000 0.000000 0.000000 0.000000 0.000000 -0.463412 1.298013 -2.875320 0.480992 -1.508406 1.362415 -0.645740 0.384334 2.505304 -0.179989 0.706489 -1.177779 -1.083872 -3.669915 1.024764 0.000000 0.000000 0.000000 -23.820561 -6.131778 0.338858 -46.409138 -5.715211 17.528712 -8.833788 -31.742957 19.178866 -12.318611 23.005873 -8.415320 -39.883131 18.572630 -15.000000 -30.952093 0.000000 0.000000 -23.169268 0.000000 0.000000 0.022390 -0.001199 4.934506 -29.495759 12.804337 -15.000000 -24.138990 0.000000 0.000000 -34.250058 0.000000 0.000000 2.447046 -0.079831 2.056764 -30.902016 -17.406369 120.000000 -27.556789 0.000000 0.000000 15.000000 0.000000 0.000000 4.260386 -0.094452 1.375350 -32.097079 -4.985159 14.921671 -39.553185 0.000000 0.000000 -24.886097 0.000000 0.000000 -6.917769 0.291382 2.291170 -31.417384 1.302922 3.768033 -32.582686 0.000000 0.000000 -27.734751 0.000000 0.000000 0.441624 -0.014543 2.538997 25.330313 9.644158 1.604400 49.371266 4.482562 18.275374 2.514137 29.993559 4.040366 1.812141 -24.389742 6.659524 37.972253 -7.898007 -0.320529 41.902341 0.000000 0.000000 28.218394 0.000000 0.000000 -7.969741 -5.107087 -8.050663 35.531871 6.311863 15.000000 49.752499 0.000000 0.000000 30.655032 0.000000 0.000000 6.271931 -1.933901 -4.817211 39.088219 18.190909 15.000000 39.269415 0.000000 0.000000 31.701426 0.000000 0.000000 -1.013052 -2.505694 -6.799366 30.747883 -11.039841 -15.000000 24.331413 0.000000 0.000000 37.061919 0.000000 0.000000 -3.109834 -2.403556 -3.139792 35.203302 14.900720 120.000000 26.763181 0.000000 0.000000 -15.000000 0.000000 0.000000 -4.610124 -2.491975 -2.359596 0.000000 0.000000 0.000000 0.000000 0.000000 0.000000 0.000000 0.000000 0.000000 0.000000 0.000000 0.000000 0.000000 0.000000 0.000000 0.000000 0.000000 0.000000 0.000000 0.000000 0.000000 0.000000 0.000000 0.000000 
0.000000 89.700000 0.000000 0.000000 0.000000 0.000000 -0.456114 1.217890 -2.876712 0.489861 -1.514175 1.371347 -0.648212 0.373963 2.493168 -0.181153 0.680543 -1.151043 -1.087179 -3.686688 1.009110 0.000000 0.000000 0.000000 -23.840941 -6.111374 0.351102 -46.406853 -5.686863 17.524378 -8.797904 -31.727533 19.134116 -12.221565 22.978494 -8.499746 -40.033576 18.602609 -15.000000 -30.798490 0.000000 0.000000 -23.169864 0.000000 0.000000 0.022390 -0.001199 4.934506 -29.700034 12.923731 -15.000000 -24.116963 0.000000 0.000000 -34.314859 0.000000 0.000000 2.447046 -0.079831 2.056764 -30.939825 -17.347558 120.000000 -27.495131 0.000000 0.000000 15.000000 0.000000 0.000000 4.260386 -0.094452 1.375350 -32.323802 -4.927976 14.953152 -39.314211 0.000000 0.000000 -24.899698 0.000000 0.000000 -6.917769 0.291382 2.291170 -31.833871 1.230638 3.714326 -32.182010 0.000000 0.000000 -27.657635 0.000000 0.000000 0.441624 -0.014543 2.538997 25.345841 9.651681 1.591350 49.362958 4.484914 18.263155 2.477924 30.000832 4.030694 1.806130 -24.364342 6.687540 38.099016 -7.906738 -0.115597 41.989613 0.000000 0.000000 28.268273 0.000000 0.000000 -7.969741 -5.107087 -8.050663 35.842046 6.305244 15.000000 49.973812 0.000000 0.000000 30.625527 0.000000 0.000000 6.271931 -1.933901 -4.817211 39.651577 18.237237 15.000000 39.365505 0.000000 0.000000 31.767185 0.000000 0.000000 -1.013052 -2.505694 -6.799366 30.997630 -11.105741 -15.000000 24.339567 0.000000 0.000000 37.209312 0.000000 0.000000 -3.109834 -2.403556 -3.139792 35.119268 14.875165 120.000000 26.695607 0.000000 0.000000 -15.000000 0.000000 0.000000 -4.610124 -2.491975 -2.359596 0.000000 0.000000 0.000000 0.000000 0.000000 0.000000 0.000000 0.000000 0.000000 0.000000 0.000000 0.000000 0.000000 0.000000 0.000000 0.000000 0.000000 0.000000 0.000000 0.000000 0.000000 0.000000 0.000000 0.000000 
0.000000 89.700000 0.000000 0.000000 0.000000 0.000000 -0.453828 1.150094 -2.873643 0.502135 -1.520092 1.374563 -0.650459 0.360379 2.486154 -0.177966 0.655365 -1.128856 -1.094583 -3.703930 0.994301 0.000000 0.000000 0.000000 -23.859951 -6.089146 0.362659 -46.405813 -5.663381 17.527950 -8.768750 -31.714986 19.092777 -12.180926 22.980541 -8.589643 -39.737711 18.611317 -15.000000 -30.775507 0.000000 0.000000 -23.236298 0.000000 0.000000 0.022390 -0.001199 4.934506 -29.610588 12.960728 -15.000000 -24.217925 0.000000 0.000000 -34.478562 0.000000 0.000000 2.447046 -0.079831 2.056764 -30.917265 -17.402324 120.000000 -27.510454 0.000000 0.000000 15.000000 0.000000 0.000000 4.260386 -0.094452 1.375350 -32.240256 -4.916183 14.978424 -39.246007 0.000000 0.000000 -24.929962 0.000000 0.000000 -6.917769 0.291382 2.291170 -31.902598 1.178036 3.698986 -32.096080 0.000000 0.000000 -27.645833 0.000000 0.000000 0.441624 -0.014543 2.538997 25.362840 9.652022 1.575403 49.349314 4.485658 18.257087 2.479047 30.044975 4.041971 1.723900 -24.313920 6.654123 38.058407 -7.925052 0.083229 42.179201 0.000000 0.000000 28.381633 0.000000 0.000000 -7.969741 -5.107087 -8.050663 35.942403 6.323249 15.000000 50.280653 0.000000 0.000000 30.718814 0.000000 0.000000 6.271931 -1.933901 -4.817211 40.061204 18.376726 15.000000 39.403108 0.000000 0.000000 31.858795 0.000000 0.000000 -1.013052 -2.505694 -6.799366 31.072659 -11.216050 -15.000000 24.301420 0.000000 0.000000 37.367269 0.000000 0.000000 -3.109834 -2.403556 -3.139792 35.035892 14.741950 120.000000 26.594047 0.000000 0.000000 -15.000000 0.000000 0.000000 -4.610124 -2.491975 -2.359596 0.000000 0.000000 0.000000 0.000000 0.000000 0.000000 0.000000 0.000000 0.000000 0.000000 0.000000 0.000000 0.000000 0.000000 0.000000 0.000000 0.000000 0.000000 0.000000 0.000000 0.000000 0.000000 0.000000 0.000000 
0.000000 89.700000 0.000000 0.000000 0.000000 0.000000 -0.458697 1.097462 -2.865193 0.515638 -1.526093 1.369632 -0.652617 0.344543 2.485555 -0.169567 0.632493 -1.110981 -1.104772 -3.726442 0.983802 0.000000 0.000000 0.000000 -23.874149 -6.065984 0.371308 -46.404438 -5.645084 17.541745 -8.752792 -31.707523 19.063130 -12.200210 23.000987 -8.688342 -39.486738 18.642829 -15.000000 -30.812297 0.000000 0.000000 -23.330400 0.000000 0.000000 0.022390 -0.001199 4.934506 -29.161888 12.999399 -15.000000 -24.411940 0.000000 0.000000 -34.672725 0.000000 0.000000 2.447046 -0.079831 2.056764 -30.830417 -17.506931 120.000000 -27.562692 0.000000 0.000000 15.000000 0.000000 0.000000 4.260386 -0.094452 1.375350 -32.223439 -4.929121 14.992495 -39.293687 0.000000 0.000000 -24.959730 0.000000 0.000000 -6.917769 0.291382 2.291170 -31.591363 1.165209 3.711126 -32.254536 0.000000 0.000000 -27.680123 0.000000 0.000000 0.441624 -0.014543 2.538997 25.379055 9.646910 1.557716 49.332344 4.485717 18.259644 2.474850 30.084069 4.067445 1.586286 -24.229709 6.550099 37.991559 -8.007986 0.187326 42.323854 0.000000 0.000000 28.515897 0.000000 0.000000 -7.969741 -5.107087 -8.050663 35.422630 6.333504 15.000000 50.499663 0.000000 0.000000 30.962540 0.000000 0.000000 6.271931 -1.933901 -4.817211 40.044655 18.527945 15.000000 39.211803 0.000000 0.000000 31.961907 0.000000 0.000000 -1.013052 -2.505694 -6.799366 31.105137 -11.435729 -15.000000 24.230416 0.000000 0.000000 37.505000 0.000000 0.000000 -3.109834 -2.403556 -3.139792 34.960476 14.464489 120.000000 26.468353 0.000000 0.000000 -15.000000 0.000000 0.000000 -4.610124 -2.491975 -2.359596 0.000000 0.000000 0.000000 0.000000 0.000000 0.000000 0.000000 0.000000 0.000000 0.000000 0.000000 0.000000 0.000000 0.000000 0.000000 0.000000 0.000000 0.000000 0.000000 0.000000 0.000000 0.000000 0.000000 0.000000 
0.000000 89.700000 0.000000 0.000000 0.000000 0.000000 -0.470433 1.058970 -2.851347 0.528007 -1.531526 1.355736 -0.655096 0.327604 2.491391 -0.156114 0.611829 -1.096455 -1.115719 -3.759035 0.982913 0.000000 0.000000 0.000000 -23.881520 -6.039993 0.375876 -46.399103 -5.630792 17.566537 -8.756069 -31.712115 19.051680 -12.250452 23.023023 -8.798827 -39.405358 18.691873 -15.000000 -30.780647 0.000000 0.000000 -23.391875 0.000000 0.000000 0.022390 -0.001199 4.934506 -29.124140 13.096695 -15.000000 -24.628345 0.000000 0.000000 -34.830642 0.000000 0.000000 2.447046 -0.079831 2.056764 -30.706431 -17.604642 120.000000 -27.612643 0.000000 0.000000 15.000000 0.000000 0.000000 4.260386 -0.094452 1.375350 -32.061406 -4.956131 14.998054 -39.335777 0.000000 0.000000 -24.958191 0.000000 0.000000 -6.917769 0.291382 2.291170 -31.512131 1.168791 3.747125 -32.503834 0.000000 0.000000 -27.714407 0.000000 0.000000 0.441624 -0.014543 2.538997 25.392601 9.637049 1.538552 49.314539 4.485457 18.270893 2.494235 30.064465 4.088225 1.426518 -24.127503 6.380603 38.349049 -8.165808 0.164539 42.336882 0.000000 0.000000 28.598280 0.000000 0.000000 -7.969741 -5.107087 -8.050663 34.593158 6.306409 15.000000 50.568683 0.000000 0.000000 31.299945 0.000000 0.000000 6.271931 -1.933901 -4.817211 40.082950 18.606323 15.000000 38.783823 0.000000 0.000000 32.070099 0.000000 0.000000 -1.013052 -2.505694 -6.799366 31.699969 -11.750971 -15.000000 24.137469 0.000000 0.000000 37.569537 0.000000 0.000000 -3.109834 -2.403556 -3.139792 34.905882 14.083406 120.000000 26.332344 0.000000 0.000000 -15.000000 0.000000 0.000000 -4.610124 -2.491975 -2.359596 0.000000 0.000000 0.000000 0.000000 0.000000 0.000000 0.000000 0.000000 0.000000 0.000000 0.000000 0.000000 0.000000 0.000000 0.000000 0.000000 0.000000 0.000000 0.000000 0.000000 0.000000 0.000000 0.000000 0.000000 
0.000000 89.700000 0.000000 0.000000 0.000000 0.000000 -0.485610 1.029242 -2.832290 0.536989 -1.535007 1.334425 -0.658317 0.311037 2.501642 -0.139712 0.590787 -1.083958 -1.125377 -3.803446 0.995277 0.000000 0.000000 0.000000 -23.882640 -6.006560 0.376074 -46.384775 -5.618494 17.599554 -8.783246 -31.737635 19.062681 -12.299761 23.040549 -8.923870 -39.552775 18.714706 -15.000000 -30.617106 0.000000 0.000000 -23.400435 0.000000 0.000000 0.022390 -0.001199 4.934506 -29.108477 13.250905 -15.000000 -24.823301 0.000000 0.000000 -34.948501 0.000000 0.000000 2.447046 -0.079831 2.056764 -30.575654 -17.669329 120.000000 -27.658115 0.000000 0.000000 15.000000 0.000000 0.000000 4.260386 -0.094452 1.375350 -32.139528 -5.004730 14.999631 -39.286996 0.000000 0.000000 -24.927420 0.000000 0.000000 -6.917769 0.291382 2.291170 -31.637388 1.124155 3.819573 -32.755013 0.000000 0.000000 -27.717828 0.000000 0.000000 0.441624 -0.014543 2.538997 25.403451 9.620792 1.517044 49.296713 4.484620 18.288175 2.509254 30.040405 4.110824 1.292190 -24.047912 6.169091 38.879390 -8.357840 0.091618 42.270033 0.000000 0.000000 28.589769 0.000000 0.000000 -7.969741 -5.107087 -8.050663 34.390506 6.227103 15.000000 50.581336 0.000000 0.000000 31.634186 0.000000 0.000000 6.271931 -1.933901 -4.817211 40.117142 18.573073 15.000000 38.314609 0.000000 0.000000 32.183415 0.000000 0.000000 -1.013052 -2.505694 -6.799366 32.260256 -12.082944 -15.000000 24.056972 0.000000 0.000000 37.533734 0.000000 0.000000 -3.109834 -2.403556 -3.139792 34.883393 13.709564 120.000000 26.223405 0.000000 0.000000 -15.000000 0.000000 0.000000 -4.610124 -2.491975 -2.359596 0.000000 0.000000 0.000000 0.000000 0.000000 0.000000 0.000000 0.000000 0.000000 0.000000 0.000000 0.000000 0.000000 0.000000 0.000000 0.000000 0.000000 0.000000 0.000000 0.000000 0.000000 0.000000 0.000000 0.000000 
0.000000 89.700000 0.000000 0.000000 0.000000 0.000000 -0.499238 0.999355 -2.807996 0.540993 -1.535288 1.309336 -0.662428 0.296597 2.512670 -0.124127 0.566701 -1.072428 -1.132755 -3.856763 1.019180 0.000000 0.000000 0.000000 -23.879613 -5.960931 0.371544 -46.357883 -5.606043 17.635058 -8.836036 -31.788324 19.099506 -12.332598 23.061535 -9.069772 -39.983173 18.687844 -15.000000 -30.380899 0.000000 0.000000 -23.386033 0.000000 0.000000 0.022390 -0.001199 4.934506 -28.933509 13.428509 -15.000000 -24.990170 0.000000 0.000000 -35.063947 0.000000 0.000000 2.447046 -0.079831 2.056764 -30.451744 -17.684174 120.000000 -27.716478 0.000000 0.000000 15.000000 0.000000 0.000000 4.260386 -0.094452 1.375350 -32.575445 -5.076732 14.999950 -39.158191 0.000000 0.000000 -24.905905 0.000000 0.000000 -6.917769 0.291382 2.291170 -31.628580 0.976981 3.943380 -32.994238 0.000000 0.000000 -27.695989 0.000000 0.000000 0.441624 -0.014543 2.538997 25.413562 9.595368 1.491538 49.278106 4.482784 18.307275 2.549550 30.054600 4.123867 1.224543 -24.029201 5.952658 38.781925 -8.539720 0.086644 42.206598 0.000000 0.000000 28.508351 0.000000 0.000000 -7.969741 -5.107087 -8.050663 33.997452 6.092752 14.999991 50.621401 0.000000 0.000000 31.893962 0.000000 0.000000 6.271931 -1.933901 -4.817211 39.852678 18.428009 15.000000 37.988616 0.000000 0.000000 32.290329 0.000000 0.000000 -1.013052 -2.505694 -6.799366 32.232751 -12.372583 -15.000000 24.027325 0.000000 0.000000 37.413653 0.000000 0.000000 -3.109834 -2.403556 -3.139792 34.897598 13.441685 120.000000 26.178564 0.000000 0.000000 -15.000000 0.000000 0.000000 -4.610124 -2.491975 -2.359596 0.000000 0.000000 0.000000 0.000000 0.000000 0.000000 0.000000 0.000000 0.000000 0.000000 0.000000 0.000000 0.000000 0.000000 0.000000 0.000000 0.000000 0.000000 0.000000 0.000000 0.000000 0.000000 0.000000 0.000000 
0.000000 89.700000 0.000000 0.000000 0.000000 0.000000 -0.507722 0.959775 -2.778839 0.539539 -1.531947 1.284264 -0.667272 0.285658 2.521034 -0.112989 0.539588 -1.061461 -1.138359 -3.912320 1.047117 0.000000 0.000000 0.000000 -23.874706 -5.901399 0.361104 -46.318923 -5.591851 17.667590 -8.910982 -31.858837 19.163585 -12.345700 23.096372 -9.249277 -40.424172 18.645832 -15.000000 -30.202946 0.000000 0.000000 -23.387297 0.000000 0.000000 0.022390 -0.001199 4.934506 -29.063988 13.597626 -15.000000 -25.126529 0.000000 0.000000 -35.192834 0.000000 0.000000 2.447046 -0.079831 2.056764 -30.333674 -17.632916 120.000000 -27.785615 0.000000 0.000000 15.000000 0.000000 0.000000 4.260386 -0.094452 1.375350 -33.090750 -5.150394 14.999995 -39.049911 0.000000 0.000000 -24.925989 0.000000 0.000000 -6.917769 0.291382 2.291170 -31.550763 0.750288 4.115418 -33.232145 0.000000 0.000000 -27.687853 0.000000 0.000000 0.441624 -0.014543 2.538997 25.425771 9.559511 1.460279 49.258123 4.479489 18.324853 2.624789 30.093094 4.176771 1.227540 -24.078062 5.772367 38.381035 -8.689823 0.185522 42.135225 0.000000 0.000000 28.395264 0.000000 0.000000 -7.969741 -5.107087 -8.050663 33.598640 5.921019 14.999902 50.633929 0.000000 0.000000 32.055105 0.000000 0.000000 6.271931 -1.933901 -4.817211 39.733234 18.201471 15.000000 37.798605 0.000000 0.000000 32.361914 0.000000 0.000000 -1.013052 -2.505694 -6.799366 32.112268 -12.615368 -15.000000 24.045990 0.000000 0.000000 37.247641 0.000000 0.000000 -3.109834 -2.403556 -3.139792 34.942032 13.302835 120.000000 26.194977 0.000000 0.000000 -15.000000 0.000000 0.000000 -4.610124 -2.491975 -2.359596 0.000000 0.000000 0.000000 0.000000 0.000000 0.000000 0.000000 0.000000 0.000000 0.000000 0.000000 0.000000 0.000000 0.000000 0.000000 0.000000 0.000000 0.000000 0.000000 0.000000 0.000000 0.000000 0.000000 0.000000 
0.000000 89.700000 0.000000 0.000000 0.000000 0.000000 -0.510940 0.905999 -2.746474 0.533493 -1.525398 1.260885 -0.672530 0.278559 2.525363 -0.107526 0.512907 -1.051964 -1.143675 -3.962669 1.069660 0.000000 0.000000 0.000000 -23.870030 -5.830978 0.343325 -46.272709 -5.575481 17.694579 -8.998559 -31.936076 19.250475 -12.344280 23.146077 -9.479983 -40.305138 18.649138 -15.000000 -30.173560 0.000000 0.000000 -23.425033 0.000000 0.000000 0.022390 -0.001199 4.934506 -29.184569 13.742770 -15.000000 -25.227974 0.000000 0.000000 -35.322616 0.000000 0.000000 2.447046 -0.079831 2.056764 -30.216600 -17.534217 120.000000 -27.851376 0.000000 0.000000 15.000000 0.000000 0.000000 4.260386 -0.094452 1.375350 -33.078766 -5.199644 15.000000 -39.078002 0.000000 0.000000 -24.993248 0.000000 0.000000 -6.917769 0.291382 2.291170 -31.462143 0.545170 4.308499 -33.498484 0.000000 0.000000 -27.745419 0.000000 0.000000 0.441624 -0.014543 2.538997 25.442222 9.515108 1.422737 49.237174 4.474030 18.340306 2.665913 30.178077 4.218831 1.268975 -24.166345 5.664348 38.213799 -8.793288 0.315429 42.015277 0.000000 0.000000 28.275385 0.000000 0.000000 -7.969741 -5.107087 -8.050663 33.352944 5.757795 14.999253 50.539707 0.000000 0.000000 32.123589 0.000000 0.000000 6.271931 -1.933901 -4.817211 39.297858 17.961768 15.000000 37.637273 0.000000 0.000000 32.372841 0.000000 0.000000 -1.013052 -2.505694 -6.799366 32.000701 -12.809533 -15.000000 24.066840 0.000000 0.000000 37.068796 0.000000 0.000000 -3.109834 -2.403556 -3.139792 34.998609 13.261380 120.000000 26.235019 0.000000 0.000000 -15.000000 0.000000 0.000000 -4.610124 -2.491975 -2.359596 0.000000 0.000000 0.000000 0.000000 0.000000 0.000000 0.000000 0.000000 0.000000 0.000000 0.000000 0.000000 0.000000 0.000000 0.000000 0.000000 0.000000 0.000000 0.000000 0.000000 0.000000 0.000000 0.000000 0.000000 
0.000000 89.700000 0.000000 0.000000 0.000000 0.000000 -0.511503 0.843225 -2.713595 0.524757 -1.516668 1.238293 -0.677852 0.274668 2.526636 -0.105754 0.492516 -1.046805 -1.150298 -4.002343 1.080220 0.000000 0.000000 0.000000 -23.867816 -5.756577 0.318091 -46.226429 -5.557778 17.715978 -9.084870 -32.006593 19.346480 -12.346508 23.199632 -9.778128 -40.001474 18.733737 -15.000000 -30.277359 0.000000 0.000000 -23.506643 0.000000 0.000000 0.022390 -0.001199 4.934506 -29.189916 13.873216 -15.000000 -25.297047 0.000000 0.000000 -35.447245 0.000000 0.000000 2.447046 -0.079831 2.056764 -30.108669 -17.447100 120.000000 -27.930856 0.000000 0.000000 15.000000 0.000000 0.000000 4.260386 -0.094452 1.375350 -32.871450 -5.221579 15.000000 -39.276700 0.000000 0.000000 -25.109353 0.000000 0.000000 -6.917769 0.291382 2.291170 -31.288133 0.462765 4.479536 -33.825559 0.000000 0.000000 -27.899592 0.000000 0.000000 0.441624 -0.014543 2.538997 25.463009 9.466692 1.380967 49.215931 4.465530 18.355443 2.695371 30.284109 4.302404 1.313380 -24.252620 5.655115 38.071754 -8.832247 0.383298 41.926949 0.000000 0.000000 28.150712 0.000000 0.000000 -7.969741 -5.107087 -8.050663 32.877139 5.654849 14.995895 50.415726 0.000000 0.000000 32.117017 0.000000 0.000000 6.271931 -1.933901 -4.817211 38.866891 17.797023 15.000000 37.499970 0.000000 0.000000 32.319265 0.000000 0.000000 -1.013052 -2.505694 -6.799366 32.003313 -12.909052 -15.000000 24.052744 0.000000 0.000000 36.898170 0.000000 0.000000 -3.109834 -2.403556 -3.139792 35.051309 13.289112 120.000000 26.270929 0.000000 0.000000 -15.000000 0.000000 0.000000 -4.610124 -2.491975 -2.359596 0.000000 0.000000 0.000000 0.000000 0.000000 0.000000 0.000000 0.000000 0.000000 0.000000 0.000000 0.000000 0.000000 0.000000 0.000000 0.000000 0.000000 0.000000 0.000000 0.000000 0.000000 0.000000 0.000000 0.000000 
0.000000 89.700000 0.000000 0.000000 0.000000 0.000000 -0.512367 0.784073 -2.682470 0.515173 -1.506988 1.214498 -0.683067 0.272859 2.526961 -0.104136 0.484053 -1.050222 -1.159317 -4.028661 1.076769 0.000000 0.000000 0.000000 -23.870427 -5.685907 0.287251 -46.186387 -5.540152 17.732167 -9.156022 -32.063375 19.431024 -12.379176 23.243700 -10.149820 -39.986526 18.905531 -15.000000 -30.425326 0.000000 0.000000 -23.618017 0.000000 0.000000 0.022390 -0.001199 4.934506 -29.279422 14.029074 -15.000000 -25.334016 0.000000 0.000000 -35.562186 0.000000 0.000000 2.447046 -0.079831 2.056764 -30.040642 -17.402317 120.000000 -28.063739 0.000000 0.000000 15.000000 0.000000 0.000000 4.260386 -0.094452 1.375350 -32.956241 -5.227798 15.000000 -39.567151 0.000000 0.000000 -25.279213 0.000000 0.000000 -6.917769 0.291382 2.291170 -30.972825 0.538705 4.587319 -34.178075 0.000000 0.000000 -28.125062 0.000000 0.000000 0.441624 -0.014543 2.538997 25.486375 9.419361 1.339505 49.194039 4.453360 18.372469 2.697182 30.352853 4.418750 1.349986 -24.310890 5.760236 38.238491 -8.798195 0.361198 42.054026 0.000000 0.000000 28.022632 0.000000 0.000000 -7.969741 -5.107087 -8.050663 32.843480 5.631932 14.983247 50.474802 0.000000 0.000000 32.059592 0.000000 0.000000 6.271931 -1.933901 -4.817211 39.190202 17.763233 15.000000 37.527826 0.000000 0.000000 32.218755 0.000000 0.000000 -1.013052 -2.505694 -6.799366 32.257966 -12.851868 -15.000000 24.032589 0.000000 0.000000 36.764057 0.000000 0.000000 -3.109834 -2.403556 -3.139792 35.095409 13.389807 120.000000 26.309832 0.000000 0.000000 -15.000000 0.000000 0.000000 -4.610124 -2.491975 -2.359596 0.000000 0.000000 0.000000 0.000000 0.000000 0.000000 0.000000 0.000000 0.000000 0.000000 0.000000 0.000000 0.000000 0.000000 0.000000 0.000000 0.000000 0.000000 0.000000 0.000000 0.000000 0.000000 0.000000 0.000000 
0.000000 89.700000 0.000000 0.000000 0.000000 0.000000 -0.515154 0.740431 -2.653653 0.505392 -1.497175 1.188426 -0.688323 0.271910 2.528329 -0.100393 0.489652 -1.065604 -1.170991 -4.041086 1.060472 0.000000 0.000000 0.000000 -23.879624 -5.624076 0.253406 -46.155136 -5.523365 17.742945 -9.203548 -32.107728 19.485675 -12.446197 23.272353 -10.583162 -39.934320 19.164052 -15.000000 -30.523481 0.000000 0.000000 -23.711907 0.000000 0.000000 0.022390 -0.001199 4.934506 -29.147388 14.266900 -15.000000 -25.324579 0.000000 0.000000 -35.636349 0.000000 0.000000 2.447046 -0.079831 2.056764 -30.047244 -17.350273 120.000000 -28.245626 0.000000 0.000000 15.000000 0.000000 0.000000 4.260386 -0.094452 1.375350 -33.069497 -5.214990 15.000000 -39.811086 0.000000 0.000000 -25.483774 0.000000 0.000000 -6.917769 0.291382 2.291170 -30.704064 0.747784 4.615279 -34.416911 0.000000 0.000000 -28.339198 0.000000 0.000000 0.441624 -0.014543 2.538997 25.510474 9.376547 1.303465 49.169449 4.437637 18.392274 2.715379 30.391339 4.527180 1.383606 -24.343694 5.982356 38.212619 -8.691713 0.278448 42.492110 0.000000 0.000000 27.907899 0.000000 0.000000 -7.969741 -5.107087 -8.050663 32.980203 5.668547 14.948129 50.868217 0.000000 0.000000 31.979491 0.000000 0.000000 6.271931 -1.933901 -4.817211 39.356303 17.849293 15.000000 37.855968 0.000000 0.000000 32.094373 0.000000 0.000000 -1.013052 -2.505694 -6.799366 32.181023 -12.612820 -15.000000 24.079940 0.000000 0.000000 36.704696 0.000000 0.000000 -3.109834 -2.403556 -3.139792 35.129484 13.594672 120.000000 26.376884 0.000000 0.000000 -15.000000 0.000000 0.000000 -4.610124 -2.491975 -2.359596 0.000000 0.000000 0.000000 0.000000 0.000000 0.000000 0.000000 0.000000 0.000000 0.000000 0.000000 0.000000 0.000000 0.000000 0.000000 0.000000 0.000000 0.000000 0.000000 0.000000 0.000000 0.000000 0.000000 0.000000 
0.000000 89.700000 0.000000 0.000000 0.000000 0.000000 -0.519378 0.717067 -2.626081 0.494903 -1.487401 1.160708 -0.693753 0.270888 2.532041 -0.094956 0.506614 -1.093235 -1.185032 -4.040537 1.034099 0.000000 0.000000 0.000000 -23.895352 -5.572182 0.218416 -46.131529 -5.506624 17.748392 -9.227050 -32.146547 19.502610 -12.502715 23.287234 -11.046623 -40.022644 19.493559 -15.000000 -30.511119 0.000000 0.000000 -23.733563 0.000000 0.000000 0.022390 -0.001199 4.934506 -29.093413 14.609518 -15.000000 -25.246125 0.000000 0.000000 -35.623508 0.000000 0.000000 2.447046 -0.079831 2.056764 -30.133984 -17.210017 120.000000 -28.401506 0.000000 0.000000 15.000000 0.000000 0.000000 4.260386 -0.094452 1.375350 -32.928034 -5.168044 15.000000 -39.889482 0.000000 0.000000 -25.671515 0.000000 0.000000 -6.917769 0.291382 2.291170 -30.442900 1.031016 4.583616 -34.379408 0.000000 0.000000 -28.452349 0.000000 0.000000 0.441624 -0.014543 2.538997 25.534527 9.339078 1.276295 49.139333 4.419436 18.414225 2.714751 30.415603 4.609648 1.408072 -24.371380 6.306261 37.820010 -8.510812 0.160735 43.115715 0.000000 0.000000 27.819005 0.000000 0.000000 -7.969741 -5.107087 -8.050663 33.062043 5.734235 14.876038 51.541418 0.000000 0.000000 31.895029 0.000000 0.000000 6.271931 -1.933901 -4.817211 39.023747 17.998722 15.000000 38.455508 0.000000 0.000000 31.952694 0.000000 0.000000 -1.013052 -2.505694 -6.799366 31.786283 -12.226279 -15.000000 24.222212 0.000000 0.000000 36.729624 0.000000 0.000000 -3.109834 -2.403556 -3.139792 35.153131 13.929124 120.000000 26.484927 0.000000 0.000000 -15.000000 0.000000 0.000000 -4.610124 -2.491975 -2.359596 0.000000 0.000000 0.000000 0.000000 0.000000 0.000000 0.000000 0.000000 0.000000 0.000000 0.000000 0.000000 0.000000 0.000000 0.000000 0.000000 0.000000 0.000000 0.000000 0.000000 0.000000 0.000000 0.000000 0.000000 
0.000000 89.700000 0.000000 0.000000 0.000000 0.000000 -0.522111 0.710985 -2.598190 0.483198 -1.477621 1.132346 -0.698939 0.269497 2.538579 -0.090089 0.529743 -1.130269 -1.201591 -4.029109 1.001792 0.000000 0.000000 0.000000 -23.915272 -5.528186 0.183624 -46.113394 -5.487639 17.749860 -9.232008 -32.187878 19.485531 -12.487471 23.295852 -11.497962 -40.402258 19.834306 -15.000000 -30.371906 0.000000 0.000000 -23.662361 0.000000 0.000000 0.022390 -0.001199 4.934506 -29.446986 15.006668 -15.000000 -25.088276 0.000000 0.000000 -35.497745 0.000000 0.000000 2.447046 -0.079831 2.056764 -30.268699 -16.952059 120.000000 -28.445028 0.000000 0.000000 15.000000 0.000000 0.000000 4.260386 -0.094452 1.375350 -32.955011 -5.091159 15.000000 -39.765769 0.000000 0.000000 -25.792204 0.000000 0.000000 -6.917769 0.291382 2.291170 -30.842587 1.317220 4.529744 -34.019235 0.000000 0.000000 -28.437472 0.000000 0.000000 0.441624 -0.014543 2.538997 25.558213 9.305887 1.258664 49.102496 4.400060 18.436965 2.764410 30.468273 4.668636 1.410558 -24.412913 6.694824 37.658858 -8.263393 0.020260 43.677782 0.000000 0.000000 27.741599 0.000000 0.000000 -7.969741 -5.107087 -8.050663 32.754779 5.816554 14.767152 52.286369 0.000000 0.000000 31.799002 0.000000 0.000000 6.271931 -1.933901 -4.817211 38.510762 18.161321 15.000000 39.150514 0.000000 0.000000 31.790191 0.000000 0.000000 -1.013052 -2.505694 -6.799366 31.489084 -11.785895 -15.000000 24.407799 0.000000 0.000000 36.797818 0.000000 0.000000 -3.109834 -2.403556 -3.139792 35.173560 14.359607 120.000000 26.615188 0.000000 0.000000 -15.000000 0.000000 0.000000 -4.610124 -2.491975 -2.359596 0.000000 0.000000 0.000000 0.000000 0.000000 0.000000 0.000000 0.000000 0.000000 0.000000 0.000000 0.000000 0.000000 0.000000 0.000000 0.000000 0.000000 0.000000 0.000000 0.000000 0.000000 0.000000 0.000000 0.000000 
0.000000 89.700000 0.000000 0.000000 0.000000 0.000000 -0.518938 0.714897 -2.569131 0.470551 -1.467975 1.102834 -0.702922 0.268149 2.547827 -0.088071 0.555405 -1.172338 -1.221911 -4.010049 0.968676 0.000000 0.000000 0.000000 -23.935719 -5.488765 0.151156 -46.099540 -5.463743 17.749348 -9.225477 -32.237587 19.444888 -12.383767 23.307593 -11.900904 -40.872640 20.111884 -15.000000 -30.140826 0.000000 0.000000 -23.515617 0.000000 0.000000 0.022390 -0.001199 4.934506 -29.822626 15.364147 -15.000000 -24.861583 0.000000 0.000000 -35.261440 0.000000 0.000000 2.447046 -0.079831 2.056764 -30.406173 -16.608183 120.000000 -28.351663 0.000000 0.000000 15.000000 0.000000 0.000000 4.260386 -0.094452 1.375350 -33.359936 -5.011257 15.000000 -39.504229 0.000000 0.000000 -25.825361 0.000000 0.000000 -6.917769 0.291382 2.291170 -31.556123 1.557043 4.472900 -33.435883 0.000000 0.000000 -28.354546 0.000000 0.000000 0.441624 -0.014543 2.538997 25.580757 9.275442 1.248925 49.061173 4.379711 18.458966 2.840910 30.513050 4.732030 1.399747 -24.477727 7.093543 38.130254 -7.987726 -0.110406 44.032766 0.000000 0.000000 27.650317 0.000000 0.000000 -7.969741 -5.107087 -8.050663 32.645142 5.918468 14.647472 52.907239 0.000000 0.000000 31.659143 0.000000 0.000000 6.271931 -1.933901 -4.817211 38.363178 18.323157 15.000000 39.771075 0.000000 0.000000 31.619306 0.000000 0.000000 -1.013052 -2.505694 -6.799366 31.664207 -11.400868 -15.000000 24.572135 0.000000 0.000000 36.852249 0.000000 0.000000 -3.109834 -2.403556 -3.139792 35.196557 14.783269 120.000000 26.717223 0.000000 0.000000 -15.000000 0.000000 0.000000 -4.610124 -2.491975 -2.359596 0.000000 0.000000 0.000000 0.000000 0.000000 0.000000 0.000000 0.000000 0.000000 0.000000 0.000000 0.000000 0.000000 0.000000 0.000000 0.000000 0.000000 0.000000 0.000000 0.000000 0.000000 0.000000 0.000000 0.000000 
0.000000 89.700000 0.000000 0.000000 0.000000 0.000000 -0.506151 0.721830 -2.539786 0.457638 -1.458865 1.070439 -0.704892 0.267814 2.559495 -0.089954 0.583608 -1.214037 -1.247673 -3.987543 0.939364 0.000000 0.000000 0.000000 -23.953004 -5.450940 0.123842 -46.089645 -5.433323 17.747754 -9.213492 -32.298114 19.393633 -12.233128 23.325073 -12.239019 -41.401388 20.301223 -15.000000 -29.902148 0.000000 0.000000 -23.315712 0.000000 0.000000 0.022390 -0.001199 4.934506 -30.300352 15.606222 -15.000000 -24.589394 0.000000 0.000000 -34.933944 0.000000 0.000000 2.447046 -0.079831 2.056764 -30.514505 -16.220295 120.000000 -28.160952 0.000000 0.000000 15.000000 0.000000 0.000000 4.260386 -0.094452 1.375350 -33.649814 -4.949571 15.000000 -39.219058 0.000000 0.000000 -25.768947 0.000000 0.000000 -6.917769 0.291382 2.291170 -31.692204 1.738710 4.410045 -32.751130 0.000000 0.000000 -28.294873 0.000000 0.000000 0.441624 -0.014543 2.538997 25.601039 9.246629 1.244729 49.020151 4.357386 18.478043 2.892815 30.582239 4.795012 1.406206 -24.569941 7.446524 38.583314 -7.739269 -0.192380 44.215888 0.000000 0.000000 27.534151 0.000000 0.000000 -7.969741 -5.107087 -8.050663 32.822560 6.041104 14.553433 53.316933 0.000000 0.000000 31.443386 0.000000 0.000000 6.271931 -1.933901 -4.817211 38.147131 18.496332 15.000000 40.248485 0.000000 0.000000 31.464830 0.000000 0.000000 -1.013052 -2.505694 -6.799366 31.765848 -11.119555 -15.000000 24.693173 0.000000 0.000000 36.859265 0.000000 0.000000 -3.109834 -2.403556 -3.139792 35.209835 15.092602 120.000000 26.733396 0.000000 0.000000 -15.000000 0.000000 0.000000 -4.610124 -2.491975 -2.359596 0.000000 0.000000 0.000000 0.000000 0.000000 0.000000 0.000000 0.000000 0.000000 0.000000 0.000000 0.000000 0.000000 0.000000 0.000000 0.000000 0.000000 0.000000 0.000000 0.000000 0.000000 0.000000 0.000000 0.000000 
0.000000 89.700000 0.000000 0.000000 0.000000 0.000000 -0.482668 0.727034 -2.513063 0.445036 -1.451019 1.034789 -0.704829 0.269725 2.573388 -0.095161 0.616738 -1.248733 -1.279408 -3.965425 0.916637 0.000000 0.000000 0.000000 -23.963834 -5.412661 0.103381 -46.083589 -5.396327 17.744451 -9.200607 -32.369156 19.344682 -12.095504 23.342988 -12.517266 -41.577401 20.431493 -15.000000 -29.758324 0.000000 0.000000 -23.081450 0.000000 0.000000 0.022390 -0.001199 4.934506 -30.552745 15.715016 -15.000000 -24.307028 0.000000 0.000000 -34.564709 0.000000 0.000000 2.447046 -0.079831 2.056764 -30.580785 -15.811588 120.000000 -27.925313 0.000000 0.000000 15.000000 0.000000 0.000000 4.260386 -0.094452 1.375350 -33.546706 -4.907316 15.000000 -38.997923 0.000000 0.000000 -25.635183 0.000000 0.000000 -6.917769 0.291382 2.291170 -31.647301 1.868220 4.337497 -32.020582 0.000000 0.000000 -28.305328 0.000000 0.000000 0.441624 -0.014543 2.538997 25.618245 9.218798 1.244262 48.984055 4.332707 18.490979 2.917912 30.652281 4.826669 1.444529 -24.682735 7.716496 38.616006 -7.559011 -0.227488 44.311422 0.000000 0.000000 27.401878 0.000000 0.000000 -7.969741 -5.107087 -8.050663 33.297035 6.169311 14.502464 53.514382 0.000000 0.000000 31.167206 0.000000 0.000000 6.271931 -1.933901 -4.817211 38.438306 18.677548 15.000000 40.580262 0.000000 0.000000 31.341454 0.000000 0.000000 -1.013052 -2.505694 -6.799366 31.688022 -10.926110 -15.000000 24.776222 0.000000 0.000000 36.817066 0.000000 0.000000 -3.109834 -2.403556 -3.139792 35.196953 15.246169 120.000000 26.648526 0.000000 0.000000 -15.000000 0.000000 0.000000 -4.610124 -2.491975 -2.359596 0.000000 0.000000 0.000000 0.000000 0.000000 0.000000 0.000000 0.000000 0.000000 0.000000 0.000000 0.000000 0.000000 0.000000 0.000000 0.000000 0.000000 0.000000 0.000000 0.000000 0.000000 0.000000 0.000000 0.000000 
0.000000 89.700000 0.000000 0.000000 0.000000 0.000000 -0.450168 0.725488 -2.492351 0.433188 -1.445145 0.998636 -0.703372 0.274719 2.589306 -0.102068 0.656683 -1.271187 -1.315357 -3.944775 0.901538 0.000000 0.000000 0.000000 -23.965715 -5.372171 0.089198 -46.080817 -5.353762 17.739063 -9.189800 -32.449431 19.307632 -12.007173 23.358464 -12.751785 -41.186081 20.538300 -15.000000 -29.766354 0.000000 0.000000 -22.853584 0.000000 0.000000 0.022390 -0.001199 4.934506 -30.306094 15.736146 -15.000000 -24.057430 0.000000 0.000000 -34.243158 0.000000 0.000000 2.447046 -0.079831 2.056764 -30.605416 -15.400301 120.000000 -27.678917 0.000000 0.000000 15.000000 0.000000 0.000000 4.260386 -0.094452 1.375350 -33.252743 -4.876607 15.000000 -38.861661 0.000000 0.000000 -25.473830 0.000000 0.000000 -6.917769 0.291382 2.291170 -31.930521 1.953121 4.258565 -31.275321 0.000000 0.000000 -28.371770 0.000000 0.000000 0.441624 -0.014543 2.538997 25.632200 9.191439 1.245781 48.955511 4.307496 18.495146 2.922907 30.747106 4.861359 1.480011 -24.781128 7.896332 38.218023 -7.461669 -0.250329 44.316377 0.000000 0.000000 27.287104 0.000000 0.000000 -7.969741 -5.107087 -8.050663 33.470122 6.262868 14.486214 53.537081 0.000000 0.000000 30.923981 0.000000 0.000000 6.271931 -1.933901 -4.817211 38.533411 18.809275 15.000000 40.769538 0.000000 0.000000 31.258057 0.000000 0.000000 -1.013052 -2.505694 -6.799366 31.419860 -10.818564 -15.000000 24.828223 0.000000 0.000000 36.760349 0.000000 0.000000 -3.109834 -2.403556 -3.139792 35.174751 15.279456 120.000000 26.526415 0.000000 0.000000 -15.000000 0.000000 0.000000 -4.610124 -2.491975 -2.359596 0.000000 0.000000 0.000000 0.000000 0.000000 0.000000 0.000000 0.000000 0.000000 0.000000 0.000000 0.000000 0.000000 0.000000 0.000000 0.000000 0.000000 0.000000 0.000000 0.000000 0.000000 0.000000 0.000000 0.000000 
0.000000 89.700000 0.000000 0.000000 0.000000 0.000000 -0.411496 0.709675 -2.478498 0.422134 -1.440973 0.966470 -0.701180 0.282532 2.606591 -0.109581 0.703085 -1.281876 -1.351962 -3.922736 0.893843 0.000000 0.000000 0.000000 -23.958411 -5.327259 0.079465 -46.079246 -5.307751 17.733130 -9.182262 -32.537328 19.286262 -11.967552 23.375726 -12.957344 -40.536514 20.645286 -15.000000 -29.896970 0.000000 0.000000 -22.693526 0.000000 0.000000 0.022390 -0.001199 4.934506 -30.019594 15.742600 -15.000000 -23.864242 0.000000 0.000000 -34.047327 0.000000 0.000000 2.447046 -0.079831 2.056764 -30.600052 -15.013122 120.000000 -27.446492 0.000000 0.000000 15.000000 0.000000 0.000000 4.260386 -0.094452 1.375350 -32.879962 -4.849109 15.000000 -38.777884 0.000000 0.000000 -25.359022 0.000000 0.000000 -6.917769 0.291382 2.291170 -31.976466 2.006256 4.181339 -30.565743 0.000000 0.000000 -28.453141 0.000000 0.000000 0.441624 -0.014543 2.538997 25.643775 9.163874 1.246588 48.934952 4.285009 18.491189 2.971496 30.816520 4.955515 1.447181 -24.816695 8.005080 38.114916 -7.442200 -0.276221 44.182898 0.000000 0.000000 27.246199 0.000000 0.000000 -7.969741 -5.107087 -8.050663 33.440742 6.272466 14.488551 53.454353 0.000000 0.000000 30.836698 0.000000 0.000000 6.271931 -1.933901 -4.817211 38.293666 18.808293 15.000000 40.821953 0.000000 0.000000 31.231644 0.000000 0.000000 -1.013052 -2.505694 -6.799366 31.104470 -10.829777 -15.000000 24.857480 0.000000 0.000000 36.750282 0.000000 0.000000 -3.109834 -2.403556 -3.139792 35.189586 15.264727 120.000000 26.471089 0.000000 0.000000 -15.000000 0.000000 0.000000 -4.610124 -2.491975 -2.359596 0.000000 0.000000 0.000000 0.000000 0.000000 0.000000 0.000000 0.000000 0.000000 0.000000 0.000000 0.000000 0.000000 0.000000 0.000000 0.000000 0.000000 0.000000 0.000000 0.000000 0.000000 0.000000 0.000000 0.000000 
0.000000 89.700000 0.000000 0.000000 0.000000 0.000000 -0.369379 0.672302 -2.468214 0.411222 -1.437018 0.941783 -0.698743 0.291861 2.623716 -0.118273 0.753676 -1.286815 -1.385686 -3.894695 0.891167 0.000000 0.000000 0.000000 -23.945083 -5.275547 0.072378 -46.074879 -5.262083 17.729630 -9.177249 -32.629738 19.279604 -11.955103 23.397049 -13.141068 -40.101335 20.780642 -15.000000 -30.072282 0.000000 0.000000 -22.641599 0.000000 0.000000 0.022390 -0.001199 4.934506 -30.151749 15.781267 -15.000000 -23.724836 0.000000 0.000000 -33.983006 0.000000 0.000000 2.447046 -0.079831 2.056764 -30.584858 -14.679850 120.000000 -27.256792 0.000000 0.000000 15.000000 0.000000 0.000000 4.260386 -0.094452 1.375350 -32.678721 -4.815194 15.000000 -38.713418 0.000000 0.000000 -25.330522 0.000000 0.000000 -6.917769 0.291382 2.291170 -32.351313 2.051355 4.119147 -29.950783 0.000000 0.000000 -28.517333 0.000000 0.000000 0.441624 -0.014543 2.538997 25.655892 9.135271 1.243272 48.920663 4.267919 18.483218 2.992986 30.929243 4.978439 1.316625 -24.782672 8.072487 38.387807 -7.479892 -0.290284 43.949713 0.000000 0.000000 27.314379 0.000000 0.000000 -7.969741 -5.107087 -8.050663 33.542278 6.183369 14.495699 53.368889 0.000000 0.000000 30.950922 0.000000 0.000000 6.271931 -1.933901 -4.817211 38.226022 18.658776 15.000000 40.775897 0.000000 0.000000 31.273054 0.000000 0.000000 -1.013052 -2.505694 -6.799366 31.323954 -10.953019 -15.000000 24.876182 0.000000 0.000000 36.815335 0.000000 0.000000 -3.109834 -2.403556 -3.139792 35.260842 15.252357 120.000000 26.528793 0.000000 0.000000 -15.000000 0.000000 0.000000 -4.610124 -2.491975 -2.359596 0.000000 0.000000 0.000000 0.000000 0.000000 0.000000 0.000000 0.000000 0.000000 0.000000 0.000000 0.000000 0.000000 0.000000 0.000000 0.000000 0.000000 0.000000 0.000000 0.000000 0.000000 0.000000 0.000000 0.000000 
0.000000 89.700000 0.000000 0.000000 0.000000 0.000000 -0.326668 0.610286 -2.455928 0.399462 -1.431634 0.925600 -0.696753 0.301208 2.638736 -0.128986 0.805276 -1.291858 -1.414484 -3.858248 0.888518 0.000000 0.000000 0.000000 -23.931190 -5.215304 0.065907 -46.063312 -5.221111 17.731251 -9.172039 -32.722472 19.284063 -11.953767 23.416485 -13.303830 -40.235073 20.965602 -15.000000 -30.237011 0.000000 0.000000 -22.684386 0.000000 0.000000 0.022390 -0.001199 4.934506 -30.401428 15.856723 -15.000000 -23.638055 0.000000 0.000000 -33.997653 0.000000 0.000000 2.447046 -0.079831 2.056764 -30.577299 -14.419910 120.000000 -27.130562 0.000000 0.000000 15.000000 0.000000 0.000000 4.260386 -0.094452 1.375350 -32.737916 -4.770702 15.000000 -38.670618 0.000000 0.000000 -25.367775 0.000000 0.000000 -6.917769 0.291382 2.291170 -33.069001 2.109516 4.082774 -29.484598 0.000000 0.000000 -28.557118 0.000000 0.000000 0.441624 -0.014543 2.538997 25.673800 9.105289 1.232852 48.908963 4.257247 18.475669 2.992873 31.067797 4.992101 1.134136 -24.738949 8.122929 38.463148 -7.538214 -0.289484 43.749188 0.000000 0.000000 27.454850 0.000000 0.000000 -7.969741 -5.107087 -8.050663 33.430165 6.041452 14.489702 53.375980 0.000000 0.000000 31.184499 0.000000 0.000000 6.271931 -1.933901 -4.817211 38.301654 18.453538 15.000000 40.704797 0.000000 0.000000 31.362154 0.000000 0.000000 -1.013052 -2.505694 -6.799366 31.739865 -11.099152 -15.000000 24.896344 0.000000 0.000000 36.901740 0.000000 0.000000 -3.109834 -2.403556 -3.139792 35.352121 15.238061 120.000000 26.640468 0.000000 0.000000 -15.000000 0.000000 0.000000 -4.610124 -2.491975 -2.359596 0.000000 0.000000 0.000000 0.000000 0.000000 0.000000 0.000000 0.000000 0.000000 0.000000 0.000000 0.000000 0.000000 0.000000 0.000000 0.000000 0.000000 0.000000 0.000000 0.000000 0.000000 0.000000 0.000000 0.000000 
0.000000 89.700000 0.000000 0.000000 0.000000 0.000000 -0.286670 0.524890 -2.437165 0.386054 -1.424032 0.916762 -0.696274 0.309706 2.650288 -0.140209 0.854451 -1.298360 -1.437528 -3.815289 0.880580 0.000000 0.000000 0.000000 -23.921807 -5.145971 0.057397 -46.041540 -5.186996 17.739504 -9.162902 -32.813990 19.294559 -11.960952 23.426766 -13.445269 -40.349110 21.181874 -15.000000 -30.374176 0.000000 0.000000 -22.768741 0.000000 0.000000 0.022390 -0.001199 4.934506 -30.362888 15.955310 -15.000000 -23.606591 0.000000 0.000000 -34.044715 0.000000 0.000000 2.447046 -0.079831 2.056764 -30.584163 -14.229303 120.000000 -27.060771 0.000000 0.000000 15.000000 0.000000 0.000000 4.260386 -0.094452 1.375350 -32.768169 -4.725861 15.000000 -38.664189 0.000000 0.000000 -25.429971 0.000000 0.000000 -6.917769 0.291382 2.291170 -33.418041 2.176177 4.070800 -29.196468 0.000000 0.000000 -28.583508 0.000000 0.000000 0.441624 -0.014543 2.538997 25.702839 9.074816 1.213610 48.896009 4.252581 18.470359 2.976786 31.204385 4.963643 0.978927 -24.762293 8.167428 38.467630 -7.579362 -0.300742 43.671473 0.000000 0.000000 27.584371 0.000000 0.000000 -7.969741 -5.107087 -8.050663 33.332077 5.921639 14.454536 53.484418 0.000000 0.000000 31.404966 0.000000 0.000000 6.271931 -1.933901 -4.817211 38.480515 18.309634 15.000000 40.655510 0.000000 0.000000 31.457813 0.000000 0.000000 -1.013052 -2.505694 -6.799366 31.879369 -11.172388 -15.000000 24.928045 0.000000 0.000000 36.922655 0.000000 0.000000 -3.109834 -2.403556 -3.139792 35.413359 15.183038 120.000000 26.700661 0.000000 0.000000 -15.000000 0.000000 0.000000 -4.610124 -2.491975 -2.359596 0.000000 0.000000 0.000000 0.000000 0.000000 0.000000 0.000000 0.000000 0.000000 0.000000 0.000000 0.000000 0.000000 0.000000 0.000000 0.000000 0.000000 0.000000 0.000000 0.000000 0.000000 0.000000 0.000000 0.000000 
0.000000 89.700000 0.000000 0.000000 0.000000 0.000000 -0.252318 0.420632 -2.410031 0.370599 -1.414213 0.912804 -0.698303 0.317380 2.658143 -0.148001 0.898064 -1.304866 -1.454079 -3.771682 0.863977 0.000000 0.000000 0.000000 -23.919681 -5.068757 0.044546 -46.008331 -5.158524 17.754972 -9.147239 -32.908423 19.306362 -11.977205 23.429235 -13.568276 -40.370415 21.380540 -15.000000 -30.472337 0.000000 0.000000 -22.851349 0.000000 0.000000 0.022390 -0.001199 4.934506 -30.292420 16.067337 -15.000000 -23.613999 0.000000 0.000000 -34.121122 0.000000 0.000000 2.447046 -0.079831 2.056764 -30.604272 -14.086041 120.000000 -27.023205 0.000000 0.000000 15.000000 0.000000 0.000000 4.260386 -0.094452 1.375350 -32.766261 -4.696731 15.000000 -38.682192 0.000000 0.000000 -25.502450 0.000000 0.000000 -6.917769 0.291382 2.291170 -33.526902 2.224607 4.075213 -29.071010 0.000000 0.000000 -28.609792 0.000000 0.000000 0.441624 -0.014543 2.538997 25.744714 9.045893 1.185754 48.880391 4.252601 18.466541 2.959669 31.335044 4.944020 0.894558 -24.875591 8.204698 38.442436 -7.588191 -0.343030 43.673955 0.000000 0.000000 27.655555 0.000000 0.000000 -7.969741 -5.107087 -8.050663 33.287036 5.868108 14.394363 53.592553 0.000000 0.000000 31.550319 0.000000 0.000000 6.271931 -1.933901 -4.817211 38.601834 18.255738 15.000000 40.595699 0.000000 0.000000 31.534771 0.000000 0.000000 -1.013052 -2.505694 -6.799366 31.692245 -11.175365 -15.000000 24.980863 0.000000 0.000000 36.855996 0.000000 0.000000 -3.109834 -2.403556 -3.139792 35.431850 15.056757 120.000000 26.652582 0.000000 0.000000 -15.000000 0.000000 0.000000 -4.610124 -2.491975 -2.359596 0.000000 0.000000 0.000000 0.000000 0.000000 0.000000 0.000000 0.000000 0.000000 0.000000 0.000000 0.000000 0.000000 0.000000 0.000000 0.000000 0.000000 0.000000 0.000000 0.000000 0.000000 0.000000 0.000000 0.000000 
0.000000 89.700000 0.000000 0.000000 0.000000 0.000000 -0.225156 0.306334 -2.374146 0.353172 -1.402262 0.910216 -0.703203 0.325003 2.663291 -0.148474 0.933529 -1.310940 -1.463437 -3.735827 0.836854 0.000000 0.000000 0.000000 -23.925241 -4.987017 0.026515 -45.963890 -5.132924 17.777322 -9.124854 -33.014202 19.316973 -12.001535 23.436623 -13.681413 -40.330808 21.519241 -15.000000 -30.518025 0.000000 0.000000 -22.929786 0.000000 0.000000 0.022390 -0.001199 4.934506 -30.327404 16.182816 -15.000000 -23.635123 0.000000 0.000000 -34.249138 0.000000 0.000000 2.447046 -0.079831 2.056764 -30.634240 -13.975628 120.000000 -27.006024 0.000000 0.000000 15.000000 0.000000 0.000000 4.260386 -0.094452 1.375350 -32.741270 -4.691522 15.000000 -38.693163 0.000000 0.000000 -25.593308 0.000000 0.000000 -6.917769 0.291382 2.291170 -33.693008 2.227383 4.097653 -29.065984 0.000000 0.000000 -28.643686 0.000000 0.000000 0.441624 -0.014543 2.538997 25.795913 9.020614 1.152016 48.863459 4.255521 18.462527 2.914528 31.455330 4.937052 0.875459 -25.033787 8.226495 38.525911 -7.571812 -0.392142 43.643761 0.000000 0.000000 27.678289 0.000000 0.000000 -7.969741 -5.107087 -8.050663 33.327154 5.873728 14.332235 53.585087 0.000000 0.000000 31.646122 0.000000 0.000000 6.271931 -1.933901 -4.817211 39.107433 18.227737 15.000000 40.467714 0.000000 0.000000 31.588571 0.000000 0.000000 -1.013052 -2.505694 -6.799366 31.829719 -11.204726 -15.000000 25.063928 0.000000 0.000000 36.752198 0.000000 0.000000 -3.109834 -2.403556 -3.139792 35.426961 14.863589 120.000000 26.526280 0.000000 0.000000 -15.000000 0.000000 0.000000 -4.610124 -2.491975 -2.359596 0.000000 0.000000 0.000000 0.000000 0.000000 0.000000 0.000000 0.000000 0.000000 0.000000 0.000000 0.000000 0.000000 0.000000 0.000000 0.000000 0.000000 0.000000 0.000000 0.000000 0.000000 0.000000 0.000000 0.000000 
0.000000 89.700000 0.000000 0.000000 0.000000 0.000000 -0.205309 0.194410 -2.329193 0.334282 -1.387849 0.904696 -0.710529 0.333636 2.667810 -0.139752 0.959149 -1.318303 -1.465688 -3.715757 0.797743 0.000000 0.000000 0.000000 -23.937421 -4.905366 0.003707 -45.909783 -5.108454 17.805016 -9.097589 -33.139824 19.326337 -12.037018 23.466426 -13.799294 -40.364975 21.585963 -15.000000 -30.524667 0.000000 0.000000 -23.024287 0.000000 0.000000 0.022390 -0.001199 4.934506 -30.353169 16.284878 -15.000000 -23.666069 0.000000 0.000000 -34.435162 0.000000 0.000000 2.447046 -0.079831 2.056764 -30.672491 -13.903243 120.000000 -27.020527 0.000000 0.000000 15.000000 0.000000 0.000000 4.260386 -0.094452 1.375350 -32.901145 -4.707005 15.000000 -38.685915 0.000000 0.000000 -25.704069 0.000000 0.000000 -6.917769 0.291382 2.291170 -33.875251 2.169723 4.153926 -29.144154 0.000000 0.000000 -28.683974 0.000000 0.000000 0.441624 -0.014543 2.538997 25.849805 9.000063 1.117081 48.847187 4.259964 18.456753 2.851553 31.548320 4.905906 0.907520 -25.175223 8.223027 38.618527 -7.542510 -0.399268 43.507157 0.000000 0.000000 27.662512 0.000000 0.000000 -7.969741 -5.107087 -8.050663 33.203929 5.905512 14.295359 53.441456 0.000000 0.000000 31.726111 0.000000 0.000000 6.271931 -1.933901 -4.817211 38.952008 18.151436 15.000000 40.271058 0.000000 0.000000 31.604742 0.000000 0.000000 -1.013052 -2.505694 -6.799366 32.073904 -11.341025 -15.000000 25.176775 0.000000 0.000000 36.648949 0.000000 0.000000 -3.109834 -2.403556 -3.139792 35.415960 14.643270 120.000000 26.404032 0.000000 0.000000 -15.000000 0.000000 0.000000 -4.610124 -2.491975 -2.359596 0.000000 0.000000 0.000000 0.000000 0.000000 0.000000 0.000000 0.000000 0.000000 0.000000 0.000000 0.000000 0.000000 0.000000 0.000000 0.000000 0.000000 0.000000 0.000000 0.000000 0.000000 0.000000 0.000000 0.000000 
0.000000 89.700000 0.000000 0.000000 0.000000 0.000000 -0.192278 0.095981 -2.274851 0.314580 -1.370386 0.892588 -0.719169 0.343976 2.674261 -0.122080 0.974743 -1.329874 -1.461870 -3.716004 0.745505 0.000000 0.000000 0.000000 -23.953950 -4.828105 -0.023096 -45.848833 -5.085474 17.836068 -9.068420 -33.290197 19.335769 -12.098480 23.532584 -13.940602 -40.409503 21.600996 -15.000000 -30.546188 0.000000 0.000000 -23.138962 0.000000 0.000000 0.022390 -0.001199 4.934506 -30.361429 16.356412 -15.000000 -23.722855 0.000000 0.000000 -34.649392 0.000000 0.000000 2.447046 -0.079831 2.056764 -30.719573 -13.884272 120.000000 -27.089288 0.000000 0.000000 15.000000 0.000000 0.000000 4.260386 -0.094452 1.375350 -33.089979 -4.731880 15.000000 -38.688840 0.000000 0.000000 -25.815967 0.000000 0.000000 -6.917769 0.291382 2.291170 -33.824680 2.052641 4.265516 -29.281175 0.000000 0.000000 -28.713205 0.000000 0.000000 0.441624 -0.014543 2.538997 25.899900 8.984377 1.085347 48.832878 4.265839 18.448263 2.798315 31.659097 4.899876 0.994539 -25.277872 8.187196 38.846218 -7.516414 -0.338918 43.254557 0.000000 0.000000 27.585524 0.000000 0.000000 -7.969741 -5.107087 -8.050663 33.098710 5.928484 14.310130 53.222056 0.000000 0.000000 31.787344 0.000000 0.000000 6.271931 -1.933901 -4.817211 38.492348 17.991592 15.000000 40.040287 0.000000 0.000000 31.551002 0.000000 0.000000 -1.013052 -2.505694 -6.799366 32.196728 -11.562106 -15.000000 25.294089 0.000000 0.000000 36.523279 0.000000 0.000000 -3.109834 -2.403556 -3.139792 35.408962 14.451584 120.000000 26.361810 0.000000 0.000000 -15.000000 0.000000 0.000000 -4.610124 -2.491975 -2.359596 0.000000 0.000000 0.000000 0.000000 0.000000 0.000000 0.000000 0.000000 0.000000 0.000000 0.000000 0.000000 0.000000 0.000000 0.000000 0.000000 0.000000 0.000000 0.000000 0.000000 0.000000 0.000000 0.000000 0.000000 
0.000000 89.700000 0.000000 0.000000 0.000000 0.000000 -0.185497 0.016100 -2.211365 0.294392 -1.349418 0.872334 -0.727655 0.356008 2.684796 -0.096960 0.981749 -1.348744 -1.453556 -3.736921 0.679940 0.000000 0.000000 0.000000 -23.971563 -4.758115 -0.053244 -45.784376 -5.065833 17.869365 -9.040631 -33.465458 19.347014 -12.212968 23.643361 -14.123172 -40.544977 21.600262 -15.000000 -30.643008 0.000000 0.000000 -23.254915 0.000000 0.000000 0.022390 -0.001199 4.934506 -30.520327 16.386457 -15.000000 -23.816631 0.000000 0.000000 -34.846241 0.000000 0.000000 2.447046 -0.079831 2.056764 -30.773978 -13.939212 120.000000 -27.234775 0.000000 0.000000 15.000000 0.000000 0.000000 4.260386 -0.094452 1.375350 -33.221943 -4.754655 15.000000 -38.744062 0.000000 0.000000 -25.902389 0.000000 0.000000 -6.917769 0.291382 2.291170 -33.747323 1.889870 4.452804 -29.462007 0.000000 0.000000 -28.698719 0.000000 0.000000 0.441624 -0.014543 2.538997 25.941594 8.973476 1.058431 48.822088 4.274020 18.437090 2.766306 31.767759 4.924458 1.142495 -25.363805 8.117209 39.039063 -7.513445 -0.227706 42.911723 0.000000 0.000000 27.421419 0.000000 0.000000 -7.969741 -5.107087 -8.050663 33.202124 5.912597 14.392375 52.998138 0.000000 0.000000 31.811765 0.000000 0.000000 6.271931 -1.933901 -4.817211 38.308020 17.744576 15.000000 39.786964 0.000000 0.000000 31.406495 0.000000 0.000000 -1.013052 -2.505694 -6.799366 32.216694 -11.768898 -15.000000 25.370385 0.000000 0.000000 36.331945 0.000000 0.000000 -3.109834 -2.403556 -3.139792 35.424226 14.337957 120.000000 26.437608 0.000000 0.000000 -15.000000 0.000000 0.000000 -4.610124 -2.491975 -2.359596 0.000000 0.000000 0.000000 0.000000 0.000000 0.000000 0.000000 0.000000 0.000000 0.000000 0.000000 0.000000 0.000000 0.000000 0.000000 0.000000 0.000000 0.000000 0.000000 0.000000 0.000000 0.000000 0.000000 0.000000 
0.000000 89.700000 0.000000 0.000000 0.000000 0.000000 -0.183995 -0.047275 -2.138993 0.273340 -1.324658 0.844074 -0.734693 0.369239 2.700467 -0.066368 0.982653 -1.376883 -1.442481 -3.775944 0.602442 0.000000 0.000000 0.000000 -23.987130 -4.696127 -0.086601 -45.718695 -5.051464 17.904792 -9.017569 -33.662086 19.363102 -12.397658 23.799794 -14.357427 -40.339291 21.619926 -15.000000 -30.825935 0.000000 0.000000 -23.359496 0.000000 0.000000 0.022390 -0.001199 4.934506 -30.470431 16.382004 -15.000000 -23.937352 0.000000 0.000000 -35.000547 0.000000 0.000000 2.447046 -0.079831 2.056764 -30.825511 -14.086859 120.000000 -27.464964 0.000000 0.000000 15.000000 0.000000 0.000000 4.260386 -0.094452 1.375350 -33.053335 -4.769224 15.000000 -38.862515 0.000000 0.000000 -25.955296 0.000000 0.000000 -6.917769 0.291382 2.291170 -33.505347 1.707995 4.720042 -29.681675 0.000000 0.000000 -28.616767 0.000000 0.000000 0.441624 -0.014543 2.538997 25.972600 8.966972 1.034234 48.817387 4.284975 18.424208 2.727748 31.854398 4.918868 1.333605 -25.461439 8.016170 39.098330 -7.539593 -0.107822 42.549814 0.000000 0.000000 27.181588 0.000000 0.000000 -7.969741 -5.107087 -8.050663 33.092160 5.844088 14.522309 52.838539 0.000000 0.000000 31.792612 0.000000 0.000000 6.271931 -1.933901 -4.817211 37.790964 17.446658 15.000000 39.524488 0.000000 0.000000 31.189493 0.000000 0.000000 -1.013052 -2.505694 -6.799366 31.938694 -11.873582 -15.000000 25.372885 0.000000 0.000000 36.074845 0.000000 0.000000 -3.109834 -2.403556 -3.139792 35.482792 14.326946 120.000000 26.626206 0.000000 0.000000 -15.000000 0.000000 0.000000 -4.610124 -2.491975 -2.359596 0.000000 0.000000 0.000000 0.000000 0.000000 0.000000 0.000000 0.000000 0.000000 0.000000 0.000000 0.000000 0.000000 0.000000 0.000000 0.000000 0.000000 0.000000 0.000000 0.000000 0.000000 0.000000 0.000000 0.000000 
0.000000 89.700000 0.000000 0.000000 0.000000 0.000000 -0.185771 -0.101424 -2.056789 0.250463 -1.295832 0.808435 -0.739815 0.383165 2.720702 -0.032473 0.980081 -1.413831 -1.430375 -3.828655 0.515926 0.000000 0.000000 0.000000 -23.999175 -4.640278 -0.124048 -45.651713 -5.043298 17.942099 -9.002819 -33.874664 19.389804 -12.625923 23.989721 -14.642191 -39.693392 21.692920 -15.000000 -31.038861 0.000000 0.000000 -23.461576 0.000000 0.000000 0.022390 -0.001199 4.934506 -30.058109 16.380126 -15.000000 -24.057277 0.000000 0.000000 -35.115514 0.000000 0.000000 2.447046 -0.079831 2.056764 -30.854347 -14.316873 120.000000 -27.747875 0.000000 0.000000 15.000000 0.000000 0.000000 4.260386 -0.094452 1.375350 -32.511408 -4.772671 15.000000 -39.015382 0.000000 0.000000 -25.996493 0.000000 0.000000 -6.917769 0.291382 2.291170 -32.915813 1.550049 5.030739 -29.944702 0.000000 0.000000 -28.484382 0.000000 0.000000 0.441624 -0.014543 2.538997 25.993028 8.963379 1.007952 48.821295 4.298029 18.410906 2.665721 31.924754 4.911594 1.532628 -25.581099 7.888777 39.193250 -7.578942 -0.025926 42.315318 0.000000 0.000000 26.927818 0.000000 0.000000 -7.969741 -5.107087 -8.050663 32.753202 5.740814 14.639657 52.822001 0.000000 0.000000 31.740365 0.000000 0.000000 6.271931 -1.933901 -4.817211 37.016846 17.196376 15.000000 39.327383 0.000000 0.000000 30.958505 0.000000 0.000000 -1.013052 -2.505694 -6.799366 31.533880 -11.847550 -15.000000 25.316149 0.000000 0.000000 35.814357 0.000000 0.000000 -3.109834 -2.403556 -3.139792 35.583615 14.404866 120.000000 26.877744 0.000000 0.000000 -15.000000 0.000000 0.000000 -4.610124 -2.491975 -2.359596 0.000000 0.000000 0.000000 0.000000 0.000000 0.000000 0.000000 0.000000 0.000000 0.000000 0.000000 0.000000 0.000000 0.000000 0.000000 0.000000 0.000000 0.000000 0.000000 0.000000 0.000000 0.000000 0.000000 0.000000 
0.000000 89.700000 0.000000 0.000000 0.000000 0.000000 -0.187946 -0.155828 -1.963057 0.225029 -1.262914 0.766889 -0.743505 0.397447 2.743210 0.002615 0.975212 -1.457275 -1.418943 -3.890259 0.423266 0.000000 0.000000 0.000000 -24.008309 -4.586888 -0.167433 -45.581491 -5.041013 17.980202 -8.999458 -34.097351 19.433909 -12.833248 24.188158 -14.966640 -39.800454 21.837228 -15.000000 -31.211395 0.000000 0.000000 -23.570840 0.000000 0.000000 0.022390 -0.001199 4.934506 -30.183386 16.424534 -15.000000 -24.155400 0.000000 0.000000 -35.202550 0.000000 0.000000 2.447046 -0.079831 2.056764 -30.845667 -14.570799 120.000000 -28.013768 0.000000 0.000000 15.000000 0.000000 0.000000 4.260386 -0.094452 1.375350 -32.462314 -4.763607 15.000000 -39.176841 0.000000 0.000000 -26.058779 0.000000 0.000000 -6.917769 0.291382 2.291170 -32.604872 1.462462 5.316486 -30.263377 0.000000 0.000000 -28.361514 0.000000 0.000000 0.441624 -0.014543 2.538997 26.004831 8.960410 0.973840 48.834822 4.311821 18.398042 2.583779 32.017561 4.978974 1.729220 -25.728557 7.738884 39.455465 -7.611434 -0.011662 42.381133 0.000000 0.000000 26.741721 0.000000 0.000000 -7.969741 -5.107087 -8.050663 32.670692 5.647765 14.684298 53.007597 0.000000 0.000000 31.672899 0.000000 0.000000 6.271931 -1.933901 -4.817211 37.330419 17.116322 15.000000 39.319487 0.000000 0.000000 30.784296 0.000000 0.000000 -1.013052 -2.505694 -6.799366 31.576447 -11.702002 -15.000000 25.258725 0.000000 0.000000 35.628464 0.000000 0.000000 -3.109834 -2.403556 -3.139792 35.691189 14.528436 120.000000 27.113338 0.000000 0.000000 -15.000000 0.000000 0.000000 -4.610124 -2.491975 -2.359596 0.000000 0.000000 0.000000 0.000000 0.000000 0.000000 0.000000 0.000000 0.000000 0.000000 0.000000 0.000000 0.000000 0.000000 0.000000 0.000000 0.000000 0.000000 0.000000 0.000000 0.000000 0.000000 0.000000 0.000000 
0.000000 89.700000 0.000000 0.000000 0.000000 0.000000 -0.187664 -0.218695 -1.857497 0.197398 -1.226466 0.723131 -0.746711 0.411797 2.764651 0.037771 0.965975 -1.505273 -1.409785 -3.958824 0.325410 0.000000 0.000000 0.000000 -24.016334 -4.532516 -0.218787 -45.506124 -5.043331 18.017659 -9.008531 -34.325266 19.498940 -12.971677 24.369157 -15.317755 -40.156732 22.037398 -15.000000 -31.320245 0.000000 0.000000 -23.679905 0.000000 0.000000 0.022390 -0.001199 4.934506 -30.365410 16.523259 -15.000000 -24.239016 0.000000 0.000000 -35.271681 0.000000 0.000000 2.447046 -0.079831 2.056764 -30.807409 -14.767603 120.000000 -28.204574 0.000000 0.000000 15.000000 0.000000 0.000000 4.260386 -0.094452 1.375350 -32.596414 -4.746271 15.000000 -39.354800 0.000000 0.000000 -26.159985 0.000000 0.000000 -6.917769 0.291382 2.291170 -32.317487 1.464534 5.530583 -30.650151 0.000000 0.000000 -28.311925 0.000000 0.000000 0.441624 -0.014543 2.538997 26.010546 8.956668 0.926789 48.857205 4.324879 18.385898 2.492119 32.120043 5.065492 1.957539 -25.922688 7.572005 39.120295 -7.628740 -0.054820 42.818629 0.000000 0.000000 26.669042 0.000000 0.000000 -7.969741 -5.107087 -8.050663 32.530719 5.610286 14.649333 53.383167 0.000000 0.000000 31.598634 0.000000 0.000000 6.271931 -1.933901 -4.817211 37.955942 17.265098 15.000000 39.587556 0.000000 0.000000 30.709822 0.000000 0.000000 -1.013052 -2.505694 -6.799366 31.427866 -11.450991 -15.000000 25.252205 0.000000 0.000000 35.543797 0.000000 0.000000 -3.109834 -2.403556 -3.139792 35.755802 14.659752 120.000000 27.269162 0.000000 0.000000 -15.000000 0.000000 0.000000 -4.610124 -2.491975 -2.359596 0.000000 0.000000 0.000000 0.000000 0.000000 0.000000 0.000000 0.000000 0.000000 0.000000 0.000000 0.000000 0.000000 0.000000 0.000000 0.000000 0.000000 0.000000 0.000000 0.000000 0.000000 0.000000 0.000000 0.000000 
0.000000 89.700000 0.000000 0.000000 0.000000 0.000000 -0.182887 -0.294459 -1.742307 0.169103 -1.187382 0.683107 -0.750370 0.425848 2.781576 0.074274 0.946526 -1.556955 -1.403702 -4.038601 0.221213 0.000000 0.000000 0.000000 -24.025220 -4.475354 -0.279306 -45.424811 -5.048498 18.053353 -9.028836 -34.556001 19.582884 -13.046014 24.519743 -15.688218 -40.440853 22.250273 -15.000000 -31.385148 0.000000 0.000000 -23.776843 0.000000 0.000000 0.022390 -0.001199 4.934506 -30.477372 16.649623 -15.000000 -24.334330 0.000000 0.000000 -35.342459 0.000000 0.000000 2.447046 -0.079831 2.056764 -30.763290 -14.858093 120.000000 -28.313715 0.000000 0.000000 15.000000 0.000000 0.000000 4.260386 -0.094452 1.375350 -32.751347 -4.733980 15.000000 -39.563404 0.000000 0.000000 -26.295466 0.000000 0.000000 -6.917769 0.291382 2.291170 -32.227924 1.530118 5.683165 -31.098806 0.000000 0.000000 -28.358604 0.000000 0.000000 0.441624 -0.014543 2.538997 26.012138 8.952781 0.863597 48.886721 4.335756 18.374874 2.389024 32.256989 5.151215 2.250560 -26.180371 7.401265 38.631092 -7.628798 -0.108819 43.536906 0.000000 0.000000 26.696870 0.000000 0.000000 -7.969741 -5.107087 -8.050663 32.283636 5.646069 14.585000 53.864286 0.000000 0.000000 31.514564 0.000000 0.000000 6.271931 -1.933901 -4.817211 38.012950 17.596613 15.000000 40.109846 0.000000 0.000000 30.730303 0.000000 0.000000 -1.013052 -2.505694 -6.799366 31.133144 -11.103554 -15.000000 25.302086 0.000000 0.000000 35.526158 0.000000 0.000000 -3.109834 -2.403556 -3.139792 35.753595 14.789807 120.000000 27.330830 0.000000 0.000000 -15.000000 0.000000 0.000000 -4.610124 -2.491975 -2.359596 0.000000 0.000000 0.000000 0.000000 0.000000 0.000000 0.000000 0.000000 0.000000 0.000000 0.000000 0.000000 0.000000 0.000000 0.000000 0.000000 0.000000 0.000000 0.000000 0.000000 0.000000 0.000000 0.000000 0.000000 
0.000000 89.700000 0.000000 0.000000 0.000000 0.000000 -0.172617 -0.384628 -1.621364 0.142156 -1.146225 0.653075 -0.755262 0.439002 2.791318 0.116724 0.908373 -1.610717 -1.399210 -4.140591 0.108905 0.000000 0.000000 0.000000 -24.036597 -4.414208 -0.348120 -45.337114 -5.054612 18.086639 -9.059150 -34.792077 19.679233 -13.093402 24.651922 -16.080096 -40.647037 22.435549 -15.000000 -31.430381 0.000000 0.000000 -23.861288 0.000000 0.000000 0.022390 -0.001199 4.934506 -30.526374 16.779668 -15.000000 -24.459629 0.000000 0.000000 -35.442914 0.000000 0.000000 2.447046 -0.079831 2.056764 -30.728817 -14.857074 120.000000 -28.370884 0.000000 0.000000 15.000000 0.000000 0.000000 4.260386 -0.094452 1.375350 -32.970933 -4.743815 14.999997 -39.786737 0.000000 0.000000 -26.444868 0.000000 0.000000 -6.917769 0.291382 2.291170 -32.166582 1.604048 5.814658 -31.568600 0.000000 0.000000 -28.471788 0.000000 0.000000 0.441624 -0.014543 2.538997 26.010008 8.950928 0.783557 48.922228 4.343443 18.366553 2.275427 32.368183 5.262425 2.586327 -26.480858 7.249551 37.941629 -7.603643 -0.131150 44.365387 0.000000 0.000000 26.779272 0.000000 0.000000 -7.969741 -5.107087 -8.050663 32.169549 5.732972 14.537373 54.362952 0.000000 0.000000 31.424656 0.000000 0.000000 6.271931 -1.933901 -4.817211 38.093300 17.992729 15.000000 40.766749 0.000000 0.000000 30.802903 0.000000 0.000000 -1.013052 -2.505694 -6.799366 30.815561 -10.685596 -15.000000 25.389439 0.000000 0.000000 35.527346 0.000000 0.000000 -3.109834 -2.403556 -3.139792 35.707771 14.925336 120.000000 27.328624 0.000000 0.000000 -15.000000 0.000000 0.000000 -4.610124 -2.491975 -2.359596 0.000000 0.000000 0.000000 0.000000 0.000000 0.000000 0.000000 0.000000 0.000000 0.000000 0.000000 0.000000 0.000000 0.000000 0.000000 0.000000 0.000000 0.000000 0.000000 0.000000 0.000000 0.000000 0.000000 0.000000 
0.000000 89.700000 0.000000 0.000000 0.000000 0.000000 -0.157434 -0.491995 -1.498876 0.118501 -1.103012 0.637525 -0.761928 0.450247 2.792914 0.173055 0.841648 -1.662223 -1.390949 -4.280756 -0.012420 0.000000 0.000000 0.000000 -24.051028 -4.345932 -0.420896 -45.241467 -5.059004 18.117912 -9.102977 -35.046527 19.781455 -13.140319 24.807673 -16.503522 -40.743522 22.570946 -15.000000 -31.464522 0.000000 0.000000 -23.940207 0.000000 0.000000 0.022390 -0.001199 4.934506 -30.277305 16.905931 -14.999999 -24.605271 0.000000 0.000000 -35.583247 0.000000 0.000000 2.447046 -0.079831 2.056764 -30.703195 -14.820933 120.000000 -28.395844 0.000000 0.000000 15.000000 0.000000 0.000000 4.260386 -0.094452 1.375350 -33.092097 -4.784427 14.999958 -39.980198 0.000000 0.000000 -26.580604 0.000000 0.000000 -6.917769 0.291382 2.291170 -31.649779 1.640496 5.947285 -31.980762 0.000000 0.000000 -28.590085 0.000000 0.000000 0.441624 -0.014543 2.538997 26.002078 8.953909 0.687834 48.964922 4.348449 18.363988 2.145541 32.526438 5.362173 2.897031 -26.753492 7.142316 37.497592 -7.538236 -0.120767 45.157400 0.000000 0.000000 26.874559 0.000000 0.000000 -7.969741 -5.107087 -8.050663 32.385519 5.821411 14.486641 54.840991 0.000000 0.000000 31.356400 0.000000 0.000000 6.271931 -1.933901 -4.817211 38.561506 18.317274 14.999993 41.402731 0.000000 0.000000 30.869699 0.000000 0.000000 -1.013052 -2.505694 -6.799366 30.489450 -10.263733 -15.000000 25.504924 0.000000 0.000000 35.529038 0.000000 0.000000 -3.109834 -2.403556 -3.139792 35.669655 15.070254 120.000000 27.314446 0.000000 0.000000 -15.000000 0.000000 0.000000 -4.610124 -2.491975 -2.359596 0.000000 0.000000 0.000000 0.000000 0.000000 0.000000 0.000000 0.000000 0.000000 0.000000 0.000000 0.000000 0.000000 0.000000 0.000000 0.000000 0.000000 0.000000 0.000000 0.000000 0.000000 0.000000 0.000000 0.000000 
0.000000 89.700000 0.000000 0.000000 0.000000 0.000000 -0.140618 -0.625578 -1.378366 0.100336 -1.057639 0.639095 -0.770512 0.458212 2.787318 0.253722 0.734638 -1.703413 -1.369058 -4.479235 -0.142069 0.000000 0.000000 0.000000 -24.066929 -4.263072 -0.488878 -45.133695 -5.056648 18.150506 -9.175605 -35.354436 19.893028 -13.187730 25.047019 -16.972082 -40.888365 22.638555 -15.000000 -31.475286 0.000000 0.000000 -24.017978 0.000000 0.000000 0.022390 -0.001199 4.934506 -30.310180 17.022753 -14.999976 -24.739998 0.000000 0.000000 -35.742332 0.000000 0.000000 2.447046 -0.079831 2.056764 -30.680426 -14.800112 119.999999 -28.372716 0.000000 0.000000 15.000000 0.000000 0.000000 4.260386 -0.094452 1.375350 -33.180553 -4.848063 14.999521 -40.091793 0.000000 0.000000 -26.679623 0.000000 0.000000 -6.917769 0.291382 2.291170 -31.454536 1.627749 6.070516 -32.236503 0.000000 0.000000 -28.655317 0.000000 0.000000 0.441624 -0.014543 2.538997 25.984050 8.964792 0.578210 49.018608 4.353772 18.370550 1.996113 32.704140 5.505242 3.125850 -26.913701 7.094254 37.173005 -7.426251 -0.104701 45.808674 0.000000 0.000000 26.969410 0.000000 0.000000 -7.969741 -5.107087 -8.050663 32.353635 5.863224 14.369004 55.282912 0.000000 0.000000 31.353939 0.000000 0.000000 6.271931 -1.933901 -4.817211 38.562678 18.465549 14.999866 41.882167 0.000000 0.000000 30.885840 0.000000 0.000000 -1.013052 -2.505694 -6.799366 30.272495 -9.942258 -15.000000 25.643097 0.000000 0.000000 35.554559 0.000000 0.000000 -3.109834 -2.403556 -3.139792 35.679366 15.224069 120.000000 27.340809 0.000000 0.000000 -15.000000 0.000000 0.000000 -4.610124 -2.491975 -2.359596 0.000000 0.000000 0.000000 0.000000 0.000000 0.000000 0.000000 0.000000 0.000000 0.000000 0.000000 0.000000 0.000000 0.000000 0.000000 0.000000 0.000000 0.000000 0.000000 0.000000 0.000000 0.000000 0.000000 0.000000 
0.000000 89.700000 0.000000 0.000000 0.000000 0.000000 -0.127979 -0.804832 -1.261851 0.090992 -1.010075 0.659994 -0.780362 0.461360 2.776286 0.370211 0.571073 -1.721290 -1.319923 -4.762423 -0.276929 0.000000 0.000000 0.000000 -24.079991 -4.152283 -0.539008 -45.004941 -5.039718 18.192870 -9.310809 -35.793154 20.040341 -13.223582 25.421063 -17.496974 -41.081519 22.632255 -14.999980 -31.437040 0.000000 0.000000 -24.097634 0.000000 0.000000 0.022390 -0.001199 4.934506 -30.576866 17.137734 -14.999626 -24.851873 0.000000 0.000000 -35.889406 0.000000 0.000000 2.447046 -0.079831 2.056764 -30.658899 -14.819163 119.999975 -28.270712 0.000000 0.000000 14.999996 0.000000 0.000000 4.260386 -0.094452 1.375350 -33.445296 -4.900700 14.995764 -40.085199 0.000000 0.000000 -26.744786 0.000000 0.000000 -6.917769 0.291382 2.291170 -31.801524 1.608076 6.142661 -32.261332 0.000000 0.000000 -28.649604 0.000000 0.000000 0.441624 -0.014543 2.538997 25.951398 8.986467 0.456831 49.087392 4.364615 18.387931 1.854376 32.882290 5.717217 3.273142 -26.924315 7.100372 37.048174 -7.289141 -0.091534 46.234222 0.000000 0.000000 27.078432 0.000000 0.000000 -7.969741 -5.107087 -8.050663 32.219081 5.836968 14.168373 55.638883 0.000000 0.000000 31.451456 0.000000 0.000000 6.271931 -1.933901 -4.817211 38.069680 18.406927 14.998476 42.122410 0.000000 0.000000 30.851367 0.000000 0.000000 -1.013052 -2.505694 -6.799366 30.208158 -9.818036 -15.000000 25.778858 0.000000 0.000000 35.645461 0.000000 0.000000 -3.109834 -2.403556 -3.139792 35.737369 15.370067 120.000000 27.429980 0.000000 0.000000 -15.000000 0.000000 0.000000 -4.610124 -2.491975 -2.359596 0.000000 0.000000 0.000000 0.000000 0.000000 0.000000 0.000000 0.000000 0.000000 0.000000 0.000000 0.000000 0.000000 0.000000 0.000000 0.000000 0.000000 0.000000 0.000000 0.000000 0.000000 0.000000 0.000000 0.000000 
0.000000 89.700000 0.000000 0.000000 0.000000 0.000000 -0.125676 -1.062984 -1.149235 0.095470 -0.959772 0.702036 -0.789311 0.458011 2.761238 0.533562 0.326803 -1.696226 -1.227556 -5.166667 -0.409067 0.000000 0.000000 0.000000 -24.081385 -3.994822 -0.557022 -44.837080 -5.002460 18.258265 -9.561163 -36.508766 20.277641 -13.207592 25.934060 -18.083285 -41.334542 22.602339 -14.999630 -31.324557 0.000000 0.000000 -24.191923 0.000000 0.000000 0.022390 -0.001199 4.934506 -31.055735 17.313594 -14.996159 -24.985506 0.000000 0.000000 -36.001056 0.000000 0.000000 2.447046 -0.079831 2.056764 -30.640373 -14.907517 119.999725 -28.100504 0.000000 0.000000 14.999916 0.000000 0.000000 4.260386 -0.094452 1.375350 -33.930362 -4.849678 14.971192 -39.952426 0.000000 0.000000 -26.820057 0.000000 0.000000 -6.917769 0.291382 2.291170 -32.655708 1.736757 6.054821 -32.042238 0.000000 0.000000 -28.615918 0.000000 0.000000 0.441624 -0.014543 2.538997 25.901707 9.020140 0.327555 49.171963 4.386050 18.414656 1.708238 33.071517 5.975140 3.395075 -26.822877 7.139771 37.242917 -7.173170 -0.061794 46.370600 0.000000 0.000000 27.222475 0.000000 0.000000 -7.969741 -5.107087 -8.050663 32.104051 5.760079 13.962055 55.814364 0.000000 0.000000 31.651906 0.000000 0.000000 6.271931 -1.933901 -4.817211 37.572881 18.190161 14.988217 42.102101 0.000000 0.000000 30.821968 0.000000 0.000000 -1.013052 -2.505694 -6.799366 30.312706 -9.917105 -15.000000 25.862092 0.000000 0.000000 35.818430 0.000000 0.000000 -3.109834 -2.403556 -3.139792 35.802008 15.451628 120.000000 27.539526 0.000000 0.000000 -15.000000 0.000000 0.000000 -4.610124 -2.491975 -2.359596 0.000000 0.000000 0.000000 0.000000 0.000000 0.000000 0.000000 0.000000 0.000000 0.000000 0.000000 0.000000 0.000000 0.000000 0.000000 0.000000 0.000000 0.000000 0.000000 0.000000 0.000000 0.000000 0.000000 0.000000 
0.000000 89.700000 0.000000 0.000000 0.000000 0.000000 -0.138949 -1.448699 -1.038123 0.120277 -0.905153 0.763835 -0.793281 0.446272 2.743989 0.753508 -0.031113 -1.601907 -1.074583 -5.739419 -0.522477 0.000000 0.000000 0.000000 -24.051478 -3.772196 -0.536942 -44.593383 -4.954833 18.359252 -9.986653 -37.733031 20.672333 -13.027665 26.503202 -18.733432 -41.394645 22.659070 -14.995862 -31.110343 0.000000 0.000000 -24.317676 0.000000 0.000000 0.022390 -0.001199 4.934506 -31.254725 17.659197 -14.971939 -25.236911 0.000000 0.000000 -36.022094 0.000000 0.000000 2.447046 -0.079831 2.056764 -30.623871 -15.177896 119.997955 -27.978447 0.000000 0.000000 14.998974 0.000000 0.000000 4.260386 -0.094452 1.375350 -33.926082 -4.500883 14.850002 -39.694574 0.000000 0.000000 -26.952545 0.000000 0.000000 -6.917769 0.291382 2.291170 -32.921478 2.322657 5.601907 -31.623541 0.000000 0.000000 -28.615557 0.000000 0.000000 0.441624 -0.014543 2.538997 25.836019 9.062318 0.197893 49.265939 4.418111 18.446380 1.575705 33.247617 6.301755 3.549275 -26.676559 7.189425 37.197096 -7.128243 -0.020606 46.180030 0.000000 0.000000 27.409524 0.000000 0.000000 -7.969741 -5.107087 -8.050663 31.922124 5.683237 13.858579 55.701877 0.000000 0.000000 31.926511 0.000000 0.000000 6.271931 -1.933901 -4.817211 37.350342 17.864687 14.934668 41.831250 0.000000 0.000000 30.869837 0.000000 0.000000 -1.013052 -2.505694 -6.799366 30.351651 -10.168752 -15.000000 25.826926 0.000000 0.000000 36.040763 0.000000 0.000000 -3.109834 -2.403556 -3.139792 35.812100 15.386032 120.000000 27.567803 0.000000 0.000000 -15.000000 0.000000 0.000000 -4.610124 -2.491975 -2.359596 0.000000 0.000000 0.000000 0.000000 0.000000 0.000000 0.000000 0.000000 0.000000 0.000000 0.000000 0.000000 0.000000 0.000000 0.000000 0.000000 0.000000 0.000000 0.000000 0.000000 0.000000 0.000000 0.000000 0.000000 
0.000000 89.700000 0.000000 0.000000 0.000000 0.000000 -0.174285 -2.023717 -0.924354 0.172795 -0.844386 0.837294 -0.786742 0.424203 2.729518 1.037703 -0.540123 -1.407917 -0.843061 -6.531172 -0.593339 0.000000 0.000000 0.000000 -23.951692 -3.477235 -0.495382 -44.208216 -4.942444 18.497527 -10.633356 -39.767351 21.270231 -12.545172 26.963778 -19.458551 -41.718854 22.869714 -14.968790 -30.764068 0.000000 0.000000 -24.433106 0.000000 0.000000 0.022390 -0.001199 4.934506 -31.625158 18.212052 -14.848471 -25.737106 0.000000 0.000000 -35.776716 0.000000 0.000000 2.447046 -0.079831 2.056764 -30.589897 -15.887683 119.989127 -28.132395 0.000000 0.000000 14.991289 0.000000 0.000000 4.260386 -0.094452 1.375350 -33.899844 -3.557772 14.402491 -39.279871 0.000000 0.000000 -27.089391 0.000000 0.000000 -6.917769 0.291382 2.291170 -33.242754 3.686648 4.581742 -31.058473 0.000000 0.000000 -28.608021 0.000000 0.000000 0.441624 -0.014543 2.538997 25.758548 9.099722 0.080738 49.352967 4.448172 18.479089 1.415766 33.460164 6.713604 3.728274 -26.506846 7.234946 37.145397 -7.211666 -0.052105 45.615697 0.000000 0.000000 27.632791 0.000000 0.000000 -7.969741 -5.107087 -8.050663 31.723527 5.656682 13.907096 55.198464 0.000000 0.000000 32.232103 0.000000 0.000000 6.271931 -1.933901 -4.817211 37.304819 17.313646 14.731768 41.291637 0.000000 0.000000 31.022265 0.000000 0.000000 -1.013052 -2.505694 -6.799366 30.373246 -10.448958 -15.000000 25.602511 0.000000 0.000000 36.249392 0.000000 0.000000 -3.109834 -2.403556 -3.139792 35.727152 15.125338 120.000000 27.427997 0.000000 0.000000 -15.000000 0.000000 0.000000 -4.610124 -2.491975 -2.359596 0.000000 0.000000 0.000000 0.000000 0.000000 0.000000 0.000000 0.000000 0.000000 0.000000 0.000000 0.000000 0.000000 0.000000 0.000000 0.000000 0.000000 0.000000 0.000000 0.000000 0.000000 0.000000 0.000000 0.000000 
0.000000 89.700000 0.000000 0.000000 0.000000 0.000000 -0.242187 -2.852982 -0.805047 0.260038 -0.777591 0.906975 -0.763287 0.389948 2.728233 1.389876 -1.233469 -1.080755 -0.517170 -7.575972 -0.596799 0.000000 0.000000 0.000000 -23.724187 -3.124638 -0.479029 -43.591748 -5.063163 18.654603 -11.511632 -42.931747 22.058417 -11.775315 27.138859 -20.286419 -43.050020 23.122035 -14.832081 -30.317471 0.000000 0.000000 -24.363301 0.000000 0.000000 0.022390 -0.001199 4.934506 -33.192268 18.776591 -14.379774 -26.696914 0.000000 0.000000 -34.950599 0.000000 0.000000 2.447046 -0.079831 2.056764 -30.459603 -17.375159 119.957037 -28.770609 0.000000 0.000000 14.945835 0.000000 0.000000 4.260386 -0.094452 1.375350 -34.159609 -1.713040 13.177860 -38.640557 0.000000 0.000000 -27.022619 0.000000 0.000000 -6.917769 0.291382 2.291170 -33.717446 5.854812 2.984334 -30.353412 0.000000 0.000000 -28.353038 0.000000 0.000000 0.441624 -0.014543 2.538997 25.673384 9.101953 -0.003774 49.406873 4.441979 18.515176 1.210155 33.726159 7.179471 3.846443 -26.268970 7.266594 37.099806 -7.532222 -0.304910 44.610645 0.000000 0.000000 27.877184 0.000000 0.000000 -7.969741 -5.107087 -8.050663 31.881818 5.688159 14.079710 54.214941 0.000000 0.000000 32.532133 0.000000 0.000000 6.271931 -1.933901 -4.817211 37.345263 16.126261 14.168730 40.416998 0.000000 0.000000 31.247981 0.000000 0.000000 -1.013052 -2.505694 -6.799366 30.596514 -10.660950 -15.000000 25.139516 0.000000 0.000000 36.388601 0.000000 0.000000 -3.109834 -2.403556 -3.139792 35.561856 14.694742 120.000000 27.130348 0.000000 0.000000 -15.000000 0.000000 0.000000 -4.610124 -2.491975 -2.359596 0.000000 0.000000 0.000000 0.000000 0.000000 0.000000 0.000000 0.000000 0.000000 0.000000 0.000000 0.000000 0.000000 0.000000 0.000000 0.000000 0.000000 0.000000 0.000000 0.000000 0.000000 0.000000 0.000000 0.000000 
0.000000 89.700000 0.000000 0.000000 0.000000 0.000000 -0.355727 -3.987795 -0.685697 0.387157 -0.709989 0.954440 -0.715968 0.340242 2.753261 1.805741 -2.133931 -0.579163 -0.088107 -8.869350 -0.516831 0.000000 0.000000 0.000000 -23.303822 -2.754861 -0.554724 -42.664265 -5.472272 18.786676 -12.573642 -47.510026 22.940311 -10.966810 26.848947 -21.244181 -44.986281 23.117867 -14.335113 -29.996609 0.000000 0.000000 -23.877313 0.000000 0.000000 0.022390 -0.001199 4.934506 -35.759350 18.867411 -13.042828 -28.488235 0.000000 0.000000 -33.302557 0.000000 0.000000 2.447046 -0.079831 2.056764 -30.058241 -19.865560 119.869183 -29.840799 0.000000 0.000000 14.744323 0.000000 0.000000 4.260386 -0.094452 1.375350 -34.852642 1.115019 10.748097 -37.779416 0.000000 0.000000 -26.530962 0.000000 0.000000 -6.917769 0.291382 2.291170 -33.269605 8.434876 1.028303 -29.500938 0.000000 0.000000 -27.501854 0.000000 0.000000 0.441624 -0.014543 2.538997 25.577084 9.017614 -0.028549 49.399292 4.340443 18.570574 1.124868 34.128389 7.672687 3.791047 -25.899854 7.262739 37.381090 -8.257452 -0.903732 43.165456 0.000000 0.000000 28.124839 0.000000 0.000000 -7.969741 -5.107087 -8.050663 32.156060 5.747744 14.313874 52.737792 0.000000 0.000000 32.807353 0.000000 0.000000 6.271931 -1.933901 -4.817211 37.042309 13.773436 13.031311 39.168230 0.000000 0.000000 31.518424 0.000000 0.000000 -1.013052 -2.505694 -6.799366 30.847220 -10.792363 -15.000000 24.453118 0.000000 0.000000 36.427051 0.000000 0.000000 -3.109834 -2.403556 -3.139792 35.376225 14.149061 120.000000 26.759848 0.000000 0.000000 -15.000000 0.000000 0.000000 -4.610124 -2.491975 -2.359596 0.000000 0.000000 0.000000 0.000000 0.000000 0.000000 0.000000 0.000000 0.000000 0.000000 0.000000 0.000000 0.000000 0.000000 0.000000 0.000000 0.000000 0.000000 0.000000 0.000000 0.000000 0.000000 0.000000 0.000000 
0.000000 89.700000 0.000000 0.000000 0.000000 0.000000 -0.524755 -5.451424 -0.585437 0.557265 -0.655870 0.965406 -0.638637 0.266267 2.812181 2.265449 -3.254089 0.148081 0.442433 -10.356470 -0.352483 0.000000 0.000000 0.000000 -22.632795 -2.433237 -0.789248 -41.407220 -6.373855 18.818199 -13.654155 -53.704723 23.698506 -10.347600 25.780069 -22.301467 -44.715097 22.534534 -13.024931 -30.260749 0.000000 0.000000 -22.937869 0.000000 0.000000 0.022390 -0.001199 4.934506 -35.649759 17.871158 -10.175989 -31.538911 0.000000 0.000000 -31.004431 0.000000 0.000000 2.447046 -0.079831 2.056764 -29.188507 -23.262258 119.676399 -30.851502 0.000000 0.000000 14.061387 0.000000 0.000000 4.260386 -0.094452 1.375350 -35.255100 4.393333 7.426004 -36.942614 0.000000 0.000000 -25.626098 0.000000 0.000000 -6.917769 0.291382 2.291170 -33.130557 10.832614 -0.966382 -28.657481 0.000000 0.000000 -25.904283 0.000000 0.000000 0.441624 -0.014543 2.538997 25.449777 8.787839 0.029752 49.315960 4.076320 18.678581 1.247451 34.480055 8.062943 3.497302 -25.382958 7.177661 37.706479 -9.485718 -1.816006 41.440128 0.000000 0.000000 28.350689 0.000000 0.000000 -7.969741 -5.107087 -8.050663 32.261435 5.825471 14.550498 50.919295 0.000000 0.000000 33.047701 0.000000 0.000000 6.271931 -1.933901 -4.817211 36.994525 10.172834 11.401535 37.647429 0.000000 0.000000 31.894766 0.000000 0.000000 -1.013052 -2.505694 -6.799366 31.320992 -10.918132 -15.000000 23.633383 0.000000 0.000000 36.343693 0.000000 0.000000 -3.109834 -2.403556 -3.139792 35.213762 13.487297 120.000000 26.355931 0.000000 0.000000 -15.000000 0.000000 0.000000 -4.610124 -2.491975 -2.359596 0.000000 0.000000 0.000000 0.000000 0.000000 0.000000 0.000000 0.000000 0.000000 0.000000 0.000000 0.000000 0.000000 0.000000 0.000000 0.000000 0.000000 0.000000 0.000000 0.000000 0.000000 0.000000 0.000000 0.000000 
0.000000 89.700000 0.000000 0.000000 0.000000 0.000000 -0.750149 -7.236724 -0.527475 0.772229 -0.641842 0.932406 -0.528319 0.150924 2.900802 2.724236 -4.588561 1.143123 1.059390 -11.937265 -0.117795 0.000000 0.000000 0.000000 -21.666116 -2.247108 -1.236353 -39.892070 -7.989315 18.633787 -14.280664 -61.546056 23.860080 -9.735313 23.498279 -23.291262 -44.577371 21.204052 -10.529941 -31.499291 0.000000 0.000000 -21.835420 0.000000 0.000000 0.022390 -0.001199 4.934506 -32.708394 15.428410 -5.590618 -35.834134 0.000000 0.000000 -28.686897 0.000000 0.000000 2.447046 -0.079831 2.056764 -27.851440 -26.990512 119.292862 -30.971267 0.000000 0.000000 12.270921 0.000000 0.000000 4.260386 -0.094452 1.375350 -37.049165 6.782201 4.738482 -36.579878 0.000000 0.000000 -24.586341 0.000000 0.000000 -6.917769 0.291382 2.291170 -36.086148 12.334347 -2.490426 -28.243230 0.000000 0.000000 -23.869890 0.000000 0.000000 0.441624 -0.014543 2.538997 25.252307 8.383705 0.165741 49.174286 3.615758 18.882765 1.578181 34.793733 8.313104 3.001135 -24.787591 6.950691 38.375534 -11.072074 -2.771075 39.724857 0.000000 0.000000 28.502936 0.000000 0.000000 -7.969741 -5.107087 -8.050663 32.714104 5.962731 14.746945 49.097391 0.000000 0.000000 33.223495 0.000000 0.000000 6.271931 -1.933901 -4.817211 37.059040 6.112567 9.862899 36.133357 0.000000 0.000000 32.530938 0.000000 0.000000 -1.013052 -2.505694 -6.799366 32.183483 -11.154428 -14.999996 22.799333 0.000000 0.000000 36.100984 0.000000 0.000000 -3.109834 -2.403556 -3.139792 35.051945 12.637811 120.000000 25.849185 0.000000 0.000000 -15.000000 0.000000 0.000000 -4.610124 -2.491975 -2.359596 0.000000 0.000000 0.000000 0.000000 0.000000 0.000000 0.000000 0.000000 0.000000 0.000000 0.000000 0.000000 0.000000 0.000000 0.000000 0.000000 0.000000 0.000000 0.000000 0.000000 0.000000 0.000000 0.000000 0.000000 
0.000000 89.700000 0.000000 0.000000 0.000000 0.000000 -1.023934 -9.313446 -0.514149 1.031305 -0.704636 0.848287 -0.386368 -0.026007 3.007124 3.112517 -6.082798 2.396203 1.726632 -13.492849 0.164414 0.000000 0.000000 0.000000 -20.369763 -2.292258 -1.934785 -38.255164 -10.491283 18.089251 -13.019368 -70.704564 22.107344 -8.387794 19.867744 -23.869210 -45.315652 19.202484 -7.123398 -33.439793 0.000000 0.000000 -20.994499 0.000000 0.000000 0.022390 -0.001199 4.934506 -29.916840 11.869498 -0.216302 -40.363940 0.000000 0.000000 -26.988240 0.000000 0.000000 2.447046 -0.079831 2.056764 -26.378562 -29.997674 118.506061 -29.497713 0.000000 0.000000 8.613858 0.000000 0.000000 4.260386 -0.094452 1.375350 -39.766123 6.794584 4.462126 -36.881497 0.000000 0.000000 -23.712115 0.000000 0.000000 -6.917769 0.291382 2.291170 -41.395596 11.879349 -2.630514 -28.604237 0.000000 0.000000 -22.045797 0.000000 0.000000 0.441624 -0.014543 2.538997 24.936673 7.843340 0.324663 49.029967 2.995343 19.214040 1.878955 35.005121 8.624058 2.417886 -24.249760 6.535355 39.386161 -12.733583 -3.471877 38.315887 0.000000 0.000000 28.494317 0.000000 0.000000 -7.969741 -5.107087 -8.050663 32.795959 6.205356 14.881152 47.658215 0.000000 0.000000 33.251538 0.000000 0.000000 6.271931 -1.933901 -4.817211 36.038069 2.824008 9.166840 34.954180 0.000000 0.000000 33.523396 0.000000 0.000000 -1.013052 -2.505694 -6.799366 32.747292 -11.596650 -14.999933 22.045033 0.000000 0.000000 35.656661 0.000000 0.000000 -3.109834 -2.403556 -3.139792 34.822804 11.549637 120.000000 25.122087 0.000000 0.000000 -15.000000 0.000000 0.000000 -4.610124 -2.491975 -2.359596 0.000000 0.000000 0.000000 0.000000 0.000000 0.000000 0.000000 0.000000 0.000000 0.000000 0.000000 0.000000 0.000000 0.000000 0.000000 0.000000 0.000000 0.000000 0.000000 0.000000 0.000000 0.000000 0.000000 0.000000 
0.000000 89.700000 0.000000 0.000000 0.000000 0.000000 -1.336797 -11.638050 -0.508199 1.327480 -0.879326 0.697477 -0.217646 -0.276628 3.122370 3.359487 -7.607402 3.815794 2.382275 -14.930848 0.473509 0.000000 0.000000 0.000000 -18.722314 -2.640274 -2.906531 -36.622430 -13.927169 17.057780 -3.431239 -80.237824 12.218703 -5.264258 15.328042 -23.588436 -43.934947 16.798304 -3.718122 -34.957307 0.000000 0.000000 -20.656110 0.000000 0.000000 0.022390 -0.001199 4.934506 -29.019153 8.299208 4.251512 -43.375200 0.000000 0.000000 -26.029062 0.000000 0.000000 2.447046 -0.079831 2.056764 -25.164155 -31.278964 116.882261 -26.426547 0.000000 0.000000 2.764455 0.000000 0.000000 4.260386 -0.094452 1.375350 -40.242690 4.084414 6.805789 -37.351301 0.000000 0.000000 -23.107313 0.000000 0.000000 -6.917769 0.291382 2.291170 -43.049755 8.471666 -0.547538 -29.451234 0.000000 0.000000 -20.926720 0.000000 0.000000 0.441624 -0.014543 2.538997 24.466133 7.265860 0.416609 48.964029 2.305997 19.663294 1.985792 35.343710 8.897983 1.852409 -23.908909 5.926306 38.193537 -14.388968 -3.984233 37.394613 0.000000 0.000000 28.209735 0.000000 0.000000 -7.969741 -5.107087 -8.050663 33.110376 6.545757 14.954760 46.801291 0.000000 0.000000 32.985080 0.000000 0.000000 6.271931 -1.933901 -4.817211 35.034629 1.092532 9.588629 34.282427 0.000000 0.000000 34.734885 0.000000 0.000000 -1.013052 -2.505694 -6.799366 33.491995 -12.267196 -14.999235 21.447605 0.000000 0.000000 35.015839 0.000000 0.000000 -3.109834 -2.403556 -3.139792 34.470549 10.284644 120.000000 24.088209 0.000000 0.000000 -14.999995 0.000000 0.000000 -4.610124 -2.491975 -2.359596 0.000000 0.000000 0.000000 0.000000 0.000000 0.000000 0.000000 0.000000 0.000000 0.000000 0.000000 0.000000 0.000000 0.000000 0.000000 0.000000 0.000000 0.000000 0.000000 0.000000 0.000000 0.000000 0.000000 0.000000 
0.000000 89.700000 0.000000 0.000000 0.000000 0.000000 -1.686071 -14.164962 -0.439592 1.647064 -1.182650 0.456753 -0.029027 -0.598092 3.247966 3.428213 -8.988834 5.255767 2.956893 -16.218083 0.794697 0.000000 0.000000 0.000000 -16.725328 -3.302020 -4.150484 -35.027711 -18.186187 15.481477 70.850966 -85.899948 -61.984089 0.264510 10.396738 -22.109166 -51.057059 14.252123 -0.796787 -34.904132 0.000000 0.000000 -20.749442 0.000000 0.000000 0.022390 -0.001199 4.934506 -34.026997 6.022534 6.756723 -43.608023 0.000000 0.000000 -25.381001 0.000000 0.000000 2.447046 -0.079831 2.056764 -24.177671 -30.938427 113.957860 -22.538939 0.000000 0.000000 -4.621902 0.000000 0.000000 4.260386 -0.094452 1.375350 -44.969343 -0.045760 10.156883 -37.189521 0.000000 0.000000 -22.698468 0.000000 0.000000 -6.917769 0.291382 2.291170 -45.894758 2.622873 3.437857 -29.922335 0.000000 0.000000 -20.516300 0.000000 0.000000 0.441624 -0.014543 2.538997 23.830268 6.753804 0.366429 49.050379 1.621932 20.175285 2.070139 35.329125 9.130376 1.330661 -23.875532 5.161169 38.946302 -15.983734 -4.476907 37.014920 0.000000 0.000000 27.523600 0.000000 0.000000 -7.969741 -5.107087 -8.050663 34.471112 6.949011 14.986390 46.466082 0.000000 0.000000 32.265784 0.000000 0.000000 6.271931 -1.933901 -4.817211 35.971906 1.062578 10.770799 34.089754 0.000000 0.000000 35.825807 0.000000 0.000000 -1.013052 -2.505694 -6.799366 34.442276 -13.086988 -14.994114 21.139005 0.000000 0.000000 34.243401 0.000000 0.000000 -3.109834 -2.403556 -3.139792 33.981767 9.018061 120.000000 22.733747 0.000000 0.000000 -14.999903 0.000000 0.000000 -4.610124 -2.491975 -2.359596 0.000000 0.000000 0.000000 0.000000 0.000000 0.000000 0.000000 0.000000 0.000000 0.000000 0.000000 0.000000 0.000000 0.000000 0.000000 0.000000 0.000000 0.000000 0.000000 0.000000 0.000000 0.000000 0.000000 0.000000 
0.000000 89.700000 0.000000 0.000000 0.000000 0.000000 -2.076665 -16.859784 -0.234691 1.975594 -1.604085 0.106996 0.171587 -0.975734 3.392370 3.325400 -10.083675 6.585723 3.409431 -17.360782 1.107990 0.000000 0.000000 0.000000 -14.419059 -4.214754 -5.634946 -33.381122 -23.020045 13.380152 123.924235 -79.791469 -114.558320 7.652841 5.129550 -19.439326 -57.107095 11.848998 2.196029 -33.178061 0.000000 0.000000 -21.017244 0.000000 0.000000 0.022390 -0.001199 4.934506 -36.120273 5.722769 7.753048 -41.303465 0.000000 0.000000 -24.535171 0.000000 0.000000 2.447046 -0.079831 2.056764 -22.912747 -30.577664 109.920288 -18.894998 0.000000 0.000000 -12.154605 0.000000 0.000000 4.260386 -0.094452 1.375350 -48.112011 -3.475025 12.787793 -36.218623 0.000000 0.000000 -22.427160 0.000000 0.000000 -6.917769 0.291382 2.291170 -46.012112 -2.959450 7.658778 -29.444821 0.000000 0.000000 -20.615026 0.000000 0.000000 0.441624 -0.014543 2.538997 23.047849 6.353273 0.158037 49.318501 0.944304 20.673898 1.987914 35.280753 9.494922 0.808998 -24.241118 4.298172 42.809873 -16.861997 -4.401109 37.146054 0.000000 0.000000 26.353305 0.000000 0.000000 -7.969741 -5.107087 -8.050663 36.247726 7.421620 14.996840 46.460192 0.000000 0.000000 31.042189 0.000000 0.000000 6.271931 -1.933901 -4.817211 37.130655 2.692440 12.155375 34.249124 0.000000 0.000000 36.465727 0.000000 0.000000 -1.013052 -2.505694 -6.799366 35.833422 -13.901167 -14.967469 21.323764 0.000000 0.000000 33.398099 0.000000 0.000000 -3.109834 -2.403556 -3.139792 33.374375 7.967015 120.000000 21.156059 0.000000 0.000000 -14.998891 0.000000 0.000000 -4.610124 -2.491975 -2.359596 0.000000 0.000000 0.000000 0.000000 0.000000 0.000000 0.000000 0.000000 0.000000 0.000000 0.000000 0.000000 0.000000 0.000000 0.000000 0.000000 0.000000 0.000000 0.000000 0.000000 0.000000 0.000000 0.000000 0.000000 
0.000000 89.700000 0.000000 0.000000 0.000000 0.000000 -2.514991 -19.706287 0.149222 2.303902 -2.111330 -0.354049 0.374779 -1.390677 3.562847 3.079556 -10.828255 7.739305 3.742713 -18.351940 1.383202 0.000000 0.000000 0.000000 -11.895486 -5.260752 -7.289988 -31.517309 -28.080017 10.821629 130.575313 -72.981672 -120.382791 15.173470 -0.443220 -16.023360 -48.736800 10.272201 5.699611 -30.637191 0.000000 0.000000 -21.224354 0.000000 0.000000 0.022390 -0.001199 4.934506 -27.794843 7.151461 8.471314 -37.906044 0.000000 0.000000 -23.385335 0.000000 0.000000 2.447046 -0.079831 2.056764 -20.925017 -31.942260 106.284716 -16.370546 0.000000 0.000000 -18.745135 0.000000 0.000000 4.260386 -0.094452 1.375350 -41.415739 -4.442323 14.147014 -35.120657 0.000000 0.000000 -22.399694 0.000000 0.000000 -6.917769 0.291382 2.291170 -34.049831 -5.003803 10.338742 -28.342548 0.000000 0.000000 -21.353712 0.000000 0.000000 0.441624 -0.014543 2.538997 22.164133 6.042718 -0.164418 49.738163 0.221612 21.097192 1.968406 35.579554 10.245061 0.230808 -25.074177 3.394506 44.045714 -16.098019 -2.791387 37.536647 0.000000 0.000000 24.713030 0.000000 0.000000 -7.969741 -5.107087 -8.050663 38.146701 8.010942 14.999449 46.488208 0.000000 0.000000 29.461561 0.000000 0.000000 6.271931 -1.933901 -4.817211 38.636476 5.861861 13.356252 34.522634 0.000000 0.000000 36.441375 0.000000 0.000000 -1.013052 -2.505694 -6.799366 36.698343 -14.534181 -14.866519 22.141343 0.000000 0.000000 32.436425 0.000000 0.000000 -3.109834 -2.403556 -3.139792 32.670857 7.296779 120.000000 19.531246 0.000000 0.000000 -14.991416 0.000000 0.000000 -4.610124 -2.491975 -2.359596 0.000000 0.000000 0.000000 0.000000 0.000000 0.000000 0.000000 0.000000 0.000000 0.000000 0.000000 0.000000 0.000000 0.000000 0.000000 0.000000 0.000000 0.000000 0.000000 0.000000 0.000000 0.000000 0.000000 0.000000 
0.000000 89.700000 0.000000 0.000000 0.000000 0.000000 -3.000572 -22.698515 0.705219 2.627451 -2.664960 -0.908269 0.569286 -1.826234 3.762607 2.720889 -11.243579 8.705957 3.982507 -19.156700 1.593166 0.000000 0.000000 0.000000 -9.294523 -6.305540 -9.008112 -29.311141 -32.970991 7.904868 131.133056 -67.521064 -119.946468 20.876121 -5.695530 -12.578880 -38.354591 10.351992 9.008831 -28.125154 0.000000 0.000000 -21.181947 0.000000 0.000000 0.022390 -0.001199 4.934506 -21.935442 9.419711 9.637319 -34.969574 0.000000 0.000000 -22.210322 0.000000 0.000000 2.447046 -0.079831 2.056764 -18.200321 -35.138600 105.316526 -15.534407 0.000000 0.000000 -24.256395 0.000000 0.000000 4.260386 -0.094452 1.375350 -31.638054 -2.352442 14.585795 -34.677075 0.000000 0.000000 -22.708198 0.000000 0.000000 -6.917769 0.291382 2.291170 -26.141163 -2.144597 10.818832 -27.429778 0.000000 0.000000 -23.060858 0.000000 0.000000 0.441624 -0.014543 2.538997 21.243183 5.766904 -0.532835 50.240835 -0.579065 21.417728 1.808387 36.120658 11.130764 -0.423774 -26.393265 2.507490 42.274968 -13.736089 0.286474 37.507287 0.000000 0.000000 22.714688 0.000000 0.000000 -7.969741 -5.107087 -8.050663 39.453782 8.748981 14.999930 46.069481 0.000000 0.000000 27.864566 0.000000 0.000000 6.271931 -1.933901 -4.817211 40.963320 10.083212 14.203074 34.515385 0.000000 0.000000 35.635470 0.000000 0.000000 -1.013052 -2.505694 -6.799366 36.452429 -14.815808 -14.584455 23.467437 0.000000 0.000000 31.208812 0.000000 0.000000 -3.109834 -2.403556 -3.139792 31.879553 7.069944 120.000000 17.966122 0.000000 0.000000 -14.952235 0.000000 0.000000 -4.610124 -2.491975 -2.359596 0.000000 0.000000 0.000000 0.000000 0.000000 0.000000 0.000000 0.000000 0.000000 0.000000 0.000000 0.000000 0.000000 0.000000 0.000000 0.000000 0.000000 0.000000 0.000000 0.000000 0.000000 0.000000 0.000000 0.000000 
0.000000 89.700000 0.000000 0.000000 0.000000 0.000000 -3.521713 -25.824559 1.387773 2.941206 -3.232574 -1.524319 0.745385 -2.272302 3.995495 2.278205 -11.419374 9.498324 4.149465 -19.750128 1.722955 0.000000 0.000000 0.000000 -6.770829 -7.239815 -10.670244 -26.797556 -37.352265 4.780750 130.030564 -63.445064 -117.828310 23.789546 -9.741607 -9.779792 -32.881015 12.160425 11.048950 -25.986499 0.000000 0.000000 -20.693187 0.000000 0.000000 0.022390 -0.001199 4.934506 -19.145852 11.541744 11.137497 -33.258724 0.000000 0.000000 -21.233698 0.000000 0.000000 2.447046 -0.079831 2.056764 -14.968538 -38.699146 107.863048 -16.523625 0.000000 0.000000 -28.966916 0.000000 0.000000 4.260386 -0.094452 1.375350 -25.631274 1.972320 14.606785 -35.075991 0.000000 0.000000 -23.150435 0.000000 0.000000 -6.917769 0.291382 2.291170 -25.168708 4.341963 9.627927 -27.181669 0.000000 0.000000 -25.552908 0.000000 0.000000 0.441624 -0.014543 2.538997 20.348357 5.477823 -0.894917 50.763107 -1.427897 21.643720 1.831985 36.694692 11.939935 -1.147287 -28.122051 1.711825 43.191531 -10.986531 3.478150 36.208402 0.000000 0.000000 20.583907 0.000000 0.000000 -7.969741 -5.107087 -8.050663 42.220265 9.619386 14.999994 44.754687 0.000000 0.000000 26.743257 0.000000 0.000000 6.271931 -1.933901 -4.817211 45.197057 14.570706 14.685926 33.957329 0.000000 0.000000 34.153464 0.000000 0.000000 -1.013052 -2.505694 -6.799366 35.972034 -14.631626 -14.001382 24.898176 0.000000 0.000000 29.657190 0.000000 0.000000 -3.109834 -2.403556 -3.139792 31.001788 7.336734 120.000000 16.443098 0.000000 0.000000 -14.802468 0.000000 0.000000 -4.610124 -2.491975 -2.359596 0.000000 0.000000 0.000000 0.000000 0.000000 0.000000 0.000000 0.000000 0.000000 0.000000 0.000000 0.000000 0.000000 0.000000 0.000000 0.000000 0.000000 0.000000 0.000000 0.000000 0.000000 0.000000 0.000000 0.000000 
0.000000 89.700000 0.000000 0.000000 0.000000 0.000000 -4.061221 -29.052807 2.143133 3.237028 -3.793060 -2.167679 0.899447 -2.724697 4.267582 1.781231 -11.475803 10.135699 4.252748 -20.143038 1.765431 0.000000 0.000000 0.000000 -4.449430 -8.005610 -12.186118 -24.201539 -41.040522 1.672358 128.387768 -60.520922 -115.215310 24.353217 -12.157750 -8.002533 -32.794223 14.914488 11.442929 -24.379582 0.000000 0.000000 -19.716343 0.000000 0.000000 0.022390 -0.001199 4.934506 -21.646343 12.944722 12.561487 -32.492303 0.000000 0.000000 -20.410523 0.000000 0.000000 2.447046 -0.079831 2.056764 -11.525661 -41.340428 112.065402 -18.882908 0.000000 0.000000 -32.737126 0.000000 0.000000 4.260386 -0.094452 1.375350 -23.855412 6.878673 14.544024 -36.061059 0.000000 0.000000 -23.386931 0.000000 0.000000 -6.917769 0.291382 2.291170 -24.234117 11.924100 7.753275 -27.481611 0.000000 0.000000 -27.983145 0.000000 0.000000 0.441624 -0.014543 2.538997 19.522676 5.156583 -1.229720 51.277620 -2.250739 21.805443 1.901721 36.811954 12.642685 -1.970494 -30.035768 1.102372 45.523139 -9.003742 5.641055 33.354470 0.000000 0.000000 18.701201 0.000000 0.000000 -7.969741 -5.107087 -8.050663 45.995830 10.560096 15.000000 42.605339 0.000000 0.000000 26.614377 0.000000 0.000000 6.271931 -1.933901 -4.817211 50.115490 18.682809 14.902284 33.102195 0.000000 0.000000 32.530226 0.000000 0.000000 -1.013052 -2.505694 -6.799366 33.743011 -14.034142 -13.112190 25.975605 0.000000 0.000000 28.024637 0.000000 0.000000 -3.109834 -2.403556 -3.139792 30.050550 8.231806 120.000000 14.950554 0.000000 0.000000 -14.379529 0.000000 0.000000 -4.610124 -2.491975 -2.359596 0.000000 0.000000 0.000000 0.000000 0.000000 0.000000 0.000000 0.000000 0.000000 0.000000 0.000000 0.000000 0.000000 0.000000 0.000000 0.000000 0.000000 0.000000 0.000000 0.000000 0.000000 0.000000 0.000000 0.000000 
0.000000 89.700000 0.000000 0.000000 0.000000 0.000000 -4.605915 -32.316706 2.930045 3.505413 -4.328650 -2.804049 1.031264 -3.176984 4.577335 1.263832 -11.506310 10.638544 4.297904 -20.362576 1.729079 0.000000 0.000000 0.000000 -2.411594 -8.595903 -13.508349 -21.848300 -44.023409 -1.153477 126.722224 -58.451610 -112.619756 23.748458 -13.135157 -7.271192 -34.469356 17.808252 10.480731 -23.540210 0.000000 0.000000 -18.488111 0.000000 0.000000 0.022390 -0.001199 4.934506 -24.074822 13.626131 13.654094 -31.839382 0.000000 0.000000 -19.624486 0.000000 0.000000 2.447046 -0.079831 2.056764 -8.246789 -43.052386 115.047991 -21.777574 0.000000 0.000000 -35.087621 0.000000 0.000000 4.260386 -0.094452 1.375350 -23.965373 10.989916 14.556114 -37.406116 0.000000 0.000000 -23.301625 0.000000 0.000000 -6.917769 0.291382 2.291170 -22.865865 18.662341 5.944335 -27.999652 0.000000 0.000000 -29.528712 0.000000 0.000000 0.441624 -0.014543 2.538997 18.790506 4.812870 -1.536050 51.787696 -2.978188 21.933335 1.852324 36.933258 13.346463 -2.961486 -31.766681 0.761385 49.129318 -7.990765 6.904599 29.613002 0.000000 0.000000 17.484240 0.000000 0.000000 -7.969741 -5.107087 -8.050663 47.107734 11.469980 15.000000 40.276725 0.000000 0.000000 27.672369 0.000000 0.000000 6.271931 -1.933901 -4.817211 48.713438 22.109623 14.976615 32.577157 0.000000 0.000000 31.516865 0.000000 0.000000 -1.013052 -2.505694 -6.799366 30.288939 -13.257349 -12.115894 26.421543 0.000000 0.000000 26.716037 0.000000 0.000000 -3.109834 -2.403556 -3.139792 29.064906 9.813439 120.000000 13.579740 0.000000 0.000000 -13.494626 0.000000 0.000000 -4.610124 -2.491975 -2.359596 0.000000 0.000000 0.000000 0.000000 0.000000 0.000000 0.000000 0.000000 0.000000 0.000000 0.000000 0.000000 0.000000 0.000000 0.000000 0.000000 0.000000 0.000000 0.000000 0.000000 0.000000 0.000000 0.000000 0.000000 
0.000000 89.700000 0.000000 0.000000 0.000000 0.000000 -5.145127 -35.499467 3.716788 3.738495 -4.818594 -3.396148 1.136485 -3.612411 4.904206 0.765498 -11.547955 11.021972 4.292033 -20.428702 1.658049 0.000000 0.000000 0.000000 -0.711910 -9.038069 -14.612997 -20.031617 -46.384453 -3.454194 125.366730 -56.974281 -110.345276 22.928925 -13.153144 -7.364106 -36.345465 20.510609 8.622701 -23.581196 0.000000 0.000000 -17.317007 0.000000 0.000000 0.022390 -0.001199 4.934506 -25.422468 13.882989 14.362235 -30.703639 0.000000 0.000000 -18.849771 0.000000 0.000000 2.447046 -0.079831 2.056764 -5.455488 -44.501955 115.220127 -24.512217 0.000000 0.000000 -35.863737 0.000000 0.000000 4.260386 -0.094452 1.375350 -24.464862 13.863522 14.658367 -39.025916 0.000000 0.000000 -23.023717 0.000000 0.000000 -6.917769 0.291382 2.291170 -21.618856 23.962539 4.481660 -28.540361 0.000000 0.000000 -29.981559 0.000000 0.000000 0.441624 -0.014543 2.538997 18.171513 4.469731 -1.813605 52.299965 -3.579639 22.040377 1.565717 36.923930 14.247985 -4.087199 -32.963585 0.707055 52.509544 -7.514090 8.026907 26.137750 0.000000 0.000000 17.099685 0.000000 0.000000 -7.969741 -5.107087 -8.050663 46.861002 12.218063 15.000000 38.499756 0.000000 0.000000 29.512041 0.000000 0.000000 6.271931 -1.933901 -4.817211 44.032860 24.720354 14.995812 32.760536 0.000000 0.000000 31.462417 0.000000 0.000000 -1.013052 -2.505694 -6.799366 29.479503 -12.545401 -11.292126 26.236787 0.000000 0.000000 25.924540 0.000000 0.000000 -3.109834 -2.403556 -3.139792 28.143676 11.831392 120.000000 12.492447 0.000000 0.000000 -12.129689 0.000000 0.000000 -4.610124 -2.491975 -2.359596 0.000000 0.000000 0.000000 0.000000 0.000000 0.000000 0.000000 0.000000 0.000000 0.000000 0.000000 0.000000 0.000000 0.000000 0.000000 0.000000 0.000000 0.000000 0.000000 0.000000 0.000000 0.000000 0.000000 0.000000 
0.000000 89.700000 0.000000 0.000000 0.000000 0.000000 -5.662425 -38.447969 4.471286 3.931976 -5.246050 -3.906410 1.207017 -4.006490 5.214954 0.323355 -11.605081 11.296513 4.247541 -20.358898 1.622283 0.000000 0.000000 0.000000 0.615154 -9.374420 -15.485479 -18.926562 -48.225301 -5.076664 124.518647 -55.895730 -108.571453 22.255232 -12.654483 -7.958770 -38.359218 22.972074 6.273307 -24.312747 0.000000 0.000000 -16.351882 0.000000 0.000000 0.022390 -0.001199 4.934506 -26.576752 13.965012 14.747422 -29.035640 0.000000 0.000000 -18.100942 0.000000 0.000000 2.447046 -0.079831 2.056764 -3.289045 -46.101697 112.683247 -26.761066 0.000000 0.000000 -35.416524 0.000000 0.000000 4.260386 -0.094452 1.375350 -24.987105 15.769877 14.776779 -40.830401 0.000000 0.000000 -22.713969 0.000000 0.000000 -6.917769 0.291382 2.291170 -20.436523 28.100770 3.343978 -29.065472 0.000000 0.000000 -29.651864 0.000000 0.000000 0.441624 -0.014543 2.538997 17.679340 4.146998 -2.056997 52.807586 -4.065033 22.120201 1.313346 36.431143 14.504170 -5.134677 -33.529992 0.867689 52.179891 -7.207068 9.286387 23.741778 0.000000 0.000000 17.333200 0.000000 0.000000 -7.969741 -5.107087 -8.050663 45.416221 12.697869 15.000000 37.559522 0.000000 0.000000 31.378543 0.000000 0.000000 6.271931 -1.933901 -4.817211 40.224979 26.443292 14.999459 33.478442 0.000000 0.000000 32.056794 0.000000 0.000000 -1.013052 -2.505694 -6.799366 29.979844 -12.011904 -10.770964 25.692428 0.000000 0.000000 25.534164 0.000000 0.000000 -3.109834 -2.403556 -3.139792 27.439295 13.808338 120.000000 11.820689 0.000000 0.000000 -10.597023 0.000000 0.000000 -4.610124 -2.491975 -2.359596 0.000000 0.000000 0.000000 0.000000 0.000000 0.000000 0.000000 0.000000 0.000000 0.000000 0.000000 0.000000 0.000000 0.000000 0.000000 0.000000 0.000000 0.000000 0.000000 0.000000 0.000000 0.000000 0.000000 0.000000 
0.000000 89.700000 0.000000 0.000000 0.000000 0.000000 -6.137861 -41.026742 5.162496 4.084880 -5.606614 -4.310593 1.240229 -4.338114 5.485378 -0.039610 -11.686737 11.477457 4.185813 -20.184301 1.672031 0.000000 0.000000 0.000000 1.571314 -9.643156 -16.130562 -18.560605 -49.636324 -5.993131 124.219773 -55.079997 -107.339645 21.713426 -11.908483 -8.733448 -40.546475 25.113552 3.789314 -25.377175 0.000000 0.000000 -15.601760 0.000000 0.000000 0.022390 -0.001199 4.934506 -27.728293 13.949667 14.918559 -27.107189 0.000000 0.000000 -17.366099 0.000000 0.000000 2.447046 -0.079831 2.056764 -1.761660 -47.837249 108.528559 -28.380345 0.000000 0.000000 -34.224511 0.000000 0.000000 4.260386 -0.094452 1.375350 -25.500350 17.108628 14.829793 -42.652024 0.000000 0.000000 -22.458769 0.000000 0.000000 -6.917769 0.291382 2.291170 -19.282999 31.418883 2.459745 -29.582468 0.000000 0.000000 -28.956972 0.000000 0.000000 0.441624 -0.014543 2.538997 17.307042 3.854828 -2.261560 53.294061 -4.463280 22.159365 0.784138 36.076899 14.479983 -5.867500 -33.664584 1.109788 51.481533 -6.998471 10.368696 22.524275 0.000000 0.000000 17.798934 0.000000 0.000000 -7.969741 -5.107087 -8.050663 44.736811 12.896097 15.000000 37.269382 0.000000 0.000000 32.727303 0.000000 0.000000 6.271931 -1.933901 -4.817211 38.940445 27.309628 14.999953 34.292010 0.000000 0.000000 32.739551 0.000000 0.000000 -1.013052 -2.505694 -6.799366 30.133170 -11.679772 -10.484824 25.168040 0.000000 0.000000 25.353284 0.000000 0.000000 -3.109834 -2.403556 -3.139792 27.058956 15.366618 120.000000 11.563625 0.000000 0.000000 -9.377634 0.000000 0.000000 -4.610124 -2.491975 -2.359596 0.000000 0.000000 0.000000 0.000000 0.000000 0.000000 0.000000 0.000000 0.000000 0.000000 0.000000 0.000000 0.000000 0.000000 0.000000 0.000000 0.000000 0.000000 0.000000 0.000000 0.000000 0.000000 0.000000 0.000000 
0.000000 89.700000 0.000000 0.000000 0.000000 0.000000 -6.554509 -43.163266 5.764632 4.197084 -5.903775 -4.607931 1.243865 -4.597888 5.711378 -0.316171 -11.812566 11.590008 4.134751 -19.952830 1.802459 0.000000 0.000000 0.000000 2.201603 -9.864213 -16.580868 -18.824194 -50.698527 -6.296113 124.369159 -54.433199 -106.566689 21.200790 -11.032235 -9.419612 -42.726414 26.749932 1.517065 -26.438509 0.000000 0.000000 -15.050917 0.000000 0.000000 0.022390 -0.001199 4.934506 -28.800900 13.817404 14.979101 -25.228668 0.000000 0.000000 -16.627060 0.000000 0.000000 2.447046 -0.079831 2.056764 -0.836213 -49.493486 104.191200 -29.295604 0.000000 0.000000 -32.624393 0.000000 0.000000 4.260386 -0.094452 1.375350 -25.929537 18.070337 14.784697 -44.269085 0.000000 0.000000 -22.290496 0.000000 0.000000 -6.917769 0.291382 2.291170 -18.098836 33.939361 1.823779 -30.064119 0.000000 0.000000 -28.199293 0.000000 0.000000 0.441624 -0.014543 2.538997 17.025226 3.596420 -2.427242 53.743717 -4.798088 22.150583 0.225828 36.077529 14.282269 -6.220942 -33.645237 1.301813 51.338076 -6.928077 10.970815 22.120318 0.000000 0.000000 18.229001 0.000000 0.000000 -7.969741 -5.107087 -8.050663 44.694607 12.888694 15.000000 37.294038 0.000000 0.000000 33.476876 0.000000 0.000000 6.271931 -1.933901 -4.817211 38.737496 27.501821 14.999997 34.908242 0.000000 0.000000 33.185521 0.000000 0.000000 -1.013052 -2.505694 -6.799366 30.038581 -11.541095 -10.305281 24.903069 0.000000 0.000000 25.281237 0.000000 0.000000 -3.109834 -2.403556 -3.139792 26.983665 16.428271 120.000000 11.592659 0.000000 0.000000 -8.748357 0.000000 0.000000 -4.610124 -2.491975 -2.359596 0.000000 0.000000 0.000000 0.000000 0.000000 0.000000 0.000000 0.000000 0.000000 0.000000 0.000000 0.000000 0.000000 0.000000 0.000000 0.000000 0.000000 0.000000 0.000000 0.000000 0.000000 0.000000 0.000000 0.000000 
0.000000 89.700000 0.000000 0.000000 0.000000 0.000000 -6.896985 -44.847919 6.255653 4.268329 -6.139009 -4.816531 1.231231 -4.788958 5.898506 -0.508564 -11.994168 11.664444 4.119755 -19.717160 1.961508 0.000000 0.000000 0.000000 2.577463 -10.038854 -16.884369 -19.514289 -51.487068 -6.154494 124.788578 -53.901530 -106.116106 20.635003 -10.091786 -9.830184 -43.696330 27.719072 -0.243606 -27.233098 0.000000 0.000000 -14.672624 0.000000 0.000000 0.022390 -0.001199 4.934506 -29.330362 13.593480 14.995823 -23.640151 0.000000 0.000000 -15.919000 0.000000 0.000000 2.447046 -0.079831 2.056764 -0.398612 -50.720703 100.739428 -29.768952 0.000000 0.000000 -30.925509 0.000000 0.000000 4.260386 -0.094452 1.375350 -25.837435 18.649391 14.675177 -45.457892 0.000000 0.000000 -22.197150 0.000000 0.000000 -6.917769 0.291382 2.291170 -16.625108 35.493411 1.468266 -30.408561 0.000000 0.000000 -27.579299 0.000000 0.000000 0.441624 -0.014543 2.538997 16.799078 3.371267 -2.556562 54.146595 -5.079002 22.097764 -0.275675 36.097702 14.096430 -6.297933 -33.632339 1.366964 51.301744 -6.987206 11.115674 22.118308 0.000000 0.000000 18.553713 0.000000 0.000000 -7.969741 -5.107087 -8.050663 44.749265 12.772899 15.000000 37.406804 0.000000 0.000000 33.827787 0.000000 0.000000 6.271931 -1.933901 -4.817211 38.674847 27.281997 15.000000 35.292514 0.000000 0.000000 33.380803 0.000000 0.000000 -1.013052 -2.505694 -6.799366 29.912606 -11.554989 -10.152211 24.907328 0.000000 0.000000 25.281732 0.000000 0.000000 -3.109834 -2.403556 -3.139792 27.105004 17.137163 120.000000 11.758396 0.000000 0.000000 -8.644082 0.000000 0.000000 -4.610124 -2.491975 -2.359596 0.000000 0.000000 0.000000 0.000000 0.000000 0.000000 0.000000 0.000000 0.000000 0.000000 0.000000 0.000000 0.000000 0.000000 0.000000 0.000000 0.000000 0.000000 0.000000 0.000000 0.000000 0.000000 0.000000 0.000000 
0.000000 89.700000 0.000000 0.000000 0.000000 0.000000 -7.153857 -46.109908 6.621077 4.301886 -6.310798 -4.959858 1.213571 -4.923295 6.047746 -0.624724 -12.222752 11.725884 4.152222 -19.519181 2.092838 0.000000 0.000000 0.000000 2.774383 -10.162820 -17.084136 -20.402394 -52.068816 -5.753884 125.306140 -53.465472 -105.876929 19.957880 -9.187652 -9.875633 -42.435050 28.058365 -1.350617 -27.569841 0.000000 0.000000 -14.382826 0.000000 0.000000 0.022390 -0.001199 4.934506 -29.002716 13.430840 14.999338 -22.489257 0.000000 0.000000 -15.359577 0.000000 0.000000 2.447046 -0.079831 2.056764 -0.257595 -51.033870 98.229393 -30.598704 0.000000 0.000000 -29.577364 0.000000 0.000000 4.260386 -0.094452 1.375350 -25.032221 18.819830 14.586443 -46.072984 0.000000 0.000000 -22.106372 0.000000 0.000000 -6.917769 0.291382 2.291170 -15.116843 36.057182 1.385828 -30.453338 0.000000 0.000000 -27.239424 0.000000 0.000000 0.441624 -0.014543 2.538997 16.606134 3.176114 -2.653011 54.496149 -5.308793 22.015395 -0.501502 35.989326 14.201379 -6.236814 -33.658622 1.294274 51.266189 -7.122946 10.998264 22.264278 0.000000 0.000000 18.806877 0.000000 0.000000 -7.969741 -5.107087 -8.050663 44.805201 12.615173 15.000000 37.524079 0.000000 0.000000 33.995872 0.000000 0.000000 6.271931 -1.933901 -4.817211 38.620707 26.870575 15.000000 35.535975 0.000000 0.000000 33.435060 0.000000 0.000000 -1.013052 -2.505694 -6.799366 29.786132 -11.658397 -9.999825 25.073323 0.000000 0.000000 25.327506 0.000000 0.000000 -3.109834 -2.403556 -3.139792 27.314488 17.673329 120.000000 11.968722 0.000000 0.000000 -8.840328 0.000000 0.000000 -4.610124 -2.491975 -2.359596 0.000000 0.000000 0.000000 0.000000 0.000000 0.000000 0.000000 0.000000 0.000000 0.000000 0.000000 0.000000 0.000000 0.000000 0.000000 0.000000 0.000000 0.000000 0.000000 0.000000 0.000000 0.000000 0.000000 0.000000 
0.000000 89.700000 0.000000 0.000000 0.000000 0.000000 -7.330476 -46.999610 6.866662 4.307711 -6.420719 -5.057040 1.196893 -5.015758 6.154902 -0.677667 -12.473433 11.786537 4.223768 -19.380808 2.173816 0.000000 0.000000 0.000000 2.859058 -10.239901 -17.209423 -21.301086 -52.499273 -5.249085 125.810760 -53.121679 -105.794168 19.139986 -8.447339 -9.562119 -41.994376 28.036402 -1.884708 -27.379349 0.000000 0.000000 -14.073224 0.000000 0.000000 0.022390 -0.001199 4.934506 -29.120578 13.533172 14.999602 -21.842029 0.000000 0.000000 -15.095597 0.000000 0.000000 2.447046 -0.079831 2.056764 -0.220786 -50.069575 95.946261 -32.572164 0.000000 0.000000 -29.004947 0.000000 0.000000 4.260386 -0.094452 1.375350 -24.740661 18.689739 14.594385 -46.112481 0.000000 0.000000 -21.930244 0.000000 0.000000 -6.917769 0.291382 2.291170 -14.959472 35.929491 1.496398 -30.076305 0.000000 0.000000 -27.222114 0.000000 0.000000 0.441624 -0.014543 2.538997 16.440135 3.006930 -2.722021 54.785379 -5.492804 21.925113 -0.601548 35.875641 14.412606 -6.126082 -33.707785 1.114820 51.231411 -7.289504 10.778720 22.451390 0.000000 0.000000 19.030559 0.000000 0.000000 -7.969741 -5.107087 -8.050663 44.862412 12.445615 15.000000 37.633656 0.000000 0.000000 34.103111 0.000000 0.000000 6.271931 -1.933901 -4.817211 38.574968 26.391878 15.000000 35.722723 0.000000 0.000000 33.436236 0.000000 0.000000 -1.013052 -2.505694 -6.799366 29.659156 -11.799450 -9.845188 25.304923 0.000000 0.000000 25.394074 0.000000 0.000000 -3.109834 -2.403556 -3.139792 27.548702 18.150234 120.000000 12.188409 0.000000 0.000000 -9.156128 0.000000 0.000000 -4.610124 -2.491975 -2.359596 0.000000 0.000000 0.000000 0.000000 0.000000 0.000000 0.000000 0.000000 0.000000 0.000000 0.000000 0.000000 0.000000 0.000000 0.000000 0.000000 0.000000 0.000000 0.000000 0.000000 0.000000 0.000000 0.000000 0.000000 
0.000000 89.700000 0.000000 0.000000 0.000000 0.000000 -7.452904 -47.578603 7.021278 4.298633 -6.476106 -5.122764 1.183593 -5.078736 6.219884 -0.683598 -12.718779 11.844510 4.314192 -19.303486 2.214672 0.000000 0.000000 0.000000 2.883275 -10.284390 -17.279685 -22.100511 -52.822661 -4.742549 126.257113 -52.864531 -105.846512 18.208356 -7.946016 -8.966451 -42.306428 27.984546 -2.074701 -26.769321 0.000000 0.000000 -13.711700 0.000000 0.000000 0.022390 -0.001199 4.934506 -29.425674 13.979804 14.997447 -21.736971 0.000000 0.000000 -15.191941 0.000000 0.000000 2.447046 -0.079831 2.056764 -0.176631 -47.958899 93.416082 -35.563034 0.000000 0.000000 -29.254898 0.000000 0.000000 4.260386 -0.094452 1.375350 -24.265298 18.509995 14.698110 -45.700305 0.000000 0.000000 -21.666737 0.000000 0.000000 -6.917769 0.291382 2.291170 -15.005238 35.598886 1.672314 -29.318038 0.000000 0.000000 -27.412167 0.000000 0.000000 0.441624 -0.014543 2.538997 16.302534 2.862321 -2.770744 55.008397 -5.639905 21.848288 -0.696362 35.769502 14.366464 -6.002141 -33.764345 0.870124 51.197412 -7.464867 10.531058 22.647129 0.000000 0.000000 19.245921 0.000000 0.000000 -7.969741 -5.107087 -8.050663 44.920892 12.273852 15.000000 37.739461 0.000000 0.000000 34.195449 0.000000 0.000000 6.271931 -1.933901 -4.817211 38.537523 25.895321 15.000000 35.893396 0.000000 0.000000 33.423261 0.000000 0.000000 -1.013052 -2.505694 -6.799366 29.531676 -11.951635 -9.689369 25.555285 0.000000 0.000000 25.467328 0.000000 0.000000 -3.109834 -2.403556 -3.139792 27.782549 18.614778 120.000000 12.409086 0.000000 0.000000 -9.505839 0.000000 0.000000 -4.610124 -2.491975 -2.359596 0.000000 0.000000 0.000000 0.000000 0.000000 0.000000 0.000000 0.000000 0.000000 0.000000 0.000000 0.000000 0.000000 0.000000 0.000000 0.000000 0.000000 0.000000 0.000000 0.000000 0.000000 0.000000 0.000000 0.000000 
0.000000 89.700000 0.000000 0.000000 0.000000 0.000000 -7.551540 -47.909926 7.120998 4.283478 -6.487654 -5.170912 1.174658 -5.120557 6.252222 -0.658516 -12.941798 11.887866 4.406385 -19.274454 2.231554 0.000000 0.000000 0.000000 2.880310 -10.313647 -17.311266 -22.765407 -53.073774 -4.286136 126.639597 -52.680327 -106.012665 17.259742 -7.662222 -8.196780 -43.542853 28.089515 -2.161132 -26.003215 0.000000 0.000000 -13.360012 0.000000 0.000000 0.022390 -0.001199 4.934506 -30.121439 14.657276 14.985728 -22.201468 0.000000 0.000000 -15.569347 0.000000 0.000000 2.447046 -0.079831 2.056764 -0.110716 -45.319620 90.873246 -38.550737 0.000000 0.000000 -29.959996 0.000000 0.000000 4.260386 -0.094452 1.375350 -24.276993 18.502512 14.829619 -45.032989 0.000000 0.000000 -21.414518 0.000000 0.000000 -6.917769 0.291382 2.291170 -15.495387 35.448494 1.784460 -28.396139 0.000000 0.000000 -27.603574 0.000000 0.000000 0.441624 -0.014543 2.538997 16.192580 2.744131 -2.805602 55.166370 -5.759161 21.798025 -0.697083 35.613935 14.296552 -5.875356 -33.822135 0.592691 51.164193 -7.642111 10.277887 22.844213 0.000000 0.000000 19.459630 0.000000 0.000000 -7.969741 -5.107087 -8.050663 44.980636 12.102104 15.000000 37.844295 0.000000 0.000000 34.285118 0.000000 0.000000 6.271931 -1.933901 -4.817211 38.508267 25.395033 15.000000 36.060827 0.000000 0.000000 33.407588 0.000000 0.000000 -1.013052 -2.505694 -6.799366 29.403693 -12.105937 -9.532951 25.809458 0.000000 0.000000 25.542076 0.000000 0.000000 -3.109834 -2.403556 -3.139792 28.008950 19.080419 120.000000 12.629711 0.000000 0.000000 -9.862414 0.000000 0.000000 -4.610124 -2.491975 -2.359596 0.000000 0.000000 0.000000 0.000000 0.000000 0.000000 0.000000 0.000000 0.000000 0.000000 0.000000 0.000000 0.000000 0.000000 0.000000 0.000000 0.000000 0.000000 0.000000 0.000000 0.000000 0.000000 0.000000 0.000000 
0.000000 89.700000 0.000000 0.000000 0.000000 0.000000 -7.642053 -48.052220 7.192093 4.265169 -6.466483 -5.214190 1.169918 -5.145892 6.266232 -0.616768 -13.142011 11.902538 4.493778 -19.279046 2.228534 0.000000 0.000000 0.000000 2.865350 -10.339433 -17.319584 -23.304721 -53.277854 -3.895905 126.967416 -52.552945 -106.261846 16.425974 -7.525103 -7.357523 -45.900399 28.326200 -2.314914 -25.408989 0.000000 0.000000 -13.096639 0.000000 0.000000 0.022390 -0.001199 4.934506 -31.889897 15.370586 14.940470 -23.184425 0.000000 0.000000 -16.047530 0.000000 0.000000 2.447046 -0.079831 2.056764 -0.052182 -42.831203 88.787586 -40.624405 0.000000 0.000000 -30.685077 0.000000 0.000000 4.260386 -0.094452 1.375350 -24.727155 18.668082 14.927044 -44.370249 0.000000 0.000000 -21.262554 0.000000 0.000000 -6.917769 0.291382 2.291170 -16.445583 35.570376 1.750967 -27.593694 0.000000 0.000000 -27.689005 0.000000 0.000000 0.441624 -0.014543 2.538997 16.105306 2.653803 -2.829682 55.268981 -5.858424 21.776462 -0.662162 35.483857 14.293411 -5.747806 -33.879644 0.301437 51.131755 -7.819740 10.023958 23.041449 0.000000 0.000000 19.673111 0.000000 0.000000 -7.969741 -5.107087 -8.050663 45.041640 11.930747 15.000000 37.948972 0.000000 0.000000 34.374446 0.000000 0.000000 6.271931 -1.933901 -4.817211 38.487101 24.893969 15.000000 36.227802 0.000000 0.000000 33.391553 0.000000 0.000000 -1.013052 -2.505694 -6.799366 29.275202 -12.260260 -9.376068 26.064169 0.000000 0.000000 25.617054 0.000000 0.000000 -3.109834 -2.403556 -3.139792 28.226397 19.549774 120.000000 12.850301 0.000000 0.000000 -10.219960 0.000000 0.000000 -4.610124 -2.491975 -2.359596 0.000000 0.000000 0.000000 0.000000 0.000000 0.000000 0.000000 0.000000 0.000000 0.000000 0.000000 0.000000 0.000000 0.000000 0.000000 0.000000 0.000000 0.000000 0.000000 0.000000 0.000000 0.000000 0.000000 0.000000 
0.000000 89.700000 0.000000 0.000000 0.000000 0.000000 -7.723681 -48.061153 7.249014 4.243867 -6.422809 -5.260144 1.167951 -5.155646 6.271704 -0.572089 -13.331586 11.881263 4.576949 -19.311736 2.201556 0.000000 0.000000 0.000000 2.840807 -10.364508 -17.317461 -23.736009 -53.448053 -3.570302 127.255183 -52.469999 -106.566332 15.813071 -7.498351 -6.531574 -47.922011 28.579181 -2.621137 -25.263979 0.000000 0.000000 -12.979591 0.000000 0.000000 0.022390 -0.001199 4.934506 -32.835536 16.004611 14.810961 -24.539126 0.000000 0.000000 -16.451195 0.000000 0.000000 2.447046 -0.079831 2.056764 -0.018340 -40.864674 87.373636 -41.641143 0.000000 0.000000 -31.225928 0.000000 0.000000 4.260386 -0.094452 1.375350 -25.173015 18.833567 14.976356 -43.992810 0.000000 0.000000 -21.224116 0.000000 0.000000 -6.917769 0.291382 2.291170 -17.308003 35.871104 1.566537 -27.119202 0.000000 0.000000 -27.778000 0.000000 0.000000 0.441624 -0.014543 2.538997 16.036530 2.589033 -2.841844 55.328354 -5.944711 21.777670 -0.541028 35.309932 14.304289 -5.619783 -33.936626 0.005120 51.100098 -7.997533 9.769951 23.238697 0.000000 0.000000 19.886570 0.000000 0.000000 -7.969741 -5.107087 -8.050663 45.103900 11.759832 15.000000 38.053632 0.000000 0.000000 34.463745 0.000000 0.000000 6.271931 -1.933901 -4.817211 38.473926 24.392641 15.000000 36.394734 0.000000 0.000000 33.375486 0.000000 0.000000 -1.013052 -2.505694 -6.799366 29.146204 -12.414275 -9.218737 26.318932 0.000000 0.000000 25.692054 0.000000 0.000000 -3.109834 -2.403556 -3.139792 28.434569 20.023064 120.000000 13.070886 0.000000 0.000000 -10.577598 0.000000 0.000000 -4.610124 -2.491975 -2.359596 0.000000 0.000000 0.000000 0.000000 0.000000 0.000000 0.000000 0.000000 0.000000 0.000000 0.000000 0.000000 0.000000 0.000000 0.000000 0.000000 0.000000 0.000000 0.000000 0.000000 0.000000 0.000000 0.000000 0.000000 
0.000000 89.700000 0.000000 0.000000 0.000000 0.000000 -7.789991 -47.990772 7.300253 4.219565 -6.365469 -5.309168 1.167297 -5.148188 6.270744 -0.536639 -13.523033 11.827048 4.656954 -19.372756 2.151346 0.000000 0.000000 0.000000 2.803427 -10.385634 -17.313045 -24.065748 -53.585579 -3.304029 127.519922 -52.422288 -106.912916 15.462952 -7.594248 -5.778876 -48.612031 28.821228 -3.093181 -25.669610 0.000000 0.000000 -13.051692 0.000000 0.000000 0.022390 -0.001199 4.934506 -33.114201 16.573440 14.535373 -26.105913 0.000000 0.000000 -16.712670 0.000000 0.000000 2.447046 -0.079831 2.056764 -0.004775 -39.418123 86.556109 -41.980952 0.000000 0.000000 -31.622545 0.000000 0.000000 4.260386 -0.094452 1.375350 -25.657786 18.894856 14.994246 -44.061284 0.000000 0.000000 -21.288812 0.000000 0.000000 -6.917769 0.291382 2.291170 -17.689987 36.298049 1.287132 -27.028224 0.000000 0.000000 -28.077842 0.000000 0.000000 0.441624 -0.014543 2.538997 15.986350 2.544626 -2.838345 55.352474 -6.023709 21.792864 -0.407993 35.116167 14.279348 -5.491317 -33.993057 -0.292939 51.069224 -8.175464 9.515928 23.435945 0.000000 0.000000 20.100029 0.000000 0.000000 -7.969741 -5.107087 -8.050663 45.167411 11.589374 15.000000 38.158292 0.000000 0.000000 34.553042 0.000000 0.000000 6.271931 -1.933901 -4.817211 38.468648 23.891188 15.000000 36.561663 0.000000 0.000000 33.359417 0.000000 0.000000 -1.013052 -2.505694 -6.799366 29.016697 -12.567944 -9.060958 26.573697 0.000000 0.000000 25.767056 0.000000 0.000000 -3.109834 -2.403556 -3.139792 28.633318 20.500144 120.000000 13.291471 0.000000 0.000000 -10.935240 0.000000 0.000000 -4.610124 -2.491975 -2.359596 0.000000 0.000000 0.000000 0.000000 0.000000 0.000000 0.000000 0.000000 0.000000 0.000000 0.000000 0.000000 0.000000 0.000000 0.000000 0.000000 0.000000 0.000000 0.000000 0.000000 0.000000 0.000000 0.000000 0.000000 
0.000000 89.700000 0.000000 0.000000 0.000000 0.000000 -7.836393 -47.887525 7.348677 4.192337 -6.301349 -5.356527 1.167570 -5.123210 6.262530 -0.516155 -13.717700 11.748558 4.732358 -19.455607 2.087089 0.000000 0.000000 0.000000 2.749782 -10.399240 -17.309158 -24.292828 -53.686852 -3.093243 127.772212 -52.399412 -107.299610 15.349457 -7.786852 -5.141305 -48.628095 29.147150 -3.715227 -26.484654 0.000000 0.000000 -13.291050 0.000000 0.000000 0.022390 -0.001199 4.934506 -34.627100 17.128098 14.102813 -27.739529 0.000000 0.000000 -16.899425 0.000000 0.000000 2.447046 -0.079831 2.056764 -0.000908 -38.274730 86.138361 -42.055094 0.000000 0.000000 -31.992584 0.000000 0.000000 4.260386 -0.094452 1.375350 -26.806463 18.914501 14.998966 -44.523139 0.000000 0.000000 -21.456419 0.000000 0.000000 -6.917769 0.291382 2.291170 -18.230512 36.841099 0.986732 -27.242968 0.000000 0.000000 -28.637405 0.000000 0.000000 0.441624 -0.014543 2.538997 15.956846 2.515659 -2.816252 55.344573 -6.097828 21.815143 -0.319752 35.052304 14.218956 -5.362413 -34.048931 -0.591695 51.039133 -8.353529 9.261887 23.633193 0.000000 0.000000 20.313487 0.000000 0.000000 -7.969741 -5.107087 -8.050663 45.232169 11.419379 15.000000 38.262952 0.000000 0.000000 34.642339 0.000000 0.000000 6.271931 -1.933901 -4.817211 38.471173 23.389716 15.000000 36.728593 0.000000 0.000000 33.343347 0.000000 0.000000 -1.013052 -2.505694 -6.799366 28.886678 -12.721264 -8.902727 26.828462 0.000000 0.000000 25.842057 0.000000 0.000000 -3.109834 -2.403556 -3.139792 28.822507 20.980835 120.000000 13.512055 0.000000 0.000000 -11.292883 0.000000 0.000000 -4.610124 -2.491975 -2.359596 0.000000 0.000000 0.000000 0.000000 0.000000 0.000000 0.000000 0.000000 0.000000 0.000000 0.000000 0.000000 0.000000 0.000000 0.000000 0.000000 0.000000 0.000000 0.000000 0.000000 0.000000 0.000000 0.000000 0.000000 
0.000000 89.700000 0.000000 0.000000 0.000000 0.000000 -7.862684 -47.783683 7.390996 4.162489 -6.235449 -5.396559 1.169000 -5.084859 6.248472 -0.507069 -13.904378 11.653667 4.801215 -19.545709 2.017978 0.000000 0.000000 0.000000 2.679726 -10.404194 -17.305248 -24.421427 -53.752353 -2.935395 128.007895 -52.388328 -107.722472 15.397125 -7.955800 -4.644985 -48.823697 29.645334 -4.463757 -27.397512 0.000000 0.000000 -13.569808 0.000000 0.000000 0.022390 -0.001199 4.934506 -36.197241 17.662462 13.617540 -29.244194 0.000000 0.000000 -17.132721 0.000000 0.000000 2.447046 -0.079831 2.056764 -0.000123 -37.247200 85.952833 -42.107478 0.000000 0.000000 -32.384534 0.000000 0.000000 4.260386 -0.094452 1.375350 -27.660774 18.986350 14.999867 -45.170958 0.000000 0.000000 -21.697878 0.000000 0.000000 -6.917769 0.291382 2.291170 -18.790168 37.387373 0.723864 -27.627489 0.000000 0.000000 -29.258420 0.000000 0.000000 0.441624 -0.014543 2.538997 15.947701 2.499272 -2.776536 55.307904 -6.165514 21.840676 -0.248050 35.034006 14.080195 -5.233075 -34.104247 -0.890871 51.009828 -8.531725 9.007823 23.830441 0.000000 0.000000 20.526946 0.000000 0.000000 -7.969741 -5.107087 -8.050663 45.298168 11.249859 15.000000 38.367611 0.000000 0.000000 34.731636 0.000000 0.000000 6.271931 -1.933901 -4.817211 38.481414 22.888325 15.000000 36.895522 0.000000 0.000000 33.327278 0.000000 0.000000 -1.013052 -2.505694 -6.799366 28.756146 -12.874233 -8.744045 27.083228 0.000000 0.000000 25.917059 0.000000 0.000000 -3.109834 -2.403556 -3.139792 29.002002 21.464952 119.999999 13.732639 0.000000 0.000000 -11.650526 0.000000 0.000000 -4.610124 -2.491975 -2.359596 0.000000 0.000000 0.000000 0.000000 0.000000 0.000000 0.000000 0.000000 0.000000 0.000000 0.000000 0.000000 0.000000 0.000000 0.000000 0.000000 0.000000 0.000000 0.000000 0.000000 0.000000 0.000000 0.000000 0.000000 
0.000000 89.700000 0.000000 0.000000 0.000000 0.000000 -7.874764 -47.699872 7.425291 4.131319 -6.172439 -5.426344 1.171338 -5.040658 6.231899 -0.500704 -14.067501 11.547784 4.864323 -19.631758 1.946855 0.000000 0.000000 0.000000 2.597731 -10.400114 -17.301734 -24.464412 -53.787522 -2.830043 128.214580 -52.376985 -108.166204 15.516853 -7.979949 -4.298388 -49.699375 30.273516 -5.264500 -28.095873 0.000000 0.000000 -13.734429 0.000000 0.000000 0.022390 -0.001199 4.934506 -36.237378 18.122830 13.273955 -30.357832 0.000000 0.000000 -17.468874 0.000000 0.000000 2.447046 -0.079831 2.056764 -0.000011 -36.331571 85.913468 -42.234049 0.000000 0.000000 -32.742819 0.000000 0.000000 4.260386 -0.094452 1.375350 -27.080238 19.109653 14.999988 -45.758798 0.000000 0.000000 -21.939319 0.000000 0.000000 -6.917769 0.291382 2.291170 -18.960939 37.760432 0.526296 -28.042069 0.000000 0.000000 -29.695127 0.000000 0.000000 0.441624 -0.014543 2.538997 15.954542 2.494092 -2.724823 55.250753 -6.224125 21.865998 -0.091551 35.000178 13.841825 -5.103305 -34.159002 -1.190405 50.981308 -8.710047 8.753732 24.027689 0.000000 0.000000 20.740404 0.000000 0.000000 -7.969741 -5.107087 -8.050663 45.365405 11.080822 15.000000 38.472271 0.000000 0.000000 34.820933 0.000000 0.000000 6.271931 -1.933901 -4.817211 38.499282 22.387116 15.000000 37.062451 0.000000 0.000000 33.311209 0.000000 0.000000 -1.013052 -2.505694 -6.799366 28.625100 -13.026848 -8.584907 27.337993 0.000000 0.000000 25.992060 0.000000 0.000000 -3.109834 -2.403556 -3.139792 29.171664 21.952310 119.999988 13.953224 0.000000 0.000000 -12.008169 0.000000 0.000000 -4.610124 -2.491975 -2.359596 0.000000 0.000000 0.000000 0.000000 0.000000 0.000000 0.000000 0.000000 0.000000 0.000000 0.000000 0.000000 0.000000 0.000000 0.000000 0.000000 0.000000 0.000000 0.000000 0.000000 0.000000 0.000000 0.000000 0.000000 
0.000000 89.700000 0.000000 0.000000 0.000000 0.000000 -7.883086 -47.650587 7.457641 4.101121 -6.118194 -5.446285 1.173299 -4.997953 6.214861 -0.490589 -14.197447 11.435426 4.924167 -19.712830 1.875747 0.000000 0.000000 0.000000 2.510728 -10.385608 -17.302387 -24.435859 -53.797181 -2.779650 128.385926 -52.359249 -108.606265 15.641205 -7.863383 -4.090730 -50.596156 30.869284 -5.970835 -28.399079 0.000000 0.000000 -13.710681 0.000000 0.000000 0.022390 -0.001199 4.934506 -35.581620 18.457399 13.236106 -30.828393 0.000000 0.000000 -17.846258 0.000000 0.000000 2.447046 -0.079831 2.056764 -0.000001 -35.639932 85.969755 -42.422520 0.000000 0.000000 -32.944618 0.000000 0.000000 4.260386 -0.094452 1.375350 -26.234657 19.213206 14.999999 -46.084488 0.000000 0.000000 -22.096839 0.000000 0.000000 -6.917769 0.291382 2.291170 -18.904362 37.890332 0.390533 -28.364593 0.000000 0.000000 -29.879240 0.000000 0.000000 0.441624 -0.014543 2.538997 15.971480 2.498466 -2.669626 55.185820 -6.273731 21.886600 0.100966 34.946300 13.672474 -4.973106 -34.213195 -1.490283 50.953575 -8.888492 8.499608 24.224938 0.000000 0.000000 20.953863 0.000000 0.000000 -7.969741 -5.107087 -8.050663 45.433874 10.912277 15.000000 38.576930 0.000000 0.000000 34.910230 0.000000 0.000000 6.271931 -1.933901 -4.817211 38.524695 21.886187 15.000000 37.229381 0.000000 0.000000 33.295140 0.000000 0.000000 -1.013052 -2.505694 -6.799366 28.493538 -13.179107 -8.425313 27.592758 0.000000 0.000000 26.067062 0.000000 0.000000 -3.109834 -2.403556 -3.139792 29.331354 22.442721 119.999853 14.173808 0.000000 0.000000 -12.365809 0.000000 0.000000 -4.610124 -2.491975 -2.359596 0.000000 0.000000 0.000000 0.000000 0.000000 0.000000 0.000000 0.000000 0.000000 0.000000 0.000000 0.000000 0.000000 0.000000 0.000000 0.000000 0.000000 0.000000 0.000000 0.000000 0.000000 0.000000 0.000000 0.000000 
0.000000 89.700000 0.000000 0.000000 0.000000 0.000000 -7.897196 -47.643477 7.497441 4.073845 -6.078944 -5.458559 1.172604 -4.962243 6.198094 -0.475395 -14.296309 11.320930 4.979735 -19.794991 1.813824 0.000000 0.000000 0.000000 2.424408 -10.359769 -17.311697 -24.347064 -53.783512 -2.785284 128.524968 -52.335641 -109.017644 15.740075 -7.724354 -3.996113 -51.085760 31.269269 -6.440136 -28.285976 0.000000 0.000000 -13.502557 0.000000 0.000000 0.022390 -0.001199 4.934506 -34.747209 18.618587 13.525104 -30.520416 0.000000 0.000000 -18.131019 0.000000 0.000000 2.447046 -0.079831 2.056764 -0.000000 -35.200397 86.072984 -42.581836 0.000000 0.000000 -32.862234 0.000000 0.000000 4.260386 -0.094452 1.375350 -26.301588 19.245499 15.000000 -46.050139 0.000000 0.000000 -22.107021 0.000000 0.000000 -6.917769 0.291382 2.291170 -18.905244 37.844255 0.294990 -28.517001 0.000000 0.000000 -29.909883 0.000000 0.000000 0.441624 -0.014543 2.538997 15.994870 2.509181 -2.619986 55.123825 -6.317507 21.899833 0.184540 34.978785 13.462063 -4.842483 -34.266823 -1.790502 50.926630 -9.067058 8.245446 24.422186 0.000000 0.000000 21.167321 0.000000 0.000000 -7.969741 -5.107087 -8.050663 45.503572 10.744234 15.000000 38.681590 0.000000 0.000000 34.999528 0.000000 0.000000 6.271931 -1.933901 -4.817211 38.557572 21.385636 15.000000 37.396310 0.000000 0.000000 33.279071 0.000000 0.000000 -1.013052 -2.505694 -6.799366 28.361458 -13.331008 -8.265260 27.847524 0.000000 0.000000 26.142064 0.000000 0.000000 -3.109834 -2.403556 -3.139792 29.480928 22.935994 119.998796 14.394393 0.000000 0.000000 -12.723417 0.000000 0.000000 -4.610124 -2.491975 -2.359596 0.000000 0.000000 0.000000 0.000000 0.000000 0.000000 0.000000 0.000000 0.000000 0.000000 0.000000 0.000000 0.000000 0.000000 0.000000 0.000000 0.000000 0.000000 0.000000 0.000000 0.000000 0.000000 0.000000 0.000000 
0.000000 89.700000 0.000000 0.000000 0.000000 0.000000 -7.921994 -47.677724 7.550034 4.050111 -6.058383 -5.466419 1.166913 -4.937861 6.184026 -0.456222 -14.376287 11.210121 5.025075 -19.885678 1.774767 0.000000 0.000000 0.000000 2.342867 -10.323795 -17.331342 -24.212796 -53.749996 -2.839570 128.637141 -52.307861 -109.380678 15.817920 -7.686542 -3.984373 -52.025640 31.404852 -6.622422 -27.860903 0.000000 0.000000 -13.148635 0.000000 0.000000 0.022390 -0.001199 4.934506 -33.653014 18.546117 14.001116 -29.508192 0.000000 0.000000 -18.216107 0.000000 0.000000 2.447046 -0.079831 2.056764 0.000000 -34.869925 86.225461 -42.599452 0.000000 0.000000 -32.446314 0.000000 0.000000 4.260386 -0.094452 1.375350 -26.762577 19.214192 15.000000 -45.704324 0.000000 0.000000 -21.939185 0.000000 0.000000 -6.917769 0.291382 2.291170 -19.285541 37.717974 0.211663 -28.488534 0.000000 0.000000 -29.892042 0.000000 0.000000 0.441624 -0.014543 2.538997 16.022873 2.521890 -2.583905 55.069248 -6.358809 21.907729 0.198029 35.054149 13.199082 -4.711439 -34.319884 -2.091058 50.900475 -9.245739 7.991242 24.619434 0.000000 0.000000 21.380780 0.000000 0.000000 -7.969741 -5.107087 -8.050663 45.574493 10.576702 15.000000 38.786249 0.000000 0.000000 35.088825 0.000000 0.000000 6.271931 -1.933901 -4.817211 38.597833 20.885559 15.000000 37.563239 0.000000 0.000000 33.263002 0.000000 0.000000 -1.013052 -2.505694 -6.799366 28.228859 -13.482549 -8.104747 28.102289 0.000000 0.000000 26.217065 0.000000 0.000000 -3.109834 -2.403556 -3.139792 29.620241 23.431938 119.992810 14.614977 0.000000 0.000000 -13.080784 0.000000 0.000000 -4.610124 -2.491975 -2.359596 0.000000 0.000000 0.000000 0.000000 0.000000 0.000000 0.000000 0.000000 0.000000 0.000000 0.000000 0.000000 0.000000 0.000000 0.000000 0.000000 0.000000 0.000000 0.000000 0.000000 0.000000 0.000000 0.000000 0.000000 
0.000000 89.700000 0.000000 0.000000 0.000000 0.000000 -7.957965 -47.746872 7.616777 4.029773 -6.055970 -5.474651 1.155653 -4.928364 6.177722 -0.433463 -14.451913 11.112567 5.054784 -19.988767 1.766336 0.000000 0.000000 0.000000 2.270938 -10.280167 -17.359551 -24.056564 -53.704925 -2.925440 128.725730 -52.271638 -109.679816 15.904059 -7.797294 -4.033902 -52.766760 31.307835 -6.575254 -27.304326 0.000000 0.000000 -12.716403 0.000000 0.000000 0.022390 -0.001199 4.934506 -32.788197 18.207456 14.459648 -28.087764 0.000000 0.000000 -18.092795 0.000000 0.000000 2.447046 -0.079831 2.056764 0.000000 -34.464476 86.496722 -42.430825 0.000000 0.000000 -31.789319 0.000000 0.000000 4.260386 -0.094452 1.375350 -26.864380 19.156804 15.000000 -45.215438 0.000000 0.000000 -21.606649 0.000000 0.000000 -6.917769 0.291382 2.291170 -19.712063 37.557352 0.106775 -28.316594 0.000000 0.000000 -29.830053 0.000000 0.000000 0.441624 -0.014543 2.538997 16.050879 2.532628 -2.566734 55.023642 -6.398564 21.915178 0.169025 35.186895 12.895692 -4.579976 -34.372376 -2.391950 50.875110 -9.424533 7.736990 24.816682 0.000000 0.000000 21.594238 0.000000 0.000000 -7.969741 -5.107087 -8.050663 45.646634 10.409689 15.000000 38.890909 0.000000 0.000000 35.178122 0.000000 0.000000 6.271931 -1.933901 -4.817211 38.645403 20.386053 14.999995 37.730169 0.000000 0.000000 33.246933 0.000000 0.000000 -1.013052 -2.505694 -6.799366 28.095739 -13.633728 -7.943771 28.357054 0.000000 0.000000 26.292067 0.000000 0.000000 -3.109834 -2.403556 -3.139792 29.749147 23.930359 119.967507 14.835561 0.000000 0.000000 -13.436847 0.000000 0.000000 -4.610124 -2.491975 -2.359596 0.000000 0.000000 0.000000 0.000000 0.000000 0.000000 0.000000 0.000000 0.000000 0.000000 0.000000 0.000000 0.000000 0.000000 0.000000 0.000000 0.000000 0.000000 0.000000 0.000000 0.000000 0.000000 0.000000 0.000000 
0.000000 89.700000 0.000000 0.000000 0.000000 0.000000 -8.002156 -47.840522 7.697690 4.012753 -6.068250 -5.489590 1.141112 -4.935929 6.184306 -0.407485 -14.532419 11.038593 5.069635 -20.100401 1.783192 0.000000 0.000000 0.000000 2.214004 -10.231722 -17.391159 -23.906698 -53.660396 -3.021865 128.792310 -52.215707 -109.899133 16.038341 -8.011619 -4.139578 -52.460104 31.083059 -6.440111 -26.824968 0.000000 0.000000 -12.293705 0.000000 0.000000 0.022390 -0.001199 4.934506 -31.482174 17.671814 14.769559 -26.668856 0.000000 0.000000 -17.840040 0.000000 0.000000 2.447046 -0.079831 2.056764 -0.000000 -33.925176 86.911324 -42.160939 0.000000 0.000000 -31.099353 0.000000 0.000000 4.260386 -0.094452 1.375350 -27.095640 19.109627 15.000000 -44.787645 0.000000 0.000000 -21.172927 0.000000 0.000000 -6.917769 0.291382 2.291170 -20.478790 37.377052 -0.059470 -28.054283 0.000000 0.000000 -29.647035 0.000000 0.000000 0.441624 -0.014543 2.538997 16.069224 2.538766 -2.569119 54.992039 -6.435741 21.925073 0.218971 35.345731 12.604927 -4.448100 -34.424298 -2.693175 50.850536 -9.603437 7.482685 25.013930 0.000000 0.000000 21.807697 0.000000 0.000000 -7.969741 -5.107087 -8.050663 45.719989 10.243205 15.000000 38.995568 0.000000 0.000000 35.267419 0.000000 0.000000 6.271931 -1.933901 -4.817211 38.700208 19.887213 14.999937 37.897098 0.000000 0.000000 33.230864 0.000000 0.000000 -1.013052 -2.505694 -6.799366 27.962097 -13.784541 -7.782330 28.611820 0.000000 0.000000 26.367069 0.000000 0.000000 -3.109834 -2.403556 -3.139792 29.867493 24.431061 119.885846 15.056146 0.000000 0.000000 -13.787718 0.000000 0.000000 -4.610124 -2.491975 -2.359596 0.000000 0.000000 0.000000 0.000000 0.000000 0.000000 0.000000 0.000000 0.000000 0.000000 0.000000 0.000000 0.000000 0.000000 0.000000 0.000000 0.000000 0.000000 0.000000 0.000000 0.000000 0.000000 0.000000 0.000000 
0.000000 89.700000 0.000000 0.000000 0.000000 0.000000 -8.048353 -47.941645 7.789493 3.999191 -6.091472 -5.517507 1.127219 -4.960756 6.205438 -0.381602 -14.620373 10.992767 5.075991 -20.210983 1.808716 0.000000 0.000000 0.000000 2.174974 -10.182017 -17.417143 -23.789532 -53.628520 -3.109392 128.838647 -52.129548 -110.024750 16.243428 -8.240188 -4.311368 -52.182845 30.870352 -6.383847 -26.615586 0.000000 0.000000 -11.946481 0.000000 0.000000 0.022390 -0.001199 4.934506 -30.710491 17.077474 14.923417 -25.620651 0.000000 0.000000 -17.555283 0.000000 0.000000 2.447046 -0.079831 2.056764 0.000000 -33.321178 87.383847 -41.955049 0.000000 0.000000 -30.579702 0.000000 0.000000 4.260386 -0.094452 1.375350 -27.379705 19.109597 15.000000 -44.589486 0.000000 0.000000 -20.727422 0.000000 0.000000 -6.917769 0.291382 2.291170 -21.165685 37.222963 -0.321439 -27.768190 0.000000 0.000000 -29.281973 0.000000 0.000000 0.441624 -0.014543 2.538997 16.066618 2.538816 -2.586434 54.984217 -6.470160 21.935522 0.257413 35.443929 12.494828 -4.315812 -34.475645 -2.994731 50.826756 -9.782447 7.228322 25.211178 0.000000 0.000000 22.021155 0.000000 0.000000 -7.969741 -5.107087 -8.050663 45.794554 10.077259 15.000000 39.100228 0.000000 0.000000 35.356716 0.000000 0.000000 6.271931 -1.933901 -4.817211 38.762177 19.389133 14.999465 38.064028 0.000000 0.000000 33.214795 0.000000 0.000000 -1.013052 -2.505694 -6.799366 27.827931 -13.934988 -7.620422 28.866585 0.000000 0.000000 26.442070 0.000000 0.000000 -3.109834 -2.403556 -3.139792 29.975126 24.933845 119.680939 15.276730 0.000000 0.000000 -14.123147 0.000000 0.000000 -4.610124 -2.491975 -2.359596 0.000000 0.000000 0.000000 0.000000 0.000000 0.000000 0.000000 0.000000 0.000000 0.000000 0.000000 0.000000 0.000000 0.000000 0.000000 0.000000 0.000000 0.000000 0.000000 0.000000 0.000000 0.000000 0.000000 0.000000 
0.000000 89.700000 0.000000 0.000000 0.000000 0.000000 -8.088803 -48.026556 7.883010 3.989887 -6.122998 -5.561804 1.116959 -5.000628 6.237381 -0.362303 -14.713799 10.971879 5.080512 -20.311713 1.824685 0.000000 0.000000 0.000000 2.152440 -10.135080 -17.427230 -23.725029 -53.618563 -3.172593 128.869415 -52.013575 -110.057749 16.493076 -8.429429 -4.563663 -52.848457 30.765130 -6.485912 -26.786670 0.000000 0.000000 -11.682657 0.000000 0.000000 0.022390 -0.001199 4.934506 -31.449279 16.481062 14.980404 -25.137918 0.000000 0.000000 -17.300020 0.000000 0.000000 2.447046 -0.079831 2.056764 -0.000000 -32.736977 87.845221 -41.925689 0.000000 0.000000 -30.294747 0.000000 0.000000 4.260386 -0.094452 1.375350 -27.579226 19.185568 15.000000 -44.701423 0.000000 0.000000 -20.330910 0.000000 0.000000 -6.917769 0.291382 2.291170 -21.609745 37.170743 -0.672145 -27.519941 0.000000 0.000000 -28.761618 0.000000 0.000000 0.441624 -0.014543 2.538997 16.036188 2.531620 -2.611055 55.008315 -6.503885 21.941863 0.227226 35.561403 12.426204 -4.183117 -34.526418 -3.296613 50.803770 -9.961558 6.973897 25.408427 0.000000 0.000000 22.234614 0.000000 0.000000 -7.969741 -5.107087 -8.050663 45.870324 9.911861 15.000000 39.204887 0.000000 0.000000 35.446013 0.000000 0.000000 6.271931 -1.933901 -4.817211 38.831243 18.891906 14.996702 38.230957 0.000000 0.000000 33.198725 0.000000 0.000000 -1.013052 -2.505694 -6.799366 27.693239 -14.085066 -7.458046 29.121350 0.000000 0.000000 26.517072 0.000000 0.000000 -3.109834 -2.403556 -3.139792 30.071890 25.438512 119.273712 15.497315 0.000000 0.000000 -14.424021 0.000000 0.000000 -4.610124 -2.491975 -2.359596 0.000000 0.000000 0.000000 0.000000 0.000000 0.000000 0.000000 0.000000 0.000000 0.000000 0.000000 0.000000 0.000000 0.000000 0.000000 0.000000 0.000000 0.000000 0.000000 0.000000 0.000000 0.000000 0.000000 0.000000 
0.000000 89.700000 0.000000 0.000000 0.000000 0.000000 -8.117392 -48.072994 7.966729 3.986991 -6.160868 -5.621186 1.110861 -5.050920 6.271995 -0.355204 -14.806259 10.968383 5.085376 -20.396566 1.822271 0.000000 0.000000 0.000000 2.141752 -10.093935 -17.416073 -23.720970 -53.635957 -3.203181 128.894238 -51.881932 -110.023687 16.720275 -8.588334 -4.899821 -53.036624 30.766648 -6.689379 -27.293695 0.000000 0.000000 -11.471027 0.000000 0.000000 0.022390 -0.001199 4.934506 -31.491868 15.823126 14.996199 -25.161593 0.000000 0.000000 -17.096540 0.000000 0.000000 2.447046 -0.079831 2.056764 -0.000000 -32.213122 88.351935 -42.065912 0.000000 0.000000 -30.142092 0.000000 0.000000 4.260386 -0.094452 1.375350 -27.904824 19.328847 15.000000 -45.082356 0.000000 0.000000 -19.994517 0.000000 0.000000 -6.917769 0.291382 2.291170 -22.473381 37.243146 -1.029554 -27.317014 0.000000 0.000000 -28.186724 0.000000 0.000000 0.441624 -0.014543 2.538997 15.979308 2.516016 -2.636147 55.062747 -6.539454 21.940686 0.100957 35.625365 12.461516 -4.050019 -34.576614 -3.598821 50.781579 -10.140769 6.719403 25.605675 0.000000 0.000000 22.448072 0.000000 0.000000 -7.969741 -5.107087 -8.050663 45.947296 9.747018 15.000000 39.309547 0.000000 0.000000 35.535310 0.000000 0.000000 6.271931 -1.933901 -4.817211 38.907338 18.395626 14.984549 38.397886 0.000000 0.000000 33.182656 0.000000 0.000000 -1.013052 -2.505694 -6.799366 27.558020 -14.234772 -7.295199 29.376116 0.000000 0.000000 26.592074 0.000000 0.000000 -3.109834 -2.403556 -3.139792 30.157624 25.944858 118.617213 15.717899 0.000000 0.000000 -14.666562 0.000000 0.000000 -4.610124 -2.491975 -2.359596 0.000000 0.000000 0.000000 0.000000 0.000000 0.000000 0.000000 0.000000 0.000000 0.000000 0.000000 0.000000 0.000000 0.000000 0.000000 0.000000 0.000000 0.000000 0.000000 0.000000 0.000000 0.000000 0.000000 0.000000 
0.000000 89.700000 0.000000 0.000000 0.000000 0.000000 -8.131895 -48.069677 8.033481 3.993443 -6.202659 -5.690002 1.107811 -5.105623 6.300377 -0.361713 -14.886401 10.974382 5.088220 -20.458890 1.804851 0.000000 0.000000 0.000000 2.138392 -10.060212 -17.386869 -23.766511 -53.680677 -3.203101 128.924855 -51.755533 -109.962874 16.876158 -8.741749 -5.299796 -51.728773 30.820272 -6.894356 -27.947489 0.000000 0.000000 -11.290678 0.000000 0.000000 0.022390 -0.001199 4.934506 -30.199460 15.078994 14.999454 -25.445098 0.000000 0.000000 -16.940145 0.000000 0.000000 2.447046 -0.079831 2.056764 0.000000 -31.774412 88.984815 -42.308556 0.000000 0.000000 -29.975353 0.000000 0.000000 4.260386 -0.094452 1.375350 -27.587926 19.491454 15.000000 -45.597358 0.000000 0.000000 -19.712233 0.000000 0.000000 -6.917769 0.291382 2.291170 -22.249908 37.387206 -1.287711 -27.124877 0.000000 0.000000 -27.670395 0.000000 0.000000 0.441624 -0.014543 2.538997 15.904844 2.491749 -2.658082 55.134905 -6.578366 21.930921 -0.007414 35.582088 12.536346 -3.916521 -34.626230 -3.901352 50.760185 -10.320075 6.464836 25.802923 0.000000 0.000000 22.661531 0.000000 0.000000 -7.969741 -5.107087 -8.050663 46.025463 9.582741 15.000000 39.414206 0.000000 0.000000 35.624608 0.000000 0.000000 6.271931 -1.933901 -4.817211 38.990399 17.900385 14.943526 38.564816 0.000000 0.000000 33.166587 0.000000 0.000000 -1.013052 -2.505694 -6.799366 27.422272 -14.384104 -7.131879 29.630881 0.000000 0.000000 26.667075 0.000000 0.000000 -3.109834 -2.403556 -3.139792 30.232167 26.452678 117.729781 15.938483 0.000000 0.000000 -14.834849 0.000000 0.000000 -4.610124 -2.491975 -2.359596 0.000000 0.000000 0.000000 0.000000 0.000000 0.000000 0.000000 0.000000 0.000000 0.000000 0.000000 0.000000 0.000000 0.000000 0.000000 0.000000 0.000000 0.000000 0.000000 0.000000 0.000000 0.000000 0.000000 0.000000 
0.000000 89.700000 0.000000 0.000000 0.000000 0.000000 -8.134209 -48.017002 8.082854 4.011053 -6.244928 -5.760175 1.107459 -5.158621 6.316745 -0.381295 -14.940294 10.983776 5.086576 -20.489110 1.779591 0.000000 0.000000 0.000000 2.141991 -10.035549 -17.348375 -23.835900 -53.745881 -3.181536 128.967346 -51.652155 -109.906448 16.974330 -8.888435 -5.719179 -50.641983 30.866880 -7.048646 -28.531549 0.000000 0.000000 -11.143658 0.000000 0.000000 0.022390 -0.001199 4.934506 -29.830957 14.330896 14.999944 -25.766163 0.000000 0.000000 -16.798784 0.000000 0.000000 2.447046 -0.079831 2.056764 0.000000 -31.450973 89.693126 -42.591555 0.000000 0.000000 -29.748230 0.000000 0.000000 4.260386 -0.094452 1.375350 -26.531544 19.619029 15.000000 -46.091405 0.000000 0.000000 -19.484333 0.000000 0.000000 -6.917769 0.291382 2.291170 -21.573119 37.561051 -1.430587 -26.950758 0.000000 0.000000 -27.283719 0.000000 0.000000 0.441624 -0.014543 2.538997 15.824991 2.460295 -2.675916 55.208125 -6.622090 21.911128 -0.062267 35.493374 12.646267 -3.782626 -34.675265 -4.204202 50.739589 -10.499473 6.210191 26.000171 0.000000 0.000000 22.874989 0.000000 0.000000 -7.969741 -5.107087 -8.050663 46.104823 9.419038 15.000000 39.518866 0.000000 0.000000 35.713905 0.000000 0.000000 6.271931 -1.933901 -4.817211 39.080363 17.406274 14.835347 38.731745 0.000000 0.000000 33.150518 0.000000 0.000000 -1.013052 -2.505694 -6.799366 27.285994 -14.533060 -6.968084 29.885646 0.000000 0.000000 26.742077 0.000000 0.000000 -3.109834 -2.403556 -3.139792 30.295350 26.961763 116.680285 16.159068 0.000000 0.000000 -14.931842 0.000000 0.000000 -4.610124 -2.491975 -2.359596 0.000000 0.000000 0.000000 0.000000 0.000000 0.000000 0.000000 0.000000 0.000000 0.000000 0.000000 0.000000 0.000000 0.000000 0.000000 0.000000 0.000000 0.000000 0.000000 0.000000 0.000000 0.000000 0.000000 0.000000 
0.000000 89.700000 0.000000 0.000000 0.000000 0.000000 -8.127213 -47.917706 8.117641 4.039167 -6.283858 -5.824329 1.111645 -5.205026 6.320041 -0.415959 -14.955175 10.991724 5.081085 -20.476633 1.748286 0.000000 0.000000 0.000000 2.156948 -10.022605 -17.308449 -23.905889 -53.821663 -3.146272 129.015996 -51.580464 -109.859155 17.074335 -9.003214 -6.103174 -50.355629 30.853144 -7.136884 -28.915685 0.000000 0.000000 -11.039309 0.000000 0.000000 0.022390 -0.001199 4.934506 -29.707522 13.687083 14.999996 -26.067278 0.000000 0.000000 -16.633944 0.000000 0.000000 2.447046 -0.079831 2.056764 -0.000000 -31.248905 90.291283 -42.854892 0.000000 0.000000 -29.531354 0.000000 0.000000 4.260386 -0.094452 1.375350 -26.339610 19.683878 15.000000 -46.448781 0.000000 0.000000 -19.318306 0.000000 0.000000 -6.917769 0.291382 2.291170 -21.316275 37.773605 -1.552846 -26.862698 0.000000 0.000000 -27.030149 0.000000 0.000000 0.441624 -0.014543 2.538997 15.751283 2.423216 -2.689087 55.269673 -6.673232 21.876902 -0.115099 35.387520 12.729658 -3.648339 -34.723717 -4.507369 50.719792 -10.678959 5.955462 26.197419 0.000000 0.000000 23.088448 0.000000 0.000000 -7.969741 -5.107087 -8.050663 46.185369 9.255918 15.000000 39.623525 0.000000 0.000000 35.803202 0.000000 0.000000 6.271931 -1.933901 -4.817211 39.177172 16.913385 14.608720 38.898675 0.000000 0.000000 33.134449 0.000000 0.000000 -1.013052 -2.505694 -6.799366 27.149184 -14.681638 -6.803813 30.140412 0.000000 0.000000 26.817079 0.000000 0.000000 -3.109834 -2.403556 -3.139792 30.347006 27.471903 115.543200 16.379652 0.000000 0.000000 -14.977090 0.000000 0.000000 -4.610124 -2.491975 -2.359596 0.000000 0.000000 0.000000 0.000000 0.000000 0.000000 0.000000 0.000000 0.000000 0.000000 0.000000 0.000000 0.000000 0.000000 0.000000 0.000000 0.000000 0.000000 0.000000 0.000000 0.000000 0.000000 0.000000 0.000000 
0.000000 89.700000 0.000000 0.000000 0.000000 0.000000 -8.109599 -47.765791 8.137676 4.075738 -6.316720 -5.878843 1.123096 -5.243041 6.312431 -0.469504 -14.921609 10.992026 5.072840 -20.414294 1.708854 0.000000 0.000000 0.000000 2.187318 -10.024823 -17.268919 -23.972660 -53.902377 -3.097594 129.054472 -51.539848 -109.802045 17.233037 -9.063566 -6.410225 -49.685048 30.777077 -7.171867 -29.077115 0.000000 0.000000 -10.989914 0.000000 0.000000 0.022390 -0.001199 4.934506 -29.781837 13.254151 15.000000 -26.383665 0.000000 0.000000 -16.445501 0.000000 0.000000 2.447046 -0.079831 2.056764 0.000000 -31.123607 90.596647 -43.044840 0.000000 0.000000 -29.427576 0.000000 0.000000 4.260386 -0.094452 1.375350 -26.378059 19.698308 15.000000 -46.625428 0.000000 0.000000 -19.226420 0.000000 0.000000 -6.917769 0.291382 2.291170 -20.745387 38.026458 -1.765031 -26.906788 0.000000 0.000000 -26.868605 0.000000 0.000000 0.441624 -0.014543 2.538997 15.693128 2.378839 -2.696308 55.313058 -6.734930 21.822642 -0.200589 35.233204 12.662683 -3.513664 -34.771584 -4.810850 50.700797 -10.858529 5.700645 26.394667 0.000000 0.000000 23.301906 0.000000 0.000000 -7.969741 -5.107087 -8.050663 46.267097 9.093390 15.000000 39.728185 0.000000 0.000000 35.892499 0.000000 0.000000 6.271931 -1.933901 -4.817211 39.280767 16.421808 14.223816 39.065604 0.000000 0.000000 33.118380 0.000000 0.000000 -1.013052 -2.505694 -6.799366 27.011840 -14.829835 -6.639063 30.395177 0.000000 0.000000 26.892080 0.000000 0.000000 -3.109834 -2.403556 -3.139792 30.386960 27.982884 114.368038 16.600236 0.000000 0.000000 -14.993857 0.000000 0.000000 -4.610124 -2.491975 -2.359596 0.000000 0.000000 0.000000 0.000000 0.000000 0.000000 0.000000 0.000000 0.000000 0.000000 0.000000 0.000000 0.000000 0.000000 0.000000 0.000000 0.000000 0.000000 0.000000 0.000000 0.000000 0.000000 0.000000 0.000000 
0.000000 89.700000 0.000000 0.000000 0.000000 0.000000 -8.074071 -47.544084 8.136276 4.119635 -6.342928 -5.924573 1.142941 -5.275291 6.296393 -0.541318 -14.833589 10.976146 5.057636 -20.300682 1.664170 0.000000 0.000000 0.000000 2.230679 -10.045703 -17.224641 -24.049675 -53.989230 -3.031637 129.063039 -51.524558 -109.709175 17.459307 -9.080315 -6.632798 -49.964651 30.724567 -7.214346 -29.069755 0.000000 0.000000 -10.996007 0.000000 0.000000 0.022390 -0.001199 4.934506 -29.808277 13.136515 15.000000 -26.719926 0.000000 0.000000 -16.279107 0.000000 0.000000 2.447046 -0.079831 2.056764 0.000000 -31.009857 90.561069 -43.152319 0.000000 0.000000 -29.475293 0.000000 0.000000 4.260386 -0.094452 1.375350 -26.942327 19.698612 15.000000 -46.658552 0.000000 0.000000 -19.199324 0.000000 0.000000 -6.917769 0.291382 2.291170 -21.124400 38.288438 -2.102939 -27.052454 0.000000 0.000000 -26.760661 0.000000 0.000000 0.441624 -0.014543 2.538997 15.657535 2.320957 -2.696806 55.336137 -6.809733 21.746711 -0.350702 35.107468 12.566706 -3.378604 -34.818864 -5.114637 50.682604 -11.038181 5.445734 26.591916 0.000000 0.000000 23.515365 0.000000 0.000000 -7.969741 -5.107087 -8.050663 46.350004 8.931463 15.000000 39.832844 0.000000 0.000000 35.981796 0.000000 0.000000 6.271931 -1.933901 -4.817211 39.391094 15.931634 13.678996 39.232533 0.000000 0.000000 33.102311 0.000000 0.000000 -1.013052 -2.505694 -6.799366 26.873962 -14.977649 -6.473832 30.649943 0.000000 0.000000 26.967082 0.000000 0.000000 -3.109834 -2.403556 -3.139792 30.415037 28.494490 113.177573 16.820821 0.000000 0.000000 -14.998714 0.000000 0.000000 -4.610124 -2.491975 -2.359596 0.000000 0.000000 0.000000 0.000000 0.000000 0.000000 0.000000 0.000000 0.000000 0.000000 0.000000 0.000000 0.000000 0.000000 0.000000 0.000000 0.000000 0.000000 0.000000 0.000000 0.000000 0.000000 0.000000 0.000000 
0.000000 89.700000 0.000000 0.000000 0.000000 0.000000 -8.011837 -47.233520 8.103459 4.170920 -6.364456 -5.965409 1.170115 -5.307647 6.274126 -0.623223 -14.686282 10.936604 5.025721 -20.135663 1.624237 0.000000 0.000000 0.000000 2.278060 -10.086851 -17.168115 -24.147464 -54.084995 -2.950621 129.025545 -51.528442 -109.561607 17.701781 -9.107693 -6.803412 -50.999983 30.800616 -7.324906 -28.995252 0.000000 0.000000 -11.016602 0.000000 0.000000 0.022390 -0.001199 4.934506 -30.414730 13.324135 15.000000 -27.050800 0.000000 0.000000 -16.181359 0.000000 0.000000 2.447046 -0.079831 2.056764 0.000000 -30.873392 90.276983 -43.208109 0.000000 0.000000 -29.600653 0.000000 0.000000 4.260386 -0.094452 1.375350 -27.996620 19.722773 15.000000 -46.632664 0.000000 0.000000 -19.181017 0.000000 0.000000 -6.917769 0.291382 2.291170 -22.869063 38.560136 -2.506172 -27.226519 0.000000 0.000000 -26.689040 0.000000 0.000000 0.441624 -0.014543 2.538997 15.647666 2.241338 -2.691886 55.340442 -6.899702 21.653038 -0.519453 34.983235 12.480691 -3.243164 -34.865555 -5.418705 50.665214 -11.217911 5.190723 26.789164 0.000000 0.000000 23.728823 0.000000 0.000000 -7.969741 -5.107087 -8.050663 46.434083 8.770146 15.000000 39.937504 0.000000 0.000000 36.071093 0.000000 0.000000 6.271931 -1.933901 -4.817211 39.508098 15.442953 13.012147 39.399463 0.000000 0.000000 33.086242 0.000000 0.000000 -1.013052 -2.505694 -6.799366 26.735547 -15.125077 -6.308120 30.904708 0.000000 0.000000 27.042084 0.000000 0.000000 -3.109834 -2.403556 -3.139792 30.431056 29.006501 111.979248 17.041405 0.000000 0.000000 -14.999795 0.000000 0.000000 -4.610124 -2.491975 -2.359596 0.000000 0.000000 0.000000 0.000000 0.000000 0.000000 0.000000 0.000000 0.000000 0.000000 0.000000 0.000000 0.000000 0.000000 0.000000 0.000000 0.000000 0.000000 0.000000 0.000000 0.000000 0.000000 0.000000 0.000000 
0.000000 89.700000 0.000000 0.000000 0.000000 0.000000 -7.917998 -46.824589 8.032451 4.228416 -6.385417 -6.006326 1.203156 -5.345253 6.250194 -0.705135 -14.471381 10.872378 4.968679 -19.911076 1.598055 0.000000 0.000000 0.000000 2.320471 -10.144081 -17.097106 -24.260919 -54.187142 -2.868450 128.929252 -51.547453 -109.348316 17.898655 -9.209903 -6.983487 -52.441716 31.032192 -7.498630 -28.942622 0.000000 0.000000 -10.995675 0.000000 0.000000 0.022390 -0.001199 4.934506 -30.678615 13.674776 14.999998 -27.355833 0.000000 0.000000 -16.173050 0.000000 0.000000 2.447046 -0.079831 2.056764 -0.000000 -30.722125 89.883043 -43.229899 0.000000 0.000000 -29.699418 0.000000 0.000000 4.260386 -0.094452 1.375350 -28.566898 19.794161 15.000000 -46.603658 0.000000 0.000000 -19.116486 0.000000 0.000000 -6.917769 0.291382 2.291170 -24.047699 38.892452 -2.879607 -27.358527 0.000000 0.000000 -26.648829 0.000000 0.000000 0.441624 -0.014543 2.538997 15.661478 2.133459 -2.684233 55.331566 -7.007508 21.546122 -0.671356 34.620434 12.336359 -3.107346 -34.911654 -5.722928 50.648630 -11.397714 4.935608 26.986412 0.000000 0.000000 23.942282 0.000000 0.000000 -7.969741 -5.107087 -8.050663 46.519331 8.609448 15.000000 40.042164 0.000000 0.000000 36.160391 0.000000 0.000000 6.271931 -1.933901 -4.817211 39.631729 14.955853 12.275014 39.566392 0.000000 0.000000 33.070172 0.000000 0.000000 -1.013052 -2.505694 -6.799366 26.596594 -15.272118 -6.141922 31.159473 0.000000 0.000000 27.117085 0.000000 0.000000 -3.109834 -2.403556 -3.139792 30.434834 29.518693 110.774678 17.261990 0.000000 0.000000 -14.999976 0.000000 0.000000 -4.610124 -2.491975 -2.359596 0.000000 0.000000 0.000000 0.000000 0.000000 0.000000 0.000000 0.000000 0.000000 0.000000 0.000000 0.000000 0.000000 0.000000 0.000000 0.000000 0.000000 0.000000 0.000000 0.000000 0.000000 0.000000 0.000000 0.000000 
0.000000 89.700000 0.000000 0.000000 0.000000 0.000000 -7.790404 -46.317299 7.921073 4.287556 -6.408934 -6.051209 1.241646 -5.388507 6.232868 -0.783195 -14.174548 10.790768 4.882965 -19.605606 1.588253 0.000000 0.000000 0.000000 2.353780 -10.204272 -17.018742 -24.381106 -54.285478 -2.805538 128.756082 -51.581396 -109.059132 18.045685 -9.417475 -7.245168 -52.069349 31.364741 -7.698692 -28.907766 0.000000 0.000000 -10.944074 0.000000 0.000000 0.022390 -0.001199 4.934506 -28.851324 14.121757 14.999959 -27.577448 0.000000 0.000000 -16.271809 0.000000 0.000000 2.447046 -0.079831 2.056764 0.000000 -30.578558 89.481706 -43.193380 0.000000 0.000000 -29.785472 0.000000 0.000000 4.260386 -0.094452 1.375350 -28.047522 19.893187 15.000000 -46.558934 0.000000 0.000000 -19.034081 0.000000 0.000000 -6.917769 0.291382 2.291170 -23.466136 39.287944 -3.195336 -27.394607 0.000000 0.000000 -26.650312 0.000000 0.000000 0.441624 -0.014543 2.538997 15.694624 1.994622 -2.675196 55.316048 -7.135299 21.427163 -0.904152 34.278369 12.138943 -2.971157 -34.957161 -6.026782 50.632853 -11.577589 4.680384 27.183660 0.000000 0.000000 24.155740 0.000000 0.000000 -7.969741 -5.107087 -8.050663 46.605743 8.449378 15.000000 40.146823 0.000000 0.000000 36.249688 0.000000 0.000000 6.271931 -1.933901 -4.817211 39.761935 14.470425 11.507447 39.733321 0.000000 0.000000 33.054103 0.000000 0.000000 -1.013052 -2.505694 -6.799366 26.457101 -15.418768 -5.975238 31.414238 0.000000 0.000000 27.192087 0.000000 0.000000 -3.109834 -2.403556 -3.139792 30.426186 30.030841 109.563917 17.482574 0.000000 0.000000 -14.999998 0.000000 0.000000 -4.610124 -2.491975 -2.359596 0.000000 0.000000 0.000000 0.000000 0.000000 0.000000 0.000000 0.000000 0.000000 0.000000 0.000000 0.000000 0.000000 0.000000 0.000000 0.000000 0.000000 0.000000 0.000000 0.000000 0.000000 0.000000 0.000000 0.000000 
0.000000 89.700000 0.000000 0.000000 0.000000 0.000000 -7.624013 -45.710516 7.767649 4.341036 -6.432568 -6.100453 1.284984 -5.432266 6.230569 -0.859825 -13.777368 10.701588 4.764275 -19.187862 1.595950 0.000000 0.000000 0.000000 2.372900 -10.247380 -16.945479 -24.514368 -54.361450 -2.779872 128.474117 -51.635872 -108.680495 18.187234 -9.729829 -7.661248 -52.982514 31.720575 -7.909234 -28.790997 0.000000 0.000000 -10.939683 0.000000 0.000000 0.022390 -0.001199 4.934506 -29.609040 14.746236 14.999547 -27.624281 0.000000 0.000000 -16.501710 0.000000 0.000000 2.447046 -0.079831 2.056764 -0.000000 -30.461574 89.131247 -43.059892 0.000000 0.000000 -29.967574 0.000000 0.000000 4.260386 -0.094452 1.375350 -28.534169 19.949147 15.000000 -46.463632 0.000000 0.000000 -19.026923 0.000000 0.000000 -6.917769 0.291382 2.291170 -23.534141 39.644681 -3.503656 -27.315406 0.000000 0.000000 -26.718319 0.000000 0.000000 0.441624 -0.014543 2.538997 15.748413 1.827729 -2.664218 55.294727 -7.279042 21.298357 -1.195168 33.949646 11.869512 -2.834606 -35.002077 -6.328482 50.617884 -11.757529 4.425053 27.380902 0.000000 0.000000 24.369192 0.000000 0.000000 -7.969741 -5.107087 -8.050663 46.693313 8.289945 15.000000 40.251477 0.000000 0.000000 36.338982 0.000000 0.000000 6.271931 -1.933901 -4.817211 39.898669 13.986759 10.730156 39.900241 0.000000 0.000000 33.038031 0.000000 0.000000 -1.013052 -2.505694 -6.799366 26.317067 -15.565027 -5.808068 31.668997 0.000000 0.000000 27.267081 0.000000 0.000000 -3.109834 -2.403556 -3.139792 30.404914 30.542705 108.346712 17.703157 0.000000 0.000000 -15.000000 0.000000 0.000000 -4.610124 -2.491975 -2.359596 0.000000 0.000000 0.000000 0.000000 0.000000 0.000000 0.000000 0.000000 0.000000 0.000000 0.000000 0.000000 0.000000 0.000000 0.000000 0.000000 0.000000 0.000000 0.000000 0.000000 0.000000 0.000000 0.000000 0.000000 
0.000000 89.700000 0.000000 0.000000 0.000000 0.000000 -7.408719 -44.994750 7.567948 4.381396 -6.448081 -6.148764 1.329989 -5.467863 6.246890 -0.936912 -13.260932 10.607772 4.601967 -18.622997 1.626237 0.000000 0.000000 0.000000 2.357002 -10.253729 -16.884395 -24.687575 -54.383944 -2.798122 128.044981 -51.719810 -108.199080 18.343169 -10.136542 -8.310038 -55.587765 32.023448 -8.084741 -28.491689 0.000000 0.000000 -11.022768 0.000000 0.000000 0.022390 -0.001199 4.934506 -31.987282 15.571193 14.996643 -27.472106 0.000000 0.000000 -16.846740 0.000000 0.000000 2.447046 -0.079831 2.056764 -0.000001 -30.400004 88.865166 -42.827409 0.000000 0.000000 -30.284185 0.000000 0.000000 4.260386 -0.094452 1.375350 -30.864871 19.886028 14.999993 -46.310487 0.000000 0.000000 -19.148152 0.000000 0.000000 -6.917769 0.291382 2.291170 -25.234139 39.837816 -3.814861 -27.152496 0.000000 0.000000 -26.861192 0.000000 0.000000 0.441624 -0.014543 2.538997 15.837299 1.644590 -2.653538 55.258001 -7.421880 21.169159 -1.504934 33.811720 11.647228 -2.697833 -35.046458 -6.623143 50.603725 -11.937511 4.169749 27.578030 0.000000 0.000000 24.582527 0.000000 0.000000 -7.969741 -5.107087 -8.050663 46.782039 8.131145 15.000000 40.356027 0.000000 0.000000 36.428214 0.000000 0.000000 6.271931 -1.933901 -4.817211 40.041884 13.504947 9.950876 40.066984 0.000000 0.000000 33.021905 0.000000 0.000000 -1.013052 -2.505694 -6.799366 26.176490 -15.710900 -5.640437 31.923637 0.000000 0.000000 27.341940 0.000000 0.000000 -3.109834 -2.403556 -3.139792 30.370724 31.053901 107.122646 17.923713 0.000000 0.000000 -15.000000 0.000000 0.000000 -4.610124 -2.491975 -2.359596 0.000000 0.000000 0.000000 0.000000 0.000000 0.000000 0.000000 0.000000 0.000000 0.000000 0.000000 0.000000 0.000000 0.000000 0.000000 0.000000 0.000000 0.000000 0.000000 0.000000 0.000000 0.000000 0.000000 0.000000 
0.000000 89.700000 0.000000 0.000000 0.000000 0.000000 -7.133177 -44.152565 7.314871 4.402858 -6.447013 -6.183571 1.370347 -5.485034 6.279623 -1.012454 -12.610472 10.501446 4.383126 -17.878663 1.683762 0.000000 0.000000 0.000000 2.259602 -10.211947 -16.825692 -24.951878 -54.307404 -2.835358 127.456200 -51.836374 -107.615975 18.479841 -10.597171 -9.288382 -56.521109 32.200694 -8.078233 -27.983632 0.000000 0.000000 -11.157805 0.000000 0.000000 0.022390 -0.001199 4.934506 -32.732772 16.464493 14.982276 -27.202947 0.000000 0.000000 -17.215899 0.000000 0.000000 2.447046 -0.079831 2.056764 -0.000013 -30.419973 88.651178 -42.553353 0.000000 0.000000 -30.703686 0.000000 0.000000 4.260386 -0.094452 1.375350 -31.427724 19.696827 14.999924 -46.071187 0.000000 0.000000 -19.385881 0.000000 0.000000 -6.917769 0.291382 2.291170 -26.252168 39.827586 -4.006375 -26.953627 0.000000 0.000000 -27.055133 0.000000 0.000000 0.441624 -0.014543 2.538997 15.987620 1.466992 -2.654045 55.186914 -7.532897 21.054581 -1.662875 33.450944 11.483762 -2.562241 -35.090855 -6.900723 50.590378 -12.117322 3.915879 27.773908 0.000000 0.000000 24.794493 0.000000 0.000000 -7.969741 -5.107087 -8.050663 46.871913 7.972820 15.000000 40.459412 0.000000 0.000000 36.516706 0.000000 0.000000 6.271931 -1.933901 -4.817211 40.191535 13.024987 9.172817 40.231788 0.000000 0.000000 33.005118 0.000000 0.000000 -1.013052 -2.505694 -6.799366 26.035369 -15.856452 -5.472533 32.176997 0.000000 0.000000 27.415317 0.000000 0.000000 -3.109834 -2.403556 -3.139792 30.322392 31.562603 105.890116 18.143973 0.000000 0.000000 -14.999998 0.000000 0.000000 -4.610124 -2.491975 -2.359596 0.000000 0.000000 0.000000 0.000000 0.000000 0.000000 0.000000 0.000000 0.000000 0.000000 0.000000 0.000000 0.000000 0.000000 0.000000 0.000000 0.000000 0.000000 0.000000 0.000000 0.000000 0.000000 0.000000 0.000000 
0.000000 89.700000 0.000000 0.000000 0.000000 0.000000 -6.789999 -43.156798 6.997925 4.401675 -6.425447 -6.186297 1.398067 -5.473053 6.323483 -1.083612 -11.819741 10.367117 4.101619 -16.927474 1.763051 0.000000 0.000000 0.000000 2.015784 -10.124687 -16.738309 -25.403489 -54.080872 -2.801781 126.768127 -51.976476 -106.973246 18.526677 -11.011144 -10.721297 -57.103886 32.179631 -7.650034 -27.306459 0.000000 0.000000 -11.330129 0.000000 0.000000 0.022390 -0.001199 4.934506 -32.972144 17.262401 14.931219 -26.940205 0.000000 0.000000 -17.503471 0.000000 0.000000 2.447046 -0.079831 2.056764 -0.000148 -30.489631 88.411455 -42.308081 0.000000 0.000000 -31.273003 0.000000 0.000000 4.260386 -0.094452 1.375350 -31.058362 19.466393 14.999434 -45.630311 0.000000 0.000000 -19.737006 0.000000 0.000000 -6.917769 0.291382 2.291170 -26.735452 39.631688 -3.842037 -26.713944 0.000000 0.000000 -27.271823 0.000000 0.000000 0.441624 -0.014543 2.538997 16.224254 1.320198 -2.683952 55.058925 -7.574185 20.968061 -1.896525 33.335825 11.314795 -2.437446 -35.138596 -7.148419 50.577843 -12.295529 3.672887 27.960599 0.000000 0.000000 24.995745 0.000000 0.000000 -7.969741 -5.107087 -8.050663 46.962933 7.813351 15.000000 40.553973 0.000000 0.000000 36.599224 0.000000 0.000000 6.271931 -1.933901 -4.817211 40.347579 12.545153 8.404617 40.382286 0.000000 0.000000 32.982974 0.000000 0.000000 -1.013052 -2.505694 -6.799366 25.893703 -16.001884 -5.304968 32.421171 0.000000 0.000000 27.477785 0.000000 0.000000 -3.109834 -2.403556 -3.139792 30.253036 32.057746 104.640183 18.362028 0.000000 0.000000 -14.999956 0.000000 0.000000 -4.610124 -2.491975 -2.359596 0.000000 0.000000 0.000000 0.000000 0.000000 0.000000 0.000000 0.000000 0.000000 0.000000 0.000000 0.000000 0.000000 0.000000 0.000000 0.000000 0.000000 0.000000 0.000000 0.000000 0.000000 0.000000 0.000000 0.000000 
0.000000 89.700000 0.000000 0.000000 0.000000 0.000000 -6.375824 -41.964046 6.601028 4.376191 -6.382779 -6.137829 1.404947 -5.422203 6.372677 -1.150074 -10.888808 10.186804 3.760890 -15.742414 1.849311 0.000000 0.000000 0.000000 1.563255 -10.011364 -16.577310 -26.201857 -53.658044 -2.528969 126.143272 -52.127805 -106.380230 18.386033 -11.204536 -12.762970 -58.640831 31.843079 -6.508726 -26.508780 0.000000 0.000000 -11.629758 0.000000 0.000000 0.022390 -0.001199 4.934506 -33.917442 17.841126 14.799158 -26.764515 0.000000 0.000000 -17.701168 0.000000 0.000000 2.447046 -0.079831 2.056764 -0.001160 -30.522322 88.206891 -42.059166 0.000000 0.000000 -32.119783 0.000000 0.000000 4.260386 -0.094452 1.375350 -31.229601 19.300662 14.997025 -44.826079 0.000000 0.000000 -20.233176 0.000000 0.000000 -6.917769 0.291382 2.291170 -27.108089 39.145546 -3.043953 -26.358017 0.000000 0.000000 -27.494834 0.000000 0.000000 0.441624 -0.014543 2.538997 16.551802 1.222334 -2.759158 54.855322 -7.510537 20.917742 -2.043413 33.687682 11.125564 -2.368867 -35.202425 -7.369036 50.566124 -12.465350 3.484044 28.099631 0.000000 0.000000 25.137647 0.000000 0.000000 -7.969741 -5.107087 -8.050663 47.055092 7.642344 15.000000 40.601223 0.000000 0.000000 36.647533 0.000000 0.000000 6.271931 -1.933901 -4.817211 40.509974 12.050005 7.684618 40.458259 0.000000 0.000000 32.930018 0.000000 0.000000 -1.013052 -2.505694 -6.799366 25.751489 -16.146655 -5.136350 32.618944 0.000000 0.000000 27.483745 0.000000 0.000000 -3.109834 -2.403556 -3.139792 30.132878 32.488166 103.333656 18.568510 0.000000 0.000000 -14.999430 0.000000 0.000000 -4.610124 -2.491975 -2.359596 0.000000 0.000000 0.000000 0.000000 0.000000 0.000000 0.000000 0.000000 0.000000 0.000000 0.000000 0.000000 0.000000 0.000000 0.000000 0.000000 0.000000 0.000000 0.000000 0.000000 0.000000 0.000000 0.000000 0.000000 
0.000000 89.700000 0.000000 0.000000 0.000000 0.000000 -5.886421 -40.514068 6.102003 4.326536 -6.318485 -6.023778 1.383116 -5.325066 6.422312 -1.213905 -9.817011 9.943351 3.367923 -14.291682 1.936202 0.000000 0.000000 0.000000 0.861501 -9.906096 -16.298297 -27.544721 -52.989910 -1.811367 125.821404 -52.297239 -106.009046 17.977788 -10.908932 -15.587324 -57.778208 31.018483 -4.378448 -25.555495 0.000000 0.000000 -12.186113 0.000000 0.000000 0.022390 -0.001199 4.934506 -34.343284 18.101964 14.546570 -26.611004 0.000000 0.000000 -17.924092 0.000000 0.000000 2.447046 -0.079831 2.056764 -0.006761 -30.477652 88.339981 -41.563771 0.000000 0.000000 -33.230444 0.000000 0.000000 4.260386 -0.094452 1.375350 -31.092581 19.266385 14.988575 -43.489547 0.000000 0.000000 -20.844716 0.000000 0.000000 -6.917769 0.291382 2.291170 -25.662551 38.042612 -1.433516 -25.792247 0.000000 0.000000 -27.667140 0.000000 0.000000 0.441624 -0.014543 2.538997 16.942767 1.182225 -2.885880 54.568831 -7.306963 20.905788 -2.385752 34.935574 10.784903 -2.505002 -35.309409 -7.629355 50.555221 -12.603812 3.485899 28.060210 0.000000 0.000000 25.041464 0.000000 0.000000 -7.969741 -5.107087 -8.050663 47.148387 7.414177 15.000000 40.464249 0.000000 0.000000 36.553465 0.000000 0.000000 6.271931 -1.933901 -4.817211 40.678679 11.458958 7.134717 40.253454 0.000000 0.000000 32.748236 0.000000 0.000000 -1.013052 -2.505694 -6.799366 25.608727 -16.282037 -4.942957 32.648018 0.000000 0.000000 27.279075 0.000000 0.000000 -3.109834 -2.403556 -3.139792 29.872167 32.687265 101.851182 18.731248 0.000000 0.000000 -14.994856 0.000000 0.000000 -4.610124 -2.491975 -2.359596 0.000000 0.000000 0.000000 0.000000 0.000000 0.000000 0.000000 0.000000 0.000000 0.000000 0.000000 0.000000 0.000000 0.000000 0.000000 0.000000 0.000000 0.000000 0.000000 0.000000 0.000000 0.000000 0.000000 0.000000 
0.000000 89.700000 0.000000 0.000000 0.000000 0.000000 -5.314485 -38.736842 5.478613 4.252213 -6.231992 -5.836476 1.325218 -5.176883 6.470135 -1.277045 -8.607034 9.619855 2.925446 -12.551268 2.043268 0.000000 0.000000 0.000000 -0.101069 -9.851117 -15.870004 -29.589383 -52.008569 -0.495402 126.038186 -52.523926 -106.044078 17.301955 -9.770092 -19.358002 -52.898041 29.593347 -1.190349 -24.282386 0.000000 0.000000 -13.001671 0.000000 0.000000 0.022390 -0.001199 4.934506 -34.479444 17.988362 14.169283 -26.241011 0.000000 0.000000 -18.295552 0.000000 0.000000 2.447046 -0.079831 2.056764 -0.030777 -30.479296 89.263953 -40.387960 0.000000 0.000000 -34.042197 0.000000 0.000000 4.260386 -0.094452 1.375350 -28.954525 19.395042 14.967510 -41.400189 0.000000 0.000000 -21.356670 0.000000 0.000000 -6.917769 0.291382 2.291170 -20.891347 35.957781 0.878564 -24.967466 0.000000 0.000000 -27.615389 0.000000 0.000000 0.441624 -0.014543 2.538997 17.337917 1.213765 -3.066191 54.211288 -6.903145 20.925122 -3.094696 37.714251 10.319264 -3.170151 -35.462542 -8.136159 50.545136 -12.654783 3.965124 27.536442 0.000000 0.000000 24.251830 0.000000 0.000000 -7.969741 -5.107087 -8.050663 47.242813 6.992530 15.000000 39.802898 0.000000 0.000000 36.026129 0.000000 0.000000 6.271931 -1.933901 -4.817211 40.853654 10.500242 7.014206 39.279242 0.000000 0.000000 32.172675 0.000000 0.000000 -1.013052 -2.505694 -6.799366 25.465414 -16.364209 -4.607510 32.233097 0.000000 0.000000 26.509278 0.000000 0.000000 -3.109834 -2.403556 -3.139792 29.291131 32.287990 99.957932 18.774868 0.000000 0.000000 -14.966003 0.000000 0.000000 -4.610124 -2.491975 -2.359596 0.000000 0.000000 0.000000 0.000000 0.000000 0.000000 0.000000 0.000000 0.000000 0.000000 0.000000 0.000000 0.000000 0.000000 0.000000 0.000000 0.000000 0.000000 0.000000 0.000000 0.000000 0.000000 0.000000 0.000000 
0.000000 89.700000 0.000000 0.000000 0.000000 0.000000 -4.656331 -36.560772 4.722823 4.147692 -6.124002 -5.579557 1.225331 -4.974599 6.518202 -1.337901 -7.287417 9.198870 2.430189 -10.544208 2.206671 0.000000 0.000000 0.000000 -1.304225 -9.887786 -15.284315 -32.355020 -50.639313 1.430553 126.940880 -52.863125 -106.617935 16.384509 -7.447069 -24.161619 -46.880543 27.679769 2.635943 -22.580278 0.000000 0.000000 -13.901216 0.000000 0.000000 0.022390 -0.001199 4.934506 -34.258264 17.514473 13.656718 -25.545345 0.000000 0.000000 -18.852312 0.000000 0.000000 2.447046 -0.079831 2.056764 -0.113481 -30.871614 91.529761 -38.122231 0.000000 0.000000 -33.054883 0.000000 0.000000 4.260386 -0.094452 1.375350 -25.827456 19.628235 14.931270 -38.371280 0.000000 0.000000 -21.427221 0.000000 0.000000 -6.917769 0.291382 2.291170 -17.390473 32.812915 3.480632 -23.917608 0.000000 0.000000 -27.095071 0.000000 0.000000 0.441624 -0.014543 2.538997 17.651577 1.357201 -3.313902 53.821159 -6.176995 20.953749 -4.447211 42.238181 9.201126 -4.774358 -35.486411 -9.296365 50.458786 -12.518990 5.271446 26.075440 0.000000 0.000000 22.025448 0.000000 0.000000 -7.969741 -5.107087 -8.050663 47.099000 6.116307 15.000000 38.062924 0.000000 0.000000 34.546815 0.000000 0.000000 6.271931 -1.933901 -4.817211 40.745132 8.593573 7.649857 36.791402 0.000000 0.000000 30.727988 0.000000 0.000000 -1.013052 -2.505694 -6.799366 25.545076 -16.266009 -3.803157 30.981603 0.000000 0.000000 24.675818 0.000000 0.000000 -3.109834 -2.403556 -3.139792 28.174822 30.803238 97.419887 18.591001 0.000000 0.000000 -14.829386 0.000000 0.000000 -4.610124 -2.491975 -2.359596 0.000000 0.000000 0.000000 0.000000 0.000000 0.000000 0.000000 0.000000 0.000000 0.000000 0.000000 0.000000 0.000000 0.000000 0.000000 0.000000 0.000000 0.000000 0.000000 0.000000 0.000000 0.000000 0.000000 0.000000 
0.000000 89.700000 0.000000 0.000000 0.000000 0.000000 -3.926436 -33.930835 3.857890 4.000595 -5.994462 -5.278142 1.080843 -4.712248 6.570163 -1.385489 -5.926704 8.672495 1.876815 -8.381906 2.447307 0.000000 0.000000 0.000000 -2.682787 -10.045817 -14.568036 -35.674424 -48.861076 3.802260 128.563288 -53.352320 -107.783889 15.171083 -3.789135 -29.908174 -40.601872 25.670245 6.164658 -20.678925 0.000000 0.000000 -14.731325 0.000000 0.000000 0.022390 -0.001199 4.934506 -29.583297 16.802974 12.906054 -24.955779 0.000000 0.000000 -19.645976 0.000000 0.000000 2.447046 -0.079831 2.056764 -0.346627 -32.083766 95.658587 -34.720073 0.000000 0.000000 -28.275471 0.000000 0.000000 4.260386 -0.094452 1.375350 -24.516367 19.754011 14.891976 -34.531284 0.000000 0.000000 -20.908467 0.000000 0.000000 -6.917769 0.291382 2.291170 -15.135126 28.990032 5.923966 -22.729452 0.000000 0.000000 -26.007816 0.000000 0.000000 0.441624 -0.014543 2.538997 17.777544 1.686477 -3.667156 53.466766 -4.928056 20.951637 -6.809934 49.254581 6.886732 -7.397687 -34.796540 -11.681226 49.645970 -12.069074 7.489569 23.390255 0.000000 0.000000 17.818416 0.000000 0.000000 -7.969741 -5.107087 -8.050663 45.277765 4.538796 15.000000 34.782663 0.000000 0.000000 31.619974 0.000000 0.000000 6.271931 -1.933901 -4.817211 38.553133 5.085665 9.150903 32.257690 0.000000 0.000000 27.955070 0.000000 0.000000 -1.013052 -2.505694 -6.799366 26.921023 -15.762830 -2.003919 28.640177 0.000000 0.000000 21.553161 0.000000 0.000000 -3.109834 -2.403556 -3.139792 26.423092 28.044977 94.342094 18.128449 0.000000 0.000000 -14.333459 0.000000 0.000000 -4.610124 -2.491975 -2.359596 0.000000 0.000000 0.000000 0.000000 0.000000 0.000000 0.000000 0.000000 0.000000 0.000000 0.000000 0.000000 0.000000 0.000000 0.000000 0.000000 0.000000 0.000000 0.000000 0.000000 0.000000 0.000000 0.000000 0.000000 
0.000000 89.700000 0.000000 0.000000 0.000000 0.000000 -3.169423 -30.845186 2.943508 3.796907 -5.837329 -4.981375 0.893477 -4.374495 6.619799 -1.389868 -4.608241 8.062930 1.262561 -6.268899 2.755848 0.000000 0.000000 0.000000 -4.106194 -10.334606 -13.790995 -39.253399 -46.781229 6.337847 130.860721 -53.989506 -109.527719 13.623004 0.956938 -36.245816 -38.306956 24.056217 8.468928 -19.070812 0.000000 0.000000 -15.566293 0.000000 0.000000 0.022390 -0.001199 4.934506 -25.224287 16.096135 11.814262 -25.168962 0.000000 0.000000 -20.856098 0.000000 0.000000 2.447046 -0.079831 2.056764 -0.881842 -34.146778 101.595022 -30.687580 0.000000 0.000000 -19.009837 0.000000 0.000000 4.260386 -0.094452 1.375350 -24.556204 19.539682 14.874314 -30.442395 0.000000 0.000000 -20.092672 0.000000 0.000000 -6.917769 0.291382 2.291170 -13.129346 25.177575 7.997612 -21.397731 0.000000 0.000000 -24.560013 0.000000 0.000000 0.441624 -0.014543 2.538997 17.602858 2.291382 -4.183759 53.234625 -2.903942 20.864531 -11.393436 58.761794 2.092702 -10.350001 -32.406701 -15.841324 46.603985 -11.190961 10.151950 19.815539 0.000000 0.000000 12.206124 0.000000 0.000000 -7.969741 -5.107087 -8.050663 40.882821 2.394984 15.000000 30.151405 0.000000 0.000000 27.353139 0.000000 0.000000 6.271931 -1.933901 -4.817211 32.916617 0.068410 11.145615 26.070053 0.000000 0.000000 23.942881 0.000000 0.000000 -1.013052 -2.505694 -6.799366 28.599648 -14.647341 1.134078 25.405267 0.000000 0.000000 17.756112 0.000000 0.000000 -3.109834 -2.403556 -3.139792 24.096265 24.599853 91.413675 17.522978 0.000000 0.000000 -12.934318 0.000000 0.000000 -4.610124 -2.491975 -2.359596 0.000000 0.000000 0.000000 0.000000 0.000000 0.000000 0.000000 0.000000 0.000000 0.000000 0.000000 0.000000 0.000000 0.000000 0.000000 0.000000 0.000000 0.000000 0.000000 0.000000 0.000000 0.000000 0.000000 0.000000 
0.000000 89.700000 0.000000 0.000000 0.000000 0.000000 -2.454702 -27.377307 2.055134 3.528280 -5.638642 -4.741566 0.668542 -3.937193 6.636821 -1.302033 -3.388002 7.430822 0.596364 -4.463399 3.114925 0.000000 0.000000 0.000000 -5.376621 -10.746318 -13.055875 -42.810317 -44.655738 8.760993 133.743721 -54.737527 -111.772629 11.938216 6.043823 -42.563882 -33.891548 23.052136 9.296306 -18.084824 0.000000 0.000000 -16.563726 0.000000 0.000000 0.022390 -0.001199 4.934506 -17.408221 15.590522 10.543994 -26.297145 0.000000 0.000000 -22.605056 0.000000 0.000000 2.447046 -0.079831 2.056764 -1.852838 -36.244333 108.205904 -26.872971 0.000000 0.000000 -7.488411 0.000000 0.000000 4.260386 -0.094452 1.375350 -21.257923 18.887321 14.891976 -26.826870 0.000000 0.000000 -19.480221 0.000000 0.000000 -6.917769 0.291382 2.291170 -8.591769 21.923124 9.743083 -19.766745 0.000000 0.000000 -23.072404 0.000000 0.000000 0.441624 -0.014543 2.538997 17.031041 3.243590 -4.913748 53.191742 0.127686 20.634666 -25.453468 71.548127 -12.102863 -12.445352 -27.470451 -22.026919 41.290199 -9.848984 12.474345 16.341086 0.000000 0.000000 7.173816 0.000000 0.000000 -7.969741 -5.107087 -8.050663 37.572970 0.403031 15.000000 25.197180 0.000000 0.000000 22.769463 0.000000 0.000000 6.271931 -1.933901 -4.817211 28.617710 -4.989423 12.963552 19.635482 0.000000 0.000000 19.620682 0.000000 0.000000 -1.013052 -2.505694 -6.799366 24.910501 -12.937202 5.231900 21.880067 0.000000 0.000000 14.681979 0.000000 0.000000 -3.109834 -2.403556 -3.139792 21.226425 21.650289 89.597533 17.089729 0.000000 0.000000 -9.836996 0.000000 0.000000 -4.610124 -2.491975 -2.359596 0.000000 0.000000 0.000000 0.000000 0.000000 0.000000 0.000000 0.000000 0.000000 0.000000 0.000000 0.000000 0.000000 0.000000 0.000000 0.000000 0.000000 0.000000 0.000000 0.000000 0.000000 0.000000 0.000000 0.000000 
0.000000 89.700000 0.000000 0.000000 0.000000 0.000000 -1.850958 -23.635944 1.244545 3.192524 -5.383249 -4.578916 0.415350 -3.378498 6.568189 -1.081211 -2.291171 6.853598 -0.087258 -3.213544 3.528262 0.000000 0.000000 0.000000 -6.271190 -11.272789 -12.465418 -46.185949 -42.816092 10.905597 137.057114 -55.545720 -114.351169 10.522633 10.419396 -48.127288 -31.803806 22.377485 9.172538 -17.666332 0.000000 0.000000 -17.602215 0.000000 0.000000 0.022390 -0.001199 4.934506 -14.356441 15.172071 9.547276 -27.695226 0.000000 0.000000 -24.622531 0.000000 0.000000 2.447046 -0.079831 2.056764 -3.177683 -37.088726 113.794167 -24.018647 0.000000 0.000000 2.025384 0.000000 0.000000 4.260386 -0.094452 1.375350 -20.257432 17.768384 14.931270 -24.129733 0.000000 0.000000 -19.261120 0.000000 0.000000 -6.917769 0.291382 2.291170 -10.245787 19.299722 11.259554 -17.759411 0.000000 0.000000 -21.611660 0.000000 0.000000 0.441624 -0.014543 2.538997 16.007798 4.565597 -5.861342 53.326072 4.273153 20.213779 -75.666530 79.810422 -61.675185 -13.016939 -20.040890 -29.976155 35.740291 -8.185699 13.963764 13.991213 0.000000 0.000000 4.868594 0.000000 0.000000 -7.969741 -5.107087 -8.050663 33.103375 -0.627008 15.000000 21.154329 0.000000 0.000000 19.205046 0.000000 0.000000 6.271931 -1.933901 -4.817211 25.028153 -8.082617 14.152673 14.443515 0.000000 0.000000 16.206670 0.000000 0.000000 -1.013052 -2.505694 -6.799366 21.339055 -10.952107 9.235988 18.662195 0.000000 0.000000 13.512764 0.000000 0.000000 -3.109834 -2.403556 -3.139792 17.729134 20.051554 89.511668 17.088881 0.000000 0.000000 -4.414822 0.000000 0.000000 -4.610124 -2.491975 -2.359596 0.000000 0.000000 0.000000 0.000000 0.000000 0.000000 0.000000 0.000000 0.000000 0.000000 0.000000 0.000000 0.000000 0.000000 0.000000 0.000000 0.000000 0.000000 0.000000 0.000000 0.000000 0.000000 0.000000 0.000000 
0.000000 89.700000 0.000000 0.000000 0.000000 0.000000 -1.397015 -19.693042 0.513479 2.792010 -5.069299 -4.466263 0.149871 -2.695801 6.363755 -0.733965 -1.345744 6.386985 -0.731494 -2.676449 4.019368 0.000000 0.000000 0.000000 -6.625808 -11.917329 -12.085259 -49.340009 -41.538850 12.738582 140.526500 -56.365814 -116.980633 9.715971 13.212122 -52.305826 -29.575555 21.477007 8.975379 -17.547590 0.000000 0.000000 -18.227541 0.000000 0.000000 0.022390 -0.001199 4.934506 -10.644493 14.432332 9.226962 -28.633702 0.000000 0.000000 -26.183753 0.000000 0.000000 2.447046 -0.079831 2.056764 -4.447494 -35.920296 117.331516 -22.492488 0.000000 0.000000 6.000727 0.000000 0.000000 4.260386 -0.094452 1.375350 -19.960863 16.184166 14.967510 -22.303391 0.000000 0.000000 -19.125243 0.000000 0.000000 -6.917769 0.291382 2.291170 -13.568709 17.097947 12.559280 -15.574797 0.000000 0.000000 -19.950959 0.000000 0.000000 0.441624 -0.014543 2.538997 14.553569 6.211436 -6.964665 53.504149 9.396893 19.572806 -131.425709 74.316192 -115.938882 -12.487273 -11.351083 -38.923957 30.304375 -6.598283 14.671162 13.195627 0.000000 0.000000 5.903261 0.000000 0.000000 -7.969741 -5.107087 -8.050663 27.659616 -0.631537 15.000000 18.635114 0.000000 0.000000 17.309485 0.000000 0.000000 6.271931 -1.933901 -4.817211 21.970910 -8.475856 14.700696 11.077865 0.000000 0.000000 14.279610 0.000000 0.000000 -1.013052 -2.505694 -6.799366 19.061723 -9.164700 12.201173 16.064630 0.000000 0.000000 14.250338 0.000000 0.000000 -3.109834 -2.403556 -3.139792 13.679142 19.643651 91.265605 17.492074 0.000000 0.000000 3.142389 0.000000 0.000000 -4.610124 -2.491975 -2.359596 0.000000 0.000000 0.000000 0.000000 0.000000 0.000000 0.000000 0.000000 0.000000 0.000000 0.000000 0.000000 0.000000 0.000000 0.000000 0.000000 0.000000 0.000000 0.000000 0.000000 0.000000 0.000000 0.000000 0.000000 
0.000000 89.700000 0.000000 0.000000 0.000000 0.000000 -1.090268 -15.583949 -0.173576 2.340764 -4.719412 -4.356510 -0.105259 -1.923259 6.010834 -0.324022 -0.590881 6.038605 -1.287224 -2.829823 4.597082 0.000000 0.000000 0.000000 -6.420494 -12.679106 -11.926473 -52.256021 -40.937477 14.306674 143.762000 -57.143292 -119.303925 9.628688 14.189629 -54.793404 -27.240508 19.987844 9.355374 -17.552624 0.000000 0.000000 -18.089991 0.000000 0.000000 0.022390 -0.001199 4.934506 -5.862925 13.099283 9.628266 -28.772955 0.000000 0.000000 -26.524878 0.000000 0.000000 2.447046 -0.079831 2.056764 -5.225087 -33.001120 118.965837 -22.258595 0.000000 0.000000 3.292527 0.000000 0.000000 4.260386 -0.094452 1.375350 -20.267482 14.287330 14.988575 -21.040250 0.000000 0.000000 -18.643403 0.000000 0.000000 -6.917769 0.291382 2.291170 -16.432970 15.247995 13.583206 -13.515380 0.000000 0.000000 -17.914668 0.000000 0.000000 0.441624 -0.014543 2.538997 12.800434 8.059449 -8.109954 53.508361 15.058241 18.706232 -148.041972 64.443440 -129.344426 -11.768081 -3.381537 -47.844471 24.757745 -5.636558 14.920668 13.748489 0.000000 0.000000 9.115929 0.000000 0.000000 -7.969741 -5.107087 -8.050663 22.244278 -0.438528 15.000000 17.508375 0.000000 0.000000 16.813687 0.000000 0.000000 6.271931 -1.933901 -4.817211 19.923739 -7.291603 14.775296 9.178037 0.000000 0.000000 13.550213 0.000000 0.000000 -1.013052 -2.505694 -6.799366 17.104791 -7.995192 13.892251 14.174201 0.000000 0.000000 15.834884 0.000000 0.000000 -3.109834 -2.403556 -3.139792 9.529075 19.558864 94.718647 18.040385 0.000000 0.000000 11.534525 0.000000 0.000000 -4.610124 -2.491975 -2.359596 0.000000 0.000000 0.000000 0.000000 0.000000 0.000000 0.000000 0.000000 0.000000 0.000000 0.000000 0.000000 0.000000 0.000000 0.000000 0.000000 0.000000 0.000000 0.000000 0.000000 0.000000 0.000000 0.000000 0.000000 
0.000000 89.700000 0.000000 0.000000 0.000000 0.000000 -0.901269 -11.398751 -0.851961 1.872428 -4.374741 -4.225981 -0.326377 -1.136257 5.551802 0.060553 -0.048059 5.772060 -1.735155 -3.449744 5.218151 0.000000 0.000000 0.000000 -5.805706 -13.520249 -11.950949 -54.855903 -40.934187 15.660542 146.377462 -57.800697 -121.012153 10.135565 13.843446 -55.708780 -24.908795 18.012965 10.297128 -17.788185 0.000000 0.000000 -17.422128 0.000000 0.000000 0.022390 -0.001199 4.934506 -2.468577 11.398512 10.434544 -28.141273 0.000000 0.000000 -25.506056 0.000000 0.000000 2.447046 -0.079831 2.056764 -5.498717 -29.286735 119.457116 -22.817544 0.000000 0.000000 -4.845848 0.000000 0.000000 4.260386 -0.094452 1.375350 -19.316745 12.363507 14.997025 -20.168893 0.000000 0.000000 -17.786096 0.000000 0.000000 -6.917769 0.291382 2.291170 -16.877128 13.837522 14.287974 -11.737963 0.000000 0.000000 -15.630297 0.000000 0.000000 0.441624 -0.014543 2.538997 10.990479 9.928725 -9.167891 53.166336 20.595689 17.643895 -152.628487 57.169479 -130.148359 -11.345253 2.039067 -55.790035 19.202679 -5.689559 14.985767 15.099469 0.000000 0.000000 12.750786 0.000000 0.000000 -7.969741 -5.107087 -8.050663 17.875925 -0.992356 15.000000 17.344544 0.000000 0.000000 17.115338 0.000000 0.000000 6.271931 -1.933901 -4.817211 19.166853 -6.292729 14.361828 8.018056 0.000000 0.000000 13.392291 0.000000 0.000000 -1.013052 -2.505694 -6.799366 15.204933 -7.649639 14.645142 12.956099 0.000000 0.000000 17.087104 0.000000 0.000000 -3.109834 -2.403556 -3.139792 5.905262 19.141680 99.486039 18.536802 0.000000 0.000000 18.712337 0.000000 0.000000 -4.610124 -2.491975 -2.359596 0.000000 0.000000 0.000000 0.000000 0.000000 0.000000 0.000000 0.000000 0.000000 0.000000 0.000000 0.000000 0.000000 0.000000 0.000000 0.000000 0.000000 0.000000 0.000000 0.000000 0.000000 0.000000 0.000000 0.000000 
0.000000 89.700000 0.000000 0.000000 0.000000 0.000000 -0.802727 -7.341172 -1.535170 1.433678 -4.075843 -4.083619 -0.496715 -0.426101 5.066790 0.355386 0.296082 5.536671 -2.074312 -4.221295 5.790737 0.000000 0.000000 0.000000 -5.034565 -14.356253 -12.087757 -57.008815 -41.317026 16.809811 148.159663 -58.255788 -121.979086 10.890667 13.045898 -55.530450 -22.741312 16.003297 11.262162 -18.487320 0.000000 0.000000 -16.995443 0.000000 0.000000 0.022390 -0.001199 4.934506 -2.640241 9.903569 11.239664 -26.977096 0.000000 0.000000 -23.868188 0.000000 0.000000 2.447046 -0.079831 2.056764 -5.533995 -25.808206 119.469372 -23.311063 0.000000 0.000000 -15.334127 0.000000 0.000000 4.260386 -0.094452 1.375350 -17.739488 10.631746 14.999434 -19.719826 0.000000 0.000000 -17.024675 0.000000 0.000000 -6.917769 0.291382 2.291170 -16.382140 12.794046 14.698034 -10.257394 0.000000 0.000000 -13.460218 0.000000 0.000000 0.441624 -0.014543 2.538997 9.396989 11.628218 -10.033384 52.484161 25.368079 16.482177 -153.769864 53.567402 -128.638160 -11.094112 4.138318 -62.149662 14.653126 -6.711740 14.998160 16.603743 0.000000 0.000000 15.632682 0.000000 0.000000 -7.969741 -5.107087 -8.050663 15.046323 -2.524613 15.000000 17.741302 0.000000 0.000000 17.803544 0.000000 0.000000 6.271931 -1.933901 -4.817211 18.707020 -6.399515 13.145751 6.929423 0.000000 0.000000 13.342058 0.000000 0.000000 -1.013052 -2.505694 -6.799366 13.618009 -8.030635 14.908851 12.273246 0.000000 0.000000 17.503480 0.000000 0.000000 -3.109834 -2.403556 -3.139792 3.227021 18.509653 104.744973 19.028769 0.000000 0.000000 22.476498 0.000000 0.000000 -4.610124 -2.491975 -2.359596 0.000000 0.000000 0.000000 0.000000 0.000000 0.000000 0.000000 0.000000 0.000000 0.000000 0.000000 0.000000 0.000000 0.000000 0.000000 0.000000 0.000000 0.000000 0.000000 0.000000 0.000000 0.000000 0.000000 0.000000 
0.000000 89.700000 0.000000 0.000000 0.000000 0.000000 -0.785633 -3.671845 -2.219643 1.067300 -3.848328 -3.943935 -0.612117 0.140962 4.630962 0.546229 0.478907 5.298953 -2.303759 -4.902600 6.225943 0.000000 0.000000 0.000000 -4.339365 -15.088920 -12.256906 -58.615741 -41.841625 17.729413 149.145612 -58.478303 -122.299643 11.432776 12.518474 -54.902606 -21.311950 14.402682 11.847461 -19.593378 0.000000 0.000000 -17.503770 0.000000 0.000000 0.022390 -0.001199 4.934506 -4.680743 9.070960 11.855310 -25.532374 0.000000 0.000000 -22.653582 0.000000 0.000000 2.447046 -0.079831 2.056764 -5.286677 -23.242972 119.334214 -23.132167 0.000000 0.000000 -24.734931 0.000000 0.000000 4.260386 -0.094452 1.375350 -17.142729 9.159944 14.999924 -19.675786 0.000000 0.000000 -16.909376 0.000000 0.000000 -6.917769 0.291382 2.291170 -18.164465 11.821743 14.894556 -9.069786 0.000000 0.000000 -11.795902 0.000000 0.000000 0.441624 -0.014543 2.538997 8.208405 13.014947 -10.656786 51.665324 28.996209 15.395418 -154.110906 51.766654 -127.228225 -10.737245 3.454627 -66.726610 11.928033 -8.285961 14.999791 17.784187 0.000000 0.000000 17.516108 0.000000 0.000000 -7.969741 -5.107087 -8.050663 11.242045 -4.505504 15.000000 18.368867 0.000000 0.000000 18.689048 0.000000 0.000000 6.271931 -1.933901 -4.817211 15.996564 -7.317306 10.812193 5.499055 0.000000 0.000000 13.197500 0.000000 0.000000 -1.013052 -2.505694 -6.799366 12.479871 -8.839568 14.981510 11.982357 0.000000 0.000000 17.338068 0.000000 0.000000 -3.109834 -2.403556 -3.139792 1.540921 18.194551 109.484425 19.664570 0.000000 0.000000 21.095743 0.000000 0.000000 -4.610124 -2.491975 -2.359596 0.000000 0.000000 0.000000 0.000000 0.000000 0.000000 0.000000 0.000000 0.000000 0.000000 0.000000 0.000000 0.000000 0.000000 0.000000 0.000000 0.000000 0.000000 0.000000 0.000000 0.000000 0.000000 0.000000 0.000000 
0.000000 89.700000 0.000000 0.000000 0.000000 0.000000 -0.846653 -0.606195 -2.888717 0.799760 -3.700613 -3.809811 -0.680967 0.544435 4.282351 0.659231 0.548554 5.054703 -2.424340 -5.394553 6.487277 0.000000 0.000000 0.000000 -3.843346 -15.650935 -12.396961 -59.673032 -42.318666 18.394725 149.549558 -58.521742 -122.203965 11.444361 12.499714 -54.409679 -19.690028 13.386203 12.120453 -20.663628 0.000000 0.000000 -18.951321 0.000000 0.000000 0.022390 -0.001199 4.934506 -6.316135 8.952007 12.334559 -23.976035 0.000000 0.000000 -22.355668 0.000000 0.000000 2.447046 -0.079831 2.056764 -4.443937 -21.784102 119.182961 -22.417867 0.000000 0.000000 -31.157677 0.000000 0.000000 4.260386 -0.094452 1.375350 -16.030420 7.970899 14.999993 -19.846343 0.000000 0.000000 -17.551362 0.000000 0.000000 -6.917769 0.291382 2.291170 -18.665284 10.708506 14.970063 -8.196779 0.000000 0.000000 -10.847086 0.000000 0.000000 0.441624 -0.014543 2.538997 7.466498 14.027283 -11.050091 50.985799 31.437229 14.571075 -154.251059 50.954647 -126.279738 -10.220586 1.245107 -69.650152 9.007183 -9.928268 14.999636 18.525246 0.000000 0.000000 18.708735 0.000000 0.000000 -7.969741 -5.107087 -8.050663 8.076773 -6.256696 15.000000 18.971912 0.000000 0.000000 19.616048 0.000000 0.000000 6.271931 -1.933901 -4.817211 13.626417 -8.233392 7.655536 3.767463 0.000000 0.000000 12.953522 0.000000 0.000000 -1.013052 -2.505694 -6.799366 9.927837 -9.788513 14.997109 12.042378 0.000000 0.000000 17.122836 0.000000 0.000000 -3.109834 -2.403556 -3.139792 0.633675 18.396846 113.037485 20.437136 0.000000 0.000000 14.415874 0.000000 0.000000 -4.610124 -2.491975 -2.359596 0.000000 0.000000 0.000000 0.000000 0.000000 0.000000 0.000000 0.000000 0.000000 0.000000 0.000000 0.000000 0.000000 0.000000 0.000000 0.000000 0.000000 0.000000 0.000000 0.000000 0.000000 0.000000 0.000000 0.000000 
0.000000 89.700000 0.000000 0.000000 0.000000 0.000000 -0.966686 1.742138 -3.508921 0.637127 -3.627380 -3.681274 -0.717998 0.800616 4.021991 0.732264 0.555280 4.819426 -2.449290 -5.702630 6.596225 0.000000 0.000000 0.000000 -3.557795 -16.022724 -12.481718 -60.262232 -42.650534 18.808772 149.631217 -58.482115 -121.935709 10.961500 12.813882 -54.420600 -18.322760 12.897219 12.318361 -21.311153 0.000000 0.000000 -20.683220 0.000000 0.000000 0.022390 -0.001199 4.934506 -7.071664 9.304348 12.751107 -22.512477 0.000000 0.000000 -22.703749 0.000000 0.000000 2.447046 -0.079831 2.056764 -3.066962 -21.174374 119.123130 -21.713445 0.000000 0.000000 -34.702412 0.000000 0.000000 4.260386 -0.094452 1.375350 -14.779493 7.144020 15.000000 -20.022382 0.000000 0.000000 -18.558157 0.000000 0.000000 -6.917769 0.291382 2.291170 -17.672690 9.564258 14.989510 -7.644807 0.000000 0.000000 -10.508825 0.000000 0.000000 0.441624 -0.014543 2.538997 7.094099 14.686754 -11.264283 50.625062 32.892550 14.104870 -154.590376 50.546066 -125.946109 -9.678797 -1.292270 -71.214790 8.293643 -11.293830 14.998128 18.965615 0.000000 0.000000 19.538567 0.000000 0.000000 -7.969741 -5.107087 -8.050663 7.206728 -7.448912 15.000000 19.415642 0.000000 0.000000 20.418797 0.000000 0.000000 6.271931 -1.933901 -4.817211 12.000403 -8.631418 4.813836 2.244442 0.000000 0.000000 12.758703 0.000000 0.000000 -1.013052 -2.505694 -6.799366 7.118945 -10.655583 14.999665 12.410578 0.000000 0.000000 17.203946 0.000000 0.000000 -3.109834 -2.403556 -3.139792 0.224724 18.823151 115.198291 21.181520 0.000000 0.000000 4.944389 0.000000 0.000000 -4.610124 -2.491975 -2.359596 0.000000 0.000000 0.000000 0.000000 0.000000 0.000000 0.000000 0.000000 0.000000 0.000000 0.000000 0.000000 0.000000 0.000000 0.000000 0.000000 0.000000 0.000000 0.000000 0.000000 0.000000 0.000000 0.000000 0.000000 
0.000000 89.700000 0.000000 0.000000 0.000000 0.000000 -1.110606 3.363271 -4.038601 0.567181 -3.614514 -3.565594 -0.736884 0.942036 3.834167 0.793818 0.539830 4.609324 -2.406347 -5.876713 6.603391 0.000000 0.000000 0.000000 -3.432334 -16.218368 -12.518104 -60.504469 -42.821211 19.008856 149.612651 -58.424616 -121.682424 10.296324 13.151314 -55.048700 -18.500132 12.832334 12.536096 -21.568760 0.000000 0.000000 -22.008258 0.000000 0.000000 0.022390 -0.001199 4.934506 -7.646620 9.882033 13.100661 -21.409634 0.000000 0.000000 -23.133499 0.000000 0.000000 2.447046 -0.079831 2.056764 -1.687995 -20.903557 119.236073 -21.378737 0.000000 0.000000 -36.463070 0.000000 0.000000 4.260386 -0.094452 1.375350 -14.721610 6.790573 15.000000 -20.132408 0.000000 0.000000 -19.451441 0.000000 0.000000 -6.917769 0.291382 2.291170 -17.255890 8.697661 14.969360 -7.359750 0.000000 0.000000 -10.487861 0.000000 0.000000 0.441624 -0.014543 2.538997 6.964777 15.075320 -11.360451 50.595608 33.662796 13.962968 -154.840276 50.357084 -125.748005 -9.234740 -3.394544 -71.746475 8.997454 -12.217119 14.992813 19.286002 0.000000 0.000000 20.163551 0.000000 0.000000 -7.969741 -5.107087 -8.050663 7.552748 -8.110970 15.000000 19.709566 0.000000 0.000000 21.020326 0.000000 0.000000 6.271931 -1.933901 -4.817211 11.362183 -8.532591 3.554285 1.505661 0.000000 0.000000 12.804587 0.000000 0.000000 -1.013052 -2.505694 -6.799366 5.454364 -11.229145 14.999973 12.905398 0.000000 0.000000 17.648706 0.000000 0.000000 -3.109834 -2.403556 -3.139792 0.095345 19.080934 116.036434 21.781670 0.000000 0.000000 -2.928698 0.000000 0.000000 -4.610124 -2.491975 -2.359596 0.000000 0.000000 0.000000 0.000000 0.000000 0.000000 0.000000 0.000000 0.000000 0.000000 0.000000 0.000000 0.000000 0.000000 0.000000 0.000000 0.000000 0.000000 0.000000 0.000000 0.000000 0.000000 0.000000 0.000000 
0.000000 89.700000 0.000000 0.000000 0.000000 0.000000 -1.246951 4.323841 -4.448079 0.567298 -3.645575 -3.475702 -0.746367 1.001244 3.704813 0.858106 0.526634 4.429011 -2.329307 -5.972497 6.557573 0.000000 0.000000 0.000000 -3.401588 -16.265200 -12.532053 -60.528727 -42.864972 19.058962 149.649226 -58.353216 -121.556791 9.757348 13.299324 -56.202131 -18.919542 13.117220 12.766250 -21.691201 0.000000 0.000000 -22.684129 0.000000 0.000000 0.022390 -0.001199 4.934506 -8.398554 10.571204 13.397358 -20.792037 0.000000 0.000000 -23.263739 0.000000 0.000000 2.447046 -0.079831 2.056764 -0.749076 -20.557520 119.481101 -21.477176 0.000000 0.000000 -37.523713 0.000000 0.000000 4.260386 -0.094452 1.375350 -14.843151 6.956979 15.000000 -20.206886 0.000000 0.000000 -20.028522 0.000000 0.000000 -6.917769 0.291382 2.291170 -17.928672 8.308953 14.844451 -7.212340 0.000000 0.000000 -10.584330 0.000000 0.000000 0.441624 -0.014543 2.538997 6.957959 15.293851 -11.394723 50.806602 34.033009 14.041243 -155.003378 50.156268 -125.660039 -8.905303 -4.761469 -71.542555 9.360284 -12.681265 14.979561 19.646454 0.000000 0.000000 20.641966 0.000000 0.000000 -7.969741 -5.107087 -8.050663 7.775023 -8.391199 15.000000 19.958857 0.000000 0.000000 21.437477 0.000000 0.000000 6.271931 -1.933901 -4.817211 11.493834 -8.224685 4.217335 1.684403 0.000000 0.000000 13.134820 0.000000 0.000000 -1.013052 -2.505694 -6.799366 5.550276 -11.346064 14.999999 13.315912 0.000000 0.000000 18.368140 0.000000 0.000000 -3.109834 -2.403556 -3.139792 0.143887 18.939357 115.826650 22.258059 0.000000 0.000000 -5.333204 0.000000 0.000000 -4.610124 -2.491975 -2.359596 0.000000 0.000000 0.000000 0.000000 0.000000 0.000000 0.000000 0.000000 0.000000 0.000000 0.000000 0.000000 0.000000 0.000000 0.000000 0.000000 0.000000 0.000000 0.000000 0.000000 0.000000 0.000000 0.000000 0.000000 
0.000000 89.700000 0.000000 0.000000 0.000000 0.000000 -1.361747 4.733445 -4.731117 0.613858 -3.706036 -3.424307 -0.750338 1.003964 3.626742 0.928420 0.526067 4.274279 -2.246653 -6.032795 6.491982 0.000000 0.000000 0.000000 -3.408132 -16.195802 -12.550953 -60.453716 -42.834240 19.032679 149.819162 -58.240513 -121.598096 9.463310 13.251289 -57.668474 -18.668507 13.663790 12.989744 -21.820345 0.000000 0.000000 -22.861200 0.000000 0.000000 0.022390 -0.001199 4.934506 -8.582274 11.336563 13.703123 -20.554446 0.000000 0.000000 -23.023781 0.000000 0.000000 2.447046 -0.079831 2.056764 -0.283515 -20.019060 119.729449 -21.955082 0.000000 0.000000 -38.507626 0.000000 0.000000 4.260386 -0.094452 1.375350 -14.962489 7.553233 15.000000 -20.293814 0.000000 0.000000 -20.357152 0.000000 0.000000 -6.917769 0.291382 2.291170 -18.335417 8.343804 14.403126 -6.993707 0.000000 0.000000 -10.766934 0.000000 0.000000 0.441624 -0.014543 2.538997 6.985739 15.419742 -11.413618 51.161991 34.208973 14.243105 -155.111098 49.919787 -125.636586 -8.624187 -5.468873 -70.867503 9.406497 -12.769835 14.956764 20.151475 0.000000 0.000000 20.988312 0.000000 0.000000 -7.969741 -5.107087 -8.050663 7.512340 -8.405703 15.000000 20.251713 0.000000 0.000000 21.681294 0.000000 0.000000 6.271931 -1.933901 -4.817211 11.408183 -7.934968 5.806843 2.316373 0.000000 0.000000 13.571433 0.000000 0.000000 -1.013052 -2.505694 -6.799366 6.318868 -11.016273 15.000000 13.569147 0.000000 0.000000 19.186507 0.000000 0.000000 -3.109834 -2.403556 -3.139792 0.372596 18.314427 115.026378 22.674204 0.000000 0.000000 -0.571329 0.000000 0.000000 -4.610124 -2.491975 -2.359596 0.000000 0.000000 0.000000 0.000000 0.000000 0.000000 0.000000 0.000000 0.000000 0.000000 0.000000 0.000000 0.000000 0.000000 0.000000 0.000000 0.000000 0.000000 0.000000 0.000000 0.000000 0.000000 0.000000 0.000000 
0.000000 89.700000 0.000000 0.000000 0.000000 0.000000 -1.455222 4.721873 -4.901201 0.687849 -3.782635 -3.418326 -0.749803 0.969317 3.593890 1.000804 0.537351 4.141798 -2.175591 -6.085836 6.424778 0.000000 0.000000 0.000000 -3.411371 -16.048297 -12.589924 -60.369361 -42.776484 18.994157 150.126652 -58.072891 -121.787212 9.373491 13.177572 -59.195390 -19.657710 14.344809 13.142688 -21.983956 0.000000 0.000000 -22.809188 0.000000 0.000000 0.022390 -0.001199 4.934506 -8.915695 12.134977 14.033824 -20.552262 0.000000 0.000000 -22.594408 0.000000 0.000000 2.447046 -0.079831 2.056764 -0.100829 -19.358142 119.892286 -22.699799 0.000000 0.000000 -39.559538 0.000000 0.000000 4.260386 -0.094452 1.375350 -15.403341 8.371962 15.000000 -20.446353 0.000000 0.000000 -20.599445 0.000000 0.000000 -6.917769 0.291382 2.291170 -17.992882 8.612964 13.302707 -6.454224 0.000000 0.000000 -11.008577 0.000000 0.000000 0.441624 -0.014543 2.538997 7.001247 15.489253 -11.449753 51.599279 34.303118 14.508743 -155.160406 49.643950 -125.612596 -8.318341 -5.812978 -69.957016 9.041791 -12.636013 14.932045 20.741206 0.000000 0.000000 21.213912 0.000000 0.000000 -7.969741 -5.107087 -8.050663 7.610319 -8.238273 15.000000 20.581996 0.000000 0.000000 21.765239 0.000000 0.000000 6.271931 -1.933901 -4.817211 11.849436 -7.728771 6.625377 2.653197 0.000000 0.000000 13.881031 0.000000 0.000000 -1.013052 -2.505694 -6.799366 7.037514 -10.499546 15.000000 13.668412 0.000000 0.000000 19.861754 0.000000 0.000000 -3.109834 -2.403556 -3.139792 0.783554 17.317335 114.149373 23.041453 0.000000 0.000000 10.331655 0.000000 0.000000 -4.610124 -2.491975 -2.359596 0.000000 0.000000 0.000000 0.000000 0.000000 0.000000 0.000000 0.000000 0.000000 0.000000 0.000000 0.000000 0.000000 0.000000 0.000000 0.000000 0.000000 0.000000 0.000000 0.000000 0.000000 0.000000 0.000000 0.000000 
0.000000 89.700000 0.000000 0.000000 0.000000 0.000000 -1.532257 4.421674 -4.981004 0.776937 -3.863189 -3.453735 -0.744597 0.911359 3.595948 1.067052 0.552279 4.031747 -2.122827 -6.151767 6.362042 0.000000 0.000000 0.000000 -3.388586 -15.862075 -12.648969 -60.326041 -42.724660 18.986857 150.524314 -57.866144 -122.072204 9.405292 13.282241 -60.556837 -20.214481 15.054751 13.126517 -22.190762 0.000000 0.000000 -22.719367 0.000000 0.000000 0.022390 -0.001199 4.934506 -9.923703 12.898156 14.309586 -20.787077 0.000000 0.000000 -22.271281 0.000000 0.000000 2.447046 -0.079831 2.056764 -0.035878 -18.646919 119.967327 -23.486208 0.000000 0.000000 -40.561454 0.000000 0.000000 4.260386 -0.094452 1.375350 -16.061361 9.206058 15.000000 -20.710754 0.000000 0.000000 -20.862774 0.000000 0.000000 -6.917769 0.291382 2.291170 -18.272381 8.973856 11.409551 -5.501458 0.000000 0.000000 -11.207147 0.000000 0.000000 0.441624 -0.014543 2.538997 6.991896 15.510080 -11.519013 52.079011 34.357616 14.806751 -155.383817 49.281091 -125.775019 -7.972732 -6.097247 -69.000490 8.610130 -12.450010 14.920934 21.178728 0.000000 0.000000 21.350434 0.000000 0.000000 -7.969741 -5.107087 -8.050663 7.713969 -7.954044 15.000000 20.886334 0.000000 0.000000 21.780763 0.000000 0.000000 6.271931 -1.933901 -4.817211 12.538311 -7.556987 5.806843 2.321940 0.000000 0.000000 13.985425 0.000000 0.000000 -1.013052 -2.505694 -6.799366 7.506763 -10.180362 15.000000 13.543080 0.000000 0.000000 20.165509 0.000000 0.000000 -3.109834 -2.403556 -3.139792 1.231090 16.371946 113.629179 23.259881 0.000000 0.000000 23.663982 0.000000 0.000000 -4.610124 -2.491975 -2.359596 0.000000 0.000000 0.000000 0.000000 0.000000 0.000000 0.000000 0.000000 0.000000 0.000000 0.000000 0.000000 0.000000 0.000000 0.000000 0.000000 0.000000 0.000000 0.000000 0.000000 0.000000 0.000000 0.000000 0.000000 
0.000000 89.700000 0.000000 0.000000 0.000000 0.000000 -1.597079 3.947522 -4.992902 0.875502 -3.940266 -3.515214 -0.734163 0.839441 3.620110 1.118270 0.564205 3.943029 -2.088648 -6.244450 6.299394 0.000000 0.000000 0.000000 -3.329565 -15.669109 -12.720315 -60.337744 -42.697067 19.028819 150.947726 -57.650096 -122.393907 9.500540 13.676630 -61.599493 -20.587111 15.786492 12.898152 -22.388037 0.000000 0.000000 -22.603328 0.000000 0.000000 0.022390 -0.001199 4.934506 -10.398702 13.583943 14.413083 -21.378846 0.000000 0.000000 -22.271581 0.000000 0.000000 2.447046 -0.079831 2.056764 -0.012125 -17.910448 119.991971 -24.024484 0.000000 0.000000 -41.378012 0.000000 0.000000 4.260386 -0.094452 1.375350 -16.225491 9.952544 15.000000 -21.089025 0.000000 0.000000 -21.137804 0.000000 0.000000 -6.917769 0.291382 2.291170 -18.109241 9.368476 9.356845 -4.471155 0.000000 0.000000 -11.300264 0.000000 0.000000 0.441624 -0.014543 2.538997 6.961886 15.484064 -11.623475 52.573405 34.378955 15.121636 -155.635528 48.916070 -125.950228 -7.626159 -6.481289 -68.109907 9.085861 -12.316490 14.932035 21.271042 0.000000 0.000000 21.418825 0.000000 0.000000 -7.969741 -5.107087 -8.050663 7.862155 -7.586948 15.000000 21.128104 0.000000 0.000000 21.850791 0.000000 0.000000 6.271931 -1.933901 -4.817211 12.718445 -7.325165 4.217335 1.677740 0.000000 0.000000 13.958595 0.000000 0.000000 -1.013052 -2.505694 -6.799366 8.653514 -10.255234 15.000000 13.120410 0.000000 0.000000 20.036834 0.000000 0.000000 -3.109834 -2.403556 -3.139792 1.432345 15.991374 113.683888 23.142595 0.000000 0.000000 34.816266 0.000000 0.000000 -4.610124 -2.491975 -2.359596 0.000000 0.000000 0.000000 0.000000 0.000000 0.000000 0.000000 0.000000 0.000000 0.000000 0.000000 0.000000 0.000000 0.000000 0.000000 0.000000 0.000000 0.000000 0.000000 0.000000 0.000000 0.000000 0.000000 0.000000 
0.000000 89.700000 0.000000 0.000000 0.000000 0.000000 -1.652085 3.383331 -4.954374 0.982070 -4.013558 -3.584896 -0.717739 0.759039 3.656546 1.147698 0.576276 3.870096 -2.071988 -6.367807 6.226425 0.000000 0.000000 0.000000 -3.231407 -15.489855 -12.796314 -60.390467 -42.696349 19.109923 151.347460 -57.449247 -122.705167 9.635123 14.334365 -62.257872 -21.547257 16.586928 12.500093 -22.496215 0.000000 0.000000 -22.357544 0.000000 0.000000 0.022390 -0.001199 4.934506 -10.217221 14.191944 14.289419 -22.384558 0.000000 0.000000 -22.603596 0.000000 0.000000 2.447046 -0.079831 2.056764 -0.003506 -17.183772 119.995234 -24.151216 0.000000 0.000000 -42.001191 0.000000 0.000000 4.260386 -0.094452 1.375350 -16.486689 10.592927 15.000000 -21.541610 0.000000 0.000000 -21.351534 0.000000 0.000000 -6.917769 0.291382 2.291170 -18.120705 9.762161 8.434200 -4.020309 0.000000 0.000000 -11.331624 0.000000 0.000000 0.441624 -0.014543 2.538997 6.918366 15.418477 -11.757266 53.063895 34.361556 15.445034 -155.947007 48.609020 -126.182782 -7.326036 -6.955286 -67.305858 10.146513 -12.238945 14.956633 21.109264 0.000000 0.000000 21.422064 0.000000 0.000000 -7.969741 -5.107087 -8.050663 7.897038 -7.154256 15.000000 21.333350 0.000000 0.000000 22.012868 0.000000 0.000000 6.271931 -1.933901 -4.817211 12.313324 -6.972500 3.554285 1.404883 0.000000 0.000000 13.871717 0.000000 0.000000 -1.013052 -2.505694 -6.799366 9.984462 -10.571821 14.999999 12.524845 0.000000 0.000000 19.655571 0.000000 0.000000 -3.109834 -2.403556 -3.139792 1.231091 16.251841 114.187678 22.554750 0.000000 0.000000 41.247182 0.000000 0.000000 -4.610124 -2.491975 -2.359596 0.000000 0.000000 0.000000 0.000000 0.000000 0.000000 0.000000 0.000000 0.000000 0.000000 0.000000 0.000000 0.000000 0.000000 0.000000 0.000000 0.000000 0.000000 0.000000 0.000000 0.000000 0.000000 0.000000 0.000000 
0.000000 89.700000 0.000000 0.000000 0.000000 0.000000 -1.697320 2.784978 -4.878189 1.095612 -4.087041 -3.654038 -0.694202 0.673344 3.702149 1.151497 0.601453 3.803615 -2.074582 -6.514837 6.134629 0.000000 0.000000 0.000000 -3.098575 -15.334289 -12.871176 -60.451565 -42.705729 19.196350 151.705831 -57.277149 -122.984972 9.792093 15.101650 -62.535063 -23.708236 17.416472 12.021061 -22.517388 0.000000 0.000000 -21.925718 0.000000 0.000000 0.022390 -0.001199 4.934506 -9.901087 14.694766 13.988454 -23.636054 0.000000 0.000000 -23.089588 0.000000 0.000000 2.447046 -0.079831 2.056764 -0.000891 -16.580051 119.983921 -23.953223 0.000000 0.000000 -42.520409 0.000000 0.000000 4.260386 -0.094452 1.375350 -18.133948 11.093973 15.000000 -22.022104 0.000000 0.000000 -21.457231 0.000000 0.000000 -6.917769 0.291382 2.291170 -19.713278 10.085824 9.356841 -4.496189 0.000000 0.000000 -11.364495 0.000000 0.000000 0.441624 -0.014543 2.538997 6.869450 15.322409 -11.910581 53.535258 34.295880 15.767568 -156.245424 48.327092 -126.279622 -7.097983 -7.383681 -66.540337 11.090214 -12.162505 14.978405 20.989732 0.000000 0.000000 21.373961 0.000000 0.000000 -7.969741 -5.107087 -8.050663 8.369289 -6.693314 15.000000 21.578465 0.000000 0.000000 22.204632 0.000000 0.000000 6.271931 -1.933901 -4.817211 12.895561 -6.544501 4.813835 1.902058 0.000000 0.000000 13.738244 0.000000 0.000000 -1.013052 -2.505694 -6.799366 11.043358 -10.836861 14.999982 12.048507 0.000000 0.000000 19.296946 0.000000 0.000000 -3.109834 -2.403556 -3.139792 0.783686 16.688171 114.783582 21.492299 0.000000 0.000000 43.397630 0.000000 0.000000 -4.610124 -2.491975 -2.359596 0.000000 0.000000 0.000000 0.000000 0.000000 0.000000 0.000000 0.000000 0.000000 0.000000 0.000000 0.000000 0.000000 0.000000 0.000000 0.000000 0.000000 0.000000 0.000000 0.000000 0.000000 0.000000 0.000000 0.000000 
0.000000 89.700000 0.000000 0.000000 0.000000 0.000000 -1.730329 2.190171 -4.773304 1.213564 -4.163713 -3.726442 -0.661950 0.584377 3.759630 1.129080 0.655137 3.731776 -2.101757 -6.673146 6.023950 0.000000 0.000000 0.000000 -2.946015 -15.203302 -12.937925 -60.482202 -42.689792 19.246701 152.035213 -57.141995 -123.247633 9.936987 15.786237 -62.466532 -24.655932 18.110107 11.557796 -22.487547 0.000000 0.000000 -21.360396 0.000000 0.000000 0.022390 -0.001199 4.934506 -9.455454 15.010368 13.607114 -24.773902 0.000000 0.000000 -23.529117 0.000000 0.000000 2.447046 -0.079831 2.056764 -0.001188 -16.257094 119.942719 -23.669621 0.000000 0.000000 -42.980888 0.000000 0.000000 4.260386 -0.094452 1.375350 -18.534184 11.364836 15.000000 -22.482884 0.000000 0.000000 -21.462683 0.000000 0.000000 -6.917769 0.291382 2.291170 -20.272949 10.217927 11.409482 -5.547122 0.000000 0.000000 -11.425035 0.000000 0.000000 0.441624 -0.014543 2.538997 6.828734 15.198472 -12.070893 53.966119 34.168301 16.073159 -156.601585 48.122662 -126.424471 -6.953711 -7.582094 -65.742092 11.379428 -12.076671 14.985102 21.108331 0.000000 0.000000 21.290160 0.000000 0.000000 -7.969741 -5.107087 -8.050663 8.892636 -6.317262 14.999994 21.963757 0.000000 0.000000 22.354885 0.000000 0.000000 6.271931 -1.933901 -4.817211 14.113900 -6.232737 7.655518 3.061863 0.000000 0.000000 13.587411 0.000000 0.000000 -1.013052 -2.505694 -6.799366 11.504010 -10.914810 14.999773 11.915771 0.000000 0.000000 19.145686 0.000000 0.000000 -3.109834 -2.403556 -3.139792 0.374782 16.820102 115.244226 20.080592 0.000000 0.000000 43.056658 0.000000 0.000000 -4.610124 -2.491975 -2.359596 0.000000 0.000000 0.000000 0.000000 0.000000 0.000000 0.000000 0.000000 0.000000 0.000000 0.000000 0.000000 0.000000 0.000000 0.000000 0.000000 0.000000 0.000000 0.000000 0.000000 0.000000 0.000000 0.000000 0.000000 
0.000000 89.700000 0.000000 0.000000 0.000000 0.000000 -1.748306 1.627651 -4.645365 1.331944 -4.242145 -3.811171 -0.619578 0.493866 3.832757 1.084280 0.746591 3.641765 -2.159661 -6.832058 5.904225 0.000000 0.000000 0.000000 -2.801500 -15.089785 -12.983441 -60.449674 -42.600860 19.232021 152.366559 -57.054060 -123.543880 10.063203 16.272759 -62.091939 -23.730554 18.508963 11.175139 -22.368260 0.000000 0.000000 -20.760788 0.000000 0.000000 0.022390 -0.001199 4.934506 -8.930061 15.086027 13.208229 -25.484071 0.000000 0.000000 -23.856881 0.000000 0.000000 2.447046 -0.079831 2.056764 -0.008154 -16.278669 119.831981 -23.490716 0.000000 0.000000 -43.327012 0.000000 0.000000 4.260386 -0.094452 1.375350 -17.327410 11.336118 15.000000 -22.873179 0.000000 0.000000 -21.405341 0.000000 0.000000 -6.917769 0.291382 2.291170 -19.532419 10.062903 13.301923 -6.557549 0.000000 0.000000 -11.545647 0.000000 0.000000 0.441624 -0.014543 2.538997 6.818906 15.038813 -12.222463 54.322338 33.959355 16.336970 -156.983014 47.890131 -126.574194 -6.923934 -7.439003 -64.845785 11.168657 -12.104249 14.957600 21.453510 0.000000 0.000000 21.181663 0.000000 0.000000 -7.969741 -5.107087 -8.050663 9.312585 -6.237075 14.999888 22.587039 0.000000 0.000000 22.468708 0.000000 0.000000 6.271931 -1.933901 -4.817211 15.397980 -6.319450 10.812036 4.450903 0.000000 0.000000 13.508285 0.000000 0.000000 -1.013052 -2.505694 -6.799366 10.723163 -10.904977 14.998093 12.173178 0.000000 0.000000 19.277444 0.000000 0.000000 -3.109834 -2.403556 -3.139792 0.163946 16.576939 115.676913 18.600341 0.000000 0.000000 41.770332 0.000000 0.000000 -4.610124 -2.491975 -2.359596 0.000000 0.000000 0.000000 0.000000 0.000000 0.000000 0.000000 0.000000 0.000000 0.000000 0.000000 0.000000 0.000000 0.000000 0.000000 0.000000 0.000000 0.000000 0.000000 0.000000 0.000000 0.000000 0.000000 0.000000 
0.000000 89.700000 0.000000 0.000000 0.000000 0.000000 -1.752470 1.125841 -4.500206 1.446318 -4.315922 -3.912515 -0.567549 0.404211 3.921649 1.025055 0.873461 3.521806 -2.252404 -6.985256 5.791576 0.000000 0.000000 0.000000 -2.706989 -14.977993 -12.981891 -60.331695 -42.381290 19.146826 152.743369 -57.027619 -123.957666 10.267096 16.505424 -61.445996 -23.728645 18.588357 10.879457 -22.116908 0.000000 0.000000 -20.231985 0.000000 0.000000 0.022390 -0.001199 4.934506 -8.789171 14.964848 12.820340 -25.672296 0.000000 0.000000 -24.125756 0.000000 0.000000 2.447046 -0.079831 2.056764 -0.045384 -16.554585 119.587691 -23.462750 0.000000 0.000000 -43.473879 0.000000 0.000000 4.260386 -0.094452 1.375350 -17.009121 11.071967 14.999992 -23.195684 0.000000 0.000000 -21.346406 0.000000 0.000000 -6.917769 0.291382 2.291170 -19.388376 9.695665 14.397153 -7.232182 0.000000 0.000000 -11.790440 0.000000 0.000000 0.441624 -0.014543 2.538997 6.870698 14.826658 -12.345531 54.553040 33.643553 16.525196 -157.386386 47.562894 -126.750285 -7.070224 -7.056321 -63.778289 11.530119 -12.460047 14.827626 22.016262 0.000000 0.000000 21.116681 0.000000 0.000000 -7.969741 -5.107087 -8.050663 9.434137 -6.633121 14.998748 23.533861 0.000000 0.000000 22.655334 0.000000 0.000000 6.271931 -1.933901 -4.817211 16.063236 -6.971011 13.145052 5.721235 0.000000 0.000000 13.625358 0.000000 0.000000 -1.013052 -2.505694 -6.799366 10.410260 -11.007879 14.988387 12.817529 0.000000 0.000000 19.724579 0.000000 0.000000 -3.109834 -2.403556 -3.139792 0.218536 16.167958 116.324337 17.435368 0.000000 0.000000 40.522179 0.000000 0.000000 -4.610124 -2.491975 -2.359596 0.000000 0.000000 0.000000 0.000000 0.000000 0.000000 0.000000 0.000000 0.000000 0.000000 0.000000 0.000000 0.000000 0.000000 0.000000 0.000000 0.000000 0.000000 0.000000 0.000000 0.000000 0.000000 0.000000 0.000000 
0.000000 89.700000 0.000000 0.000000 0.000000 0.000000 -1.750548 0.720211 -4.348893 1.552424 -4.373812 -4.026240 -0.509843 0.319390 4.021282 0.960244 1.018651 3.362506 -2.380883 -7.129881 5.702388 0.000000 0.000000 0.000000 -2.721487 -14.837380 -12.888708 -60.108319 -41.955002 19.005740 153.233580 -57.072551 -124.610547 10.733771 16.378285 -60.564735 -25.182313 18.428814 10.639444 -21.849578 0.000000 0.000000 -19.908010 0.000000 0.000000 0.022390 -0.001199 4.934506 -9.327785 14.741105 12.484278 -25.398433 0.000000 0.000000 -24.381622 0.000000 0.000000 2.447046 -0.079831 2.056764 -0.188761 -16.943904 119.137366 -23.523806 0.000000 0.000000 -43.311632 0.000000 0.000000 4.260386 -0.094452 1.375350 -17.882188 10.769091 14.999879 -23.586126 0.000000 0.000000 -21.393470 0.000000 0.000000 -6.917769 0.291382 2.291170 -19.621236 9.393366 14.811819 -7.668731 0.000000 0.000000 -12.259341 0.000000 0.000000 0.441624 -0.014543 2.538997 7.016851 14.542003 -12.416528 54.585678 33.194502 16.595056 -157.811635 47.162528 -127.125414 -7.470248 -6.801407 -62.417643 12.843352 -13.300904 14.404256 22.977147 0.000000 0.000000 21.277301 0.000000 0.000000 -7.969741 -5.107087 -8.050663 9.805842 -7.441530 14.990540 24.893739 0.000000 0.000000 23.118002 0.000000 0.000000 6.271931 -1.933901 -4.817211 16.693712 -8.007086 14.361183 6.906931 0.000000 0.000000 14.079421 0.000000 0.000000 -1.013052 -2.505694 -6.799366 10.996845 -11.340886 14.947016 13.942448 0.000000 0.000000 20.464105 0.000000 0.000000 -3.109834 -2.403556 -3.139792 0.767952 15.712323 117.234968 16.845002 0.000000 0.000000 39.895660 0.000000 0.000000 -4.610124 -2.491975 -2.359596 0.000000 0.000000 0.000000 0.000000 0.000000 0.000000 0.000000 0.000000 0.000000 0.000000 0.000000 0.000000 0.000000 0.000000 0.000000 0.000000 0.000000 0.000000 0.000000 0.000000 0.000000 0.000000 0.000000 0.000000 
0.000000 89.700000 0.000000 0.000000 0.000000 0.000000 -1.753601 0.456707 -4.209073 1.645338 -4.399236 -4.142425 -0.454136 0.246682 4.121879 0.896434 1.148945 3.156096 -2.541161 -7.265588 5.649492 0.000000 0.000000 0.000000 -2.924716 -14.614916 -12.641419 -59.744319 -41.216710 18.831575 153.953500 -57.180430 -125.673058 11.611996 15.754340 -59.505769 -25.745597 18.099474 10.419167 -21.805219 0.000000 0.000000 -19.913335 0.000000 0.000000 0.022390 -0.001199 4.934506 -9.880386 14.479018 12.232261 -24.722742 0.000000 0.000000 -24.620398 0.000000 0.000000 2.447046 -0.079831 2.056764 -0.600475 -17.384109 118.430538 -23.572384 0.000000 0.000000 -42.590621 0.000000 0.000000 4.260386 -0.094452 1.375350 -18.060841 10.614259 14.998821 -24.301507 0.000000 0.000000 -21.691951 0.000000 0.000000 -6.917769 0.291382 2.291170 -19.576652 9.461817 14.837327 -8.163932 0.000000 0.000000 -13.124129 0.000000 0.000000 0.441624 -0.014543 2.538997 7.285685 14.171804 -12.409306 54.318826 32.599885 16.493560 -158.124622 46.726942 -127.343641 -8.216434 -7.171453 -60.573159 14.374989 -14.651336 13.317887 24.569285 0.000000 0.000000 21.954029 0.000000 0.000000 -7.969741 -5.107087 -8.050663 10.779151 -8.285682 14.948908 26.782725 0.000000 0.000000 24.162587 0.000000 0.000000 6.271931 -1.933901 -4.817211 17.083216 -8.843109 14.787599 8.397773 0.000000 0.000000 15.074133 0.000000 0.000000 -1.013052 -2.505694 -6.799366 11.282260 -11.858535 14.815201 15.686427 0.000000 0.000000 21.365494 0.000000 0.000000 -3.109834 -2.403556 -3.139792 2.416529 15.073236 118.209867 16.783589 0.000000 0.000000 40.197197 0.000000 0.000000 -4.610124 -2.491975 -2.359596 0.000000 0.000000 0.000000 0.000000 0.000000 0.000000 0.000000 0.000000 0.000000 0.000000 0.000000 0.000000 0.000000 0.000000 0.000000 0.000000 0.000000 0.000000 0.000000 0.000000 0.000000 0.000000 0.000000 0.000000 
0.000000 89.700000 0.000000 0.000000 0.000000 0.000000 -1.768486 0.391945 -4.100666 1.716311 -4.370283 -4.249894 -0.410375 0.199094 4.209622 0.838666 1.217935 2.891415 -2.721866 -7.393559 5.642317 0.000000 0.000000 0.000000 -3.411321 -14.239446 -12.173097 -59.174060 -40.037277 18.646361 155.072107 -57.323681 -127.355725 12.846866 14.612965 -58.387018 -26.034074 17.611449 10.186421 -22.102196 0.000000 0.000000 -20.240022 0.000000 0.000000 0.022390 -0.001199 4.934506 -11.263749 14.188530 12.023263 -23.695231 0.000000 0.000000 -24.836266 0.000000 0.000000 2.447046 -0.079831 2.056764 -1.495740 -17.921392 117.427066 -23.547741 0.000000 0.000000 -40.945482 0.000000 0.000000 4.260386 -0.094452 1.375350 -18.116823 10.621719 14.991814 -25.560960 0.000000 0.000000 -22.355730 0.000000 0.000000 -6.917769 0.291382 2.291170 -19.486796 9.984734 14.585416 -9.070669 0.000000 0.000000 -14.574802 0.000000 0.000000 0.441624 -0.014543 2.538997 7.696525 13.723732 -12.297859 53.617924 31.885488 16.155772 -158.459338 46.331606 -127.630297 -9.402825 -8.534199 -58.023038 15.854472 -16.415744 11.154663 26.777026 0.000000 0.000000 23.491508 0.000000 0.000000 -7.969741 -5.107087 -8.050663 12.934442 -8.626001 14.796233 29.319465 0.000000 0.000000 26.168716 0.000000 0.000000 6.271931 -1.933901 -4.817211 18.989480 -8.633270 14.789815 10.734182 0.000000 0.000000 16.898166 0.000000 0.000000 -1.013052 -2.505694 -6.799366 12.060868 -12.414912 14.501341 18.057036 0.000000 0.000000 22.199950 0.000000 0.000000 -3.109834 -2.403556 -3.139792 5.993600 14.055243 119.015021 17.009687 0.000000 0.000000 41.653824 0.000000 0.000000 -4.610124 -2.491975 -2.359596 0.000000 0.000000 0.000000 0.000000 0.000000 0.000000 0.000000 0.000000 0.000000 0.000000 0.000000 0.000000 0.000000 0.000000 0.000000 0.000000 0.000000 0.000000 0.000000 0.000000 0.000000 0.000000 0.000000 0.000000 
0.000000 89.700000 0.000000 0.000000 0.000000 0.000000 -1.791613 0.591596 -4.036683 1.747878 -4.261664 -4.341164 -0.389314 0.195809 4.269953 0.794115 1.173536 2.546402 -2.903767 -7.514789 5.686039 0.000000 0.000000 0.000000 -4.262612 -13.645693 -11.437689 -58.306942 -38.295657 18.473398 156.765585 -57.481149 -129.849418 14.019748 13.070379 -57.431536 -27.720784 16.986386 9.911111 -22.581471 0.000000 0.000000 -20.703632 0.000000 0.000000 0.022390 -0.001199 4.934506 -16.204616 13.863811 11.762018 -22.501315 0.000000 0.000000 -25.028382 0.000000 0.000000 2.447046 -0.079831 2.056764 -3.004809 -18.637087 115.985264 -23.485166 0.000000 0.000000 -38.167313 0.000000 0.000000 4.260386 -0.094452 1.375350 -18.627887 10.623258 14.958162 -27.290798 0.000000 0.000000 -23.363880 0.000000 0.000000 -6.917769 0.291382 2.291170 -20.104924 10.721078 14.019592 -10.607841 0.000000 0.000000 -16.572270 0.000000 0.000000 0.441624 -0.014543 2.538997 8.249067 13.238870 -12.063818 52.326521 31.137245 15.506686 -158.821282 46.044545 -128.081209 -11.031559 -10.907590 -54.596368 22.671837 -18.240626 7.949111 29.286601 0.000000 0.000000 26.157343 0.000000 0.000000 -7.969741 -5.107087 -8.050663 19.987008 -8.001329 14.387080 32.526277 0.000000 0.000000 29.356526 0.000000 0.000000 6.271931 -1.933901 -4.817211 25.383478 -6.575861 14.489013 14.328169 0.000000 0.000000 19.738684 0.000000 0.000000 -1.013052 -2.505694 -6.799366 13.871821 -12.849234 13.951798 20.806189 0.000000 0.000000 22.703817 0.000000 0.000000 -3.109834 -2.403556 -3.139792 11.837753 12.767875 119.545409 17.340251 0.000000 0.000000 44.419158 0.000000 0.000000 -4.610124 -2.491975 -2.359596 0.000000 0.000000 0.000000 0.000000 0.000000 0.000000 0.000000 0.000000 0.000000 0.000000 0.000000 0.000000 0.000000 0.000000 0.000000 0.000000 0.000000 0.000000 0.000000 0.000000 0.000000 0.000000 0.000000 0.000000 
0.000000 89.700000 0.000000 0.000000 0.000000 0.000000 -1.809384 1.128776 -4.012791 1.710982 -4.048432 -4.417801 -0.401480 0.259082 4.293024 0.774160 0.966868 2.089514 -3.063062 -7.630419 5.775724 0.000000 0.000000 0.000000 -5.501224 -12.806950 -10.436530 -57.065565 -35.928150 18.351614 159.137802 -57.672852 -133.228034 14.259789 11.251205 -56.972440 -31.050905 16.353316 9.533808 -22.917824 0.000000 0.000000 -21.067557 0.000000 0.000000 0.022390 -0.001199 4.934506 -23.051197 13.546738 11.363880 -21.531492 0.000000 0.000000 -25.141465 0.000000 0.000000 2.447046 -0.079831 2.056764 -5.077020 -19.551597 113.839420 -23.478974 0.000000 0.000000 -34.399891 0.000000 0.000000 4.260386 -0.094452 1.375350 -20.480096 10.484322 14.838690 -28.975443 0.000000 0.000000 -24.491545 0.000000 0.000000 -6.917769 0.291382 2.291170 -22.354456 11.279837 13.149902 -12.594319 0.000000 0.000000 -18.638070 0.000000 0.000000 0.441624 -0.014543 2.538997 8.901632 12.796962 -11.708259 50.298582 30.501799 14.466032 -158.842715 45.991318 -128.413025 -12.881043 -13.897249 -50.245921 39.785198 -19.314791 4.699942 31.793785 0.000000 0.000000 29.956009 0.000000 0.000000 -7.969741 -5.107087 -8.050663 33.914614 -6.240236 13.584087 36.225337 0.000000 0.000000 33.448076 0.000000 0.000000 6.271931 -1.933901 -4.817211 38.556003 -2.438435 13.782339 19.158800 0.000000 0.000000 23.392582 0.000000 0.000000 -1.013052 -2.505694 -6.799366 15.942283 -12.995129 13.277095 23.396732 0.000000 0.000000 22.656759 0.000000 0.000000 -3.109834 -2.403556 -3.139792 19.037198 11.675969 119.825640 17.721929 0.000000 0.000000 48.047302 0.000000 0.000000 -4.610124 -2.491975 -2.359596 0.000000 0.000000 0.000000 0.000000 0.000000 0.000000 0.000000 0.000000 0.000000 0.000000 0.000000 0.000000 0.000000 0.000000 0.000000 0.000000 0.000000 0.000000 0.000000 0.000000 0.000000 0.000000 0.000000 0.000000 
0.000000 89.700000 0.000000 0.000000 0.000000 0.000000 -1.803345 2.087198 -4.003926 1.567124 -3.709535 -4.492876 -0.454159 0.408988 4.276630 0.789739 0.557818 1.497823 -3.177776 -7.746733 5.890280 0.000000 0.000000 0.000000 -7.058018 -11.755285 -9.229453 -55.450081 -32.975168 18.354699 162.164666 -57.965738 -137.378152 12.422447 9.262775 -57.367538 -33.319081 15.950561 8.891859 -22.883017 0.000000 0.000000 -21.172560 0.000000 0.000000 0.022390 -0.001199 4.934506 -26.396263 13.362486 10.703023 -21.198545 0.000000 0.000000 -25.033164 0.000000 0.000000 2.447046 -0.079831 2.056764 -7.606247 -20.614200 111.020166 -23.591736 0.000000 0.000000 -29.956863 0.000000 0.000000 4.260386 -0.094452 1.375350 -22.494452 10.354918 14.522593 -29.866406 0.000000 0.000000 -25.334666 0.000000 0.000000 -6.917769 0.291382 2.291170 -25.018943 11.440400 12.156196 -14.433523 0.000000 0.000000 -20.010790 0.000000 0.000000 0.441624 -0.014543 2.538997 9.553939 12.505627 -11.256003 47.436925 30.147985 12.947867 -158.026405 46.726964 -128.289108 -14.474117 -16.852709 -45.063791 56.664945 -18.696304 2.994992 34.259025 0.000000 0.000000 34.504339 0.000000 0.000000 -7.969741 -5.107087 -8.050663 47.488263 -3.542566 12.426260 40.039614 0.000000 0.000000 37.624907 0.000000 0.000000 6.271931 -1.933901 -4.817211 57.207162 2.928757 12.455068 24.662820 0.000000 0.000000 27.264651 0.000000 0.000000 -1.013052 -2.505694 -6.799366 18.993657 -12.649489 12.780922 25.100871 0.000000 0.000000 21.906624 0.000000 0.000000 -3.109834 -2.403556 -3.139792 25.705289 11.138538 119.934667 18.099604 0.000000 0.000000 51.028175 0.000000 0.000000 -4.610124 -2.491975 -2.359596 0.000000 0.000000 0.000000 0.000000 0.000000 0.000000 0.000000 0.000000 0.000000 0.000000 0.000000 0.000000 0.000000 0.000000 0.000000 0.000000 0.000000 0.000000 0.000000 0.000000 0.000000 0.000000 0.000000 0.000000 
0.000000 89.700000 0.000000 0.000000 0.000000 0.000000 -1.751736 3.566734 -3.974984 1.274458 -3.229627 -4.587847 -0.545747 0.657856 4.225310 0.838165 -0.088719 0.781550 -3.236466 -7.879729 5.996446 0.000000 0.000000 0.000000 -8.779579 -10.577105 -7.921076 -53.591879 -29.609758 18.590431 165.696036 -58.431826 -142.012857 7.713069 7.226528 -58.830993 -34.235365 15.988395 7.740704 -22.480295 0.000000 0.000000 -20.929080 0.000000 0.000000 0.022390 -0.001199 4.934506 -28.339284 13.486902 9.518978 -21.643922 0.000000 0.000000 -24.562379 0.000000 0.000000 2.447046 -0.079831 2.056764 -10.584596 -21.788697 108.415039 -23.801909 0.000000 0.000000 -25.060612 0.000000 0.000000 4.260386 -0.094452 1.375350 -25.452371 10.598624 13.897915 -29.463952 0.000000 0.000000 -25.444768 0.000000 0.000000 -6.917769 0.291382 2.291170 -30.611103 11.283626 11.309405 -15.526281 0.000000 0.000000 -20.119695 0.000000 0.000000 0.441624 -0.014543 2.538997 10.060096 12.468259 -10.740978 43.711028 30.194847 10.856058 -156.023440 48.909115 -127.463993 -15.232584 -19.133234 -39.231201 63.323745 -16.186981 3.616685 36.712431 0.000000 0.000000 39.102193 0.000000 0.000000 -7.969741 -5.107087 -8.050663 59.949683 -0.361496 11.159887 43.479292 0.000000 0.000000 40.951330 0.000000 0.000000 6.271931 -1.933901 -4.817211 77.884273 7.839277 10.330687 29.929675 0.000000 0.000000 30.690540 0.000000 0.000000 -1.013052 -2.505694 -6.799366 20.983825 -11.593671 12.757243 25.272375 0.000000 0.000000 20.313308 0.000000 0.000000 -3.109834 -2.403556 -3.139792 30.319931 11.032140 119.929161 18.362881 0.000000 0.000000 51.444043 0.000000 0.000000 -4.610124 -2.491975 -2.359596 0.000000 0.000000 0.000000 0.000000 0.000000 0.000000 0.000000 0.000000 0.000000 0.000000 0.000000 0.000000 0.000000 0.000000 0.000000 0.000000 0.000000 0.000000 0.000000 0.000000 0.000000 0.000000 0.000000 0.000000 
0.000000 89.700000 0.000000 0.000000 0.000000 0.000000 -1.624463 5.671973 -3.897311 0.796616 -2.600022 -4.727763 -0.663245 1.005958 4.150340 0.888807 -1.011547 -0.004593 -3.246085 -8.047543 6.067480 0.000000 0.000000 0.000000 -10.477014 -9.388267 -6.630361 -51.741911 -26.126983 19.153668 169.489479 -59.084421 -146.760467 0.439907 5.112572 -61.273033 -35.661331 16.443544 5.975386 -21.828471 0.000000 0.000000 -20.333906 0.000000 0.000000 0.022390 -0.001199 4.934506 -29.776330 14.026427 7.579885 -22.615151 0.000000 0.000000 -23.811080 0.000000 0.000000 2.447046 -0.079831 2.056764 -13.960509 -23.080188 107.479031 -23.983271 0.000000 0.000000 -20.006145 0.000000 0.000000 4.260386 -0.094452 1.375350 -30.967744 11.338967 12.975008 -27.845696 0.000000 0.000000 -24.601777 0.000000 0.000000 -6.917769 0.291382 2.291170 -34.879378 10.992256 10.815909 -15.703800 0.000000 0.000000 -18.984510 0.000000 0.000000 0.441624 -0.014543 2.538997 10.276353 12.744233 -10.181934 39.138280 30.644873 8.092936 -151.225503 53.200939 -124.103711 -14.789849 -20.278233 -32.928760 70.084549 -12.688435 5.723339 38.869970 0.000000 0.000000 43.098714 0.000000 0.000000 -7.969741 -5.107087 -8.050663 71.392070 2.778878 9.963789 46.007716 0.000000 0.000000 42.960521 0.000000 0.000000 6.271931 -1.933901 -4.817211 79.437346 10.958338 7.419282 34.018538 0.000000 0.000000 33.238047 0.000000 0.000000 -1.013052 -2.505694 -6.799366 19.261689 -9.747421 13.219880 23.685906 0.000000 0.000000 17.757853 0.000000 0.000000 -3.109834 -2.403556 -3.139792 32.690641 11.042204 119.788574 18.493222 0.000000 0.000000 48.545890 0.000000 0.000000 -4.610124 -2.491975 -2.359596 0.000000 0.000000 0.000000 0.000000 0.000000 0.000000 0.000000 0.000000 0.000000 0.000000 0.000000 0.000000 0.000000 0.000000 0.000000 0.000000 0.000000 0.000000 0.000000 0.000000 0.000000 0.000000 0.000000 0.000000 
0.000000 89.700000 0.000000 0.000000 0.000000 0.000000 -1.376748 8.465661 -3.752272 0.111915 -1.820008 -4.940006 -0.788278 1.441737 4.074948 0.883044 -2.248300 -0.775435 -3.233483 -8.249648 6.103451 0.000000 0.000000 0.000000 -11.989689 -8.300845 -5.462794 -50.178289 -22.864234 20.059300 173.243139 -59.847928 -151.270277 -7.927821 2.625553 -64.265166 -35.728432 16.968770 3.792866 -20.987615 0.000000 0.000000 -19.565188 0.000000 0.000000 0.022390 -0.001199 4.934506 -30.477014 14.827125 5.027768 -23.647095 0.000000 0.000000 -23.175284 0.000000 0.000000 2.447046 -0.079831 2.056764 -17.411630 -24.441583 108.987384 -23.921220 0.000000 0.000000 -15.445908 0.000000 0.000000 4.260386 -0.094452 1.375350 -35.486160 12.136920 11.949603 -25.580669 0.000000 0.000000 -23.065509 0.000000 0.000000 -6.917769 0.291382 2.291170 -38.152669 10.584295 10.766001 -15.238255 0.000000 0.000000 -17.220740 0.000000 0.000000 0.441624 -0.014543 2.538997 10.115765 13.331964 -9.571407 33.744206 31.364214 4.589861 -140.147373 59.478497 -115.542954 -13.240032 -20.085519 -26.250156 75.587486 -9.488214 7.730434 40.190562 0.000000 0.000000 46.252933 0.000000 0.000000 -7.969741 -5.107087 -8.050663 77.636300 5.372919 8.723709 47.184030 0.000000 0.000000 43.875286 0.000000 0.000000 6.271931 -1.933901 -4.817211 78.871707 12.147292 3.898767 36.273924 0.000000 0.000000 34.796031 0.000000 0.000000 -1.013052 -2.505694 -6.799366 16.680278 -7.374444 13.890666 20.720598 0.000000 0.000000 14.184332 0.000000 0.000000 -3.109834 -2.403556 -3.139792 33.632532 11.161138 119.381677 18.655608 0.000000 0.000000 43.445212 0.000000 0.000000 -4.610124 -2.491975 -2.359596 0.000000 0.000000 0.000000 0.000000 0.000000 0.000000 0.000000 0.000000 0.000000 0.000000 0.000000 0.000000 0.000000 0.000000 0.000000 0.000000 0.000000 0.000000 0.000000 0.000000 0.000000 0.000000 0.000000 0.000000 
0.000000 89.700000 0.000000 0.000000 0.000000 0.000000 -0.950900 11.905402 -3.520433 -0.782829 -0.898219 -5.248995 -0.907251 1.949227 4.039598 0.756799 -3.812514 -1.447378 -3.236419 -8.455149 6.127584 0.000000 0.000000 0.000000 -13.230044 -7.393537 -4.497567 -49.091045 -20.070310 21.228531 176.641151 -60.597802 -155.292796 -15.667899 -0.489001 -67.176621 -32.760861 17.086562 1.539382 -19.931857 0.000000 0.000000 -18.896272 0.000000 0.000000 0.022390 -0.001199 4.934506 -28.799950 15.404802 2.401749 -24.371848 0.000000 0.000000 -23.039070 0.000000 0.000000 2.447046 -0.079831 2.056764 -20.440548 -25.754016 112.151321 -23.462345 0.000000 0.000000 -12.123289 0.000000 0.000000 4.260386 -0.094452 1.375350 -34.960462 12.287204 11.080574 -23.346165 0.000000 0.000000 -21.456965 0.000000 0.000000 -6.917769 0.291382 2.291170 -40.936921 9.883886 11.139691 -14.557731 0.000000 0.000000 -15.660839 0.000000 0.000000 0.441624 -0.014543 2.538997 9.574902 14.187147 -8.886842 27.551806 32.112190 0.346851 -118.896244 65.543450 -97.586051 -11.017638 -18.679718 -19.170146 79.248469 -7.401047 8.623336 40.441339 0.000000 0.000000 48.554163 0.000000 0.000000 -7.969741 -5.107087 -8.050663 82.203409 7.006356 7.231778 47.001406 0.000000 0.000000 44.202705 0.000000 0.000000 6.271931 -1.933901 -4.817211 84.838878 11.986247 -0.034115 36.594904 0.000000 0.000000 35.442185 0.000000 0.000000 -1.013052 -2.505694 -6.799366 15.338629 -4.995776 14.458261 17.169919 0.000000 0.000000 9.551379 0.000000 0.000000 -3.109834 -2.403556 -3.139792 34.002085 11.732651 118.468743 19.068892 0.000000 0.000000 38.049672 0.000000 0.000000 -4.610124 -2.491975 -2.359596 0.000000 0.000000 0.000000 0.000000 0.000000 0.000000 0.000000 0.000000 0.000000 0.000000 0.000000 0.000000 0.000000 0.000000 0.000000 0.000000 0.000000 0.000000 0.000000 0.000000 0.000000 0.000000 0.000000 0.000000 
0.000000 89.700000 0.000000 0.000000 0.000000 0.000000 -0.297049 15.819083 -3.174234 -1.871058 0.144279 -5.656906 -1.016930 2.517255 4.091764 0.474689 -5.669733 -1.963969 -3.287354 -8.620946 6.159607 0.000000 0.000000 0.000000 -14.189597 -6.697650 -3.783960 -48.521029 -17.816664 22.538839 179.433917 -61.239125 -158.720620 -21.757193 -4.069124 -69.412034 -32.725907 16.531684 -0.493258 -18.669847 0.000000 0.000000 -18.456380 0.000000 0.000000 0.022390 -0.001199 4.934506 -25.106929 15.221160 0.244149 -24.602816 0.000000 0.000000 -23.328045 0.000000 0.000000 2.447046 -0.079831 2.056764 -22.690846 -26.915081 115.200398 -22.670499 0.000000 0.000000 -10.324414 0.000000 0.000000 4.260386 -0.094452 1.375350 -33.501370 11.415910 10.521075 -21.582485 0.000000 0.000000 -20.328280 0.000000 0.000000 -6.917769 0.291382 2.291170 -40.786821 8.717767 11.824266 -13.991917 0.000000 0.000000 -14.870159 0.000000 0.000000 0.441624 -0.014543 2.538997 8.726233 15.248343 -8.110919 20.655332 32.588184 -4.521850 -83.113170 67.244726 -65.661008 -8.552778 -16.496403 -11.606338 81.046442 -6.569262 8.261972 40.088430 0.000000 0.000000 49.855212 0.000000 0.000000 -7.969741 -5.107087 -8.050663 84.400654 7.479814 5.474408 46.063380 0.000000 0.000000 44.240235 0.000000 0.000000 6.271931 -1.933901 -4.817211 90.182031 10.997146 -4.108658 35.490110 0.000000 0.000000 35.303522 0.000000 0.000000 -1.013052 -2.505694 -6.799366 13.338153 -2.929143 14.793563 13.778140 0.000000 0.000000 4.064607 0.000000 0.000000 -3.109834 -2.403556 -3.139792 34.195979 13.125890 116.807848 19.861791 0.000000 0.000000 33.706265 0.000000 0.000000 -4.610124 -2.491975 -2.359596 0.000000 0.000000 0.000000 0.000000 0.000000 0.000000 0.000000 0.000000 0.000000 0.000000 0.000000 0.000000 0.000000 0.000000 0.000000 0.000000 0.000000 0.000000 0.000000 0.000000 0.000000 0.000000 0.000000 0.000000 
0.000000 89.700000 0.000000 0.000000 0.000000 0.000000 0.592390 19.952339 -2.684181 -3.107819 1.267031 -6.122664 -1.122975 3.138589 4.254402 0.050841 -7.723127 -2.300850 -3.399030 -8.726685 6.201028 0.000000 0.000000 0.000000 -14.912366 -6.203760 -3.333829 -48.378712 -16.019602 23.865947 -178.484050 -61.751366 -161.571332 -26.018444 -7.601706 -70.618636 -35.581948 15.419733 -2.085198 -17.376149 0.000000 0.000000 -18.187340 0.000000 0.000000 0.022390 -0.001199 4.934506 -25.664917 14.107296 -1.218814 -24.240883 0.000000 0.000000 -23.545866 0.000000 0.000000 2.447046 -0.079831 2.056764 -24.128947 -27.853532 116.762988 -21.744714 0.000000 0.000000 -9.792644 0.000000 0.000000 4.260386 -0.094452 1.375350 -33.185311 9.733691 10.281180 -20.425799 0.000000 0.000000 -19.881309 0.000000 0.000000 -6.917769 0.291382 2.291170 -39.314329 7.109808 12.664456 -13.683394 0.000000 0.000000 -14.914856 0.000000 0.000000 0.441624 -0.014543 2.538997 7.696733 16.436644 -7.243650 13.371967 32.497007 -9.723683 -47.746901 59.708933 -34.957028 -6.188660 -14.111667 -3.559960 81.518949 -6.695414 6.981255 39.980769 0.000000 0.000000 50.036854 0.000000 0.000000 -7.969741 -5.107087 -8.050663 85.983733 6.885150 3.615715 45.255479 0.000000 0.000000 44.120879 0.000000 0.000000 6.271931 -1.933901 -4.817211 97.988066 9.544035 -7.781434 33.853811 0.000000 0.000000 34.678221 0.000000 0.000000 -1.013052 -2.505694 -6.799366 10.999817 -1.026249 14.939082 10.954639 0.000000 0.000000 -1.365065 0.000000 0.000000 -3.109834 -2.403556 -3.139792 34.295950 15.312601 114.411647 21.018259 0.000000 0.000000 30.747313 0.000000 0.000000 -4.610124 -2.491975 -2.359596 0.000000 0.000000 0.000000 0.000000 0.000000 0.000000 0.000000 0.000000 0.000000 0.000000 0.000000 0.000000 0.000000 0.000000 0.000000 0.000000 0.000000 0.000000 0.000000 0.000000 0.000000 0.000000 0.000000 0.000000 
0.000000 89.700000 0.000000 0.000000 0.000000 0.000000 1.662842 24.051986 -2.034113 -4.411281 2.407865 -6.566152 -1.233491 3.796541 4.497979 -0.460921 -9.815998 -2.462126 -3.557074 -8.793624 6.244726 0.000000 0.000000 0.000000 -15.461038 -5.876279 -3.111797 -48.509257 -14.534647 25.088702 -177.054814 -62.173690 -163.923627 -28.730049 -10.566474 -70.766488 -37.089614 14.106939 -3.125466 -16.400793 0.000000 0.000000 -18.058157 0.000000 0.000000 0.022390 -0.001199 4.934506 -26.606430 12.331503 -2.013848 -23.363890 0.000000 0.000000 -23.308300 0.000000 0.000000 2.447046 -0.079831 2.056764 -25.039230 -28.511489 116.503905 -20.797256 0.000000 0.000000 -10.084391 0.000000 0.000000 4.260386 -0.094452 1.375350 -32.779056 7.781436 10.236968 -19.886743 0.000000 0.000000 -20.058615 0.000000 0.000000 -6.917769 0.291382 2.291170 -38.375625 5.247933 13.494988 -13.685303 0.000000 0.000000 -15.556810 0.000000 0.000000 0.441624 -0.014543 2.538997 6.642115 17.639827 -6.302186 6.314284 31.676342 -14.772387 -25.506634 43.685653 -19.376479 -4.321990 -12.035638 4.753225 78.679982 -7.286889 5.274717 40.696739 0.000000 0.000000 49.344237 0.000000 0.000000 -7.969741 -5.107087 -8.050663 84.531412 5.578513 1.856905 45.221689 0.000000 0.000000 44.045372 0.000000 0.000000 6.271931 -1.933901 -4.817211 99.965844 8.008574 -10.367924 32.554659 0.000000 0.000000 34.091274 0.000000 0.000000 -1.013052 -2.505694 -6.799366 6.597310 1.004024 14.986255 8.839292 0.000000 0.000000 -5.483759 0.000000 0.000000 -3.109834 -2.403556 -3.139792 34.314047 17.652478 111.767043 22.332476 0.000000 0.000000 28.613936 0.000000 0.000000 -4.610124 -2.491975 -2.359596 0.000000 0.000000 0.000000 0.000000 0.000000 0.000000 0.000000 0.000000 0.000000 0.000000 0.000000 0.000000 0.000000 0.000000 0.000000 0.000000 0.000000 0.000000 0.000000 0.000000 0.000000 0.000000 0.000000 0.000000 
0.000000 89.700000 0.000000 0.000000 0.000000 0.000000 2.812195 27.923544 -1.240432 -5.674041 3.495215 -6.904463 -1.350277 4.453349 4.749554 -0.998001 -11.763623 -2.473538 -3.723053 -8.865033 6.286917 0.000000 0.000000 0.000000 -15.897080 -5.661575 -3.040103 -48.754305 -13.237927 26.099502 -176.097138 -62.566166 -165.871142 -30.274994 -12.632106 -70.092142 -37.754396 12.874667 -3.710318 -16.132572 0.000000 0.000000 -18.253921 0.000000 0.000000 0.022390 -0.001199 4.934506 -27.548561 10.246253 -2.200922 -22.372343 0.000000 0.000000 -22.760419 0.000000 0.000000 2.447046 -0.079831 2.056764 -25.909753 -28.963468 114.773578 -19.825096 0.000000 0.000000 -10.867669 0.000000 0.000000 4.260386 -0.094452 1.375350 -33.577566 5.958844 10.141742 -20.073997 0.000000 0.000000 -20.831429 0.000000 0.000000 -6.917769 0.291382 2.291170 -39.332381 3.217467 14.151683 -14.159396 0.000000 0.000000 -16.658932 0.000000 0.000000 0.441624 -0.014543 2.538997 5.708000 18.723903 -5.318398 0.184271 30.225648 -19.152765 -15.211963 28.902837 -15.649874 -3.301867 -10.627138 12.888855 74.562271 -7.868359 3.659308 42.237490 0.000000 0.000000 48.199155 0.000000 0.000000 -7.969741 -5.107087 -8.050663 80.482846 4.051862 0.425033 46.045852 0.000000 0.000000 44.090488 0.000000 0.000000 6.271931 -1.933901 -4.817211 99.092176 6.754663 -11.459883 31.970027 0.000000 0.000000 33.779468 0.000000 0.000000 -1.013052 -2.505694 -6.799366 2.363843 3.113153 14.997677 7.460377 0.000000 0.000000 -7.790215 0.000000 0.000000 -3.109834 -2.403556 -3.139792 34.221161 19.253489 109.692507 23.430973 0.000000 0.000000 26.362173 0.000000 0.000000 -4.610124 -2.491975 -2.359596 0.000000 0.000000 0.000000 0.000000 0.000000 0.000000 0.000000 0.000000 0.000000 0.000000 0.000000 0.000000 0.000000 0.000000 0.000000 0.000000 0.000000 0.000000 0.000000 0.000000 0.000000 0.000000 0.000000 0.000000 
0.000000 89.700000 0.000000 0.000000 0.000000 0.000000 3.927619 31.440695 -0.364863 -6.791103 4.464124 -7.091877 -1.463314 5.054918 4.936214 -1.514620 -13.405572 -2.362567 -3.849170 -8.959373 6.326224 0.000000 0.000000 0.000000 -16.275818 -5.493559 -3.024138 -48.983882 -12.056689 26.837225 -175.376968 -62.978487 -167.523003 -30.980103 -13.661194 -68.961031 -38.161473 11.675074 -4.041134 -16.801508 0.000000 0.000000 -19.138157 0.000000 0.000000 0.022390 -0.001199 4.934506 -28.178842 7.948062 -1.786962 -21.800568 0.000000 0.000000 -22.452545 0.000000 0.000000 2.447046 -0.079831 2.056764 -27.180556 -29.535235 112.121348 -18.899298 0.000000 0.000000 -11.997863 0.000000 0.000000 4.260386 -0.094452 1.375350 -35.604821 4.267280 9.717565 -21.266089 0.000000 0.000000 -22.387108 0.000000 0.000000 -6.917769 0.291382 2.291170 -41.879048 0.829290 14.471546 -15.483991 0.000000 0.000000 -18.396504 0.000000 0.000000 0.441624 -0.014543 2.538997 4.988066 19.582239 -4.341884 -4.585327 28.468898 -22.574299 -9.454404 18.106935 -15.368031 -3.114857 -10.087433 20.306678 71.255589 -8.134638 2.562953 44.244496 0.000000 0.000000 46.805814 0.000000 0.000000 -7.969741 -5.107087 -8.050663 75.871528 2.770792 -0.415609 47.293688 0.000000 0.000000 44.006818 0.000000 0.000000 6.271931 -1.933901 -4.817211 98.234723 6.017384 -11.045288 31.845390 0.000000 0.000000 33.267159 0.000000 0.000000 -1.013052 -2.505694 -6.799366 -0.373264 4.912387 14.999716 6.784122 0.000000 0.000000 -8.874545 0.000000 0.000000 -3.109834 -2.403556 -3.139792 33.919017 19.607321 108.904631 23.888288 0.000000 0.000000 23.407942 0.000000 0.000000 -4.610124 -2.491975 -2.359596 0.000000 0.000000 0.000000 0.000000 0.000000 0.000000 0.000000 0.000000 0.000000 0.000000 0.000000 0.000000 0.000000 0.000000 0.000000 0.000000 0.000000 0.000000 0.000000 0.000000 0.000000 0.000000 0.000000 0.000000 
0.000000 89.700000 0.000000 0.000000 0.000000 0.000000 4.916442 34.527196 0.495524 -7.681381 5.260450 -7.128657 -1.554944 5.548906 5.023147 -1.984869 -14.646358 -2.136869 -3.899154 -9.046176 6.357193 0.000000 0.000000 0.000000 -16.642261 -5.306806 -2.983508 -49.104173 -10.968445 27.306979 -174.687018 -63.428693 -169.003440 -31.129424 -13.728833 -67.719050 -38.651411 10.109388 -4.123321 -18.382521 0.000000 0.000000 -21.036979 0.000000 0.000000 0.022390 -0.001199 4.934506 -29.350888 5.264478 -0.787361 -21.894041 0.000000 0.000000 -22.838546 0.000000 0.000000 2.447046 -0.079831 2.056764 -28.991691 -30.646919 109.107256 -18.216457 0.000000 0.000000 -13.442266 0.000000 0.000000 4.260386 -0.094452 1.375350 -37.778310 2.521886 8.728078 -23.749420 0.000000 0.000000 -24.990794 0.000000 0.000000 -6.917769 0.291382 2.291170 -45.676040 -2.120747 14.205963 -18.123385 0.000000 0.000000 -21.086012 0.000000 0.000000 0.441624 -0.014543 2.538997 4.509076 20.177178 -3.439512 -7.970905 26.765621 -25.040088 -6.209070 10.870021 -16.369973 -3.369102 -10.390899 26.569006 68.690972 -7.968516 2.210693 46.311424 0.000000 0.000000 45.249808 0.000000 0.000000 -7.969741 -5.107087 -8.050663 73.811263 2.052405 -0.521115 48.366314 0.000000 0.000000 43.605813 0.000000 0.000000 6.271931 -1.933901 -4.817211 98.391473 5.873049 -9.274199 31.702716 0.000000 0.000000 31.954683 0.000000 0.000000 -1.013052 -2.505694 -6.799366 -1.654866 6.160842 14.999976 6.676190 0.000000 0.000000 -9.687940 0.000000 0.000000 -3.109834 -2.403556 -3.139792 33.357233 18.842295 109.640767 23.416995 0.000000 0.000000 19.952257 0.000000 0.000000 -4.610124 -2.491975 -2.359596 0.000000 0.000000 0.000000 0.000000 0.000000 0.000000 0.000000 0.000000 0.000000 0.000000 0.000000 0.000000 0.000000 0.000000 0.000000 0.000000 0.000000 0.000000 0.000000 0.000000 0.000000 0.000000 0.000000 0.000000 
0.000000 89.700000 0.000000 0.000000 0.000000 0.000000 5.721707 37.144705 1.241600 -8.297998 5.844525 -7.039273 -1.611909 5.902907 5.016493 -2.390210 -15.469062 -1.788035 -3.867288 -9.077592 6.371927 0.000000 0.000000 0.000000 -17.020060 -5.056916 -2.872861 -49.062800 -9.991125 27.563949 -173.909240 -63.896696 -170.413470 -31.055842 -13.180399 -66.589269 -42.103234 7.700662 -3.623217 -20.681507 0.000000 0.000000 -23.984978 0.000000 0.000000 0.022390 -0.001199 4.934506 -31.148569 2.012155 0.735466 -22.420216 0.000000 0.000000 -23.883840 0.000000 0.000000 2.447046 -0.079831 2.056764 -31.138269 -32.456527 106.246257 -17.909960 0.000000 0.000000 -15.121343 0.000000 0.000000 4.260386 -0.094452 1.375350 -41.215303 0.795130 6.947263 -27.500952 0.000000 0.000000 -28.586877 0.000000 0.000000 -6.917769 0.291382 2.291170 -50.249688 -5.259212 12.873277 -22.279080 0.000000 0.000000 -24.799522 0.000000 0.000000 0.441624 -0.014543 2.538997 4.247959 20.536686 -2.678865 -10.212572 25.361051 -26.716186 -4.329483 6.643523 -17.922120 -3.643925 -11.232461 31.481311 65.450230 -7.450564 2.531623 48.004426 0.000000 0.000000 43.901587 0.000000 0.000000 -7.969741 -5.107087 -8.050663 73.030028 1.944864 -0.077993 48.832673 0.000000 0.000000 43.229830 0.000000 0.000000 6.271931 -1.933901 -4.817211 99.524776 6.239362 -6.381789 31.309339 0.000000 0.000000 30.038401 0.000000 0.000000 -1.013052 -2.505694 -6.799366 -1.981889 7.075026 14.999999 6.848326 0.000000 0.000000 -10.733486 0.000000 0.000000 -3.109834 -2.403556 -3.139792 32.700942 17.608452 111.392326 22.216198 0.000000 0.000000 16.968166 0.000000 0.000000 -4.610124 -2.491975 -2.359596 0.000000 0.000000 0.000000 0.000000 0.000000 0.000000 0.000000 0.000000 0.000000 0.000000 0.000000 0.000000 0.000000 0.000000 0.000000 0.000000 0.000000 0.000000 0.000000 0.000000 0.000000 0.000000 0.000000 0.000000 
0.000000 89.700000 0.000000 0.000000 0.000000 0.000000 6.329131 39.295108 1.809874 -8.638092 6.206912 -6.852614 -1.633910 6.114413 4.941656 -2.713733 -15.928739 -1.322435 -3.783908 -9.040374 6.366231 0.000000 0.000000 0.000000 -17.403800 -4.737958 -2.689548 -48.859638 -9.163988 27.678839 -173.035794 -64.342071 -171.782330 -31.085167 -12.534187 -65.644935 -44.863861 4.344355 -2.167732 -23.429359 0.000000 0.000000 -27.572343 0.000000 0.000000 0.022390 -0.001199 4.934506 -33.599533 -1.720802 2.685588 -22.926159 0.000000 0.000000 -25.149582 0.000000 0.000000 2.447046 -0.079831 2.056764 -33.214929 -34.693867 103.885468 -17.923261 0.000000 0.000000 -16.806459 0.000000 0.000000 4.260386 -0.094452 1.375350 -44.008609 -0.504450 4.278368 -31.972114 0.000000 0.000000 -32.564708 0.000000 0.000000 -6.917769 0.291382 2.291170 -53.635665 -7.415876 9.869424 -27.563961 0.000000 0.000000 -29.106400 0.000000 0.000000 0.441624 -0.014543 2.538997 4.156930 20.721523 -2.102063 -11.614389 24.349441 -27.797850 -3.492065 5.342401 -18.691755 -3.775689 -12.182056 35.107467 62.197694 -6.866431 3.181408 48.859255 0.000000 0.000000 43.448079 0.000000 0.000000 -7.969741 -5.107087 -8.050663 71.776103 2.184994 0.429470 48.518908 0.000000 0.000000 43.558013 0.000000 0.000000 6.271931 -1.933901 -4.817211 99.891322 6.906011 -2.945007 30.724227 0.000000 0.000000 28.470595 0.000000 0.000000 -1.013052 -2.505694 -6.799366 -0.983644 8.029880 15.000000 6.909869 0.000000 0.000000 -11.855825 0.000000 0.000000 -3.109834 -2.403556 -3.139792 32.298156 16.816603 112.998816 21.138907 0.000000 0.000000 15.750200 0.000000 0.000000 -4.610124 -2.491975 -2.359596 0.000000 0.000000 0.000000 0.000000 0.000000 0.000000 0.000000 0.000000 0.000000 0.000000 0.000000 0.000000 0.000000 0.000000 0.000000 0.000000 0.000000 0.000000 0.000000 0.000000 0.000000 0.000000 0.000000 0.000000 
0.000000 89.700000 0.000000 0.000000 0.000000 0.000000 6.759010 41.010971 2.186500 -8.744819 6.377747 -6.601561 -1.631707 6.208611 4.825883 -2.947526 -16.127924 -0.789116 -3.696938 -8.971013 6.338030 0.000000 0.000000 0.000000 -17.766507 -4.382962 -2.467418 -48.548846 -8.520701 27.710943 -172.147191 -64.731307 -173.057651 -31.343709 -12.201356 -64.855339 -43.876693 0.599082 0.102696 -26.236782 0.000000 0.000000 -31.051199 0.000000 0.000000 0.022390 -0.001199 4.934506 -35.717662 -5.466878 4.838271 -23.159026 0.000000 0.000000 -26.206971 0.000000 0.000000 2.447046 -0.079831 2.056764 -34.815289 -36.846640 102.100437 -18.104416 0.000000 0.000000 -18.187537 0.000000 0.000000 4.260386 -0.094452 1.375350 -42.843391 -1.074270 1.087322 -36.259611 0.000000 0.000000 -36.044418 0.000000 0.000000 -6.917769 0.291382 2.291170 -51.296520 -7.441544 5.084310 -33.027615 0.000000 0.000000 -33.191022 0.000000 0.000000 0.441624 -0.014543 2.538997 4.181645 20.796837 -1.711657 -12.439281 23.705338 -28.457183 -3.298018 5.207731 -19.439960 -3.831687 -12.962810 37.682953 61.621356 -6.532933 3.777559 48.679048 0.000000 0.000000 44.365201 0.000000 0.000000 -7.969741 -5.107087 -8.050663 70.959371 2.387462 0.555941 47.517110 0.000000 0.000000 44.939667 0.000000 0.000000 6.271931 -1.933901 -4.817211 100.234971 7.619527 0.110721 30.118727 0.000000 0.000000 28.046737 0.000000 0.000000 -1.013052 -2.505694 -6.799366 0.958258 9.083180 15.000000 6.590724 0.000000 0.000000 -12.616990 0.000000 0.000000 -3.109834 -2.403556 -3.139792 32.390093 17.134910 113.421929 21.125755 0.000000 0.000000 16.957916 0.000000 0.000000 -4.610124 -2.491975 -2.359596 0.000000 0.000000 0.000000 0.000000 0.000000 0.000000 0.000000 0.000000 0.000000 0.000000 0.000000 0.000000 0.000000 0.000000 0.000000 0.000000 0.000000 0.000000 0.000000 0.000000 0.000000 0.000000 0.000000 0.000000 
0.000000 89.700000 0.000000 0.000000 0.000000 0.000000 7.039327 42.323650 2.388016 -8.688594 6.410160 -6.326876 -1.619269 6.223433 4.694398 -3.096974 -16.176238 -0.275686 -3.641354 -8.928037 6.284238 0.000000 0.000000 0.000000 -18.078446 -4.041411 -2.255046 -48.216270 -8.069154 27.699268 -171.363491 -65.048246 -174.145239 -31.728547 -12.293273 -64.164451 -43.261980 -2.529352 2.390142 -28.609703 0.000000 0.000000 -33.690947 0.000000 0.000000 0.022390 -0.001199 4.934506 -37.600311 -8.525921 6.741031 -23.196978 0.000000 0.000000 -26.872448 0.000000 0.000000 2.447046 -0.079831 2.056764 -35.728635 -38.480267 100.812410 -18.353618 0.000000 0.000000 -19.059635 0.000000 0.000000 4.260386 -0.094452 1.375350 -41.871985 -1.028296 -1.822686 -39.606426 0.000000 0.000000 -38.441072 0.000000 0.000000 -6.917769 0.291382 2.291170 -46.014384 -5.401131 -0.518063 -37.587319 0.000000 0.000000 -36.288107 0.000000 0.000000 0.441624 -0.014543 2.538997 4.274065 20.818701 -1.480385 -12.884015 23.345240 -28.832370 -3.414948 5.616081 -20.246330 -3.928125 -13.554579 39.497391 63.450747 -6.551388 4.170264 47.775574 0.000000 0.000000 46.365718 0.000000 0.000000 -7.969741 -5.107087 -8.050663 72.979041 2.339108 0.227168 46.188947 0.000000 0.000000 47.005341 0.000000 0.000000 6.271931 -1.933901 -4.817211 100.757816 8.182258 2.116635 29.639609 0.000000 0.000000 28.709066 0.000000 0.000000 -1.013052 -2.505694 -6.799366 2.762623 9.953224 15.000000 5.935633 0.000000 0.000000 -12.827530 0.000000 0.000000 -3.109834 -2.403556 -3.139792 32.859486 18.480808 112.528699 22.326906 0.000000 0.000000 19.885338 0.000000 0.000000 -4.610124 -2.491975 -2.359596 0.000000 0.000000 0.000000 0.000000 0.000000 0.000000 0.000000 0.000000 0.000000 0.000000 0.000000 0.000000 0.000000 0.000000 0.000000 0.000000 0.000000 0.000000 0.000000 0.000000 0.000000 0.000000 0.000000 0.000000 
0.000000 89.700000 0.000000 0.000000 0.000000 0.000000 7.184765 43.244687 2.437941 -8.540346 6.353344 -6.070550 -1.607473 6.191215 4.571110 -3.173792 -16.155177 0.126044 -3.625205 -8.956462 6.207288 0.000000 0.000000 0.000000 -18.322915 -3.747964 -2.088088 -47.938409 -7.787022 27.667618 -170.790012 -65.285678 -174.960981 -32.100061 -12.680259 -63.549357 -43.371742 -4.239631 3.803695 -30.172334 0.000000 0.000000 -35.110251 0.000000 0.000000 0.022390 -0.001199 4.934506 -37.748261 -10.350539 7.918195 -23.234462 0.000000 0.000000 -27.122911 0.000000 0.000000 2.447046 -0.079831 2.056764 -36.042648 -39.459030 100.015119 -18.667464 0.000000 0.000000 -19.451605 0.000000 0.000000 4.260386 -0.094452 1.375350 -41.914130 -0.669408 -3.812205 -41.762144 0.000000 0.000000 -39.716100 0.000000 0.000000 -6.917769 0.291382 2.291170 -44.953491 -2.610451 -5.302838 -40.541222 0.000000 0.000000 -38.076605 0.000000 0.000000 0.441624 -0.014543 2.538997 4.399930 20.828822 -1.372665 -13.081371 23.187481 -29.022477 -3.560954 5.950624 -21.187980 -4.125295 -14.062944 40.805080 63.478161 -6.783253 4.440647 46.718744 0.000000 0.000000 48.564821 0.000000 0.000000 -7.969741 -5.107087 -8.050663 73.588848 2.096821 -0.295523 44.985646 0.000000 0.000000 48.966266 0.000000 0.000000 6.271931 -1.933901 -4.817211 100.956401 8.510787 3.117187 29.328543 0.000000 0.000000 29.762151 0.000000 0.000000 -1.013052 -2.505694 -6.799366 1.993655 10.366130 15.000000 5.196550 0.000000 0.000000 -12.723403 0.000000 0.000000 -3.109834 -2.403556 -3.139792 33.333755 20.134903 110.933125 24.029486 0.000000 0.000000 22.924715 0.000000 0.000000 -4.610124 -2.491975 -2.359596 0.000000 0.000000 0.000000 0.000000 0.000000 0.000000 0.000000 0.000000 0.000000 0.000000 0.000000 0.000000 0.000000 0.000000 0.000000 0.000000 0.000000 0.000000 0.000000 0.000000 0.000000 0.000000 0.000000 0.000000 
0.000000 89.700000 0.000000 0.000000 0.000000 0.000000 7.202808 43.784943 2.365126 -8.356127 6.240645 -5.862993 -1.602761 6.129877 4.475476 -3.188247 -16.110183 0.357191 -3.640499 -9.071463 6.122966 0.000000 0.000000 0.000000 -18.499320 -3.507176 -1.974002 -47.749629 -7.630488 27.633562 -170.477007 -65.437238 -175.460321 -32.435708 -13.178784 -63.030077 -43.199266 -4.418785 4.000345 -30.869504 0.000000 0.000000 -35.368543 0.000000 0.000000 0.022390 -0.001199 4.934506 -37.290650 -10.889367 8.222259 -23.355246 0.000000 0.000000 -26.994446 0.000000 0.000000 2.447046 -0.079831 2.056764 -36.019416 -39.961207 99.802584 -19.106249 0.000000 0.000000 -19.559560 0.000000 0.000000 4.260386 -0.094452 1.375350 -41.997336 -0.189697 -4.822959 -42.876751 0.000000 0.000000 -40.154624 0.000000 0.000000 -6.917769 0.291382 2.291170 -46.074189 -0.490003 -8.034199 -41.766912 0.000000 0.000000 -38.694544 0.000000 0.000000 0.441624 -0.014543 2.538997 4.539645 20.853181 -1.356757 -13.113369 23.178315 -29.089555 -3.682145 6.491219 -21.937372 -4.419847 -14.573994 41.782751 63.580723 -7.027967 4.704543 45.894387 0.000000 0.000000 50.213655 0.000000 0.000000 -7.969741 -5.107087 -8.050663 74.080831 1.846295 -0.705452 44.158991 0.000000 0.000000 50.249658 0.000000 0.000000 6.271931 -1.933901 -4.817211 100.830168 8.623801 3.600285 29.121996 0.000000 0.000000 30.593554 0.000000 0.000000 -1.013052 -2.505694 -6.799366 2.273782 10.270932 15.000000 4.560094 0.000000 0.000000 -12.676801 0.000000 0.000000 -3.109834 -2.403556 -3.139792 33.536781 21.410461 109.270003 25.436323 0.000000 0.000000 24.842105 0.000000 0.000000 -4.610124 -2.491975 -2.359596 0.000000 0.000000 0.000000 0.000000 0.000000 0.000000 0.000000 0.000000 0.000000 0.000000 0.000000 0.000000 0.000000 0.000000 0.000000 0.000000 0.000000 0.000000 0.000000 0.000000 0.000000 0.000000 0.000000 0.000000 
0.000000 89.700000 0.000000 0.000000 0.000000 0.000000 7.111230 43.982738 2.209135 -8.172873 6.093416 -5.715468 -1.609046 6.046914 4.415782 -3.149181 -16.066206 0.406198 -3.678409 -9.264412 6.054809 0.000000 0.000000 0.000000 -18.614949 -3.303617 -1.897378 -47.639418 -7.551236 27.613730 -170.403653 -65.501137 -175.650047 -32.802100 -13.686525 -62.642459 -43.772875 -3.517197 3.234469 -30.925881 0.000000 0.000000 -34.831056 0.000000 0.000000 0.022390 -0.001199 4.934506 -37.337134 -10.525617 7.872285 -23.511985 0.000000 0.000000 -26.596720 0.000000 0.000000 2.447046 -0.079831 2.056764 -35.849527 -40.295345 100.195804 -19.743618 0.000000 0.000000 -19.569899 0.000000 0.000000 4.260386 -0.094452 1.375350 -42.169157 0.334607 -5.156515 -43.175271 0.000000 0.000000 -40.041233 0.000000 0.000000 -6.917769 0.291382 2.291170 -46.945893 0.188194 -8.239393 -41.537628 0.000000 0.000000 -38.454934 0.000000 0.000000 0.441624 -0.014543 2.538997 4.686511 20.903794 -1.402686 -13.034361 23.284788 -29.071702 -3.847930 7.274057 -22.592248 -4.768166 -15.106588 42.525099 63.811890 -7.155251 5.013549 45.417294 0.000000 0.000000 51.049911 0.000000 0.000000 -7.969741 -5.107087 -8.050663 74.004149 1.739880 -0.816836 43.708464 0.000000 0.000000 50.761804 0.000000 0.000000 6.271931 -1.933901 -4.817211 100.837578 8.600032 4.027512 28.928183 0.000000 0.000000 30.986583 0.000000 0.000000 -1.013052 -2.505694 -6.799366 2.899728 9.794673 15.000000 4.079763 0.000000 0.000000 -12.820604 0.000000 0.000000 -3.109834 -2.403556 -3.139792 33.475363 22.078290 107.874759 26.231396 0.000000 0.000000 25.497530 0.000000 0.000000 -4.610124 -2.491975 -2.359596 0.000000 0.000000 0.000000 0.000000 0.000000 0.000000 0.000000 0.000000 0.000000 0.000000 0.000000 0.000000 0.000000 0.000000 0.000000 0.000000 0.000000 0.000000 0.000000 0.000000 0.000000 0.000000 0.000000 0.000000 
0.000000 89.700000 0.000000 0.000000 0.000000 0.000000 6.938913 43.904758 2.010738 -8.007938 5.927110 -5.622609 -1.628751 5.948131 4.386224 -3.068309 -16.042965 0.300501 -3.732469 -9.517273 6.019293 0.000000 0.000000 0.000000 -18.676179 -3.121787 -1.835798 -47.575892 -7.514452 27.624115 -170.492500 -65.486852 -175.590580 -33.238206 -14.184491 -62.406544 -42.606355 -2.081535 1.959567 -30.620375 0.000000 0.000000 -33.915892 0.000000 0.000000 0.022390 -0.001199 4.934506 -36.932980 -9.697008 7.176856 -23.618120 0.000000 0.000000 -26.100870 0.000000 0.000000 2.447046 -0.079831 2.056764 -35.551502 -40.671011 101.006991 -20.608230 0.000000 0.000000 -19.561722 0.000000 0.000000 4.260386 -0.094452 1.375350 -40.974183 0.851522 -5.071422 -42.831152 0.000000 0.000000 -39.560797 0.000000 0.000000 -6.917769 0.291382 2.291170 -46.479134 -0.805756 -5.849981 -40.274262 0.000000 0.000000 -37.647812 0.000000 0.000000 0.441624 -0.014543 2.538997 4.844633 20.980197 -1.478595 -12.888991 23.479485 -28.995209 -4.070710 8.027395 -23.121809 -5.126921 -15.598757 43.062353 63.915256 -7.134006 5.368653 45.297595 0.000000 0.000000 51.100832 0.000000 0.000000 -7.969741 -5.107087 -8.050663 74.180205 1.826585 -0.570160 43.536259 0.000000 0.000000 50.670581 0.000000 0.000000 6.271931 -1.933901 -4.817211 100.591993 8.523958 4.549577 28.696840 0.000000 0.000000 30.938705 0.000000 0.000000 -1.013052 -2.505694 -6.799366 3.577753 9.142753 15.000000 3.792991 0.000000 0.000000 -12.985810 0.000000 0.000000 -3.109834 -2.403556 -3.139792 33.321058 22.253224 106.894376 26.486657 0.000000 0.000000 25.530413 0.000000 0.000000 -4.610124 -2.491975 -2.359596 0.000000 0.000000 0.000000 0.000000 0.000000 0.000000 0.000000 0.000000 0.000000 0.000000 0.000000 0.000000 0.000000 0.000000 0.000000 0.000000 0.000000 0.000000 0.000000 0.000000 0.000000 0.000000 0.000000 0.000000 
0.000000 89.700000 0.000000 0.000000 0.000000 0.000000 6.710923 43.624286 1.797406 -7.861523 5.754089 -5.569952 -1.662296 5.841318 4.371706 -2.961461 -16.054991 0.090902 -3.795256 -9.809997 6.017280 0.000000 0.000000 0.000000 -18.688556 -2.955709 -1.770545 -47.533653 -7.506294 27.676737 -170.651581 -65.412145 -175.376755 -33.693430 -14.659961 -62.313199 -40.801543 -0.472763 0.521920 -30.117282 0.000000 0.000000 -32.878194 0.000000 0.000000 0.022390 -0.001199 4.934506 -35.692548 -8.643911 6.329067 -23.620873 0.000000 0.000000 -25.650044 0.000000 0.000000 2.447046 -0.079831 2.056764 -35.084519 -41.101728 101.880090 -21.631311 0.000000 0.000000 -19.534243 0.000000 0.000000 4.260386 -0.094452 1.375350 -40.099719 1.316454 -4.661981 -42.056769 0.000000 0.000000 -38.857145 0.000000 0.000000 -6.917769 0.291382 2.291170 -46.161780 -3.196584 -1.294677 -38.467130 0.000000 0.000000 -36.551105 0.000000 0.000000 0.441624 -0.014543 2.538997 5.023882 21.069286 -1.554872 -12.714142 23.732454 -28.877907 -4.171194 8.491512 -23.305770 -5.481282 -15.916531 43.389525 62.559629 -7.042414 5.720931 45.476931 0.000000 0.000000 50.525713 0.000000 0.000000 -7.969741 -5.107087 -8.050663 72.820766 2.024853 -0.053638 43.521552 0.000000 0.000000 50.161313 0.000000 0.000000 6.271931 -1.933901 -4.817211 100.948596 8.404906 4.856415 28.430221 0.000000 0.000000 30.513023 0.000000 0.000000 -1.013052 -2.505694 -6.799366 2.422703 8.524960 15.000000 3.756929 0.000000 0.000000 -12.912326 0.000000 0.000000 -3.109834 -2.403556 -3.139792 33.232494 22.129344 106.377840 26.403255 0.000000 0.000000 25.646480 0.000000 0.000000 -4.610124 -2.491975 -2.359596 0.000000 0.000000 0.000000 0.000000 0.000000 0.000000 0.000000 0.000000 0.000000 0.000000 0.000000 0.000000 0.000000 0.000000 0.000000 0.000000 0.000000 0.000000 0.000000 0.000000 0.000000 0.000000 0.000000 0.000000 
0.000000 89.700000 0.000000 0.000000 0.000000 0.000000 6.438862 43.205557 1.581475 -7.723298 5.584183 -5.540937 -1.707846 5.732616 4.356211 -2.844319 -16.104356 -0.163533 -3.858040 -10.121791 6.039900 0.000000 0.000000 0.000000 -18.662318 -2.805592 -1.688241 -47.507067 -7.526361 27.774861 -170.815152 -65.293183 -175.102850 -34.084786 -15.066217 -62.330030 -40.418009 1.108003 -0.869398 -29.494648 0.000000 0.000000 -31.769041 0.000000 0.000000 0.022390 -0.001199 4.934506 -36.057734 -7.469481 5.425342 -23.546555 0.000000 0.000000 -25.304157 0.000000 0.000000 2.447046 -0.079831 2.056764 -34.490406 -41.475898 102.515465 -22.654799 0.000000 0.000000 -19.471971 0.000000 0.000000 4.260386 -0.094452 1.375350 -39.929396 1.677760 -3.949994 -41.121203 0.000000 0.000000 -38.033507 0.000000 0.000000 -6.917769 0.291382 2.291170 -46.277146 -6.020202 4.050615 -36.618248 0.000000 0.000000 -35.428537 0.000000 0.000000 0.441624 -0.014543 2.538997 5.232417 21.148174 -1.611135 -12.532612 24.010075 -28.729615 -4.246054 8.949016 -23.529602 -5.851183 -15.899534 43.499990 61.633402 -7.039629 5.964498 45.793879 0.000000 0.000000 49.631039 0.000000 0.000000 -7.969741 -5.107087 -8.050663 71.804590 2.144253 0.474784 43.531707 0.000000 0.000000 49.387985 0.000000 0.000000 6.271931 -1.933901 -4.817211 100.804441 8.134868 4.233560 28.183863 0.000000 0.000000 29.865188 0.000000 0.000000 -1.013052 -2.505694 -6.799366 2.000893 8.066853 15.000000 3.994986 0.000000 0.000000 -12.440330 0.000000 0.000000 -3.109834 -2.403556 -3.139792 33.282663 21.839659 106.266132 26.201215 0.000000 0.000000 26.103487 0.000000 0.000000 -4.610124 -2.491975 -2.359596 0.000000 0.000000 0.000000 0.000000 0.000000 0.000000 0.000000 0.000000 0.000000 0.000000 0.000000 0.000000 0.000000 0.000000 0.000000 0.000000 0.000000 0.000000 0.000000 0.000000 0.000000 0.000000 0.000000 0.000000 
0.000000 89.700000 0.000000 0.000000 0.000000 0.000000 6.124311 42.706001 1.365145 -7.581387 5.423944 -5.521109 -1.761790 5.622470 4.328523 -2.727024 -16.179115 -0.410687 -3.913638 -10.434339 6.080620 0.000000 0.000000 0.000000 -18.613808 -2.672674 -1.580668 -47.505241 -7.575664 27.911113 -170.952513 -65.140826 -174.840880 -34.391087 -15.347273 -62.415178 -40.180543 2.534010 -2.090753 -28.793302 0.000000 0.000000 -30.539421 0.000000 0.000000 0.022390 -0.001199 4.934506 -36.058702 -6.278030 4.542664 -23.489395 0.000000 0.000000 -25.078979 0.000000 0.000000 2.447046 -0.079831 2.056764 -33.885162 -41.683148 102.882735 -23.521180 0.000000 0.000000 -19.371614 0.000000 0.000000 4.260386 -0.094452 1.375350 -38.728047 1.838525 -2.941934 -40.180954 0.000000 0.000000 -37.103913 0.000000 0.000000 -6.917769 0.291382 2.291170 -45.048758 -8.037648 8.346177 -35.063830 0.000000 0.000000 -34.441125 0.000000 0.000000 0.441624 -0.014543 2.538997 5.472233 21.193125 -1.638244 -12.350780 24.278031 -28.556164 -4.278057 9.184454 -23.690861 -6.278083 -15.444538 43.413567 60.213836 -7.255202 6.003998 46.070922 0.000000 0.000000 48.785016 0.000000 0.000000 -7.969741 -5.107087 -8.050663 71.251159 2.008813 0.724138 43.502058 0.000000 0.000000 48.515259 0.000000 0.000000 6.271931 -1.933901 -4.817211 100.666356 7.579773 2.106326 28.046110 0.000000 0.000000 29.234931 0.000000 0.000000 -1.013052 -2.505694 -6.799366 1.057144 7.767282 15.000000 4.468014 0.000000 0.000000 -11.612077 0.000000 0.000000 -3.109834 -2.403556 -3.139792 33.454058 21.419474 106.426662 26.025584 0.000000 0.000000 26.642461 0.000000 0.000000 -4.610124 -2.491975 -2.359596 0.000000 0.000000 0.000000 0.000000 0.000000 0.000000 0.000000 0.000000 0.000000 0.000000 0.000000 0.000000 0.000000 0.000000 0.000000 0.000000 0.000000 0.000000 0.000000 0.000000 0.000000 0.000000 0.000000 0.000000 
0.000000 89.700000 0.000000 0.000000 0.000000 0.000000 5.769657 42.184305 1.144110 -7.430203 5.276979 -5.498827 -1.819557 5.508274 4.283921 -2.613912 -16.259599 -0.617094 -3.958734 -10.734077 6.138589 0.000000 0.000000 0.000000 -18.561948 -2.558978 -1.447106 -47.538165 -7.651714 28.070710 -171.052403 -64.966085 -174.639281 -34.658766 -15.467578 -62.528917 -39.902978 3.728279 -3.080496 -28.006585 0.000000 0.000000 -29.165718 0.000000 0.000000 0.022390 -0.001199 4.934506 -35.832830 -5.203060 3.763115 -23.532791 0.000000 0.000000 -24.991313 0.000000 0.000000 2.447046 -0.079831 2.056764 -33.346970 -41.696099 103.173313 -24.164489 0.000000 0.000000 -19.241793 0.000000 0.000000 4.260386 -0.094452 1.375350 -37.148321 1.684752 -1.650487 -39.211918 0.000000 0.000000 -36.041194 0.000000 0.000000 -6.917769 0.291382 2.291170 -43.252734 -8.661743 10.586289 -33.885977 0.000000 0.000000 -33.620220 0.000000 0.000000 0.441624 -0.014543 2.538997 5.738938 21.190430 -1.636131 -12.165167 24.506387 -28.366182 -4.193344 9.483570 -23.463696 -6.762721 -14.605815 43.188413 61.782307 -7.681985 5.865645 46.213749 0.000000 0.000000 48.235872 0.000000 0.000000 -7.969741 -5.107087 -8.050663 73.400704 1.599964 0.598183 43.464870 0.000000 0.000000 47.732347 0.000000 0.000000 6.271931 -1.933901 -4.817211 99.676858 6.748606 -1.300626 28.037134 0.000000 0.000000 28.829187 0.000000 0.000000 -1.013052 -2.505694 -6.799366 1.430079 7.549669 15.000000 5.055595 0.000000 0.000000 -10.713291 0.000000 0.000000 -3.109834 -2.403556 -3.139792 33.668804 20.870642 106.723908 25.894866 0.000000 0.000000 26.877694 0.000000 0.000000 -4.610124 -2.491975 -2.359596 0.000000 0.000000 0.000000 0.000000 0.000000 0.000000 0.000000 0.000000 0.000000 0.000000 0.000000 0.000000 0.000000 0.000000 0.000000 0.000000 0.000000 0.000000 0.000000 0.000000 0.000000 0.000000 0.000000 0.000000 
0.000000 89.700000 0.000000 0.000000 0.000000 0.000000 5.388656 41.697336 0.915666 -7.273819 5.146271 -5.466447 -1.875874 5.390595 4.224901 -2.508170 -16.327696 -0.771694 -3.994458 -11.012356 6.211473 0.000000 0.000000 0.000000 -18.524232 -2.467649 -1.295187 -47.605799 -7.749082 28.237072 -171.110794 -64.783652 -174.524292 -34.933204 -15.425379 -62.640006 -39.782933 4.645831 -3.813305 -27.147729 0.000000 0.000000 -27.713346 0.000000 0.000000 0.022390 -0.001199 4.934506 -36.009999 -4.361508 3.157544 -23.696185 0.000000 0.000000 -25.026926 0.000000 0.000000 2.447046 -0.079831 2.056764 -32.870176 -41.590098 103.566163 -24.617896 0.000000 0.000000 -19.115285 0.000000 0.000000 4.260386 -0.094452 1.375350 -36.055454 1.217931 -0.204902 -38.219010 0.000000 0.000000 -34.892803 0.000000 0.000000 -6.917769 0.291382 2.291170 -40.949828 -8.263209 11.085248 -33.056933 0.000000 0.000000 -32.936106 0.000000 0.000000 0.441624 -0.014543 2.538997 6.021699 21.142589 -1.611877 -11.974569 24.675724 -28.175260 -4.128850 9.699114 -23.226791 -7.207577 -13.617761 42.911719 63.249210 -8.194271 5.696088 46.169957 0.000000 0.000000 48.035233 0.000000 0.000000 -7.969741 -5.107087 -8.050663 75.386025 1.052026 0.235237 43.444093 0.000000 0.000000 47.200141 0.000000 0.000000 6.271931 -1.933901 -4.817211 98.558635 5.842903 -4.986620 28.049277 0.000000 0.000000 28.719025 0.000000 0.000000 -1.013052 -2.505694 -6.799366 1.599584 7.346035 15.000000 5.554145 0.000000 0.000000 -10.126166 0.000000 0.000000 -3.109834 -2.403556 -3.139792 33.843824 20.292810 107.008726 25.824899 0.000000 0.000000 26.729674 0.000000 0.000000 -4.610124 -2.491975 -2.359596 0.000000 0.000000 0.000000 0.000000 0.000000 0.000000 0.000000 0.000000 0.000000 0.000000 0.000000 0.000000 0.000000 0.000000 0.000000 0.000000 0.000000 0.000000 0.000000 0.000000 0.000000 0.000000 0.000000 0.000000 
0.000000 89.700000 0.000000 0.000000 0.000000 0.000000 5.005238 41.283696 0.686360 -7.121645 5.034340 -5.423452 -1.924264 5.274599 4.161173 -2.414629 -16.373574 -0.882293 -4.025201 -11.267484 6.288149 0.000000 0.000000 0.000000 -18.512235 -2.399757 -1.136393 -47.697143 -7.859501 28.396772 -171.129985 -64.606734 -174.497413 -35.213704 -15.257241 -62.728213 -39.150638 5.277483 -4.299586 -26.299121 0.000000 0.000000 -26.307604 0.000000 0.000000 0.022390 -0.001199 4.934506 -36.169484 -3.792831 2.745402 -23.943926 0.000000 0.000000 -25.107537 0.000000 0.000000 2.447046 -0.079831 2.056764 -32.423283 -41.494135 104.072189 -24.955581 0.000000 0.000000 -19.052638 0.000000 0.000000 4.260386 -0.094452 1.375350 -34.837067 0.636352 1.090640 -37.364258 0.000000 0.000000 -33.799246 0.000000 0.000000 -6.917769 0.291382 2.291170 -39.774856 -7.578880 10.745308 -32.594179 0.000000 0.000000 -32.384134 0.000000 0.000000 0.441624 -0.014543 2.538997 6.303384 21.066246 -1.578125 -11.786969 24.783489 -28.002045 -4.063884 9.577242 -23.301670 -7.480871 -12.763285 42.673897 63.753204 -8.664246 5.616813 45.836812 0.000000 0.000000 48.072951 0.000000 0.000000 -7.969741 -5.107087 -8.050663 76.450428 0.507067 -0.175004 43.382197 0.000000 0.000000 46.957234 0.000000 0.000000 6.271931 -1.933901 -4.817211 97.682963 5.098404 -7.976955 27.954552 0.000000 0.000000 28.822783 0.000000 0.000000 -1.013052 -2.505694 -6.799366 2.295063 7.141163 15.000000 5.778986 0.000000 0.000000 -10.029060 0.000000 0.000000 -3.109834 -2.403556 -3.139792 33.926998 19.894593 107.051062 25.930205 0.000000 0.000000 26.396170 0.000000 0.000000 -4.610124 -2.491975 -2.359596 0.000000 0.000000 0.000000 0.000000 0.000000 0.000000 0.000000 0.000000 0.000000 0.000000 0.000000 0.000000 0.000000 0.000000 0.000000 0.000000 0.000000 0.000000 0.000000 0.000000 0.000000 0.000000 0.000000 0.000000 
0.000000 89.700000 0.000000 0.000000 0.000000 0.000000 4.639491 40.952971 0.467584 -6.979503 4.940408 -5.374884 -1.958163 5.166417 4.105015 -2.337433 -16.396934 -0.966251 -4.055076 -11.504148 6.350918 0.000000 0.000000 0.000000 -18.527059 -2.352525 -0.979514 -47.798326 -7.972733 28.542761 -171.118500 -64.440818 -174.538987 -35.465392 -15.017422 -62.784732 -38.856542 5.672387 -4.605217 -25.515411 0.000000 0.000000 -25.056972 0.000000 0.000000 0.022390 -0.001199 4.934506 -36.131783 -3.438686 2.478680 -24.214766 0.000000 0.000000 -25.148643 0.000000 0.000000 2.447046 -0.079831 2.056764 -32.016744 -41.506444 104.566786 -25.240464 0.000000 0.000000 -19.113840 0.000000 0.000000 4.260386 -0.094452 1.375350 -34.261467 0.163570 1.991366 -36.764464 0.000000 0.000000 -32.883068 0.000000 0.000000 -6.917769 0.291382 2.291170 -39.364976 -7.068434 10.231232 -32.530788 0.000000 0.000000 -32.007503 0.000000 0.000000 0.441624 -0.014543 2.538997 6.564087 20.982753 -1.549281 -11.614628 24.844176 -27.858678 -4.010053 9.476774 -23.544300 -7.541631 -12.210414 42.539116 64.292438 -9.035831 5.618810 45.110450 0.000000 0.000000 48.130352 0.000000 0.000000 -7.969741 -5.107087 -8.050663 77.348893 0.015873 -0.541931 43.204951 0.000000 0.000000 46.878315 0.000000 0.000000 6.271931 -1.933901 -4.817211 97.018606 4.613856 -9.948765 27.736974 0.000000 0.000000 28.970485 0.000000 0.000000 -1.013052 -2.505694 -6.799366 4.056055 6.960436 15.000000 5.714338 0.000000 0.000000 -10.251517 0.000000 0.000000 -3.109834 -2.403556 -3.139792 33.917149 19.830346 106.642548 26.312235 0.000000 0.000000 26.026646 0.000000 0.000000 -4.610124 -2.491975 -2.359596 0.000000 0.000000 0.000000 0.000000 0.000000 0.000000 0.000000 0.000000 0.000000 0.000000 0.000000 0.000000 0.000000 0.000000 0.000000 0.000000 0.000000 0.000000 0.000000 0.000000 0.000000 0.000000 0.000000 0.000000 
0.000000 89.700000 0.000000 0.000000 0.000000 0.000000 4.299368 40.696233 0.267381 -6.846393 4.860477 -5.324086 -1.974415 5.070337 4.062933 -2.276917 -16.404852 -1.038456 -4.083776 -11.728069 6.386587 0.000000 0.000000 0.000000 -18.560304 -2.322828 -0.828127 -47.900132 -8.080111 28.674453 -171.086270 -64.285244 -174.622413 -35.657363 -14.739812 -62.810925 -38.464176 5.914732 -4.824410 -24.769481 0.000000 0.000000 -24.024165 0.000000 0.000000 0.022390 -0.001199 4.934506 -35.220379 -3.210537 2.292961 -24.463583 0.000000 0.000000 -25.139324 0.000000 0.000000 2.447046 -0.079831 2.056764 -31.715382 -41.652613 104.926990 -25.507266 0.000000 0.000000 -19.321693 0.000000 0.000000 4.260386 -0.094452 1.375350 -34.079965 -0.196170 2.587518 -36.320992 0.000000 0.000000 -32.162869 0.000000 0.000000 -6.917769 0.291382 2.291170 -38.529610 -6.798636 9.780181 -32.811014 0.000000 0.000000 -31.826626 0.000000 0.000000 0.441624 -0.014543 2.538997 6.787035 20.907328 -1.535317 -11.465927 24.878146 -27.746711 -4.011417 9.362726 -24.054344 -7.467888 -11.956164 42.527402 64.089814 -9.308160 5.622976 44.054783 0.000000 0.000000 48.005380 0.000000 0.000000 -7.969741 -5.107087 -8.050663 76.846744 -0.428386 -0.864929 42.920327 0.000000 0.000000 46.783112 0.000000 0.000000 6.271931 -1.933901 -4.817211 97.109528 4.342886 -11.111139 27.484148 0.000000 0.000000 29.043261 0.000000 0.000000 -1.013052 -2.505694 -6.799366 4.394854 6.826428 15.000000 5.514502 0.000000 0.000000 -10.447662 0.000000 0.000000 -3.109834 -2.403556 -3.139792 33.880795 20.085015 105.843547 26.935950 0.000000 0.000000 25.659871 0.000000 0.000000 -4.610124 -2.491975 -2.359596 0.000000 0.000000 0.000000 0.000000 0.000000 0.000000 0.000000 0.000000 0.000000 0.000000 0.000000 0.000000 0.000000 0.000000 0.000000 0.000000 0.000000 0.000000 0.000000 0.000000 0.000000 0.000000 0.000000 0.000000 
0.000000 89.700000 0.000000 0.000000 0.000000 0.000000 3.988102 40.504652 0.089876 -6.720077 4.791571 -5.269146 -1.975452 4.988858 4.031411 -2.229883 -16.409299 -1.103939 -4.105953 -11.942701 6.393905 0.000000 0.000000 0.000000 -18.601952 -2.310872 -0.683497 -47.997574 -8.177005 28.794149 -171.039311 -64.140497 -174.729945 -35.792593 -14.429948 -62.815374 -39.432560 6.073315 -5.021740 -24.045108 0.000000 0.000000 -23.244622 0.000000 0.000000 0.022390 -0.001199 4.934506 -35.350244 -3.063018 2.159814 -24.687117 0.000000 0.000000 -25.127943 0.000000 0.000000 2.447046 -0.079831 2.056764 -31.582643 -41.893785 105.126035 -25.760689 0.000000 0.000000 -19.626153 0.000000 0.000000 4.260386 -0.094452 1.375350 -34.445570 -0.576113 3.136554 -35.870757 0.000000 0.000000 -31.595066 0.000000 0.000000 -6.917769 0.291382 2.291170 -37.472930 -6.654387 9.407806 -33.267576 0.000000 0.000000 -31.774051 0.000000 0.000000 0.441624 -0.014543 2.538997 6.963514 20.844706 -1.536994 -11.344031 24.897966 -27.663043 -4.151528 9.495737 -24.379160 -7.369139 -11.876978 42.617888 65.008713 -9.493231 5.598191 42.952678 0.000000 0.000000 47.671068 0.000000 0.000000 -7.969741 -5.107087 -8.050663 77.670183 -0.817399 -1.151819 42.632873 0.000000 0.000000 46.606342 0.000000 0.000000 6.271931 -1.933901 -4.817211 97.002643 4.194473 -11.763499 27.285475 0.000000 0.000000 29.053192 0.000000 0.000000 -1.013052 -2.505694 -6.799366 4.634157 6.741269 15.000000 5.341266 0.000000 0.000000 -10.388544 0.000000 0.000000 -3.109834 -2.403556 -3.139792 33.914967 20.519168 105.013957 27.660511 0.000000 0.000000 25.401177 0.000000 0.000000 -4.610124 -2.491975 -2.359596 0.000000 0.000000 0.000000 0.000000 0.000000 0.000000 0.000000 0.000000 0.000000 0.000000 0.000000 0.000000 0.000000 0.000000 0.000000 0.000000 0.000000 0.000000 0.000000 0.000000 0.000000 0.000000 0.000000 0.000000 
0.000000 89.700000 0.000000 0.000000 0.000000 0.000000 3.712359 40.373811 -0.062579 -6.602461 4.734185 -5.207220 -1.967485 4.923204 4.000936 -2.191646 -16.423291 -1.159852 -4.115056 -12.148784 6.380497 0.000000 0.000000 0.000000 -18.647473 -2.318935 -0.548507 -48.086111 -8.261297 28.902948 -170.979091 -64.012167 -174.858841 -35.900774 -14.087924 -62.809667 -40.363552 6.194825 -5.219004 -23.395427 0.000000 0.000000 -22.720888 0.000000 0.000000 0.022390 -0.001199 4.934506 -35.256214 -2.971781 2.067905 -24.888187 0.000000 0.000000 -25.144784 0.000000 0.000000 2.447046 -0.079831 2.056764 -31.602811 -42.150663 105.217395 -25.982986 0.000000 0.000000 -19.911940 0.000000 0.000000 4.260386 -0.094452 1.375350 -34.872547 -0.965715 3.691325 -35.392422 0.000000 0.000000 -31.160067 0.000000 0.000000 -6.917769 0.291382 2.291170 -36.665357 -6.504307 9.095558 -33.667123 0.000000 0.000000 -31.728238 0.000000 0.000000 0.441624 -0.014543 2.538997 7.094602 20.792979 -1.547057 -11.248807 24.905689 -27.605590 -4.274163 9.443452 -24.717176 -7.295112 -11.836721 42.770617 65.557114 -9.590506 5.590209 42.134554 0.000000 0.000000 47.254356 0.000000 0.000000 -7.969741 -5.107087 -8.050663 78.168305 -1.111112 -1.366165 42.464669 0.000000 0.000000 46.419109 0.000000 0.000000 6.271931 -1.933901 -4.817211 96.830627 4.119249 -12.028271 27.171278 0.000000 0.000000 29.064039 0.000000 0.000000 -1.013052 -2.505694 -6.799366 4.504137 6.716634 15.000000 5.244376 0.000000 0.000000 -10.104354 0.000000 0.000000 -3.109834 -2.403556 -3.139792 34.057915 20.937978 104.525050 28.305798 0.000000 0.000000 25.361135 0.000000 0.000000 -4.610124 -2.491975 -2.359596 0.000000 0.000000 0.000000 0.000000 0.000000 0.000000 0.000000 0.000000 0.000000 0.000000 0.000000 0.000000 0.000000 0.000000 0.000000 0.000000 0.000000 0.000000 0.000000 0.000000 0.000000 0.000000 0.000000 0.000000 
0.000000 89.700000 0.000000 0.000000 0.000000 0.000000 3.478287 40.295291 -0.190746 -6.497674 4.689702 -5.139632 -1.956460 4.872211 3.963885 -2.156772 -16.455110 -1.203001 -4.108008 -12.342958 6.356559 0.000000 0.000000 0.000000 -18.697512 -2.347244 -0.427896 -48.162305 -8.330900 28.999658 -170.906645 -63.907667 -175.014492 -36.000236 -13.717720 -62.804148 -40.842623 6.320333 -5.419004 -22.879280 0.000000 0.000000 -22.404757 0.000000 0.000000 0.022390 -0.001199 4.934506 -34.265452 -2.887044 1.990020 -25.023932 0.000000 0.000000 -25.179107 0.000000 0.000000 2.447046 -0.079831 2.056764 -31.674132 -42.341701 105.255563 -26.157358 0.000000 0.000000 -20.077266 0.000000 0.000000 4.260386 -0.094452 1.375350 -34.752935 -1.194940 4.101088 -34.979654 0.000000 0.000000 -30.878038 0.000000 0.000000 -6.917769 0.291382 2.291170 -35.423100 -6.254127 8.844376 -33.779435 0.000000 0.000000 -31.595062 0.000000 0.000000 0.441624 -0.014543 2.538997 7.188405 20.749547 -1.557511 -11.175168 24.900504 -27.570840 -4.380132 9.359071 -25.130752 -7.224140 -11.785714 42.953193 65.605843 -9.583548 5.660995 41.760741 0.000000 0.000000 46.878395 0.000000 0.000000 -7.969741 -5.107087 -8.050663 78.081401 -1.273828 -1.455025 42.454729 0.000000 0.000000 46.311039 0.000000 0.000000 6.271931 -1.933901 -4.817211 96.818079 4.128054 -11.866585 27.130871 0.000000 0.000000 29.096676 0.000000 0.000000 -1.013052 -2.505694 -6.799366 4.110489 6.786451 15.000000 5.180380 0.000000 0.000000 -9.807794 0.000000 0.000000 -3.109834 -2.403556 -3.139792 34.251191 21.148754 104.479014 28.703214 0.000000 0.000000 25.429400 0.000000 0.000000 -4.610124 -2.491975 -2.359596 0.000000 0.000000 0.000000 0.000000 0.000000 0.000000 0.000000 0.000000 0.000000 0.000000 0.000000 0.000000 0.000000 0.000000 0.000000 0.000000 0.000000 0.000000 0.000000 0.000000 0.000000 0.000000 0.000000 0.000000 
0.000000 89.700000 0.000000 0.000000 0.000000 0.000000 3.283041 40.253666 -0.300095 -6.406658 4.656307 -5.071516 -1.945260 4.831017 3.919638 -2.119521 -16.504627 -1.236265 -4.086601 -12.517801 6.331143 0.000000 0.000000 0.000000 -18.752763 -2.392187 -0.325801 -48.226655 -8.384503 29.082455 -170.825042 -63.830513 -175.198700 -36.081910 -13.325091 -62.805768 -41.517796 6.456158 -5.595455 -22.512830 0.000000 0.000000 -22.221212 0.000000 0.000000 0.022390 -0.001199 4.934506 -34.256950 -2.779323 1.912457 -25.026257 0.000000 0.000000 -25.210456 0.000000 0.000000 2.447046 -0.079831 2.056764 -31.686969 -42.432583 105.241205 -26.285553 0.000000 0.000000 -20.089466 0.000000 0.000000 4.260386 -0.094452 1.375350 -34.578476 -1.171404 4.270957 -34.707686 0.000000 0.000000 -30.760043 0.000000 0.000000 -6.917769 0.291382 2.291170 -35.325422 -5.891755 8.663397 -33.494669 0.000000 0.000000 -31.360221 0.000000 0.000000 0.441624 -0.014543 2.538997 7.254859 20.713845 -1.566804 -11.111134 24.884701 -27.549924 -4.441475 9.236736 -25.485444 -7.116449 -11.764339 43.156611 65.272056 -9.461633 5.825862 41.779780 0.000000 0.000000 46.569438 0.000000 0.000000 -7.969741 -5.107087 -8.050663 77.899027 -1.303720 -1.409711 42.557849 0.000000 0.000000 46.304408 0.000000 0.000000 6.271931 -1.933901 -4.817211 96.790822 4.255362 -11.280367 27.157189 0.000000 0.000000 29.140513 0.000000 0.000000 -1.013052 -2.505694 -6.799366 4.036841 6.966452 15.000000 5.092102 0.000000 0.000000 -9.702003 0.000000 0.000000 -3.109834 -2.403556 -3.139792 34.399916 21.066707 104.715446 28.771331 0.000000 0.000000 25.343783 0.000000 0.000000 -4.610124 -2.491975 -2.359596 0.000000 0.000000 0.000000 0.000000 0.000000 0.000000 0.000000 0.000000 0.000000 0.000000 0.000000 0.000000 0.000000 0.000000 0.000000 0.000000 0.000000 0.000000 0.000000 0.000000 0.000000 0.000000 0.000000 0.000000 
0.000000 89.700000 0.000000 0.000000 0.000000 0.000000 3.113969 40.233099 -0.398880 -6.325495 4.628460 -5.007729 -1.933926 4.792608 3.873478 -2.076100 -16.563948 -1.269749 -4.055429 -12.666357 6.309206 0.000000 0.000000 0.000000 -18.811384 -2.448359 -0.244310 -48.281568 -8.424636 29.151031 -170.736777 -63.777483 -175.405428 -36.130821 -12.926982 -62.819667 -41.606208 6.550532 -5.685874 -22.286417 0.000000 0.000000 -22.108748 0.000000 0.000000 0.022390 -0.001199 4.934506 -34.930655 -2.697380 1.867926 -24.877524 0.000000 0.000000 -25.223627 0.000000 0.000000 2.447046 -0.079831 2.056764 -31.596222 -42.454883 105.127837 -26.382492 0.000000 0.000000 -19.962407 0.000000 0.000000 4.260386 -0.094452 1.375350 -34.213284 -0.996152 4.259411 -34.581351 0.000000 0.000000 -30.767725 0.000000 0.000000 -6.917769 0.291382 2.291170 -36.136329 -5.510060 8.554847 -32.925281 0.000000 0.000000 -31.095620 0.000000 0.000000 0.441624 -0.014543 2.538997 7.303527 20.686561 -1.579548 -11.042219 24.861596 -27.530756 -4.460288 9.152171 -25.722063 -6.976087 -11.807130 43.393239 64.226772 -9.254791 6.039380 42.021963 0.000000 0.000000 46.298177 0.000000 0.000000 -7.969741 -5.107087 -8.050663 77.048665 -1.233744 -1.279990 42.711877 0.000000 0.000000 46.367472 0.000000 0.000000 6.271931 -1.933901 -4.817211 97.173907 4.496335 -10.528416 27.262976 0.000000 0.000000 29.224261 0.000000 0.000000 -1.013052 -2.505694 -6.799366 3.998050 7.207671 15.000000 4.962085 0.000000 0.000000 -9.842192 0.000000 0.000000 -3.109834 -2.403556 -3.139792 34.443462 20.794600 104.987767 28.572321 0.000000 0.000000 24.997819 0.000000 0.000000 -4.610124 -2.491975 -2.359596 0.000000 0.000000 0.000000 0.000000 0.000000 0.000000 0.000000 0.000000 0.000000 0.000000 0.000000 0.000000 0.000000 0.000000 0.000000 0.000000 0.000000 0.000000 0.000000 0.000000 0.000000 0.000000 0.000000 0.000000 
0.000000 89.700000 0.000000 0.000000 0.000000 0.000000 2.955577 40.222669 -0.494758 -6.248620 4.600647 -4.949194 -1.922289 4.752005 3.830735 -2.026529 -16.621279 -1.315444 -4.019086 -12.787595 6.289012 0.000000 0.000000 0.000000 -18.871945 -2.511515 -0.183636 -48.325303 -8.458805 29.207796 -170.641702 -63.739430 -175.624806 -36.142487 -12.551222 -62.852990 -40.774147 6.564716 -5.664443 -22.173280 0.000000 0.000000 -22.029786 0.000000 0.000000 0.022390 -0.001199 4.934506 -35.246532 -2.699676 1.886890 -24.645981 0.000000 0.000000 -25.210092 0.000000 0.000000 2.447046 -0.079831 2.056764 -31.427168 -42.460469 104.881252 -26.460969 0.000000 0.000000 -19.732744 0.000000 0.000000 4.260386 -0.094452 1.375350 -33.327924 -0.823715 4.173779 -34.549971 0.000000 0.000000 -30.824197 0.000000 0.000000 -6.917769 0.291382 2.291170 -35.967208 -5.224162 8.504463 -32.343580 0.000000 0.000000 -30.911750 0.000000 0.000000 0.441624 -0.014543 2.538997 7.346044 20.667711 -1.599078 -10.960479 24.830948 -27.503783 -4.516584 9.173994 -26.018828 -6.868427 -11.866061 43.681804 62.584731 -9.044395 6.216334 42.285983 0.000000 0.000000 46.066976 0.000000 0.000000 -7.969741 -5.107087 -8.050663 75.376812 -1.120995 -1.144043 42.849992 0.000000 0.000000 46.451756 0.000000 0.000000 6.271931 -1.933901 -4.817211 98.074886 4.771674 -10.090229 27.443550 0.000000 0.000000 29.410155 0.000000 0.000000 -1.013052 -2.505694 -6.799366 3.625013 7.410059 15.000000 4.813773 0.000000 0.000000 -10.146905 0.000000 0.000000 -3.109834 -2.403556 -3.139792 34.373250 20.560334 105.112890 28.288024 0.000000 0.000000 24.567436 0.000000 0.000000 -4.610124 -2.491975 -2.359596 0.000000 0.000000 0.000000 0.000000 0.000000 0.000000 0.000000 0.000000 0.000000 0.000000 0.000000 0.000000 0.000000 0.000000 0.000000 0.000000 0.000000 0.000000 0.000000 0.000000 0.000000 0.000000 0.000000 0.000000 
0.000000 89.700000 0.000000 0.000000 0.000000 0.000000 2.795979 40.214968 -0.593967 -6.172176 4.570954 -4.891954 -1.912334 4.708928 3.792215 -1.973116 -16.665707 -1.379061 -3.980938 -12.886838 6.263748 0.000000 0.000000 0.000000 -18.937129 -2.579366 -0.142788 -48.349876 -8.496855 29.257271 -170.539590 -63.704727 -175.845840 -36.118088 -12.217945 -62.916501 -40.430679 6.542658 -5.598768 -22.133020 0.000000 0.000000 -21.971112 0.000000 0.000000 0.022390 -0.001199 4.934506 -35.515064 -2.758876 1.940413 -24.442750 0.000000 0.000000 -25.186149 0.000000 0.000000 2.447046 -0.079831 2.056764 -31.243604 -42.468523 104.551724 -26.526321 0.000000 0.000000 -19.472320 0.000000 0.000000 4.260386 -0.094452 1.375350 -33.125529 -0.699078 4.071628 -34.531737 0.000000 0.000000 -30.858263 0.000000 0.000000 -6.917769 0.291382 2.291170 -36.034860 -5.053777 8.475202 -31.987893 0.000000 0.000000 -30.879811 0.000000 0.000000 0.441624 -0.014543 2.538997 7.397479 20.656438 -1.622059 -10.869534 24.789046 -27.465694 -4.607182 9.283974 -26.395441 -6.872475 -11.852537 44.031100 62.879351 -8.917415 6.270835 42.416211 0.000000 0.000000 45.905237 0.000000 0.000000 -7.969741 -5.107087 -8.050663 75.755398 -1.022241 -1.062117 42.893224 0.000000 0.000000 46.495069 0.000000 0.000000 6.271931 -1.933901 -4.817211 98.099345 4.973107 -10.268736 27.631733 0.000000 0.000000 29.686351 0.000000 0.000000 -1.013052 -2.505694 -6.799366 3.916296 7.498000 15.000000 4.679780 0.000000 0.000000 -10.503618 0.000000 0.000000 -3.109834 -2.403556 -3.139792 34.229533 20.549617 105.056307 28.120778 0.000000 0.000000 24.345611 0.000000 0.000000 -4.610124 -2.491975 -2.359596 0.000000 0.000000 0.000000 0.000000 0.000000 0.000000 0.000000 0.000000 0.000000 0.000000 0.000000 0.000000 0.000000 0.000000 0.000000 0.000000 0.000000 0.000000 0.000000 0.000000 0.000000 0.000000 0.000000 0.000000 
0.000000 89.700000 0.000000 0.000000 0.000000 0.000000 2.629257 40.202372 -0.701949 -6.094861 4.541031 -4.829103 -1.907545 4.666562 3.755303 -1.918276 -16.691420 -1.456752 -3.942961 -12.971672 6.227302 0.000000 0.000000 0.000000 -19.011998 -2.650757 -0.120391 -48.346568 -8.546111 29.303100 -170.433279 -63.663901 -176.055425 -36.056234 -11.927581 -63.021180 -40.192228 6.566952 -5.589790 -22.130685 0.000000 0.000000 -21.946605 0.000000 0.000000 0.022390 -0.001199 4.934506 -34.954589 -2.789404 1.967787 -24.336326 0.000000 0.000000 -25.187432 0.000000 0.000000 2.447046 -0.079831 2.056764 -31.116047 -42.468611 104.272260 -26.582074 0.000000 0.000000 -19.273692 0.000000 0.000000 4.260386 -0.094452 1.375350 -33.357594 -0.569244 3.966533 -34.434399 0.000000 0.000000 -30.831188 0.000000 0.000000 -6.917769 0.291382 2.291170 -36.400070 -4.918320 8.424271 -31.921181 0.000000 0.000000 -30.987579 0.000000 0.000000 0.441624 -0.014543 2.538997 7.470887 20.653793 -1.641424 -10.780599 24.732466 -27.419791 -4.754549 9.470860 -26.769706 -7.019852 -11.719931 44.432322 63.296590 -8.900571 6.166582 42.366345 0.000000 0.000000 45.788696 0.000000 0.000000 -7.969741 -5.107087 -8.050663 76.388052 -0.960055 -1.042528 42.802723 0.000000 0.000000 46.434476 0.000000 0.000000 6.271931 -1.933901 -4.817211 98.129328 5.036230 -10.912221 27.730703 0.000000 0.000000 29.924809 0.000000 0.000000 -1.013052 -2.505694 -6.799366 4.169522 7.467007 15.000000 4.581742 0.000000 0.000000 -10.830163 0.000000 0.000000 -3.109834 -2.403556 -3.139792 34.097200 20.790017 104.920043 28.177705 0.000000 0.000000 24.515026 0.000000 0.000000 -4.610124 -2.491975 -2.359596 0.000000 0.000000 0.000000 0.000000 0.000000 0.000000 0.000000 0.000000 0.000000 0.000000 0.000000 0.000000 0.000000 0.000000 0.000000 0.000000 0.000000 0.000000 0.000000 0.000000 0.000000 0.000000 0.000000 0.000000 
0.000000 89.700000 0.000000 0.000000 0.000000 0.000000 2.456905 40.175673 -0.821824 -6.017977 4.514013 -4.753589 -1.909983 4.628891 3.717637 -1.865516 -16.701016 -1.539098 -3.905476 -13.049209 6.179020 0.000000 0.000000 0.000000 -19.098236 -2.725179 -0.114937 -48.312987 -8.607388 29.344447 -170.328358 -63.613064 -176.240321 -35.953454 -11.662692 -63.172132 -40.391492 6.686968 -5.691769 -22.143028 0.000000 0.000000 -21.973230 0.000000 0.000000 0.022390 -0.001199 4.934506 -34.965628 -2.723195 1.927098 -24.306060 0.000000 0.000000 -25.215250 0.000000 0.000000 2.447046 -0.079831 2.056764 -31.092758 -42.446157 104.163580 -26.634613 0.000000 0.000000 -19.192106 0.000000 0.000000 4.260386 -0.094452 1.375350 -33.536324 -0.380805 3.866652 -34.185181 0.000000 0.000000 -30.729944 0.000000 0.000000 -6.917769 0.291382 2.291170 -36.042604 -4.738678 8.342871 -32.030647 0.000000 0.000000 -31.153401 0.000000 0.000000 0.441624 -0.014543 2.538997 7.569125 20.665407 -1.652297 -10.704358 24.660042 -27.374077 -4.906942 9.778379 -27.107937 -7.285277 -11.461520 44.862096 64.056833 -8.949967 5.944986 42.196369 0.000000 0.000000 45.645559 0.000000 0.000000 -7.969741 -5.107087 -8.050663 77.035305 -0.918096 -1.060575 42.629408 0.000000 0.000000 46.252355 0.000000 0.000000 6.271931 -1.933901 -4.817211 98.110210 4.955733 -11.685938 27.717293 0.000000 0.000000 29.996461 0.000000 0.000000 -1.013052 -2.505694 -6.799366 5.266039 7.352654 15.000000 4.543376 0.000000 0.000000 -11.045799 0.000000 0.000000 -3.109834 -2.403556 -3.139792 34.064723 21.175402 104.827557 28.422025 0.000000 0.000000 25.055073 0.000000 0.000000 -4.610124 -2.491975 -2.359596 0.000000 0.000000 0.000000 0.000000 0.000000 0.000000 0.000000 0.000000 0.000000 0.000000 0.000000 0.000000 0.000000 0.000000 0.000000 0.000000 0.000000 0.000000 0.000000 0.000000 0.000000 0.000000 0.000000 0.000000 
0.000000 89.700000 0.000000 0.000000 0.000000 0.000000 2.288337 40.125924 -0.951013 -5.945155 4.492676 -4.660743 -1.919087 4.599128 3.678162 -1.820762 -16.705547 -1.617134 -3.867709 -13.126375 6.124495 0.000000 0.000000 0.000000 -19.191561 -2.802291 -0.123794 -48.254074 -8.674983 29.376357 -170.231708 -63.554258 -176.392797 -35.815175 -11.400788 -63.364733 -40.737985 6.905457 -5.902631 -22.143958 0.000000 0.000000 -22.034894 0.000000 0.000000 0.022390 -0.001199 4.934506 -35.583075 -2.532424 1.801911 -24.283799 0.000000 0.000000 -25.214853 0.000000 0.000000 2.447046 -0.079831 2.056764 -31.169601 -42.391910 104.243457 -26.692085 0.000000 0.000000 -19.211373 0.000000 0.000000 4.260386 -0.094452 1.375350 -33.922035 -0.128642 3.780335 -33.780306 0.000000 0.000000 -30.562242 0.000000 0.000000 -6.917769 0.291382 2.291170 -36.338828 -4.516202 8.268003 -32.145012 0.000000 0.000000 -31.283112 0.000000 0.000000 0.441624 -0.014543 2.538997 7.684280 20.699264 -1.652700 -10.646774 24.571863 -27.337102 -5.061428 9.936787 -27.511936 -7.616644 -11.078411 45.290991 65.536990 -9.002849 5.696811 42.032137 0.000000 0.000000 45.476866 0.000000 0.000000 -7.969741 -5.107087 -8.050663 77.800667 -0.872976 -1.108439 42.471168 0.000000 0.000000 46.002184 0.000000 0.000000 6.271931 -1.933901 -4.817211 97.604846 4.769542 -12.433495 27.679471 0.000000 0.000000 29.902733 0.000000 0.000000 -1.013052 -2.505694 -6.799366 6.109681 7.189476 15.000000 4.588704 0.000000 0.000000 -11.078118 0.000000 0.000000 -3.109834 -2.403556 -3.139792 34.149941 21.586082 104.824485 28.741882 0.000000 0.000000 25.820770 0.000000 0.000000 -4.610124 -2.491975 -2.359596 0.000000 0.000000 0.000000 0.000000 0.000000 0.000000 0.000000 0.000000 0.000000 0.000000 0.000000 0.000000 0.000000 0.000000 0.000000 0.000000 0.000000 0.000000 0.000000 0.000000 0.000000 0.000000 0.000000 0.000000 
0.000000 89.700000 0.000000 0.000000 0.000000 0.000000 2.136145 40.047650 -1.080356 -5.880493 4.477737 -4.551154 -1.933269 4.578973 3.635962 -1.789385 -16.718909 -1.686702 -3.829145 -13.208459 6.072580 0.000000 0.000000 0.000000 -19.285745 -2.880733 -0.142181 -48.177426 -8.740308 29.394894 -170.152050 -63.493282 -176.512711 -35.663617 -11.130439 -63.585513 -40.721462 7.191233 -6.186769 -22.097639 0.000000 0.000000 -22.088012 0.000000 0.000000 0.022390 -0.001199 4.934506 -35.836378 -2.228479 1.597399 -24.220436 0.000000 0.000000 -25.133629 0.000000 0.000000 2.447046 -0.079831 2.056764 -31.278663 -42.310447 104.418330 -26.761564 0.000000 0.000000 -19.269435 0.000000 0.000000 4.260386 -0.094452 1.375350 -34.190005 0.148916 3.710070 -33.304611 0.000000 0.000000 -30.364513 0.000000 0.000000 -6.917769 0.291382 2.291170 -36.774703 -4.321031 8.247620 -32.165482 0.000000 0.000000 -31.327855 0.000000 0.000000 0.441624 -0.014543 2.538997 7.806668 20.759305 -1.639734 -10.610075 24.468263 -27.313096 -5.179743 10.104583 -27.789285 -7.963425 -10.603180 45.690907 65.814037 -9.029101 5.504936 42.006254 0.000000 0.000000 45.413963 0.000000 0.000000 -7.969741 -5.107087 -8.050663 77.903005 -0.823498 -1.198113 42.379558 0.000000 0.000000 45.786209 0.000000 0.000000 6.271931 -1.933901 -4.817211 97.272140 4.542510 -13.149604 27.719383 0.000000 0.000000 29.767902 0.000000 0.000000 -1.013052 -2.505694 -6.799366 6.038668 7.006370 15.000000 4.701227 0.000000 0.000000 -10.958431 0.000000 0.000000 -3.109834 -2.403556 -3.139792 34.280560 21.993261 104.870912 29.075142 0.000000 0.000000 26.700830 0.000000 0.000000 -4.610124 -2.491975 -2.359596 0.000000 0.000000 0.000000 0.000000 0.000000 0.000000 0.000000 0.000000 0.000000 0.000000 0.000000 0.000000 0.000000 0.000000 0.000000 0.000000 0.000000 0.000000 0.000000 0.000000 0.000000 0.000000 0.000000 0.000000 
0.000000 89.700000 0.000000 0.000000 0.000000 0.000000 2.008853 39.940276 -1.198209 -5.826628 4.467047 -4.432004 -1.951089 4.568439 3.590279 -1.772131 -16.750838 -1.749815 -3.789558 -13.295427 6.029722 0.000000 0.000000 0.000000 -19.378941 -2.957777 -0.164140 -48.088599 -8.795291 29.400447 -170.099959 -63.436872 -176.603950 -35.530776 -10.857668 -63.816708 -40.908750 7.496305 -6.490684 -21.993676 0.000000 0.000000 -22.112998 0.000000 0.000000 0.022390 -0.001199 4.934506 -35.983999 -1.859721 1.343743 -24.108140 0.000000 0.000000 -24.986595 0.000000 0.000000 2.447046 -0.079831 2.056764 -31.326054 -42.223957 104.562741 -26.849100 0.000000 0.000000 -19.301656 0.000000 0.000000 4.260386 -0.094452 1.375350 -34.483038 0.402858 3.649421 -32.891460 0.000000 0.000000 -30.198775 0.000000 0.000000 -6.917769 0.291382 2.291170 -37.169836 -4.215907 8.294908 -32.088809 0.000000 0.000000 -31.295867 0.000000 0.000000 0.441624 -0.014543 2.538997 7.933438 20.841242 -1.607962 -10.594051 24.350091 -27.300341 -5.234704 10.214956 -28.054838 -8.282003 -10.129454 46.039129 66.204667 -9.040162 5.414473 42.191249 0.000000 0.000000 45.597064 0.000000 0.000000 -7.969741 -5.107087 -8.050663 79.281326 -0.793838 -1.315123 42.353633 0.000000 0.000000 45.708199 0.000000 0.000000 6.271931 -1.933901 -4.817211 96.963853 4.333060 -13.786580 27.845951 0.000000 0.000000 29.720836 0.000000 0.000000 -1.013052 -2.505694 -6.799366 6.092921 6.830764 15.000000 4.812849 0.000000 0.000000 -10.830195 0.000000 0.000000 -3.109834 -2.403556 -3.139792 34.372361 22.433597 104.902355 29.443863 0.000000 0.000000 27.651965 0.000000 0.000000 -4.610124 -2.491975 -2.359596 0.000000 0.000000 0.000000 0.000000 0.000000 0.000000 0.000000 0.000000 0.000000 0.000000 0.000000 0.000000 0.000000 0.000000 0.000000 0.000000 0.000000 0.000000 0.000000 0.000000 0.000000 0.000000 0.000000 0.000000 
0.000000 89.700000 0.000000 0.000000 0.000000 0.000000 1.908888 39.806077 -1.296410 -5.785072 4.457319 -4.314503 -1.970555 4.566384 3.542232 -1.765670 -16.804251 -1.811414 -3.748255 -13.382464 5.995718 0.000000 0.000000 0.000000 -19.475028 -3.030106 -0.185614 -47.990289 -8.833585 29.394885 -170.082923 -63.390631 -176.671356 -35.444281 -10.604292 -64.041943 -41.787867 7.784132 -6.759809 -21.888353 0.000000 0.000000 -22.146732 0.000000 0.000000 0.022390 -0.001199 4.934506 -36.283895 -1.484580 1.080683 -23.976169 0.000000 0.000000 -24.855431 0.000000 0.000000 2.447046 -0.079831 2.056764 -31.267552 -42.153906 104.632837 -26.958976 0.000000 0.000000 -19.272276 0.000000 0.000000 4.260386 -0.094452 1.375350 -35.201488 0.619732 3.574917 -32.654154 0.000000 0.000000 -30.126835 0.000000 0.000000 -6.917769 0.291382 2.291170 -37.376400 -4.180281 8.366068 -31.942504 0.000000 0.000000 -31.223863 0.000000 0.000000 0.441624 -0.014543 2.538997 8.068181 20.934044 -1.553036 -10.594618 24.218933 -27.293867 -5.296738 10.386890 -28.355562 -8.519985 -9.783129 46.321247 66.684138 -9.068063 5.427430 42.593315 0.000000 0.000000 46.010561 0.000000 0.000000 -7.969741 -5.107087 -8.050663 80.324977 -0.821480 -1.421777 42.412923 0.000000 0.000000 45.810540 0.000000 0.000000 6.271931 -1.933901 -4.817211 96.936984 4.167204 -14.225393 27.993573 0.000000 0.000000 29.805011 0.000000 0.000000 -1.013052 -2.505694 -6.799366 6.838050 6.684842 15.000000 4.860363 0.000000 0.000000 -10.795152 0.000000 0.000000 -3.109834 -2.403556 -3.139792 34.408611 22.887973 104.900565 29.872397 0.000000 0.000000 28.574930 0.000000 0.000000 -4.610124 -2.491975 -2.359596 0.000000 0.000000 0.000000 0.000000 0.000000 0.000000 0.000000 0.000000 0.000000 0.000000 0.000000 0.000000 0.000000 0.000000 0.000000 0.000000 0.000000 0.000000 0.000000 0.000000 0.000000 0.000000 0.000000 0.000000 
0.000000 89.700000 0.000000 0.000000 0.000000 0.000000 1.835087 39.647235 -1.372729 -5.757795 4.447363 -4.209995 -1.989033 4.570742 3.495624 -1.765976 -16.875945 -1.874687 -3.705302 -13.465911 5.965962 0.000000 0.000000 0.000000 -19.578559 -3.094039 -0.206821 -47.884759 -8.851236 29.378103 -170.098242 -63.357686 -176.721427 -35.414662 -10.394070 -64.250881 -41.643562 8.046339 -6.965735 -21.861171 0.000000 0.000000 -22.243370 0.000000 0.000000 0.022390 -0.001199 4.934506 -36.571874 -1.136829 0.832186 -23.874280 0.000000 0.000000 -24.825016 0.000000 0.000000 2.447046 -0.079831 2.056764 -31.161485 -42.103453 104.698773 -27.084903 0.000000 0.000000 -19.202968 0.000000 0.000000 4.260386 -0.094452 1.375350 -35.315088 0.830970 3.457199 -32.603408 0.000000 0.000000 -30.162743 0.000000 0.000000 -6.917769 0.291382 2.291170 -37.425613 -4.123646 8.396756 -31.741949 0.000000 0.000000 -31.142711 0.000000 0.000000 0.441624 -0.014543 2.538997 8.214179 21.023946 -1.476661 -10.601798 24.076119 -27.288634 -5.318975 10.543970 -28.687261 -8.617156 -9.657270 46.534703 66.329381 -9.137652 5.489590 43.187130 0.000000 0.000000 46.485884 0.000000 0.000000 -7.969741 -5.107087 -8.050663 80.248465 -0.934646 -1.528341 42.588405 0.000000 0.000000 46.026173 0.000000 0.000000 6.271931 -1.933901 -4.817211 96.891428 4.051660 -14.404796 28.108294 0.000000 0.000000 29.967316 0.000000 0.000000 -1.013052 -2.505694 -6.799366 7.145565 6.591281 15.000000 4.835769 0.000000 0.000000 -10.800605 0.000000 0.000000 -3.109834 -2.403556 -3.139792 34.430586 23.248474 104.897243 30.328489 0.000000 0.000000 29.274141 0.000000 0.000000 -4.610124 -2.491975 -2.359596 0.000000 0.000000 0.000000 0.000000 0.000000 0.000000 0.000000 0.000000 0.000000 0.000000 0.000000 0.000000 0.000000 0.000000 0.000000 0.000000 0.000000 0.000000 0.000000 0.000000 0.000000 0.000000 0.000000 0.000000 
0.000000 89.700000 0.000000 0.000000 0.000000 0.000000 1.783263 39.464911 -1.428470 -5.747284 4.439367 -4.128096 -2.004976 4.578084 3.455186 -1.769168 -16.957923 -1.941380 -3.663630 -13.547108 5.937742 0.000000 0.000000 0.000000 -19.689862 -3.145425 -0.231098 -47.775701 -8.847264 29.349974 -170.133441 -63.337520 -176.761973 -35.434118 -10.231321 -64.441478 -40.678628 8.288585 -7.122096 -21.920135 0.000000 0.000000 -22.408456 0.000000 0.000000 0.022390 -0.001199 4.934506 -36.182650 -0.825371 0.605734 -23.833562 0.000000 0.000000 -24.917467 0.000000 0.000000 2.447046 -0.079831 2.056764 -31.147459 -42.067909 104.866686 -27.204166 0.000000 0.000000 -19.175796 0.000000 0.000000 4.260386 -0.094452 1.375350 -34.803553 1.065077 3.296229 -32.606731 0.000000 0.000000 -30.238491 0.000000 0.000000 -6.917769 0.291382 2.291170 -37.572705 -3.979930 8.368719 -31.505797 0.000000 0.000000 -31.056590 0.000000 0.000000 0.441624 -0.014543 2.538997 8.369686 21.097709 -1.387622 -10.601519 23.921439 -27.280061 -5.353320 10.732148 -28.973266 -8.545744 -9.757370 46.690619 65.585732 -9.245767 5.495125 43.919298 0.000000 0.000000 46.862675 0.000000 0.000000 -7.969741 -5.107087 -8.050663 79.965859 -1.125605 -1.712201 42.851153 0.000000 0.000000 46.224193 0.000000 0.000000 6.271931 -1.933901 -4.817211 96.713752 3.996688 -14.405344 28.176789 0.000000 0.000000 30.102453 0.000000 0.000000 -1.013052 -2.505694 -6.799366 6.558530 6.579922 15.000000 4.767831 0.000000 0.000000 -10.725108 0.000000 0.000000 -3.109834 -2.403556 -3.139792 34.479980 23.416383 104.923178 30.749927 0.000000 0.000000 29.588098 0.000000 0.000000 -4.610124 -2.491975 -2.359596 0.000000 0.000000 0.000000 0.000000 0.000000 0.000000 0.000000 0.000000 0.000000 0.000000 0.000000 0.000000 0.000000 0.000000 0.000000 0.000000 0.000000 0.000000 0.000000 0.000000 0.000000 0.000000 0.000000 0.000000 
0.000000 89.700000 0.000000 0.000000 0.000000 0.000000 1.746374 39.258409 -1.465050 -5.754911 4.436878 -4.075304 -2.019251 4.584436 3.423580 -1.770710 -17.040671 -2.014835 -3.628232 -13.630451 5.911898 0.000000 0.000000 0.000000 -19.805211 -3.180488 -0.261164 -47.667130 -8.822363 29.314026 -170.177641 -63.325501 -176.797211 -35.495087 -10.098638 -64.619559 -40.338757 8.507955 -7.262018 -21.992734 0.000000 0.000000 -22.588386 0.000000 0.000000 0.022390 -0.001199 4.934506 -35.861028 -0.558691 0.409900 -23.834653 0.000000 0.000000 -25.081685 0.000000 0.000000 2.447046 -0.079831 2.056764 -31.346577 -42.048230 105.194206 -27.288632 0.000000 0.000000 -19.269316 0.000000 0.000000 4.260386 -0.094452 1.375350 -34.926109 1.310262 3.126820 -32.496577 0.000000 0.000000 -30.250205 0.000000 0.000000 -6.917769 0.291382 2.291170 -37.682413 -3.753568 8.314158 -31.271232 0.000000 0.000000 -30.952078 0.000000 0.000000 0.441624 -0.014543 2.538997 8.528748 21.146061 -1.298212 -10.582012 23.754387 -27.263858 -5.374744 10.946886 -29.238710 -8.350171 -9.969536 46.809652 63.745096 -9.364387 5.358369 44.688739 0.000000 0.000000 47.115624 0.000000 0.000000 -7.969741 -5.107087 -8.050663 78.683262 -1.343489 -2.026829 43.114693 0.000000 0.000000 46.319588 0.000000 0.000000 6.271931 -1.933901 -4.817211 97.014599 4.005765 -14.383576 28.204231 0.000000 0.000000 30.135190 0.000000 0.000000 -1.013052 -2.505694 -6.799366 5.200402 6.665103 15.000000 4.684694 0.000000 0.000000 -10.529363 0.000000 0.000000 -3.109834 -2.403556 -3.139792 34.556931 23.382705 104.977528 31.075041 0.000000 0.000000 29.491794 0.000000 0.000000 -4.610124 -2.491975 -2.359596 0.000000 0.000000 0.000000 0.000000 0.000000 0.000000 0.000000 0.000000 0.000000 0.000000 0.000000 0.000000 0.000000 0.000000 0.000000 0.000000 0.000000 0.000000 0.000000 0.000000 0.000000 0.000000 0.000000 0.000000 
0.000000 89.700000 0.000000 0.000000 0.000000 0.000000 1.718618 39.022946 -1.483010 -5.779418 4.441724 -4.051916 -2.034318 4.587788 3.399741 -1.767387 -17.118362 -2.097705 -3.602469 -13.719543 5.888223 0.000000 0.000000 0.000000 -19.919005 -3.196980 -0.296290 -47.561263 -8.776069 29.276132 -170.233476 -63.313728 -176.823051 -35.609932 -9.971723 -64.796243 -40.473055 8.693124 -7.401089 -22.015612 0.000000 0.000000 -22.709824 0.000000 0.000000 0.022390 -0.001199 4.934506 -35.735205 -0.343523 0.252045 -23.831817 0.000000 0.000000 -25.237666 0.000000 0.000000 2.447046 -0.079831 2.056764 -31.751674 -42.029916 105.666985 -27.314680 0.000000 0.000000 -19.463301 0.000000 0.000000 4.260386 -0.094452 1.375350 -35.786635 1.540440 2.973574 -32.251531 0.000000 0.000000 -30.149144 0.000000 0.000000 -6.917769 0.291382 2.291170 -37.792881 -3.475656 8.256488 -31.078504 0.000000 0.000000 -30.837044 0.000000 0.000000 0.441624 -0.014543 2.538997 8.683874 21.167525 -1.219474 -10.539620 23.578067 -27.237310 -5.321301 11.067096 -29.478141 -8.132394 -10.081351 46.910962 62.854844 -9.460691 5.101266 45.355811 0.000000 0.000000 47.323467 0.000000 0.000000 -7.969741 -5.107087 -8.050663 77.724253 -1.516404 -2.412348 43.289459 0.000000 0.000000 46.301970 0.000000 0.000000 6.271931 -1.933901 -4.817211 96.970371 4.055335 -14.439873 28.215090 0.000000 0.000000 30.086300 0.000000 0.000000 -1.013052 -2.505694 -6.799366 4.271236 6.812626 15.000000 4.612729 0.000000 0.000000 -10.287618 0.000000 0.000000 -3.109834 -2.403556 -3.139792 34.607778 23.215806 105.032404 31.243613 0.000000 0.000000 29.072601 0.000000 0.000000 -4.610124 -2.491975 -2.359596 0.000000 0.000000 0.000000 0.000000 0.000000 0.000000 0.000000 0.000000 0.000000 0.000000 0.000000 0.000000 0.000000 0.000000 0.000000 0.000000 0.000000 0.000000 0.000000 0.000000 0.000000 0.000000 0.000000 0.000000 
0.000000 89.700000 0.000000 0.000000 0.000000 0.000000 1.700229 38.749890 -1.482511 -5.816590 4.452883 -4.049143 -2.052200 4.589213 3.379698 -1.760819 -17.191580 -2.186428 -3.584772 -13.813742 5.861674 0.000000 0.000000 0.000000 -20.024228 -3.194359 -0.332454 -47.457602 -8.705347 29.239332 -170.317443 -63.292480 -176.828310 -35.801503 -9.831137 -64.983686 -40.878211 8.847777 -7.536380 -22.009567 0.000000 0.000000 -22.720248 0.000000 0.000000 0.022390 -0.001199 4.934506 -35.823471 -0.150398 0.112069 -23.819040 0.000000 0.000000 -25.332890 0.000000 0.000000 2.447046 -0.079831 2.056764 -32.216175 -41.953360 106.214582 -27.255180 0.000000 0.000000 -19.619757 0.000000 0.000000 4.260386 -0.094452 1.375350 -36.138649 1.768942 2.811143 -32.017106 0.000000 0.000000 -29.956769 0.000000 0.000000 -6.917769 0.291382 2.291170 -37.906866 -3.158281 8.176413 -30.973115 0.000000 0.000000 -30.770727 0.000000 0.000000 0.441624 -0.014543 2.538997 8.826504 21.169535 -1.158417 -10.478292 23.401384 -27.199520 -5.344535 11.225900 -29.763596 -7.989174 -9.892516 46.998519 62.552392 -9.508573 4.840114 45.812457 0.000000 0.000000 47.551356 0.000000 0.000000 -7.969741 -5.107087 -8.050663 77.251742 -1.588833 -2.736342 43.314692 0.000000 0.000000 46.172581 0.000000 0.000000 6.271931 -1.933901 -4.817211 96.976553 4.104707 -14.566362 28.261372 0.000000 0.000000 30.035477 0.000000 0.000000 -1.013052 -2.505694 -6.799366 4.303278 6.944639 15.000000 4.584348 0.000000 0.000000 -10.099771 0.000000 0.000000 -3.109834 -2.403556 -3.139792 34.556213 23.014773 105.054505 31.214119 0.000000 0.000000 28.479159 0.000000 0.000000 -4.610124 -2.491975 -2.359596 0.000000 0.000000 0.000000 0.000000 0.000000 0.000000 0.000000 0.000000 0.000000 0.000000 0.000000 0.000000 0.000000 0.000000 0.000000 0.000000 0.000000 0.000000 0.000000 0.000000 0.000000 0.000000 0.000000 0.000000 
0.000000 89.700000 0.000000 0.000000 0.000000 0.000000 1.695858 38.430549 -1.465277 -5.859643 4.467527 -4.051258 -2.073104 4.590720 3.359029 -1.755964 -17.264231 -2.271566 -3.569201 -13.906253 5.824435 0.000000 0.000000 0.000000 -20.112817 -3.172224 -0.364826 -47.352506 -8.606604 29.200864 -170.447786 -63.252115 -176.801365 -36.071702 -9.674575 -65.189876 -40.934141 9.003634 -7.674734 -22.054302 0.000000 0.000000 -22.611630 0.000000 0.000000 0.022390 -0.001199 4.934506 -36.320753 0.091978 -0.061223 -23.858450 0.000000 0.000000 -25.370338 0.000000 0.000000 2.447046 -0.079831 2.056764 -32.555821 -41.740010 106.749801 -27.083482 0.000000 0.000000 -19.580410 0.000000 0.000000 4.260386 -0.094452 1.375350 -35.870396 2.058737 2.583863 -31.943286 0.000000 0.000000 -29.710293 0.000000 0.000000 -6.917769 0.291382 2.291170 -38.068465 -2.801123 8.036883 -31.016357 0.000000 0.000000 -30.826530 0.000000 0.000000 0.441624 -0.014543 2.538997 8.947120 21.164620 -1.118521 -10.401063 23.238088 -27.147845 -5.407162 11.383202 -30.215545 -7.952635 -9.357354 47.050435 62.548974 -9.494799 4.668359 46.064134 0.000000 0.000000 47.800779 0.000000 0.000000 -7.969741 -5.107087 -8.050663 77.544232 -1.553827 -2.927461 43.180189 0.000000 0.000000 45.926375 0.000000 0.000000 6.271931 -1.933901 -4.817211 97.090681 4.123336 -14.707946 28.381720 0.000000 0.000000 30.002679 0.000000 0.000000 -1.013052 -2.505694 -6.799366 4.931048 6.989299 15.000000 4.621208 0.000000 0.000000 -9.996817 0.000000 0.000000 -3.109834 -2.403556 -3.139792 34.370042 22.871425 105.031828 30.996741 0.000000 0.000000 27.909595 0.000000 0.000000 -4.610124 -2.491975 -2.359596 0.000000 0.000000 0.000000 0.000000 0.000000 0.000000 0.000000 0.000000 0.000000 0.000000 0.000000 0.000000 0.000000 0.000000 0.000000 0.000000 0.000000 0.000000 0.000000 0.000000 0.000000 0.000000 0.000000 0.000000 
0.000000 89.700000 0.000000 0.000000 0.000000 0.000000 1.705818 38.057846 -1.439618 -5.899425 4.482338 -4.044137 -2.095295 4.592462 3.335904 -1.753123 -17.334243 -2.345413 -3.550056 -13.984560 5.770448 0.000000 0.000000 0.000000 -20.177205 -3.127533 -0.390827 -47.239195 -8.479506 29.153442 -170.628452 -63.186259 -176.736924 -36.386496 -9.525321 -65.415106 -40.532570 9.190866 -7.831775 -22.181841 0.000000 0.000000 -22.406582 0.000000 0.000000 0.022390 -0.001199 4.934506 -36.400145 0.435175 -0.304685 -24.018849 0.000000 0.000000 -25.380178 0.000000 0.000000 2.447046 -0.079831 2.056764 -32.667583 -41.367499 107.223068 -26.808915 0.000000 0.000000 -19.290934 0.000000 0.000000 4.260386 -0.094452 1.375350 -36.287633 2.458955 2.271346 -32.046346 0.000000 0.000000 -29.434885 0.000000 0.000000 -6.917769 0.291382 2.291170 -37.911657 -2.419486 7.826993 -31.228067 0.000000 0.000000 -31.000595 0.000000 0.000000 0.441624 -0.014543 2.538997 9.038474 21.163305 -1.102706 -10.298153 23.105694 -27.072921 -5.492583 11.593486 -30.402293 -7.973652 -8.620778 47.013636 63.748437 -9.423387 4.578822 46.241868 0.000000 0.000000 48.051098 0.000000 0.000000 -7.969741 -5.107087 -8.050663 79.480845 -1.448446 -3.031624 42.962034 0.000000 0.000000 45.602001 0.000000 0.000000 6.271931 -1.933901 -4.817211 96.846767 4.111425 -14.827796 28.564840 0.000000 0.000000 29.915706 0.000000 0.000000 -1.013052 -2.505694 -6.799366 6.466203 6.930535 15.000000 4.715307 0.000000 0.000000 -9.921909 0.000000 0.000000 -3.109834 -2.403556 -3.139792 34.101552 22.834882 104.989564 30.657987 0.000000 0.000000 27.592121 0.000000 0.000000 -4.610124 -2.491975 -2.359596 0.000000 0.000000 0.000000 0.000000 0.000000 0.000000 0.000000 0.000000 0.000000 0.000000 0.000000 0.000000 0.000000 0.000000 0.000000 0.000000 0.000000 0.000000 0.000000 0.000000 0.000000 0.000000 0.000000 0.000000 
0.000000 89.700000 0.000000 0.000000 0.000000 0.000000 1.719494 37.624374 -1.423645 -5.925031 4.493566 -4.022578 -2.115666 4.592044 3.312864 -1.742363 -17.385244 -2.408222 -3.524530 -14.032764 5.696830 0.000000 0.000000 0.000000 -20.210550 -3.053537 -0.411606 -47.109885 -8.328411 29.088036 -170.841281 -63.095717 -176.636716 -36.694299 -9.420261 -65.653630 -40.811235 9.400583 -7.999116 -22.318521 0.000000 0.000000 -22.121441 0.000000 0.000000 0.022390 -0.001199 4.934506 -35.861906 0.851723 -0.598259 -24.280935 0.000000 0.000000 -25.361206 0.000000 0.000000 2.447046 -0.079831 2.056764 -32.579274 -40.900328 107.655617 -26.497672 0.000000 0.000000 -18.833579 0.000000 0.000000 4.260386 -0.094452 1.375350 -36.721426 2.938105 1.924125 -32.204016 0.000000 0.000000 -29.140616 0.000000 0.000000 -6.917769 0.291382 2.291170 -37.512372 -2.038033 7.575211 -31.513014 0.000000 0.000000 -31.185871 0.000000 0.000000 0.441624 -0.014543 2.538997 9.098979 21.167390 -1.115763 -10.141839 23.023444 -26.956906 -5.719478 12.077271 -30.622397 -7.970706 -7.878186 46.801923 63.856086 -9.304967 4.509521 46.521894 0.000000 0.000000 48.307353 0.000000 0.000000 -7.969741 -5.107087 -8.050663 80.214714 -1.302177 -3.129415 42.802443 0.000000 0.000000 45.281687 0.000000 0.000000 6.271931 -1.933901 -4.817211 96.833972 4.097757 -14.913474 28.782315 0.000000 0.000000 29.726434 0.000000 0.000000 -1.013052 -2.505694 -6.799366 6.750987 6.805520 14.999996 4.837669 0.000000 0.000000 -9.795343 0.000000 0.000000 -3.109834 -2.403556 -3.139792 33.847924 22.897560 104.972677 30.289164 0.000000 0.000000 27.689106 0.000000 0.000000 -4.610124 -2.491975 -2.359596 0.000000 0.000000 0.000000 0.000000 0.000000 0.000000 0.000000 0.000000 0.000000 0.000000 0.000000 0.000000 0.000000 0.000000 0.000000 0.000000 0.000000 0.000000 0.000000 0.000000 0.000000 0.000000 0.000000 0.000000 
0.000000 89.700000 0.000000 0.000000 0.000000 0.000000 1.720121 37.121715 -1.439532 -5.926138 4.495809 -3.988935 -2.130604 4.585089 3.295094 -1.707978 -17.392423 -2.463853 -3.489421 -14.036423 5.604050 0.000000 0.000000 0.000000 -20.205934 -2.943268 -0.430338 -46.959608 -8.159812 28.995576 -171.053089 -62.992896 -176.503892 -36.955982 -9.391541 -65.900429 -40.810529 9.603570 -8.147225 -22.354688 0.000000 0.000000 -21.759504 0.000000 0.000000 0.022390 -0.001199 4.934506 -34.954447 1.258396 -0.881659 -24.533505 0.000000 0.000000 -25.273583 0.000000 0.000000 2.447046 -0.079831 2.056764 -32.406435 -40.436195 108.116042 -26.242933 0.000000 0.000000 -18.347922 0.000000 0.000000 4.260386 -0.094452 1.375350 -36.431803 3.417697 1.614145 -32.230240 0.000000 0.000000 -28.798722 0.000000 0.000000 -6.917769 0.291382 2.291170 -37.266311 -1.644568 7.311181 -31.710218 0.000000 0.000000 -31.260130 0.000000 0.000000 0.441624 -0.014543 2.538997 9.130229 21.166017 -1.165040 -9.892706 23.006334 -26.775176 -5.960920 12.543102 -30.846852 -7.906478 -7.190645 46.293528 63.300911 -9.146301 4.432689 47.023378 0.000000 0.000000 48.618943 0.000000 0.000000 -7.969741 -5.107087 -8.050663 79.959981 -1.098903 -3.237306 42.806948 0.000000 0.000000 45.026318 0.000000 0.000000 6.271931 -1.933901 -4.817211 96.662523 4.106882 -14.964373 29.035398 0.000000 0.000000 29.508802 0.000000 0.000000 -1.013052 -2.505694 -6.799366 6.143361 6.650250 14.999931 4.966371 0.000000 0.000000 -9.593583 0.000000 0.000000 -3.109834 -2.403556 -3.139792 33.668021 23.024982 105.014457 29.962215 0.000000 0.000000 28.185709 0.000000 0.000000 -4.610124 -2.491975 -2.359596 0.000000 0.000000 0.000000 0.000000 0.000000 0.000000 0.000000 0.000000 0.000000 0.000000 0.000000 0.000000 0.000000 0.000000 0.000000 0.000000 0.000000 0.000000 0.000000 0.000000 0.000000 0.000000 0.000000 0.000000 
0.000000 89.700000 0.000000 0.000000 0.000000 0.000000 1.698338 36.541222 -1.501457 -5.896008 4.481903 -3.947256 -2.137528 4.566424 3.286769 -1.637734 -17.338816 -2.507182 -3.438445 -13.987533 5.499026 0.000000 0.000000 0.000000 -20.160110 -2.797734 -0.449233 -46.788268 -7.979735 28.866833 -171.226392 -62.908921 -176.342454 -37.147853 -9.457095 -66.156744 -40.622920 9.801823 -8.271937 -22.245387 0.000000 0.000000 -21.338524 0.000000 0.000000 0.022390 -0.001199 4.934506 -35.369720 1.592250 -1.106234 -24.690487 0.000000 0.000000 -25.109933 0.000000 0.000000 2.447046 -0.079831 2.056764 -32.269168 -40.037764 108.653496 -26.114106 0.000000 0.000000 -17.934233 0.000000 0.000000 4.260386 -0.094452 1.375350 -35.817875 3.870737 1.353681 -31.979871 0.000000 0.000000 -28.345723 0.000000 0.000000 -6.917769 0.291382 2.291170 -36.936376 -1.177588 7.022110 -31.733564 0.000000 0.000000 -31.191635 0.000000 0.000000 0.441624 -0.014543 2.538997 9.130858 21.134660 -1.260560 -9.510930 23.058461 -26.499495 -6.445882 13.287027 -31.225001 -7.794199 -6.471147 45.324656 64.008543 -8.970154 4.384791 47.765542 0.000000 0.000000 49.054855 0.000000 0.000000 -7.969741 -5.107087 -8.050663 80.438091 -0.821431 -3.307564 42.988611 0.000000 0.000000 44.844033 0.000000 0.000000 6.271931 -1.933901 -4.817211 96.690220 4.115236 -14.987557 29.350517 0.000000 0.000000 29.380715 0.000000 0.000000 -1.013052 -2.505694 -6.799366 5.832379 6.456105 14.999217 5.133029 0.000000 0.000000 -9.327013 0.000000 0.000000 -3.109834 -2.403556 -3.139792 33.559773 23.208228 105.123264 29.724387 0.000000 0.000000 28.938673 0.000000 0.000000 -4.610124 -2.491975 -2.359596 0.000000 0.000000 0.000000 0.000000 0.000000 0.000000 0.000000 0.000000 0.000000 0.000000 0.000000 0.000000 0.000000 0.000000 0.000000 0.000000 0.000000 0.000000 0.000000 0.000000 0.000000 0.000000 0.000000 0.000000 
0.000000 89.700000 0.000000 0.000000 0.000000 0.000000 1.662039 35.873485 -1.607410 -5.832525 4.445306 -3.901661 -2.136409 4.532167 3.289607 -1.526574 -17.220645 -2.518593 -3.367348 -13.886532 5.396732 0.000000 0.000000 0.000000 -20.084516 -2.635768 -0.469698 -46.599862 -7.795944 28.690149 -171.314841 -62.902648 -176.170782 -37.233075 -9.614368 -66.426022 -40.319614 10.032551 -8.407666 -22.031389 0.000000 0.000000 -20.919616 0.000000 0.000000 0.022390 -0.001199 4.934506 -35.147265 1.861268 -1.268223 -24.783116 0.000000 0.000000 -24.959844 0.000000 0.000000 2.447046 -0.079831 2.056764 -32.237391 -39.710431 109.261985 -26.122850 0.000000 0.000000 -17.624334 0.000000 0.000000 4.260386 -0.094452 1.375350 -35.681293 4.336398 1.092126 -31.437601 0.000000 0.000000 -27.758513 0.000000 0.000000 -6.917769 0.291382 2.291170 -36.667979 -0.591276 6.673557 -31.624976 0.000000 0.000000 -31.069235 0.000000 0.000000 0.441624 -0.014543 2.538997 9.096014 21.037171 -1.415090 -8.961546 23.173047 -26.101942 -7.129130 14.302170 -31.341313 -7.628667 -5.625721 43.677836 64.492512 -8.838024 4.416199 48.628150 0.000000 0.000000 49.617440 0.000000 0.000000 -7.969741 -5.107087 -8.050663 80.890219 -0.516563 -3.298723 43.292523 0.000000 0.000000 44.694639 0.000000 0.000000 6.271931 -1.933901 -4.817211 97.254967 4.047041 -14.990862 29.749010 0.000000 0.000000 29.350756 0.000000 0.000000 -1.013052 -2.505694 -6.799366 6.445593 6.164336 14.993982 5.551108 0.000000 0.000000 -8.851389 0.000000 0.000000 -3.109834 -2.403556 -3.139792 33.509448 23.497090 105.260059 29.627159 0.000000 0.000000 29.860440 0.000000 0.000000 -4.610124 -2.491975 -2.359596 0.000000 0.000000 0.000000 0.000000 0.000000 0.000000 0.000000 0.000000 0.000000 0.000000 0.000000 0.000000 0.000000 0.000000 0.000000 0.000000 0.000000 0.000000 0.000000 0.000000 0.000000 0.000000 0.000000 0.000000 
0.000000 89.700000 0.000000 0.000000 0.000000 0.000000 1.631520 35.105867 -1.742189 -5.735827 4.381305 -3.858997 -2.128912 4.480483 3.304275 -1.373798 -17.035983 -2.475781 -3.279514 -13.739065 5.313515 0.000000 0.000000 0.000000 -20.014849 -2.497272 -0.495443 -46.402579 -7.623256 28.448327 -171.251537 -63.059082 -176.033795 -37.150151 -9.838831 -66.697512 -39.828487 10.320908 -8.581429 -21.807377 0.000000 0.000000 -20.597331 0.000000 0.000000 0.022390 -0.001199 4.934506 -34.034427 2.152062 -1.411419 -24.909506 0.000000 0.000000 -24.958815 0.000000 0.000000 2.447046 -0.079831 2.056764 -32.312370 -39.410171 109.924609 -26.211963 0.000000 0.000000 -17.399219 0.000000 0.000000 4.260386 -0.094452 1.375350 -35.390642 4.827071 0.802584 -30.717861 0.000000 0.000000 -27.102954 0.000000 0.000000 -6.917769 0.291382 2.291170 -36.463375 0.070180 6.279737 -31.472645 0.000000 0.000000 -31.033517 0.000000 0.000000 0.441624 -0.014543 2.538997 9.024581 20.832999 -1.643419 -8.204766 23.342345 -25.554931 -7.934976 15.469909 -30.973918 -7.368006 -4.637327 41.071583 64.989505 -8.804270 4.530300 49.295941 0.000000 0.000000 50.137617 0.000000 0.000000 -7.969741 -5.107087 -8.050663 82.023570 -0.256389 -3.220082 43.619103 0.000000 0.000000 44.469417 0.000000 0.000000 6.271931 -1.933901 -4.817211 96.961252 3.862853 -14.967894 30.271671 0.000000 0.000000 29.322659 0.000000 0.000000 -1.013052 -2.505694 -6.799366 7.625211 5.654969 14.966857 6.886590 0.000000 0.000000 -7.552843 0.000000 0.000000 -3.109834 -2.403556 -3.139792 33.507947 23.971899 105.311895 29.663543 0.000000 0.000000 30.907792 0.000000 0.000000 -4.610124 -2.491975 -2.359596 0.000000 0.000000 0.000000 0.000000 0.000000 0.000000 0.000000 0.000000 0.000000 0.000000 0.000000 0.000000 0.000000 0.000000 0.000000 0.000000 0.000000 0.000000 0.000000 0.000000 0.000000 0.000000 0.000000 0.000000 
0.000000 89.700000 0.000000 0.000000 0.000000 0.000000 1.622899 34.218681 -1.890401 -5.604019 4.284239 -3.828431 -2.115512 4.409195 3.330530 -1.180215 -16.771900 -2.371769 -3.179816 -13.545031 5.257262 0.000000 0.000000 0.000000 -20.000700 -2.427832 -0.532596 -46.211562 -7.484799 28.118307 -170.971020 -63.456804 -175.980783 -36.836796 -10.082503 -66.924697 -40.210330 10.657903 -8.778425 -21.714348 0.000000 0.000000 -20.449388 0.000000 0.000000 0.022390 -0.001199 4.934506 -33.182147 2.630274 -1.618909 -25.148488 0.000000 0.000000 -25.150897 0.000000 0.000000 2.447046 -0.079831 2.056764 -32.440156 -39.044178 110.680986 -26.258519 0.000000 0.000000 -17.199512 0.000000 0.000000 4.260386 -0.094452 1.375350 -35.884204 5.271642 0.548250 -29.966249 0.000000 0.000000 -26.463819 0.000000 0.000000 -6.917769 0.291382 2.291170 -36.888652 0.661835 5.940951 -31.295689 0.000000 0.000000 -31.138263 0.000000 0.000000 0.441624 -0.014543 2.538997 8.925842 20.489583 -1.958657 -7.176242 23.572711 -24.822258 -8.911309 16.656551 -30.348862 -7.024443 -3.533926 37.171667 65.482085 -8.802355 4.732801 49.336351 0.000000 0.000000 50.303867 0.000000 0.000000 -7.969741 -5.107087 -8.050663 83.218517 -0.036082 -3.112789 43.876384 0.000000 0.000000 44.030014 0.000000 0.000000 6.271931 -1.933901 -4.817211 95.741272 3.671279 -14.875123 31.023806 0.000000 0.000000 29.251360 0.000000 0.000000 -1.013052 -2.505694 -6.799366 8.550721 4.705095 14.864896 10.429464 0.000000 0.000000 -4.163690 0.000000 0.000000 -3.109834 -2.403556 -3.139792 33.509021 24.667551 105.109157 29.591500 0.000000 0.000000 31.813001 0.000000 0.000000 -4.610124 -2.491975 -2.359596 0.000000 0.000000 0.000000 0.000000 0.000000 0.000000 0.000000 0.000000 0.000000 0.000000 0.000000 0.000000 0.000000 0.000000 0.000000 0.000000 0.000000 0.000000 0.000000 0.000000 0.000000 0.000000 0.000000 0.000000 
0.000000 89.700000 0.000000 0.000000 0.000000 0.000000 1.634101 33.180405 -2.048448 -5.430871 4.144599 -3.816551 -2.094059 4.313114 3.365203 -0.947897 -16.401312 -2.220152 -3.063195 -13.289487 5.227368 0.000000 0.000000 0.000000 -20.067221 -2.444030 -0.585703 -46.049121 -7.406297 27.674444 -170.492982 -64.103240 -175.988793 -36.230563 -10.238832 -67.013918 -39.992967 11.029799 -8.973720 -21.934642 0.000000 0.000000 -20.520477 0.000000 0.000000 0.022390 -0.001199 4.934506 -32.117401 3.538963 -2.006365 -25.585326 0.000000 0.000000 -25.447013 0.000000 0.000000 2.447046 -0.079831 2.056764 -32.551516 -38.473164 111.607273 -26.066365 0.000000 0.000000 -16.932236 0.000000 0.000000 4.260386 -0.094452 1.375350 -35.765347 5.544294 0.462772 -29.260743 0.000000 0.000000 -25.846607 0.000000 0.000000 -6.917769 0.291382 2.291170 -36.721222 0.922592 5.825304 -31.032436 0.000000 0.000000 -31.271670 0.000000 0.000000 0.441624 -0.014543 2.538997 8.817798 19.993170 -2.367210 -5.776467 23.892927 -23.847258 -10.364130 18.263259 -29.600855 -6.711614 -2.401090 31.651357 66.146689 -8.587983 5.177226 48.407775 0.000000 0.000000 49.922669 0.000000 0.000000 -7.969741 -5.107087 -8.050663 84.139620 0.232075 -2.998388 44.072152 0.000000 0.000000 43.371276 0.000000 0.000000 6.271931 -1.933901 -4.817211 95.086373 3.695004 -14.600018 32.098705 0.000000 0.000000 29.208758 0.000000 0.000000 -1.013052 -2.505694 -6.799366 9.389329 2.992226 14.583811 17.467028 0.000000 0.000000 2.738210 0.000000 0.000000 -3.109834 -2.403556 -3.139792 33.398595 25.565957 104.449034 28.910488 0.000000 0.000000 32.030605 0.000000 0.000000 -4.610124 -2.491975 -2.359596 0.000000 0.000000 0.000000 0.000000 0.000000 0.000000 0.000000 0.000000 0.000000 0.000000 0.000000 0.000000 0.000000 0.000000 0.000000 0.000000 0.000000 0.000000 0.000000 0.000000 0.000000 0.000000 0.000000 0.000000 
0.000000 89.700000 0.000000 0.000000 0.000000 0.000000 1.642537 31.946278 -2.225439 -5.207470 3.950194 -3.822950 -2.061076 4.184991 3.401527 -0.681736 -15.891044 -2.041919 -2.916670 -12.951354 5.227639 0.000000 0.000000 0.000000 -20.174103 -2.510022 -0.658310 -45.938375 -7.411712 27.090338 -170.036911 -64.887751 -175.853648 -35.221478 -10.085052 -66.839747 -38.938501 11.448961 -9.183540 -22.651221 0.000000 0.000000 -20.902119 0.000000 0.000000 0.022390 -0.001199 4.934506 -30.910171 5.129665 -2.695067 -26.453057 0.000000 0.000000 -25.792606 0.000000 0.000000 2.447046 -0.079831 2.056764 -32.569382 -37.583003 112.720483 -25.372739 0.000000 0.000000 -16.482360 0.000000 0.000000 4.260386 -0.094452 1.375350 -35.227033 5.488300 0.671904 -28.653258 0.000000 0.000000 -25.217668 0.000000 0.000000 -6.917769 0.291382 2.291170 -36.274324 0.421998 6.083300 -30.751757 0.000000 0.000000 -31.267883 0.000000 0.000000 0.441624 -0.014543 2.538997 8.718314 19.350003 -2.868628 -3.880784 24.343221 -22.550189 -12.284783 20.691762 -28.850531 -6.481398 -1.510208 24.307323 69.878694 -7.887900 6.169448 46.441249 0.000000 0.000000 49.219141 0.000000 0.000000 -7.969741 -5.107087 -8.050663 85.099371 0.613538 -2.824805 44.323575 0.000000 0.000000 42.727601 0.000000 0.000000 6.271931 -1.933901 -4.817211 94.353627 4.106114 -13.935262 33.410892 0.000000 0.000000 29.297629 0.000000 0.000000 -1.013052 -2.505694 -6.799366 13.715744 0.274209 14.014602 27.680435 0.000000 0.000000 13.319039 0.000000 0.000000 -3.109834 -2.403556 -3.139792 32.982361 26.695713 103.184860 27.217631 0.000000 0.000000 31.144810 0.000000 0.000000 -4.610124 -2.491975 -2.359596 0.000000 0.000000 0.000000 0.000000 0.000000 0.000000 0.000000 0.000000 0.000000 0.000000 0.000000 0.000000 0.000000 0.000000 0.000000 0.000000 0.000000 0.000000 0.000000 0.000000 0.000000 0.000000 0.000000 0.000000 
0.000000 89.700000 0.000000 0.000000 0.000000 0.000000 1.614976 30.464995 -2.434809 -4.924585 3.688729 -3.838423 -2.013384 4.019791 3.430018 -0.392330 -15.213841 -1.847598 -2.735439 -12.521009 5.277472 0.000000 0.000000 0.000000 -20.214374 -2.565353 -0.763132 -45.896479 -7.533073 26.334001 -170.072842 -65.616789 -175.132198 -33.627273 -9.294131 -66.292551 -38.184203 11.955176 -9.441867 -24.110008 0.000000 0.000000 -21.866151 0.000000 0.000000 0.022390 -0.001199 4.934506 -30.174296 7.481380 -3.716357 -28.361344 0.000000 0.000000 -26.408904 0.000000 0.000000 2.447046 -0.079831 2.056764 -32.352835 -36.437899 113.952167 -23.962643 0.000000 0.000000 -15.633918 0.000000 0.000000 4.260386 -0.094452 1.375350 -35.211544 4.947364 1.167008 -28.430616 0.000000 0.000000 -24.691977 0.000000 0.000000 -6.917769 0.291382 2.291170 -36.671930 -1.328388 6.633346 -31.002390 0.000000 0.000000 -31.108070 0.000000 0.000000 0.441624 -0.014543 2.538997 8.637621 18.579056 -3.460061 -1.362141 24.946560 -20.840934 -15.081178 24.848032 -28.402141 -6.121581 -1.333460 15.192003 81.098189 -6.724764 7.824703 43.823756 0.000000 0.000000 48.811672 0.000000 0.000000 -7.969741 -5.107087 -8.050663 86.071073 1.091471 -2.452374 44.793007 0.000000 0.000000 42.445858 0.000000 0.000000 6.271931 -1.933901 -4.817211 91.362217 4.932350 -12.614536 34.736432 0.000000 0.000000 29.616007 0.000000 0.000000 -1.013052 -2.505694 -6.799366 25.417722 -3.285206 13.166849 38.395443 0.000000 0.000000 25.477164 0.000000 0.000000 -3.109834 -2.403556 -3.139792 31.993153 28.097297 101.613385 24.613803 0.000000 0.000000 29.177580 0.000000 0.000000 -4.610124 -2.491975 -2.359596 0.000000 0.000000 0.000000 0.000000 0.000000 0.000000 0.000000 0.000000 0.000000 0.000000 0.000000 0.000000 0.000000 0.000000 0.000000 0.000000 0.000000 0.000000 0.000000 0.000000 0.000000 0.000000 0.000000 0.000000 
0.000000 89.700000 0.000000 0.000000 0.000000 0.000000 1.524962 28.688861 -2.684191 -4.571701 3.347948 -3.846995 -1.948193 3.818192 3.438537 -0.096571 -14.350320 -1.633987 -2.533017 -12.001300 5.405766 0.000000 0.000000 0.000000 -20.059037 -2.590262 -0.931560 -45.936314 -7.834197 25.360738 -171.210387 -66.107642 -173.239356 -31.234436 -7.570062 -65.340546 -39.364474 12.587781 -9.694667 -26.900783 0.000000 0.000000 -23.901205 0.000000 0.000000 0.022390 -0.001199 4.934506 -31.549825 10.319459 -4.851994 -32.516131 0.000000 0.000000 -27.828270 0.000000 0.000000 2.447046 -0.079831 2.056764 -31.653451 -35.334549 115.217754 -21.875405 0.000000 0.000000 -13.864165 0.000000 0.000000 4.260386 -0.094452 1.375350 -37.861574 3.900876 1.645928 -29.466692 0.000000 0.000000 -24.685243 0.000000 0.000000 -6.917769 0.291382 2.291170 -40.210067 -4.408638 6.897965 -32.938230 0.000000 0.000000 -30.990320 0.000000 0.000000 0.441624 -0.014543 2.538997 8.578384 17.705126 -4.137015 1.881620 25.681782 -18.647618 -19.157444 31.053515 -28.576038 -5.258067 -2.268164 4.692016 96.413722 -5.615076 9.635127 41.519164 0.000000 0.000000 49.229352 0.000000 0.000000 -7.969741 -5.107087 -8.050663 83.642098 1.617694 -1.736688 45.704086 0.000000 0.000000 42.736730 0.000000 0.000000 6.271931 -1.933901 -4.817211 90.102904 6.061007 -10.508454 36.163137 0.000000 0.000000 30.363850 0.000000 0.000000 -1.013052 -2.505694 -6.799366 40.650563 -7.011280 12.209707 46.724711 0.000000 0.000000 36.105701 0.000000 0.000000 -3.109834 -2.403556 -3.139792 30.199724 29.598737 100.880635 21.604486 0.000000 0.000000 26.373862 0.000000 0.000000 -4.610124 -2.491975 -2.359596 0.000000 0.000000 0.000000 0.000000 0.000000 0.000000 0.000000 0.000000 0.000000 0.000000 0.000000 0.000000 0.000000 0.000000 0.000000 0.000000 0.000000 0.000000 0.000000 0.000000 0.000000 0.000000 0.000000 0.000000 
0.000000 89.700000 0.000000 0.000000 0.000000 0.000000 1.365550 26.585179 -2.969633 -4.137050 2.916366 -3.835108 -1.862163 3.585369 3.414237 0.187371 -13.282076 -1.395413 -2.332247 -11.389744 5.631064 0.000000 0.000000 0.000000 -19.604750 -2.639324 -1.212197 -46.074362 -8.426883 24.118303 -173.948332 -66.237230 -169.693514 -27.902471 -4.848898 -64.068187 -43.619666 13.307063 -9.728756 -32.080505 0.000000 0.000000 -27.431987 0.000000 0.000000 0.022390 -0.001199 4.934506 -35.109910 13.038562 -5.575323 -40.423028 0.000000 0.000000 -30.537519 0.000000 0.000000 2.447046 -0.079831 2.056764 -30.171436 -34.585287 116.454131 -19.502228 0.000000 0.000000 -10.417520 0.000000 0.000000 4.260386 -0.094452 1.375350 -44.103293 2.586456 1.512765 -33.191346 0.000000 0.000000 -25.788019 0.000000 0.000000 -6.917769 0.291382 2.291170 -52.634476 -7.972574 5.875550 -37.841402 0.000000 0.000000 -31.220857 0.000000 0.000000 0.441624 -0.014543 2.538997 8.538787 16.756877 -4.887582 5.888389 26.475669 -15.957658 -24.569324 38.305405 -29.878289 -3.706941 -4.347736 -6.499215 102.461253 -5.310900 10.595523 40.809141 0.000000 0.000000 50.358705 0.000000 0.000000 -7.969741 -5.107087 -8.050663 79.716470 2.147030 -0.682059 47.420060 0.000000 0.000000 43.493714 0.000000 0.000000 6.271931 -1.933901 -4.817211 95.427781 7.198974 -7.969563 38.567760 0.000000 0.000000 31.860968 0.000000 0.000000 -1.013052 -2.505694 -6.799366 51.876009 -10.146142 11.263107 52.508664 0.000000 0.000000 43.560012 0.000000 0.000000 -3.109834 -2.403556 -3.139792 27.572898 30.911434 102.412587 18.672241 0.000000 0.000000 23.055575 0.000000 0.000000 -4.610124 -2.491975 -2.359596 0.000000 0.000000 0.000000 0.000000 0.000000 0.000000 0.000000 0.000000 0.000000 0.000000 0.000000 0.000000 0.000000 0.000000 0.000000 0.000000 0.000000 0.000000 0.000000 0.000000 0.000000 0.000000 0.000000 0.000000 
0.000000 89.700000 0.000000 0.000000 0.000000 0.000000 1.149524 24.152477 -3.277191 -3.617209 2.390389 -3.802580 -1.750791 3.326534 3.351937 0.445837 -11.997313 -1.132856 -2.150062 -10.671477 5.942113 0.000000 0.000000 0.000000 -18.791474 -2.808012 -1.662196 -46.332845 -9.456258 22.572145 -178.430184 -65.914051 -164.370409 -23.752282 -1.442207 -62.658609 -55.663534 13.935466 -9.287645 -40.494276 0.000000 0.000000 -32.239847 0.000000 0.000000 0.022390 -0.001199 4.934506 -41.274623 15.013332 -5.343515 -52.602722 0.000000 0.000000 -34.401127 0.000000 0.000000 2.447046 -0.079831 2.056764 -27.683162 -34.246602 117.597058 -17.404948 0.000000 0.000000 -5.149293 0.000000 0.000000 4.260386 -0.094452 1.375350 -55.961025 1.378525 0.270980 -40.680384 0.000000 0.000000 -28.295327 0.000000 0.000000 -6.917769 0.291382 2.291170 -72.125119 -10.532565 2.875888 -46.143765 0.000000 0.000000 -32.047720 0.000000 0.000000 0.441624 -0.014543 2.538997 8.511579 15.768487 -5.687482 10.575311 27.219286 -12.858432 -33.225935 46.604706 -33.932301 -1.664061 -7.260502 -17.513629 97.541495 -6.207744 9.971557 42.687497 0.000000 0.000000 51.457692 0.000000 0.000000 -7.969741 -5.107087 -8.050663 76.063216 2.571477 0.421731 50.406161 0.000000 0.000000 44.316887 0.000000 0.000000 6.271931 -1.933901 -4.817211 90.311367 7.890338 -5.925934 43.314981 0.000000 0.000000 34.274530 0.000000 0.000000 -1.013052 -2.505694 -6.799366 57.536176 -12.428308 10.179348 57.982768 0.000000 0.000000 48.171196 0.000000 0.000000 -3.109834 -2.403556 -3.139792 24.324220 32.012412 106.445297 16.097495 0.000000 0.000000 19.713965 0.000000 0.000000 -4.610124 -2.491975 -2.359596 0.000000 0.000000 0.000000 0.000000 0.000000 0.000000 0.000000 0.000000 0.000000 0.000000 0.000000 0.000000 0.000000 0.000000 0.000000 0.000000 0.000000 0.000000 0.000000 0.000000 0.000000 0.000000 0.000000 0.000000 
0.000000 89.700000 0.000000 0.000000 0.000000 0.000000 0.901858 21.426612 -3.587328 -3.029394 1.783149 -3.764456 -1.608856 3.044427 3.264434 0.670107 -10.512130 -0.853209 -1.996653 -9.843911 6.290716 0.000000 0.000000 0.000000 -17.602310 -3.172046 -2.336520 -46.726462 -11.057443 20.734975 175.666943 -65.056191 -157.622580 -19.321333 2.043431 -61.323485 -67.971899 14.277316 -8.329751 -51.567299 0.000000 0.000000 -37.207657 0.000000 0.000000 0.022390 -0.001199 4.934506 -46.072457 16.002481 -4.096858 -67.289674 0.000000 0.000000 -38.480532 0.000000 0.000000 2.447046 -0.079831 2.056764 -24.140763 -34.190302 118.565868 -15.962019 0.000000 0.000000 0.572205 0.000000 0.000000 4.260386 -0.094452 1.375350 -67.694242 0.506534 -1.936493 -51.374049 0.000000 0.000000 -31.786005 0.000000 0.000000 -6.917769 0.291382 2.291170 -75.405187 -11.239257 -1.624910 -56.801452 0.000000 0.000000 -33.529853 0.000000 0.000000 0.441624 -0.014543 2.538997 8.482750 14.781233 -6.505071 15.704593 27.811201 -9.546681 -48.534706 55.196428 -43.913547 0.425490 -10.537901 -27.501413 85.552611 -8.015543 7.862392 47.375353 0.000000 0.000000 51.843617 0.000000 0.000000 -7.969741 -5.107087 -8.050663 71.993057 2.699152 1.006750 54.984381 0.000000 0.000000 44.828234 0.000000 0.000000 6.271931 -1.933901 -4.817211 70.516149 7.794124 -5.291722 51.148310 0.000000 0.000000 37.316643 0.000000 0.000000 -1.013052 -2.505694 -6.799366 58.290176 -14.129734 8.730674 64.902439 0.000000 0.000000 50.818439 0.000000 0.000000 -3.109834 -2.403556 -3.139792 20.789515 33.054062 111.526459 14.010971 0.000000 0.000000 16.655369 0.000000 0.000000 -4.610124 -2.491975 -2.359596 0.000000 0.000000 0.000000 0.000000 0.000000 0.000000 0.000000 0.000000 0.000000 0.000000 0.000000 0.000000 0.000000 0.000000 0.000000 0.000000 0.000000 0.000000 0.000000 0.000000 0.000000 0.000000 0.000000 0.000000 
0.000000 89.700000 0.000000 0.000000 0.000000 0.000000 0.649273 18.460880 -3.873257 -2.408242 1.121883 -3.745704 -1.432686 2.738745 3.182879 0.853114 -8.881897 -0.564625 -1.886505 -8.949671 6.606445 0.000000 0.000000 0.000000 -16.068047 -3.751037 -3.271848 -47.232608 -13.304143 18.674405 169.028480 -63.633866 -150.163143 -15.399833 5.083950 -60.219994 -73.970476 14.329100 -7.099790 -63.046731 0.000000 0.000000 -41.036551 0.000000 0.000000 0.022390 -0.001199 4.934506 -50.174127 16.239020 -2.310980 -81.019909 0.000000 0.000000 -41.699381 0.000000 0.000000 2.447046 -0.079831 2.056764 -19.734744 -34.425381 119.277990 -15.151687 0.000000 0.000000 4.567150 0.000000 0.000000 4.260386 -0.094452 1.375350 -73.611589 -0.041260 -4.336759 -62.963043 0.000000 0.000000 -35.339798 0.000000 0.000000 -6.917769 0.291382 2.291170 -73.243580 -10.627238 -6.195817 -67.833736 0.000000 0.000000 -35.487197 0.000000 0.000000 0.441624 -0.014543 2.538997 8.437955 13.839957 -7.315271 20.933613 28.207289 -6.275716 -66.530670 59.969742 -57.776873 2.149627 -13.729844 -35.821516 80.330726 -10.041569 5.000312 54.181351 0.000000 0.000000 51.563226 0.000000 0.000000 -7.969741 -5.107087 -8.050663 70.668747 2.393611 0.537674 60.976993 0.000000 0.000000 45.051668 0.000000 0.000000 6.271931 -1.933901 -4.817211 60.973871 6.969472 -6.225990 61.407466 0.000000 0.000000 40.359132 0.000000 0.000000 -1.013052 -2.505694 -6.799366 57.394522 -15.588063 7.011910 72.959964 0.000000 0.000000 52.052577 0.000000 0.000000 -3.109834 -2.403556 -3.139792 17.285076 34.012600 115.782559 12.443039 0.000000 0.000000 13.661034 0.000000 0.000000 -4.610124 -2.491975 -2.359596 0.000000 0.000000 0.000000 0.000000 0.000000 0.000000 0.000000 0.000000 0.000000 0.000000 0.000000 0.000000 0.000000 0.000000 0.000000 0.000000 0.000000 0.000000 0.000000 0.000000 0.000000 0.000000 0.000000 0.000000 
0.000000 89.700000 0.000000 0.000000 0.000000 0.000000 0.409555 15.308283 -4.099003 -1.787625 0.435893 -3.773981 -1.224964 2.406816 3.141984 0.988300 -7.190834 -0.270716 -1.839135 -8.073392 6.828141 0.000000 0.000000 0.000000 -14.277697 -4.505446 -4.461045 -47.763581 -16.159178 16.494173 162.414721 -61.727755 -142.755047 -12.573684 7.590395 -59.399840 -77.410703 14.299958 -5.879863 -72.347790 0.000000 0.000000 -43.356690 0.000000 0.000000 0.022390 -0.001199 4.934506 -53.902260 16.123414 -0.467852 -90.885786 0.000000 0.000000 -43.776177 0.000000 0.000000 2.447046 -0.079831 2.056764 -14.941800 -35.192423 119.705192 -14.658660 0.000000 0.000000 5.908895 0.000000 0.000000 4.260386 -0.094452 1.375350 -74.948764 -0.326249 -6.194622 -72.884572 0.000000 0.000000 -38.257070 0.000000 0.000000 -6.917769 0.291382 2.291170 -69.870256 -9.688225 -9.663068 -77.560232 0.000000 0.000000 -37.610434 0.000000 0.000000 0.441624 -0.014543 2.538997 8.374737 12.984762 -8.106012 25.928004 28.432380 -3.268613 -86.661132 61.657117 -74.236248 3.360730 -16.534056 -42.161698 79.757924 -11.737350 2.195940 61.652808 0.000000 0.000000 51.303349 0.000000 0.000000 -7.969741 -5.107087 -8.050663 71.710003 1.706845 -1.036236 67.544383 0.000000 0.000000 45.389200 0.000000 0.000000 6.271931 -1.933901 -4.817211 60.733257 5.781401 -8.166057 72.347135 0.000000 0.000000 42.887904 0.000000 0.000000 -1.013052 -2.505694 -6.799366 57.475422 -16.890998 5.481476 80.595884 0.000000 0.000000 52.369855 0.000000 0.000000 -3.109834 -2.403556 -3.139792 14.039887 34.738159 118.349438 11.339480 0.000000 0.000000 10.372872 0.000000 0.000000 -4.610124 -2.491975 -2.359596 0.000000 0.000000 0.000000 0.000000 0.000000 0.000000 0.000000 0.000000 0.000000 0.000000 0.000000 0.000000 0.000000 0.000000 0.000000 0.000000 0.000000 0.000000 0.000000 0.000000 0.000000 0.000000 0.000000 0.000000 
0.000000 89.700000 0.000000 0.000000 0.000000 0.000000 0.187117 12.042249 -4.234467 -1.188119 -0.248712 -3.865461 -0.999781 2.049082 3.159042 1.074307 -5.535085 0.035876 -1.861809 -7.294150 6.929397 0.000000 0.000000 0.000000 -12.384149 -5.351019 -5.826055 -48.179257 -19.434631 14.309916 156.401060 -59.539275 -135.953467 -10.911824 9.751024 -58.811357 -78.320223 14.467222 -4.766044 -78.176791 0.000000 0.000000 -44.837615 0.000000 0.000000 0.022390 -0.001199 4.934506 -55.436442 15.986823 1.319481 -96.070867 0.000000 0.000000 -45.323437 0.000000 0.000000 2.447046 -0.079831 2.056764 -10.396325 -36.722033 119.905330 -14.166104 0.000000 0.000000 5.721320 0.000000 0.000000 4.260386 -0.094452 1.375350 -74.809904 -0.249748 -7.316144 -79.874312 0.000000 0.000000 -40.401326 0.000000 0.000000 -6.917769 0.291382 2.291170 -69.569176 -8.702711 -11.763255 -85.379378 0.000000 0.000000 -39.676608 0.000000 0.000000 0.441624 -0.014543 2.538997 8.310420 12.244122 -8.865420 30.440666 28.548669 -0.666315 -106.570700 59.829479 -90.859237 4.174090 -18.782775 -46.539523 81.699035 -12.927931 0.006222 68.103961 0.000000 0.000000 51.694503 0.000000 0.000000 -7.969741 -5.107087 -8.050663 74.025866 0.841520 -3.177753 73.489697 0.000000 0.000000 46.159121 0.000000 0.000000 6.271931 -1.933901 -4.817211 62.907401 4.596405 -10.369520 82.036273 0.000000 0.000000 44.729869 0.000000 0.000000 -1.013052 -2.505694 -6.799366 59.382955 -17.958648 4.601571 86.477709 0.000000 0.000000 52.495703 0.000000 0.000000 -3.109834 -2.403556 -3.139792 11.221790 35.218018 119.497802 10.577829 0.000000 0.000000 6.885763 0.000000 0.000000 -4.610124 -2.491975 -2.359596 0.000000 0.000000 0.000000 0.000000 0.000000 0.000000 0.000000 0.000000 0.000000 0.000000 0.000000 0.000000 0.000000 0.000000 0.000000 0.000000 0.000000 0.000000 0.000000 0.000000 0.000000 0.000000 0.000000 0.000000 
0.000000 89.700000 0.000000 0.000000 0.000000 0.000000 -0.020940 8.789621 -4.277862 -0.621091 -0.904613 -4.009638 -0.781926 1.676440 3.222898 1.122644 -4.007944 0.369742 -1.934722 -6.637170 6.923706 0.000000 0.000000 0.000000 -10.590448 -6.182790 -7.214372 -48.357889 -22.796259 12.236897 151.283827 -57.351152 -130.048734 -10.063185 11.551919 -58.346016 -76.465905 15.084452 -3.724220 -81.019184 0.000000 0.000000 -46.195018 0.000000 0.000000 0.022390 -0.001199 4.934506 -56.700886 16.121337 3.158631 -97.624846 0.000000 0.000000 -47.060437 0.000000 0.000000 2.447046 -0.079831 2.056764 -6.587079 -38.962500 119.976007 -13.536525 0.000000 0.000000 5.676924 0.000000 0.000000 4.260386 -0.094452 1.375350 -71.503996 0.426492 -7.900753 -84.200149 0.000000 0.000000 -41.855313 0.000000 0.000000 -6.917769 0.291382 2.291170 -65.159227 -7.344570 -12.708715 -91.604506 0.000000 0.000000 -41.593005 0.000000 0.000000 0.441624 -0.014543 2.538997 8.280284 11.630718 -9.564103 34.331124 28.617607 1.477857 -121.399672 55.525038 -102.661180 4.737959 -20.341804 -49.195125 84.404273 -13.650761 -1.318683 72.436813 0.000000 0.000000 52.829596 0.000000 0.000000 -7.969741 -5.107087 -8.050663 76.498724 0.040427 -5.151942 77.893279 0.000000 0.000000 47.281243 0.000000 0.000000 6.271931 -1.933901 -4.817211 65.326310 3.677321 -12.269982 89.118774 0.000000 0.000000 45.955951 0.000000 0.000000 -1.013052 -2.505694 -6.799366 61.618377 -18.724943 4.530969 90.219511 0.000000 0.000000 53.139670 0.000000 0.000000 -3.109834 -2.403556 -3.139792 8.986805 35.555192 119.882851 10.039736 0.000000 0.000000 3.802991 0.000000 0.000000 -4.610124 -2.491975 -2.359596 0.000000 0.000000 0.000000 0.000000 0.000000 0.000000 0.000000 0.000000 0.000000 0.000000 0.000000 0.000000 0.000000 0.000000 0.000000 0.000000 0.000000 0.000000 0.000000 0.000000 0.000000 0.000000 0.000000 0.000000 
0.000000 89.700000 0.000000 0.000000 0.000000 0.000000 -0.215848 5.721300 -4.254796 -0.099428 -1.500423 -4.173295 -0.597027 1.310723 3.304035 1.159178 -2.683967 0.731611 -2.019417 -6.071375 6.850211 0.000000 0.000000 0.000000 -9.105795 -6.905145 -8.440479 -48.287176 -25.843369 10.391798 147.097237 -55.459282 -125.119382 -9.587390 12.724920 -57.899193 -75.410439 16.276781 -2.782525 -82.325079 0.000000 0.000000 -47.454750 0.000000 0.000000 0.022390 -0.001199 4.934506 -57.528976 16.750727 5.033854 -97.308898 0.000000 0.000000 -49.137779 0.000000 0.000000 2.447046 -0.079831 2.056764 -3.747031 -41.537710 119.987756 -12.776680 0.000000 0.000000 6.355954 0.000000 0.000000 4.260386 -0.094452 1.375350 -69.854486 1.807822 -8.171971 -86.797199 0.000000 0.000000 -42.570621 0.000000 0.000000 -6.917769 0.291382 2.291170 -61.360603 -5.503355 -12.716018 -96.642739 0.000000 0.000000 -43.211335 0.000000 0.000000 0.441624 -0.014543 2.538997 8.328695 11.139122 -10.154616 37.572121 28.671093 3.189554 -128.273920 52.268225 -107.659952 5.022497 -21.109362 -50.451193 85.776225 -13.957543 -1.786319 74.593686 0.000000 0.000000 54.375670 0.000000 0.000000 -7.969741 -5.107087 -8.050663 77.738299 -0.487944 -6.490379 80.541106 0.000000 0.000000 48.452005 0.000000 0.000000 6.271931 -1.933901 -4.817211 67.877735 3.232256 -13.590539 93.196633 0.000000 0.000000 46.786710 0.000000 0.000000 -1.013052 -2.505694 -6.799366 62.608591 -19.195955 5.113120 92.294156 0.000000 0.000000 54.572126 0.000000 0.000000 -3.109834 -2.403556 -3.139792 7.479950 35.677179 119.979423 9.732571 0.000000 0.000000 1.805612 0.000000 0.000000 -4.610124 -2.491975 -2.359596 0.000000 0.000000 0.000000 0.000000 0.000000 0.000000 0.000000 0.000000 0.000000 0.000000 0.000000 0.000000 0.000000 0.000000 0.000000 0.000000 0.000000 0.000000 0.000000 0.000000 0.000000 0.000000 0.000000 0.000000 
0.000000 89.700000 0.000000 0.000000 0.000000 0.000000 -0.395964 3.004474 -4.195443 0.360095 -2.004694 -4.321624 -0.459467 0.977798 3.377188 1.214603 -1.609607 1.087304 -2.081178 -5.548711 6.747477 0.000000 0.000000 0.000000 -8.089466 -7.452958 -9.351913 -48.105818 -28.227953 8.899077 143.669666 -54.104940 -121.092220 -9.162004 13.164186 -57.409563 -75.097375 17.802061 -2.073599 -83.283481 0.000000 0.000000 -48.219410 0.000000 0.000000 0.022390 -0.001199 4.934506 -56.294282 17.782085 6.683398 -96.579761 0.000000 0.000000 -51.096702 0.000000 0.000000 2.447046 -0.079831 2.056764 -1.953670 -43.935858 119.940332 -11.946009 0.000000 0.000000 7.372509 0.000000 0.000000 4.260386 -0.094452 1.375350 -70.335712 3.564479 -8.257715 -88.417278 0.000000 0.000000 -42.550509 0.000000 0.000000 -6.917769 0.291382 2.291170 -57.992228 -3.637732 -12.096322 -100.397525 0.000000 0.000000 -44.291373 0.000000 0.000000 0.441624 -0.014543 2.538997 8.500105 10.749978 -10.586665 40.245811 28.692404 4.554263 -131.436005 50.211456 -109.735606 4.836626 -21.082712 -50.622064 86.413593 -13.903560 -1.598581 75.217791 0.000000 0.000000 55.951402 0.000000 0.000000 -7.969741 -5.107087 -8.050663 78.707390 -0.644242 -7.139048 81.803478 0.000000 0.000000 49.480622 0.000000 0.000000 6.271931 -1.933901 -4.817211 70.567788 3.342068 -14.344084 94.732618 0.000000 0.000000 47.536322 0.000000 0.000000 -1.013052 -2.505694 -6.799366 63.272702 -19.420846 6.041774 93.527422 0.000000 0.000000 56.478308 0.000000 0.000000 -3.109834 -2.403556 -3.139792 6.777181 35.249392 119.996613 9.796828 0.000000 0.000000 1.274764 0.000000 0.000000 -4.610124 -2.491975 -2.359596 0.000000 0.000000 0.000000 0.000000 0.000000 0.000000 0.000000 0.000000 0.000000 0.000000 0.000000 0.000000 0.000000 0.000000 0.000000 0.000000 0.000000 0.000000 0.000000 0.000000 0.000000 0.000000 0.000000 0.000000 
0.000000 89.700000 0.000000 0.000000 0.000000 0.000000 -0.560790 0.767022 -4.121408 0.743759 -2.392518 -4.430470 -0.369177 0.700971 3.432559 1.310149 -0.808576 1.370431 -2.100605 -5.039297 6.633145 0.000000 0.000000 0.000000 -7.623760 -7.792663 -9.868808 -48.050932 -29.730590 7.878662 140.684684 -53.445051 -117.784853 -8.537760 13.110461 -56.860614 -76.682859 18.997182 -1.717950 -84.289583 0.000000 0.000000 -48.274328 0.000000 0.000000 0.022390 -0.001199 4.934506 -56.359250 18.693595 7.761127 -96.284545 0.000000 0.000000 -52.213382 0.000000 0.000000 2.447046 -0.079831 2.056764 -1.162938 -45.711543 119.689117 -11.132096 0.000000 0.000000 8.363707 0.000000 0.000000 4.260386 -0.094452 1.375350 -71.804129 4.977039 -8.299298 -89.413683 0.000000 0.000000 -42.160963 0.000000 0.000000 -6.917769 0.291382 2.291170 -57.774520 -2.429877 -11.414333 -102.469286 0.000000 0.000000 -44.735787 0.000000 0.000000 0.441624 -0.014543 2.538997 8.835376 10.441615 -10.820315 42.498202 28.617736 5.680098 -132.605209 48.843542 -110.623609 4.069565 -20.386339 -49.993922 87.044077 -13.627913 -1.084403 74.976054 0.000000 0.000000 57.308058 0.000000 0.000000 -7.969741 -5.107087 -8.050663 80.011005 -0.489391 -7.313116 82.174937 0.000000 0.000000 50.370420 0.000000 0.000000 6.271931 -1.933901 -4.817211 72.611427 3.869673 -14.709769 94.500079 0.000000 0.000000 48.427108 0.000000 0.000000 -1.013052 -2.505694 -6.799366 62.980591 -19.450498 7.003454 94.505045 0.000000 0.000000 58.202396 0.000000 0.000000 -3.109834 -2.403556 -3.139792 6.861246 34.045071 119.991066 10.285454 0.000000 0.000000 2.079918 0.000000 0.000000 -4.610124 -2.491975 -2.359596 0.000000 0.000000 0.000000 0.000000 0.000000 0.000000 0.000000 0.000000 0.000000 0.000000 0.000000 0.000000 0.000000 0.000000 0.000000 0.000000 0.000000 0.000000 0.000000 0.000000 0.000000 0.000000 0.000000 0.000000 
0.000000 89.700000 0.000000 0.000000 0.000000 0.000000 -0.711072 -0.916806 -4.052722 1.045785 -2.650487 -4.483327 -0.318010 0.498087 3.469772 1.447132 -0.291481 1.508681 -2.069178 -4.535314 6.507362 0.000000 0.000000 0.000000 -7.725074 -7.912714 -9.978473 -48.335466 -30.261105 7.399495 137.708723 -53.564591 -114.918025 -7.465407 12.909068 -56.259669 -77.361484 19.140585 -1.764483 -85.201809 0.000000 0.000000 -47.812081 0.000000 0.000000 0.022390 -0.001199 4.934506 -57.714123 18.857059 8.014029 -96.801236 0.000000 0.000000 -52.029982 0.000000 0.000000 2.447046 -0.079831 2.056764 -1.212773 -46.556437 118.806272 -10.380134 0.000000 0.000000 9.263450 0.000000 0.000000 4.260386 -0.094452 1.375350 -72.258299 5.326658 -8.499532 -89.835476 0.000000 0.000000 -41.996667 0.000000 0.000000 -6.917769 0.291382 2.291170 -59.135722 -2.373001 -11.254663 -102.647625 0.000000 0.000000 -44.751312 0.000000 0.000000 0.441624 -0.014543 2.538997 9.369272 10.199735 -10.831074 44.470913 28.359377 6.662644 -131.898802 48.347839 -110.535080 2.922765 -19.291276 -48.836550 86.909229 -13.319978 -0.635984 74.213878 0.000000 0.000000 58.210755 0.000000 0.000000 -7.969741 -5.107087 -8.050663 80.387003 -0.153217 -7.301178 81.927617 0.000000 0.000000 51.133866 0.000000 0.000000 6.271931 -1.933901 -4.817211 73.039246 4.660612 -14.869068 92.981924 0.000000 0.000000 49.359449 0.000000 0.000000 -1.013052 -2.505694 -6.799366 61.274871 -19.310448 7.708370 95.315200 0.000000 0.000000 59.134092 0.000000 0.000000 -3.109834 -2.403556 -3.139792 7.657169 32.352390 119.932903 10.928586 0.000000 0.000000 3.357969 0.000000 0.000000 -4.610124 -2.491975 -2.359596 0.000000 0.000000 0.000000 0.000000 0.000000 0.000000 0.000000 0.000000 0.000000 0.000000 0.000000 0.000000 0.000000 0.000000 0.000000 0.000000 0.000000 0.000000 0.000000 0.000000 0.000000 0.000000 0.000000 0.000000 
0.000000 89.700000 0.000000 0.000000 0.000000 0.000000 -0.843837 -2.046035 -4.017776 1.265388 -2.778843 -4.470022 -0.297159 0.378947 3.492474 1.605541 -0.056474 1.454882 -1.981135 -4.036462 6.374432 0.000000 0.000000 0.000000 -8.362808 -7.817803 -9.713299 -49.035054 -29.829522 7.424990 134.157914 -54.496967 -112.077157 -5.770057 12.827894 -55.621266 -76.157484 17.868310 -2.215731 -85.612258 0.000000 0.000000 -47.293590 0.000000 0.000000 0.022390 -0.001199 4.934506 -57.189149 17.975802 7.333513 -98.012670 0.000000 0.000000 -50.802400 0.000000 0.000000 2.447046 -0.079831 2.056764 -1.905186 -46.337758 116.605415 -9.552022 0.000000 0.000000 9.909978 0.000000 0.000000 4.260386 -0.094452 1.375350 -72.222947 4.215345 -8.944025 -89.421025 0.000000 0.000000 -42.467724 0.000000 0.000000 -6.917769 0.291382 2.291170 -61.262340 -3.713641 -11.816480 -100.966408 0.000000 0.000000 -44.723137 0.000000 0.000000 0.441624 -0.014543 2.538997 10.121236 10.017782 -10.611936 46.257313 27.833428 7.572543 -129.428893 48.375513 -109.240345 1.850711 -18.206497 -47.400953 86.888355 -13.077831 -0.658395 73.115897 0.000000 0.000000 58.324618 0.000000 0.000000 -7.969741 -5.107087 -8.050663 80.097980 0.325172 -7.363248 81.129175 0.000000 0.000000 51.603407 0.000000 0.000000 6.271931 -1.933901 -4.817211 73.201430 5.868154 -14.923509 90.298400 0.000000 0.000000 49.884070 0.000000 0.000000 -1.013052 -2.505694 -6.799366 60.422494 -19.050867 7.849552 95.866829 0.000000 0.000000 58.950264 0.000000 0.000000 -3.109834 -2.403556 -3.139792 9.021740 30.856242 119.630061 11.220160 0.000000 0.000000 3.828000 0.000000 0.000000 -4.610124 -2.491975 -2.359596 0.000000 0.000000 0.000000 0.000000 0.000000 0.000000 0.000000 0.000000 0.000000 0.000000 0.000000 0.000000 0.000000 0.000000 0.000000 0.000000 0.000000 0.000000 0.000000 0.000000 0.000000 0.000000 0.000000 0.000000 
0.000000 89.700000 0.000000 0.000000 0.000000 0.000000 -0.949580 -2.704539 -4.052565 1.401778 -2.790530 -4.393793 -0.298662 0.341516 3.511050 1.753402 -0.080766 1.207430 -1.830116 -3.539118 6.258395 0.000000 0.000000 0.000000 -9.463727 -7.530441 -9.138694 -50.054764 -28.541569 7.802172 129.231148 -56.205015 -108.621068 -3.487312 13.131164 -54.962833 -75.233792 15.341276 -3.018288 -84.931784 0.000000 0.000000 -47.063831 0.000000 0.000000 0.022390 -0.001199 4.934506 -55.420830 16.212328 5.813509 -99.222092 0.000000 0.000000 -49.287090 0.000000 0.000000 2.447046 -0.079831 2.056764 -3.090480 -45.266600 112.819103 -8.393173 0.000000 0.000000 9.926260 0.000000 0.000000 4.260386 -0.094452 1.375350 -71.650090 1.700678 -9.394719 -87.707985 0.000000 0.000000 -43.502096 0.000000 0.000000 -6.917769 0.291382 2.291170 -63.376266 -6.435797 -12.798033 -97.550068 0.000000 0.000000 -44.848339 0.000000 0.000000 0.441624 -0.014543 2.538997 11.080834 9.891845 -10.173993 47.887153 26.985020 8.451182 -125.668788 48.934549 -107.440818 1.254831 -17.539806 -45.892727 86.214050 -12.873822 -1.483106 71.984148 0.000000 0.000000 57.314416 0.000000 0.000000 -7.969741 -5.107087 -8.050663 79.358507 0.974812 -7.663641 79.864753 0.000000 0.000000 51.415575 0.000000 0.000000 6.271931 -1.933901 -4.817211 72.660264 7.828750 -14.896414 86.728548 0.000000 0.000000 49.409562 0.000000 0.000000 -1.013052 -2.505694 -6.799366 60.668139 -18.834920 7.179324 96.358669 0.000000 0.000000 57.579810 0.000000 0.000000 -3.109834 -2.403556 -3.139792 10.687269 30.215527 118.495442 10.739512 0.000000 0.000000 2.782900 0.000000 0.000000 -4.610124 -2.491975 -2.359596 0.000000 0.000000 0.000000 0.000000 0.000000 0.000000 0.000000 0.000000 0.000000 0.000000 0.000000 0.000000 0.000000 0.000000 0.000000 0.000000 0.000000 0.000000 0.000000 0.000000 0.000000 0.000000 0.000000 0.000000 
0.000000 89.700000 0.000000 0.000000 0.000000 0.000000 -1.017365 -3.027399 -4.189518 1.454620 -2.708313 -4.277057 -0.311195 0.369903 3.541054 1.861756 -0.310674 0.815458 -1.612380 -3.038189 6.197258 0.000000 0.000000 0.000000 -10.906356 -7.094043 -8.349448 -51.183851 -26.614708 8.314721 121.909271 -58.475932 -103.602186 -0.896314 14.112155 -54.301344 -74.211754 12.218802 -4.061824 -82.606467 0.000000 0.000000 -46.932414 0.000000 0.000000 0.022390 -0.001199 4.934506 -51.173506 14.048284 3.873893 -99.521053 0.000000 0.000000 -47.953969 0.000000 0.000000 2.447046 -0.079831 2.056764 -4.648654 -44.037760 108.713690 -6.962331 0.000000 0.000000 9.089403 0.000000 0.000000 4.260386 -0.094452 1.375350 -70.176833 -1.621021 -9.407782 -84.472580 0.000000 0.000000 -44.483821 0.000000 0.000000 -6.917769 0.291382 2.291170 -63.144708 -10.048807 -13.654213 -92.804080 0.000000 0.000000 -44.804084 0.000000 0.000000 0.441624 -0.014543 2.538997 12.197337 9.816166 -9.545779 49.319299 25.818140 9.294209 -119.599236 50.304030 -104.558986 1.239843 -17.494452 -44.438910 84.177891 -12.713241 -3.188292 71.104074 0.000000 0.000000 55.093311 0.000000 0.000000 -7.969741 -5.107087 -8.050663 79.797465 1.677671 -8.177952 78.282573 0.000000 0.000000 50.195468 0.000000 0.000000 6.271931 -1.933901 -4.817211 76.674878 10.437474 -14.756683 83.020633 0.000000 0.000000 47.519032 0.000000 0.000000 -1.013052 -2.505694 -6.799366 56.726110 -18.874571 5.804903 97.169347 0.000000 0.000000 55.112628 0.000000 0.000000 -3.109834 -2.403556 -3.139792 12.302353 30.941255 115.411689 9.312603 0.000000 0.000000 0.532556 0.000000 0.000000 -4.610124 -2.491975 -2.359596 0.000000 0.000000 0.000000 0.000000 0.000000 0.000000 0.000000 0.000000 0.000000 0.000000 0.000000 0.000000 0.000000 0.000000 0.000000 0.000000 0.000000 0.000000 0.000000 0.000000 0.000000 0.000000 0.000000 0.000000 
0.000000 89.700000 0.000000 0.000000 0.000000 0.000000 -1.043714 -3.137270 -4.439553 1.430177 -2.561697 -4.157800 -0.317187 0.437295 3.591362 1.914930 -0.662464 0.365879 -1.333828 -2.537374 6.220175 0.000000 0.000000 0.000000 -12.523002 -6.568935 -7.459106 -52.190343 -24.361556 8.764895 111.238753 -60.751749 -95.954220 1.586588 15.937027 -53.644799 -72.795089 9.455740 -5.225303 -78.463296 0.000000 0.000000 -46.361300 0.000000 0.000000 0.022390 -0.001199 4.934506 -44.966062 12.120636 2.251386 -98.533840 0.000000 0.000000 -46.678190 0.000000 0.000000 2.447046 -0.079831 2.056764 -6.360311 -43.537526 106.868399 -5.892211 0.000000 0.000000 7.632088 0.000000 0.000000 4.260386 -0.094452 1.375350 -69.157901 -4.709923 -8.751264 -80.126011 0.000000 0.000000 -44.583728 0.000000 0.000000 -6.917769 0.291382 2.291170 -61.007086 -13.559038 -13.917097 -87.710810 0.000000 0.000000 -43.951413 0.000000 0.000000 0.441624 -0.014543 2.538997 13.381758 9.779865 -8.774017 50.457640 24.421162 10.043582 -109.047174 52.563042 -99.353916 1.557229 -18.027488 -43.069435 88.455353 -12.750769 -5.444445 70.281688 0.000000 0.000000 52.067871 0.000000 0.000000 -7.969741 -5.107087 -8.050663 84.914391 2.091599 -8.695098 76.411387 0.000000 0.000000 47.901963 0.000000 0.000000 6.271931 -1.933901 -4.817211 82.523139 12.837260 -14.436242 79.847298 0.000000 0.000000 44.290816 0.000000 0.000000 -1.013052 -2.505694 -6.799366 59.699603 -19.193180 4.371109 98.250740 0.000000 0.000000 51.925499 0.000000 0.000000 -3.109834 -2.403556 -3.139792 13.542495 33.338851 109.424517 7.048292 0.000000 0.000000 -2.164424 0.000000 0.000000 -4.610124 -2.491975 -2.359596 0.000000 0.000000 0.000000 0.000000 0.000000 0.000000 0.000000 0.000000 0.000000 0.000000 0.000000 0.000000 0.000000 0.000000 0.000000 0.000000 0.000000 0.000000 0.000000 0.000000 0.000000 0.000000 0.000000 0.000000 
0.000000 89.700000 0.000000 0.000000 0.000000 0.000000 -1.036503 -3.105076 -4.774019 1.345352 -2.382256 -4.076442 -0.297780 0.514965 3.655939 1.911777 -1.043997 -0.052063 -1.014004 -2.056082 6.322482 0.000000 0.000000 0.000000 -14.122359 -6.018810 -6.577830 -52.905643 -22.114922 9.034586 97.265919 -62.105176 -85.415185 3.554978 18.488666 -52.986929 -73.542187 7.918069 -6.305671 -73.034471 0.000000 0.000000 -45.267306 0.000000 0.000000 0.022390 -0.001199 4.934506 -43.701222 11.056530 1.737412 -96.881496 0.000000 0.000000 -45.283836 0.000000 0.000000 2.447046 -0.079831 2.056764 -7.821613 -44.187054 108.713690 -5.851778 0.000000 0.000000 6.111293 0.000000 0.000000 4.260386 -0.094452 1.375350 -70.755963 -6.513515 -7.605561 -75.688055 0.000000 0.000000 -43.443313 0.000000 0.000000 -6.917769 0.291382 2.291170 -60.722208 -15.891279 -13.324284 -83.631896 0.000000 0.000000 -42.048104 0.000000 0.000000 0.441624 -0.014543 2.538997 14.523154 9.765741 -7.925852 51.213759 22.956698 10.619484 -96.955430 54.521903 -92.184002 1.688522 -19.004344 -41.729655 95.220324 -13.143513 -7.595416 68.819497 0.000000 0.000000 49.090291 0.000000 0.000000 -7.969741 -5.107087 -8.050663 91.904775 1.889003 -8.986750 74.166432 0.000000 0.000000 45.035438 0.000000 0.000000 6.271931 -1.933901 -4.817211 90.222759 13.959140 -13.858104 77.264424 0.000000 0.000000 40.389267 0.000000 0.000000 -1.013052 -2.505694 -6.799366 65.854814 -19.497617 3.771620 98.974722 0.000000 0.000000 48.729723 0.000000 0.000000 -3.109834 -2.403556 -3.139792 14.084437 37.150292 101.532793 4.561425 0.000000 0.000000 -4.590705 0.000000 0.000000 -4.610124 -2.491975 -2.359596 0.000000 0.000000 0.000000 0.000000 0.000000 0.000000 0.000000 0.000000 0.000000 0.000000 0.000000 0.000000 0.000000 0.000000 0.000000 0.000000 0.000000 0.000000 0.000000 0.000000 0.000000 0.000000 0.000000 0.000000 
0.000000 89.700000 0.000000 0.000000 0.000000 0.000000 -1.011589 -2.960987 -5.124945 1.224211 -2.197788 -4.056938 -0.243045 0.583910 3.721195 1.862260 -1.382926 -0.387293 -0.684195 -1.624445 6.457864 0.000000 0.000000 0.000000 -15.527691 -5.497240 -5.792170 -53.276602 -20.139282 9.101614 82.237888 -61.758923 -73.834413 4.760140 21.321031 -52.313053 -80.345587 7.986186 -6.936853 -67.557995 0.000000 0.000000 -44.301537 0.000000 0.000000 0.022390 -0.001199 4.934506 -49.459449 11.208831 2.787471 -95.768855 0.000000 0.000000 -43.981088 0.000000 0.000000 2.447046 -0.079831 2.056764 -8.604571 -45.621046 112.819103 -6.822373 0.000000 0.000000 5.030145 0.000000 0.000000 4.260386 -0.094452 1.375350 -79.983531 -6.516722 -6.324681 -72.344560 0.000000 0.000000 -41.525940 0.000000 0.000000 -6.917769 0.291382 2.291170 -76.437571 -16.441270 -11.862719 -81.576376 0.000000 0.000000 -39.586783 0.000000 0.000000 0.441624 -0.014543 2.538997 15.512894 9.755951 -7.086991 51.580793 21.606014 10.974450 -83.457503 55.512479 -82.588250 1.081241 -20.260976 -40.331249 97.832281 -13.806816 -8.963679 66.187041 0.000000 0.000000 47.006418 0.000000 0.000000 -7.969741 -5.107087 -8.050663 96.066019 1.049690 -8.963448 71.668638 0.000000 0.000000 42.384128 0.000000 0.000000 6.271931 -1.933901 -4.817211 97.836472 13.324581 -13.005541 75.175375 0.000000 0.000000 36.751327 0.000000 0.000000 -1.013052 -2.505694 -6.799366 66.315442 -19.388013 4.579391 98.724173 0.000000 0.000000 46.209868 0.000000 0.000000 -3.109834 -2.403556 -3.139792 13.578171 41.456879 95.582089 3.034466 0.000000 0.000000 -6.119175 0.000000 0.000000 -4.610124 -2.491975 -2.359596 0.000000 0.000000 0.000000 0.000000 0.000000 0.000000 0.000000 0.000000 0.000000 0.000000 0.000000 0.000000 0.000000 0.000000 0.000000 0.000000 0.000000 0.000000 0.000000 0.000000 0.000000 0.000000 0.000000 0.000000 
0.000000 89.700000 0.000000 0.000000 0.000000 0.000000 -0.985826 -2.732290 -5.416020 1.091265 -2.030302 -4.091392 -0.158549 0.640387 3.778096 1.783716 -1.634724 -0.636103 -0.382629 -1.269764 6.560489 0.000000 0.000000 0.000000 -16.614659 -5.044936 -5.157274 -53.369161 -18.586699 9.016232 69.448183 -60.073250 -64.118518 5.209076 23.694724 -51.612437 -92.081038 9.369505 -6.863544 -63.339463 0.000000 0.000000 -44.141379 0.000000 0.000000 0.022390 -0.001199 4.934506 -61.809704 12.411946 5.186847 -95.923923 0.000000 0.000000 -43.136918 0.000000 0.000000 2.447046 -0.079831 2.056764 -8.611659 -47.081787 116.605415 -8.214661 0.000000 0.000000 4.551895 0.000000 0.000000 4.260386 -0.094452 1.375350 -92.134739 -5.012650 -5.206277 -70.772674 0.000000 0.000000 -39.667931 0.000000 0.000000 -6.917769 0.291382 2.291170 -90.326790 -15.384028 -9.869369 -81.517448 0.000000 0.000000 -37.307299 0.000000 0.000000 0.441624 -0.014543 2.538997 16.268294 9.743985 -6.348287 51.649600 20.507043 11.121194 -69.394218 54.996718 -71.629163 -0.486046 -21.470808 -38.823394 99.637241 -14.420962 -9.184834 62.603211 0.000000 0.000000 46.170621 0.000000 0.000000 -7.969741 -5.107087 -8.050663 99.282499 -0.101409 -8.678485 69.343820 0.000000 0.000000 40.531023 0.000000 0.000000 6.271931 -1.933901 -4.817211 101.777062 11.340064 -12.014543 73.840515 0.000000 0.000000 34.083329 0.000000 0.000000 -1.013052 -2.505694 -6.799366 64.582323 -18.726347 6.678252 97.415462 0.000000 0.000000 44.634086 0.000000 0.000000 -3.109834 -2.403556 -3.139792 11.994358 45.150942 95.582089 3.459757 0.000000 0.000000 -6.363421 0.000000 0.000000 -4.610124 -2.491975 -2.359596 0.000000 0.000000 0.000000 0.000000 0.000000 0.000000 0.000000 0.000000 0.000000 0.000000 0.000000 0.000000 0.000000 0.000000 0.000000 0.000000 0.000000 0.000000 0.000000 0.000000 0.000000 0.000000 0.000000 0.000000 
0.000000 89.700000 0.000000 0.000000 0.000000 0.000000 -0.970482 -2.462536 -5.602499 0.966566 -1.896357 -4.143132 -0.063270 0.691468 3.823902 1.697709 -1.775980 -0.815291 -0.148341 -1.006622 6.584739 0.000000 0.000000 0.000000 -17.335601 -4.692335 -4.697093 -53.317039 -17.501398 8.859712 60.650492 -57.941320 -57.724471 5.089840 24.839673 -50.887259 -101.600550 11.278647 -6.300656 -61.022417 0.000000 0.000000 -44.842620 0.000000 0.000000 0.022390 -0.001199 4.934506 -73.079194 14.052251 8.063918 -97.059580 0.000000 0.000000 -42.936449 0.000000 0.000000 2.447046 -0.079831 2.056764 -8.233132 -48.043229 118.806275 -9.458778 0.000000 0.000000 4.489292 0.000000 0.000000 4.260386 -0.094452 1.375350 -101.552958 -2.881310 -4.503865 -70.753200 0.000000 0.000000 -38.414345 0.000000 0.000000 -6.917769 0.291382 2.291170 -98.021500 -13.564002 -7.995784 -82.463641 0.000000 0.000000 -35.594092 0.000000 0.000000 0.441624 -0.014543 2.538997 16.751032 9.740020 -5.780842 51.552855 19.728147 11.114642 -58.887292 53.316748 -63.181869 -2.642355 -22.174982 -37.239443 102.934824 -14.709968 -8.409051 58.929508 0.000000 0.000000 46.309786 0.000000 0.000000 -7.969741 -5.107087 -8.050663 102.618416 -1.113063 -8.267286 67.581365 0.000000 0.000000 39.575888 0.000000 0.000000 6.271931 -1.933901 -4.817211 102.399385 8.989682 -11.174433 73.447883 0.000000 0.000000 32.530873 0.000000 0.000000 -1.013052 -2.505694 -6.799366 66.617741 -17.741857 9.347026 95.492305 0.000000 0.000000 43.852262 0.000000 0.000000 -3.109834 -2.403556 -3.139792 9.943041 47.532463 101.532793 5.613733 0.000000 0.000000 -5.445067 0.000000 0.000000 -4.610124 -2.491975 -2.359596 0.000000 0.000000 0.000000 0.000000 0.000000 0.000000 0.000000 0.000000 0.000000 0.000000 0.000000 0.000000 0.000000 0.000000 0.000000 0.000000 0.000000 0.000000 0.000000 0.000000 0.000000 0.000000 0.000000 0.000000 
0.000000 89.700000 0.000000 0.000000 0.000000 0.000000 -0.968238 -2.195098 -5.685365 0.861796 -1.804286 -4.170267 0.019858 0.745852 3.857148 1.625497 -1.805885 -0.934828 -0.010996 -0.837857 6.527692 0.000000 0.000000 0.000000 -17.719426 -4.457142 -4.407936 -53.244099 -16.846298 8.706427 55.766235 -56.267964 -54.428343 4.613154 24.426187 -50.154622 -104.669091 12.914946 -5.788176 -60.470016 0.000000 0.000000 -45.997685 0.000000 0.000000 0.022390 -0.001199 4.934506 -76.515813 15.491721 10.419451 -98.390641 0.000000 0.000000 -43.355348 0.000000 0.000000 2.447046 -0.079831 2.056764 -8.015603 -48.425731 119.689167 -10.295309 0.000000 0.000000 4.534314 0.000000 0.000000 4.260386 -0.094452 1.375350 -104.568512 -1.010379 -4.414281 -71.491203 0.000000 0.000000 -37.832170 0.000000 0.000000 -6.917769 0.291382 2.291170 -100.776679 -11.928283 -6.874468 -83.272080 0.000000 0.000000 -34.386917 0.000000 0.000000 0.441624 -0.014543 2.538997 16.974107 9.760912 -5.413868 51.393780 19.275265 11.011919 -54.622340 52.299097 -59.893394 -4.637670 -22.109772 -35.684114 104.111033 -14.642836 -7.191339 56.030211 0.000000 0.000000 46.804829 0.000000 0.000000 -7.969741 -5.107087 -8.050663 103.188279 -1.675928 -7.874040 66.420826 0.000000 0.000000 39.233670 0.000000 0.000000 6.271931 -1.933901 -4.817211 101.087492 7.219671 -10.761033 73.648625 0.000000 0.000000 31.767609 0.000000 0.000000 -1.013052 -2.505694 -6.799366 68.044994 -16.798926 11.697562 93.615357 0.000000 0.000000 43.550903 0.000000 0.000000 -3.109834 -2.403556 -3.139792 8.253681 48.575061 109.424517 8.191920 0.000000 0.000000 -3.907334 0.000000 0.000000 -4.610124 -2.491975 -2.359596 0.000000 0.000000 0.000000 0.000000 0.000000 0.000000 0.000000 0.000000 0.000000 0.000000 0.000000 0.000000 0.000000 0.000000 0.000000 0.000000 0.000000 0.000000 0.000000 0.000000 0.000000 0.000000 0.000000 0.000000 
0.000000 89.700000 0.000000 0.000000 0.000000 0.000000 -0.974685 -1.948667 -5.694273 0.777543 -1.751255 -4.150216 0.074789 0.806347 3.876950 1.581285 -1.749892 -0.998334 0.021829 -0.758059 6.417243 0.000000 0.000000 0.000000 -17.845000 -4.339455 -4.266298 -53.212855 -16.536691 8.601572 53.973616 -55.455354 -53.432528 3.931722 22.757496 -49.444482 -105.000000 13.897377 -5.688523 -61.096129 0.000000 0.000000 -47.176089 0.000000 0.000000 0.022390 -0.001199 4.934506 -75.908156 16.453397 11.728259 -99.368933 0.000000 0.000000 -44.245192 0.000000 0.000000 2.447046 -0.079831 2.056764 -8.207660 -48.379982 119.940894 -10.744183 0.000000 0.000000 4.491567 0.000000 0.000000 4.260386 -0.094452 1.375350 -104.578885 0.164933 -4.940807 -72.263513 0.000000 0.000000 -37.706769 0.000000 0.000000 -6.917769 0.291382 2.291170 -101.373488 -10.970723 -6.755297 -83.378745 0.000000 0.000000 -33.448609 0.000000 0.000000 0.441624 -0.014543 2.538997 16.990498 9.815522 -5.231802 51.217817 19.108192 10.848291 -54.128039 51.930445 -59.807475 -5.910308 -21.411074 -34.273984 104.419133 -14.351736 -6.063481 54.164398 0.000000 0.000000 47.194824 0.000000 0.000000 -7.969741 -5.107087 -8.050663 103.099331 -1.727460 -7.558452 65.622579 0.000000 0.000000 39.176685 0.000000 0.000000 6.271931 -1.933901 -4.817211 100.288439 6.475692 -10.845820 73.899162 0.000000 0.000000 31.419899 0.000000 0.000000 -1.013052 -2.505694 -6.799366 68.397258 -16.136577 13.162528 92.213878 0.000000 0.000000 43.498711 0.000000 0.000000 -3.109834 -2.403556 -3.139792 7.275925 48.721127 115.411689 10.029388 0.000000 0.000000 -2.290557 0.000000 0.000000 -4.610124 -2.491975 -2.359596 0.000000 0.000000 0.000000 0.000000 0.000000 0.000000 0.000000 0.000000 0.000000 0.000000 0.000000 0.000000 0.000000 0.000000 0.000000 0.000000 0.000000 0.000000 0.000000 0.000000 0.000000 0.000000 0.000000 0.000000 
0.000000 89.700000 0.000000 0.000000 0.000000 0.000000 -0.982082 -1.716635 -5.662313 0.706285 -1.725838 -4.086375 0.097275 0.868035 3.886035 1.567393 -1.648586 -1.019658 -0.030191 -0.752033 6.286873 0.000000 0.000000 0.000000 -17.804544 -4.322604 -4.238797 -53.225954 -16.473578 8.559158 54.401554 -55.420615 -54.032419 3.130245 20.458288 -48.795159 -104.957910 14.274290 -5.907816 -62.192603 0.000000 0.000000 -48.090901 0.000000 0.000000 0.022390 -0.001199 4.934506 -73.834390 17.009063 12.081325 -99.844630 0.000000 0.000000 -45.362288 0.000000 0.000000 2.447046 -0.079831 2.056764 -8.691716 -48.048234 119.992022 -10.964854 0.000000 0.000000 4.340591 0.000000 0.000000 4.260386 -0.094452 1.375350 -103.949920 0.657129 -5.805935 -72.753735 0.000000 0.000000 -37.765939 0.000000 0.000000 -6.917769 0.291382 2.291170 -102.507341 -10.707162 -7.425488 -82.909051 0.000000 0.000000 -32.653747 0.000000 0.000000 0.441624 -0.014543 2.538997 16.869692 9.900100 -5.190624 51.030423 19.156945 10.643368 -55.698480 51.795665 -61.435747 -6.383917 -20.449596 -33.080421 104.118509 -13.967922 -5.189554 52.927367 0.000000 0.000000 47.493947 0.000000 0.000000 -7.969741 -5.107087 -8.050663 103.124812 -1.373751 -7.256128 64.906688 0.000000 0.000000 39.300644 0.000000 0.000000 6.271931 -1.933901 -4.817211 100.139299 6.708169 -11.270482 73.958569 0.000000 0.000000 31.380441 0.000000 0.000000 -1.013052 -2.505694 -6.799366 68.894444 -15.814207 13.707980 91.143158 0.000000 0.000000 43.692011 0.000000 0.000000 -3.109834 -2.403556 -3.139792 6.818973 48.469206 118.495442 10.839229 0.000000 0.000000 -0.850238 0.000000 0.000000 -4.610124 -2.491975 -2.359596 0.000000 0.000000 0.000000 0.000000 0.000000 0.000000 0.000000 0.000000 0.000000 0.000000 0.000000 0.000000 0.000000 0.000000 0.000000 0.000000 0.000000 0.000000 0.000000 0.000000 0.000000 0.000000 0.000000 0.000000 
0.000000 89.700000 0.000000 0.000000 0.000000 0.000000 -0.982930 -1.485783 -5.612897 0.640613 -1.714462 -3.997561 0.092242 0.923179 3.889586 1.574361 -1.540651 -1.026565 -0.128627 -0.794359 6.161600 0.000000 0.000000 0.000000 -17.678584 -4.380031 -4.289169 -53.258453 -16.565757 8.574753 56.269941 -55.852628 -55.678946 2.264517 18.100485 -48.244555 -104.598246 14.263286 -6.042524 -63.194171 0.000000 0.000000 -48.629195 0.000000 0.000000 0.022390 -0.001199 4.934506 -73.568537 17.308536 11.928674 -99.865129 0.000000 0.000000 -46.445614 0.000000 0.000000 2.447046 -0.079831 2.056764 -9.226597 -47.540061 119.999276 -11.104130 0.000000 0.000000 4.186247 0.000000 0.000000 4.260386 -0.094452 1.375350 -103.124706 0.656355 -6.550496 -72.980560 0.000000 0.000000 -37.823659 0.000000 0.000000 -6.917769 0.291382 2.291170 -102.938140 -10.951999 -8.401949 -82.381049 0.000000 0.000000 -32.107443 0.000000 0.000000 0.441624 -0.014543 2.538997 16.677555 10.003286 -5.238509 50.826168 19.339981 10.418342 -58.584071 51.726135 -64.148787 -6.306084 -19.549592 -32.111951 104.110190 -13.586895 -4.434971 51.740739 0.000000 0.000000 48.033655 0.000000 0.000000 -7.969741 -5.107087 -8.050663 103.373528 -0.785016 -6.845352 64.100067 0.000000 0.000000 39.672344 0.000000 0.000000 6.271931 -1.933901 -4.817211 100.989487 7.628332 -11.772792 73.872681 0.000000 0.000000 31.735547 0.000000 0.000000 -1.013052 -2.505694 -6.799366 70.629949 -15.805461 13.676076 89.875324 0.000000 0.000000 44.306439 0.000000 0.000000 -3.109834 -2.403556 -3.139792 6.592585 48.128735 119.630061 10.934921 0.000000 0.000000 0.401215 0.000000 0.000000 -4.610124 -2.491975 -2.359596 0.000000 0.000000 0.000000 0.000000 0.000000 0.000000 0.000000 0.000000 0.000000 0.000000 0.000000 0.000000 0.000000 0.000000 0.000000 0.000000 0.000000 0.000000 0.000000 0.000000 0.000000 0.000000 0.000000 0.000000 
0.000000 89.700000 0.000000 0.000000 0.000000 0.000000 -0.973299 -1.249634 -5.561041 0.579096 -1.706768 -3.902582 0.068333 0.967580 3.890045 1.586172 -1.454076 -1.045462 -0.232942 -0.855475 6.055474 0.000000 0.000000 0.000000 -17.527338 -4.483243 -4.382026 -53.286012 -16.737116 8.638525 58.884013 -56.438792 -57.896280 1.428866 16.067346 -47.817727 -103.624881 14.058692 -5.732701 -63.897175 0.000000 0.000000 -48.884900 0.000000 0.000000 0.022390 -0.001199 4.934506 -73.130277 17.416847 11.731657 -99.542286 0.000000 0.000000 -47.368036 0.000000 0.000000 2.447046 -0.079831 2.056764 -9.645952 -46.994265 119.999960 -11.224401 0.000000 0.000000 4.183221 0.000000 0.000000 4.260386 -0.094452 1.375350 -101.970791 0.352243 -6.800625 -73.087495 0.000000 0.000000 -37.817504 0.000000 0.000000 -6.917769 0.291382 2.291170 -101.994718 -11.469603 -9.231439 -82.304255 0.000000 0.000000 -32.012903 0.000000 0.000000 0.441624 -0.014543 2.538997 16.466019 10.112409 -5.329801 50.604969 19.581637 10.201239 -61.102221 51.500234 -66.478227 -5.957497 -18.847449 -31.333580 104.642470 -13.281774 -3.632977 50.412970 0.000000 0.000000 49.000527 0.000000 0.000000 -7.969741 -5.107087 -8.050663 103.016471 -0.130951 -6.249278 63.227842 0.000000 0.000000 40.277112 0.000000 0.000000 6.271931 -1.933901 -4.817211 100.809117 8.894867 -12.129038 73.757639 0.000000 0.000000 32.522572 0.000000 0.000000 -1.013052 -2.505694 -6.799366 73.599260 -16.045785 13.457794 88.089901 0.000000 0.000000 45.403666 0.000000 0.000000 -3.109834 -2.403556 -3.139792 6.474270 47.816694 119.932916 10.717905 0.000000 0.000000 1.474162 0.000000 0.000000 -4.610124 -2.491975 -2.359596 0.000000 0.000000 0.000000 0.000000 0.000000 0.000000 0.000000 0.000000 0.000000 0.000000 0.000000 0.000000 0.000000 0.000000 0.000000 0.000000 0.000000 0.000000 0.000000 0.000000 0.000000 0.000000 0.000000 0.000000 
0.000000 89.700000 0.000000 0.000000 0.000000 0.000000 -0.954663 -1.010510 -5.518368 0.525163 -1.697800 -3.811993 0.034124 1.001975 3.885800 1.589021 -1.402618 -1.085745 -0.314516 -0.910368 5.972464 0.000000 0.000000 0.000000 -17.389913 -4.606950 -4.486977 -53.294920 -16.927575 8.738774 61.666883 -56.978937 -60.266839 0.732793 14.517799 -47.518112 -102.605092 13.784889 -4.912077 -64.391719 0.000000 0.000000 -49.062504 0.000000 0.000000 0.022390 -0.001199 4.934506 -72.487281 17.352185 11.714464 -98.964465 0.000000 0.000000 -48.157115 0.000000 0.000000 2.447046 -0.079831 2.056764 -9.891397 -46.535312 119.999999 -11.335065 0.000000 0.000000 4.442476 0.000000 0.000000 4.260386 -0.094452 1.375350 -100.975712 -0.098549 -6.491180 -73.145369 0.000000 0.000000 -37.745536 0.000000 0.000000 -6.917769 0.291382 2.291170 -99.580901 -12.054961 -9.714864 -82.814173 0.000000 0.000000 -32.424428 0.000000 0.000000 0.441624 -0.014543 2.538997 16.269566 10.217438 -5.431580 50.376268 19.823360 10.018996 -63.006320 51.380382 -68.239943 -5.492305 -18.314256 -30.697876 104.932166 -13.063513 -2.724674 49.230292 0.000000 0.000000 50.187185 0.000000 0.000000 -7.969741 -5.107087 -8.050663 102.502142 0.477009 -5.486109 62.511019 0.000000 0.000000 40.923275 0.000000 0.000000 6.271931 -1.933901 -4.817211 99.591605 10.215121 -12.234217 73.761862 0.000000 0.000000 33.627777 0.000000 0.000000 -1.013052 -2.505694 -6.799366 75.873217 -16.404301 13.261821 85.986604 0.000000 0.000000 46.717154 0.000000 0.000000 -3.109834 -2.403556 -3.139792 6.452163 47.551978 119.991298 10.453726 0.000000 0.000000 2.247247 0.000000 0.000000 -4.610124 -2.491975 -2.359596 0.000000 0.000000 0.000000 0.000000 0.000000 0.000000 0.000000 0.000000 0.000000 0.000000 0.000000 0.000000 0.000000 0.000000 0.000000 0.000000 0.000000 0.000000 0.000000 0.000000 0.000000 0.000000 0.000000 0.000000 
0.000000 89.700000 0.000000 0.000000 0.000000 0.000000 -0.931505 -0.780598 -5.493062 0.482073 -1.687267 -3.730605 -0.003350 1.028784 3.875301 1.577467 -1.383833 -1.138022 -0.361783 -0.943742 5.909936 0.000000 0.000000 0.000000 -17.286416 -4.730378 -4.583159 -53.277734 -17.095160 8.859425 64.221637 -57.394796 -62.477534 0.191487 13.401809 -47.329535 -101.642118 13.513455 -3.807089 -64.733706 0.000000 0.000000 -49.300604 0.000000 0.000000 0.022390 -0.001199 4.934506 -72.707584 17.168268 11.855217 -98.126784 0.000000 0.000000 -48.841054 0.000000 0.000000 2.447046 -0.079831 2.056764 -9.988562 -46.169235 120.000000 -11.440258 0.000000 0.000000 4.962991 0.000000 0.000000 4.260386 -0.094452 1.375350 -99.863580 -0.565825 -5.849170 -73.047548 0.000000 0.000000 -37.614159 0.000000 0.000000 -6.917769 0.291382 2.291170 -97.011785 -12.628673 -9.918660 -83.554495 0.000000 0.000000 -33.141440 0.000000 0.000000 0.441624 -0.014543 2.538997 16.107441 10.311992 -5.524120 50.157457 20.026326 9.888926 -64.697898 51.326366 -69.791506 -4.955444 -17.875945 -30.167898 104.891856 -12.877431 -1.768218 48.531420 0.000000 0.000000 51.224915 0.000000 0.000000 -7.969741 -5.107087 -8.050663 101.299193 1.006645 -4.653257 62.167132 0.000000 0.000000 41.427864 0.000000 0.000000 6.271931 -1.933901 -4.817211 97.764845 11.402585 -12.109744 74.029769 0.000000 0.000000 34.853797 0.000000 0.000000 -1.013052 -2.505694 -6.799366 77.054631 -16.716878 13.099713 84.013976 0.000000 0.000000 47.837923 0.000000 0.000000 -3.109834 -2.403556 -3.139792 6.510749 47.332879 119.999236 10.251231 0.000000 0.000000 2.594836 0.000000 0.000000 -4.610124 -2.491975 -2.359596 0.000000 0.000000 0.000000 0.000000 0.000000 0.000000 0.000000 0.000000 0.000000 0.000000 0.000000 0.000000 0.000000 0.000000 0.000000 0.000000 0.000000 0.000000 0.000000 0.000000 0.000000 0.000000 0.000000 0.000000 
0.000000 89.700000 0.000000 0.000000 0.000000 0.000000 -0.907400 -0.580838 -5.487780 0.449802 -1.677357 -3.662077 -0.039204 1.049184 3.860283 1.553144 -1.382243 -1.183769 -0.378016 -0.949335 5.863359 0.000000 0.000000 0.000000 -17.222543 -4.837467 -4.660664 -53.227313 -17.218377 8.980261 66.347632 -57.687928 -64.347004 -0.270712 12.573616 -47.225799 -100.688765 13.297801 -2.750526 -64.813058 0.000000 0.000000 -49.629361 0.000000 0.000000 0.022390 -0.001199 4.934506 -73.579875 16.971873 12.063984 -97.023410 0.000000 0.000000 -49.374245 0.000000 0.000000 2.447046 -0.079831 2.056764 -10.021562 -45.803764 120.000000 -11.536603 0.000000 0.000000 5.624806 0.000000 0.000000 4.260386 -0.094452 1.375350 -98.602292 -0.947675 -5.191230 -72.640433 0.000000 0.000000 -37.469886 0.000000 0.000000 -6.917769 0.291382 2.291170 -95.231463 -13.209045 -10.010707 -84.016138 0.000000 0.000000 -33.852972 0.000000 0.000000 0.441624 -0.014543 2.538997 15.989867 10.391857 -5.597119 49.966391 20.168405 9.815693 -66.041657 51.271252 -71.049191 -4.397664 -17.517304 -29.725706 104.608641 -12.680427 -0.903322 48.301694 0.000000 0.000000 51.938181 0.000000 0.000000 -7.969741 -5.107087 -8.050663 99.877041 1.458228 -3.875083 62.183517 0.000000 0.000000 41.791999 0.000000 0.000000 6.271931 -1.933901 -4.817211 94.647028 12.364250 -11.856236 74.529172 0.000000 0.000000 36.002217 0.000000 0.000000 -1.013052 -2.505694 -6.799366 77.724796 -16.896390 12.909393 82.420792 0.000000 0.000000 48.544414 0.000000 0.000000 -3.109834 -2.403556 -3.139792 6.619102 47.162683 119.999959 10.109327 0.000000 0.000000 2.599975 0.000000 0.000000 -4.610124 -2.491975 -2.359596 0.000000 0.000000 0.000000 0.000000 0.000000 0.000000 0.000000 0.000000 0.000000 0.000000 0.000000 0.000000 0.000000 0.000000 0.000000 0.000000 0.000000 0.000000 0.000000 0.000000 0.000000 0.000000 0.000000 0.000000 
0.000000 89.700000 0.000000 0.000000 0.000000 0.000000 -0.885222 -0.430389 -5.500548 0.426166 -1.670823 -3.608027 -0.070881 1.063311 3.844914 1.519951 -1.378185 -1.206458 -0.374966 -0.925430 5.828627 0.000000 0.000000 0.000000 -17.194316 -4.918956 -4.718055 -53.138483 -17.294482 9.083116 67.999432 -57.895478 -65.809436 -0.673398 11.909447 -47.175308 -99.612759 13.192809 -1.990769 -64.590786 0.000000 0.000000 -50.051651 0.000000 0.000000 0.022390 -0.001199 4.934506 -72.857524 16.875941 12.292126 -95.803458 0.000000 0.000000 -49.729846 0.000000 0.000000 2.447046 -0.079831 2.056764 -10.067993 -45.385994 120.000000 -11.598944 0.000000 0.000000 6.233410 0.000000 0.000000 4.260386 -0.094452 1.375350 -97.697424 -1.186205 -4.741983 -72.002544 0.000000 0.000000 -37.440451 0.000000 0.000000 -6.917769 0.291382 2.291170 -94.685196 -13.781722 -10.105609 -84.031267 0.000000 0.000000 -34.383519 0.000000 0.000000 0.441624 -0.014543 2.538997 15.921957 10.453934 -5.645938 49.809771 20.241035 9.791259 -67.215121 51.403371 -72.190224 -3.932288 -17.273648 -29.366487 104.378370 -12.490124 -0.275192 48.219051 0.000000 0.000000 52.384649 0.000000 0.000000 -7.969741 -5.107087 -8.050663 98.860653 1.815511 -3.249484 62.325637 0.000000 0.000000 42.124105 0.000000 0.000000 6.271931 -1.933901 -4.817211 92.768384 13.054042 -11.586031 75.020006 0.000000 0.000000 36.909212 0.000000 0.000000 -1.013052 -2.505694 -6.799366 78.281372 -16.979368 12.661523 81.174672 0.000000 0.000000 48.875990 0.000000 0.000000 -3.109834 -2.403556 -3.139792 6.766138 47.039659 119.999999 9.990951 0.000000 0.000000 2.508374 0.000000 0.000000 -4.610124 -2.491975 -2.359596 0.000000 0.000000 0.000000 0.000000 0.000000 0.000000 0.000000 0.000000 0.000000 0.000000 0.000000 0.000000 0.000000 0.000000 0.000000 0.000000 0.000000 0.000000 0.000000 0.000000 0.000000 0.000000 0.000000 0.000000 
0.000000 89.700000 0.000000 0.000000 0.000000 0.000000 -0.869117 -0.335400 -5.525949 0.409615 -1.669806 -3.565385 -0.097668 1.071935 3.832451 1.481393 -1.357755 -1.197139 -0.365389 -0.872161 5.802420 0.000000 0.000000 0.000000 -17.191415 -4.974971 -4.758180 -53.012048 -17.332009 9.159218 69.227690 -58.061121 -66.880160 -0.912475 11.344429 -47.129985 -99.302853 13.238338 -1.630074 -64.322539 0.000000 0.000000 -50.552512 0.000000 0.000000 0.022390 -0.001199 4.934506 -72.327599 16.937266 12.486967 -94.758238 0.000000 0.000000 -49.949795 0.000000 0.000000 2.447046 -0.079831 2.056764 -10.144903 -44.966944 119.999998 -11.601350 0.000000 0.000000 6.618102 0.000000 0.000000 4.260386 -0.094452 1.375350 -97.097240 -1.280545 -4.585690 -71.496851 0.000000 0.000000 -37.661732 0.000000 0.000000 -6.917769 0.291382 2.291170 -94.061570 -14.263218 -10.231849 -83.845438 0.000000 0.000000 -34.771214 0.000000 0.000000 0.441624 -0.014543 2.538997 15.902410 10.497789 -5.669642 49.677076 20.247107 9.797665 -68.214313 51.566706 -73.059975 -3.671974 -17.155641 -29.079826 104.562661 -12.343947 0.052508 48.000746 0.000000 0.000000 52.660677 0.000000 0.000000 -7.969741 -5.107087 -8.050663 98.580655 2.059025 -2.818940 62.353996 0.000000 0.000000 42.461751 0.000000 0.000000 6.271931 -1.933901 -4.817211 92.162391 13.460947 -11.378593 75.290631 0.000000 0.000000 37.485557 0.000000 0.000000 -1.013052 -2.505694 -6.799366 78.902447 -17.051262 12.376906 80.227976 0.000000 0.000000 48.979430 0.000000 0.000000 -3.109834 -2.403556 -3.139792 6.951419 46.946109 120.000000 9.878702 0.000000 0.000000 2.501530 0.000000 0.000000 -4.610124 -2.491975 -2.359596 0.000000 0.000000 0.000000 0.000000 0.000000 0.000000 0.000000 0.000000 0.000000 0.000000 0.000000 0.000000 0.000000 0.000000 0.000000 0.000000 0.000000 0.000000 0.000000 0.000000 0.000000 0.000000 0.000000 0.000000 
0.000000 89.700000 0.000000 0.000000 0.000000 0.000000 -0.862375 -0.288590 -5.555012 0.400097 -1.675033 -3.526896 -0.120331 1.076825 3.821626 1.440208 -1.318899 -1.154027 -0.358763 -0.795323 5.781939 0.000000 0.000000 0.000000 -17.200252 -5.014890 -4.784392 -52.852357 -17.341076 9.211376 70.121272 -58.222243 -67.615293 -0.856627 10.867448 -46.997962 -99.249479 13.420733 -1.649443 -64.382207 0.000000 0.000000 -51.031164 0.000000 0.000000 0.022390 -0.001199 4.934506 -72.366024 17.125709 12.562859 -94.132841 0.000000 0.000000 -50.082194 0.000000 0.000000 2.447046 -0.079831 2.056764 -10.224073 -44.645344 119.999965 -11.541858 0.000000 0.000000 6.715082 0.000000 0.000000 4.260386 -0.094452 1.375350 -96.774811 -1.274093 -4.690527 -71.446323 0.000000 0.000000 -38.125138 0.000000 0.000000 -6.917769 0.291382 2.291170 -93.499451 -14.583549 -10.371152 -83.756781 0.000000 0.000000 -35.113805 0.000000 0.000000 0.441624 -0.014543 2.538997 15.921334 10.527707 -5.669026 49.546638 20.196256 9.814771 -68.878458 51.862354 -73.588300 -3.658481 -17.122387 -28.822078 104.813134 -12.241369 0.131685 47.600846 0.000000 0.000000 52.803109 0.000000 0.000000 -7.969741 -5.107087 -8.050663 98.867464 2.201332 -2.570022 62.179550 0.000000 0.000000 42.740597 0.000000 0.000000 6.271931 -1.933901 -4.817211 92.554110 13.623612 -11.276721 75.314622 0.000000 0.000000 37.740013 0.000000 0.000000 -1.013052 -2.505694 -6.799366 78.958248 -17.146044 12.099988 79.637767 0.000000 0.000000 48.980527 0.000000 0.000000 -3.109834 -2.403556 -3.139792 7.154648 46.856191 119.999990 9.779619 0.000000 0.000000 2.608273 0.000000 0.000000 -4.610124 -2.491975 -2.359596 0.000000 0.000000 0.000000 0.000000 0.000000 0.000000 0.000000 0.000000 0.000000 0.000000 0.000000 0.000000 0.000000 0.000000 0.000000 0.000000 0.000000 0.000000 0.000000 0.000000 0.000000 0.000000 0.000000 0.000000 
0.000000 89.700000 0.000000 0.000000 0.000000 0.000000 -0.863493 -0.275334 -5.577887 0.397783 -1.685896 -3.482732 -0.141529 1.079562 3.805749 1.398690 -1.269672 -1.079196 -0.361617 -0.712347 5.763464 0.000000 0.000000 0.000000 -17.207857 -5.053712 -4.798099 -52.659073 -17.326496 9.250080 70.746748 -58.412251 -68.060639 -0.429936 10.516717 -46.611487 -99.259796 13.629741 -1.917918 -64.806733 0.000000 0.000000 -51.344910 0.000000 0.000000 0.022390 -0.001199 4.934506 -72.825370 17.315679 12.473061 -93.910055 0.000000 0.000000 -50.151612 0.000000 0.000000 2.447046 -0.079831 2.056764 -10.279182 -44.494774 119.999522 -11.439184 0.000000 0.000000 6.503472 0.000000 0.000000 4.260386 -0.094452 1.375350 -96.874968 -1.239928 -4.915985 -71.749438 0.000000 0.000000 -38.661566 0.000000 0.000000 -6.917769 0.291382 2.291170 -93.721472 -14.742371 -10.494635 -83.795898 0.000000 0.000000 -35.428115 0.000000 0.000000 0.441624 -0.014543 2.538997 15.962611 10.551227 -5.644390 49.396182 20.096648 9.829198 -69.341128 52.066902 -73.753493 -3.894809 -17.123461 -28.486957 104.905990 -12.128433 0.093568 47.116516 0.000000 0.000000 52.852295 0.000000 0.000000 -7.969741 -5.107087 -8.050663 99.052184 2.293795 -2.446065 61.821027 0.000000 0.000000 42.903147 0.000000 0.000000 6.271931 -1.933901 -4.817211 92.904503 13.624515 -11.292282 75.140291 0.000000 0.000000 37.758441 0.000000 0.000000 -1.013052 -2.505694 -6.799366 78.733721 -17.204778 11.884784 79.393419 0.000000 0.000000 48.957809 0.000000 0.000000 -3.109834 -2.403556 -3.139792 7.376862 46.750026 119.999808 9.701475 0.000000 0.000000 2.802713 0.000000 0.000000 -4.610124 -2.491975 -2.359596 0.000000 0.000000 0.000000 0.000000 0.000000 0.000000 0.000000 0.000000 0.000000 0.000000 0.000000 0.000000 0.000000 0.000000 0.000000 0.000000 0.000000 0.000000 0.000000 0.000000 0.000000 0.000000 0.000000 0.000000 
0.000000 89.700000 0.000000 0.000000 0.000000 0.000000 -0.865945 -0.280076 -5.589082 0.402535 -1.701795 -3.421651 -0.165336 1.080190 3.776327 1.358909 -1.219068 -0.975828 -0.378331 -0.648336 5.740828 0.000000 0.000000 0.000000 -17.207160 -5.106295 -4.796742 -52.419117 -17.283607 9.286970 71.084025 -58.669865 -68.192431 0.454030 10.382551 -45.713471 -99.223602 13.649502 -2.226131 -65.028104 0.000000 0.000000 -51.463717 0.000000 0.000000 0.022390 -0.001199 4.934506 -72.730482 17.271330 12.266926 -93.690945 0.000000 0.000000 -50.205121 0.000000 0.000000 2.447046 -0.079831 2.056764 -10.338341 -44.544179 119.995552 -11.327934 0.000000 0.000000 5.836664 0.000000 0.000000 4.260386 -0.094452 1.375350 -97.125961 -1.280310 -5.029633 -71.798006 0.000000 0.000000 -39.121682 0.000000 0.000000 -6.917769 0.291382 2.291170 -94.536186 -14.753452 -10.581027 -83.665881 0.000000 0.000000 -35.693340 0.000000 0.000000 0.441624 -0.014543 2.538997 16.011689 10.573597 -5.594183 49.206344 19.947087 9.838204 -69.742660 52.209584 -73.872368 -4.453234 -17.143702 -27.884665 104.876941 -11.893001 0.076582 46.664427 0.000000 0.000000 52.866554 0.000000 0.000000 -7.969741 -5.107087 -8.050663 98.990241 2.419591 -2.365964 61.306795 0.000000 0.000000 42.964404 0.000000 0.000000 6.271931 -1.933901 -4.817211 93.217150 13.529763 -11.403974 74.763401 0.000000 0.000000 37.683702 0.000000 0.000000 -1.013052 -2.505694 -6.799366 78.569671 -17.069418 11.782661 79.308623 0.000000 0.000000 48.934243 0.000000 0.000000 -3.109834 -2.403556 -3.139792 7.739819 46.631023 119.997778 9.647512 0.000000 0.000000 3.110653 0.000000 0.000000 -4.610124 -2.491975 -2.359596 0.000000 0.000000 0.000000 0.000000 0.000000 0.000000 0.000000 0.000000 0.000000 0.000000 0.000000 0.000000 0.000000 0.000000 0.000000 0.000000 0.000000 0.000000 0.000000 0.000000 0.000000 0.000000 0.000000 0.000000 
0.000000 89.700000 0.000000 0.000000 0.000000 0.000000 -0.861471 -0.292240 -5.590157 0.415512 -1.723388 -3.334310 -0.194466 1.076821 3.728113 1.321558 -1.168874 -0.847875 -0.408692 -0.620667 5.705216 0.000000 0.000000 0.000000 -17.202996 -5.182355 -4.770571 -52.101772 -17.192634 9.329433 70.963256 -59.041901 -67.860059 2.018301 10.632365 -43.993215 -99.247395 13.241718 -2.430782 -64.130131 0.000000 0.000000 -51.503630 0.000000 0.000000 0.022390 -0.001199 4.934506 -72.609294 16.642486 12.047836 -92.775916 0.000000 0.000000 -50.293411 0.000000 0.000000 2.447046 -0.079831 2.056764 -10.538134 -44.813135 119.969980 -11.273981 0.000000 0.000000 4.415899 0.000000 0.000000 4.260386 -0.094452 1.375350 -97.243757 -1.488235 -4.800793 -70.784320 0.000000 0.000000 -39.529800 0.000000 0.000000 -6.917769 0.291382 2.291170 -94.897957 -14.502833 -10.635131 -82.850887 0.000000 0.000000 -35.946079 0.000000 0.000000 0.441624 -0.014543 2.538997 16.064539 10.593106 -5.513631 48.956424 19.732613 9.847647 -70.024966 52.405464 -73.913149 -5.548619 -17.203641 -26.745243 104.938491 -11.357004 0.162765 46.425377 0.000000 0.000000 52.763451 0.000000 0.000000 -7.969741 -5.107087 -8.050663 99.419916 2.680162 -2.245178 60.703468 0.000000 0.000000 42.950493 0.000000 0.000000 6.271931 -1.933901 -4.817211 93.728375 13.287271 -11.559892 74.147548 0.000000 0.000000 37.684004 0.000000 0.000000 -1.013052 -2.505694 -6.799366 78.928013 -16.454314 11.804112 79.143711 0.000000 0.000000 48.835702 0.000000 0.000000 -3.109834 -2.403556 -3.139792 8.516340 46.553497 119.982462 9.636717 0.000000 0.000000 3.614953 0.000000 0.000000 -4.610124 -2.491975 -2.359596 0.000000 0.000000 0.000000 0.000000 0.000000 0.000000 0.000000 0.000000 0.000000 0.000000 0.000000 0.000000 0.000000 0.000000 0.000000 0.000000 0.000000 0.000000 0.000000 0.000000 0.000000 0.000000 0.000000 0.000000 
0.000000 89.700000 0.000000 0.000000 0.000000 0.000000 -0.843617 -0.308531 -5.589407 0.440577 -1.752396 -3.217852 -0.227623 1.066611 3.660177 1.283456 -1.113778 -0.700220 -0.444898 -0.628510 5.646337 0.000000 0.000000 0.000000 -17.214143 -5.284765 -4.700022 -51.656211 -17.012766 9.379212 70.013227 -59.572017 -66.737924 4.573967 11.521355 -41.190053 -99.651516 12.353303 -2.642299 -61.506077 0.000000 0.000000 -51.523922 0.000000 0.000000 0.022390 -0.001199 4.934506 -72.719810 15.082070 11.891014 -90.447535 0.000000 0.000000 -50.305405 0.000000 0.000000 2.447046 -0.079831 2.056764 -11.122180 -45.302476 119.848189 -11.421381 0.000000 0.000000 2.076566 0.000000 0.000000 4.260386 -0.094452 1.375350 -97.322604 -1.811764 -4.123338 -68.235040 0.000000 0.000000 -40.012032 0.000000 0.000000 -6.917769 0.291382 2.291170 -94.441630 -13.588070 -10.714804 -80.826814 0.000000 0.000000 -36.267675 0.000000 0.000000 0.441624 -0.014543 2.538997 16.132021 10.602915 -5.392351 48.618206 19.424885 9.868029 -70.144521 52.730299 -73.716086 -7.498452 -17.311751 -24.767071 104.794736 -10.356560 0.353549 46.705975 0.000000 0.000000 52.123162 0.000000 0.000000 -7.969741 -5.107087 -8.050663 99.425063 3.108239 -1.993118 60.239480 0.000000 0.000000 42.798445 0.000000 0.000000 6.271931 -1.933901 -4.817211 93.771851 12.634515 -11.657624 73.267567 0.000000 0.000000 37.842679 0.000000 0.000000 -1.013052 -2.505694 -6.799366 78.413046 -14.945430 11.876637 78.726159 0.000000 0.000000 48.433493 0.000000 0.000000 -3.109834 -2.403556 -3.139792 9.992328 46.631530 119.899973 9.720665 0.000000 0.000000 4.374641 0.000000 0.000000 -4.610124 -2.491975 -2.359596 0.000000 0.000000 0.000000 0.000000 0.000000 0.000000 0.000000 0.000000 0.000000 0.000000 0.000000 0.000000 0.000000 0.000000 0.000000 0.000000 0.000000 0.000000 0.000000 0.000000 0.000000 0.000000 0.000000 0.000000 
0.000000 89.700000 0.000000 0.000000 0.000000 0.000000 -0.810017 -0.329502 -5.599743 0.482561 -1.790543 -3.077371 -0.260164 1.047536 3.572183 1.236285 -1.045731 -0.537375 -0.473085 -0.658124 5.555691 0.000000 0.000000 0.000000 -17.265693 -5.410899 -4.559030 -51.013248 -16.684637 9.436831 67.645153 -60.274261 -64.297450 8.158201 13.302866 -37.245340 -100.278610 11.394690 -3.258235 -57.321180 0.000000 0.000000 -51.238122 0.000000 0.000000 0.022390 -0.001199 4.934506 -72.429444 12.590608 11.809858 -86.262745 0.000000 0.000000 -49.828940 0.000000 0.000000 2.447046 -0.079831 2.056764 -12.311512 -45.831818 119.413848 -12.073089 0.000000 0.000000 -0.829745 0.000000 0.000000 4.260386 -0.094452 1.375350 -96.686957 -1.873295 -3.011540 -64.394771 0.000000 0.000000 -40.557520 0.000000 0.000000 -6.917769 0.291382 2.291170 -92.662049 -11.247790 -10.924291 -77.297520 0.000000 0.000000 -36.703395 0.000000 0.000000 0.441624 -0.014543 2.538997 16.236822 10.598292 -5.213072 48.152096 18.989659 9.911267 -70.005148 53.314217 -73.030214 -10.563302 -17.400178 -21.725801 103.142888 -9.000289 0.600722 47.744884 0.000000 0.000000 50.190028 0.000000 0.000000 -7.969741 -5.107087 -8.050663 97.996914 3.470644 -1.464144 60.276107 0.000000 0.000000 42.284473 0.000000 0.000000 6.271931 -1.933901 -4.817211 91.858098 11.076732 -11.445992 72.061022 0.000000 0.000000 38.004637 0.000000 0.000000 -1.013052 -2.505694 -6.799366 75.583432 -12.191521 11.865712 77.905860 0.000000 0.000000 47.317656 0.000000 0.000000 -3.109834 -2.403556 -3.139792 12.209557 46.990486 119.573150 10.002733 0.000000 0.000000 5.331631 0.000000 0.000000 -4.610124 -2.491975 -2.359596 0.000000 0.000000 0.000000 0.000000 0.000000 0.000000 0.000000 0.000000 0.000000 0.000000 0.000000 0.000000 0.000000 0.000000 0.000000 0.000000 0.000000 0.000000 0.000000 0.000000 0.000000 0.000000 0.000000 0.000000 
0.000000 89.700000 0.000000 0.000000 0.000000 0.000000 -0.761653 -0.355437 -5.631575 0.543088 -1.838958 -2.923607 -0.287040 1.019322 3.460606 1.168255 -0.954688 -0.363629 -0.479305 -0.693934 5.429893 0.000000 0.000000 0.000000 -17.373835 -5.555645 -4.325276 -50.102158 -16.147309 9.511814 63.113092 -61.081274 -59.833657 12.082455 16.063472 -32.435418 -99.159074 11.326487 -4.678163 -52.235524 0.000000 0.000000 -49.949581 0.000000 0.000000 0.022390 -0.001199 4.934506 -69.535199 9.858357 11.778316 -80.135937 0.000000 0.000000 -48.328345 0.000000 0.000000 2.447046 -0.079831 2.056764 -14.122020 -45.852965 118.254754 -13.709699 0.000000 0.000000 -3.431421 0.000000 0.000000 4.260386 -0.094452 1.375350 -95.026934 -0.977970 -1.438167 -60.001182 0.000000 0.000000 -40.844661 0.000000 0.000000 -6.917769 0.291382 2.291170 -92.237060 -6.585839 -11.300695 -72.216943 0.000000 0.000000 -37.199204 0.000000 0.000000 0.441624 -0.014543 2.538997 16.403875 10.581995 -4.954311 47.513112 18.400503 9.989075 -69.157933 54.223481 -71.598670 -14.686727 -17.342156 -17.629486 96.394423 -7.964062 0.872692 49.260885 0.000000 0.000000 46.180511 0.000000 0.000000 -7.969741 -5.107087 -8.050663 91.325838 3.124926 -0.427466 60.880959 0.000000 0.000000 40.945449 0.000000 0.000000 6.271931 -1.933901 -4.817211 83.792005 8.013542 -10.443801 70.280320 0.000000 0.000000 37.711386 0.000000 0.000000 -1.013052 -2.505694 -6.799366 69.720032 -8.313822 11.709728 76.439003 0.000000 0.000000 44.978931 0.000000 0.000000 -3.109834 -2.403556 -3.139792 14.795552 47.636264 118.605671 10.673101 0.000000 0.000000 6.241008 0.000000 0.000000 -4.610124 -2.491975 -2.359596 0.000000 0.000000 0.000000 0.000000 0.000000 0.000000 0.000000 0.000000 0.000000 0.000000 0.000000 0.000000 0.000000 0.000000 0.000000 0.000000 0.000000 0.000000 0.000000 0.000000 0.000000 0.000000 0.000000 0.000000 
0.000000 89.700000 0.000000 0.000000 0.000000 0.000000 -0.698357 -0.386236 -5.681581 0.617192 -1.897720 -2.768749 -0.304822 0.982195 3.319450 1.068371 -0.825722 -0.188006 -0.457139 -0.724298 5.270935 0.000000 0.000000 0.000000 -17.534982 -5.715455 -3.989587 -48.895613 -15.365789 9.635397 55.727426 -61.754059 -52.637467 14.922617 19.629656 -27.397601 -95.453696 13.160879 -6.764323 -46.695727 0.000000 0.000000 -46.890439 0.000000 0.000000 0.022390 -0.001199 4.934506 -65.532957 8.037493 11.688990 -72.222139 0.000000 0.000000 -45.583917 0.000000 0.000000 2.447046 -0.079831 2.056764 -16.376015 -44.577470 115.977304 -16.761226 0.000000 0.000000 -4.780610 0.000000 0.000000 4.260386 -0.094452 1.375350 -90.610605 1.475813 0.724845 -55.556206 0.000000 0.000000 -40.303393 0.000000 0.000000 -6.917769 0.291382 2.291170 -88.805482 0.769124 -11.569411 -65.550756 0.000000 0.000000 -37.557617 0.000000 0.000000 0.441624 -0.014543 2.538997 16.649600 10.563001 -4.596214 46.678300 17.651389 10.114990 -66.408089 55.350639 -68.169113 -19.156467 -17.153707 -12.853774 83.548693 -8.374121 1.182194 50.133083 0.000000 0.000000 39.803351 0.000000 0.000000 -7.969741 -5.107087 -8.050663 76.151285 1.248640 1.313564 61.197366 0.000000 0.000000 38.142848 0.000000 0.000000 6.271931 -1.933901 -4.817211 62.236432 3.054052 -8.142500 67.313037 0.000000 0.000000 36.385371 0.000000 0.000000 -1.013052 -2.505694 -6.799366 60.407317 -4.201607 11.536610 73.867215 0.000000 0.000000 41.048592 0.000000 0.000000 -3.109834 -2.403556 -3.139792 17.076508 48.233659 116.456046 11.984967 0.000000 0.000000 6.572595 0.000000 0.000000 -4.610124 -2.491975 -2.359596 0.000000 0.000000 0.000000 0.000000 0.000000 0.000000 0.000000 0.000000 0.000000 0.000000 0.000000 0.000000 0.000000 0.000000 0.000000 0.000000 0.000000 0.000000 0.000000 0.000000 0.000000 0.000000 0.000000 0.000000 
0.000000 89.700000 0.000000 0.000000 0.000000 0.000000 -0.615674 -0.422520 -5.725964 0.692883 -1.964004 -2.621242 -0.311904 0.934052 3.145258 0.932379 -0.640626 -0.031893 -0.415297 -0.745359 5.085946 0.000000 0.000000 0.000000 -17.730590 -5.891010 -3.556555 -47.470012 -14.357045 9.865468 45.346694 -61.807434 -42.470116 15.206591 23.595451 -22.994221 -88.223364 16.940279 -8.508762 -40.747264 0.000000 0.000000 -41.718606 0.000000 0.000000 0.022390 -0.001199 4.934506 -59.517871 7.843014 11.141039 -62.835265 0.000000 0.000000 -41.878462 0.000000 0.000000 2.447046 -0.079831 2.056764 -18.947097 -41.476112 112.825468 -21.134718 0.000000 0.000000 -4.258040 0.000000 0.000000 4.260386 -0.094452 1.375350 -78.620327 5.401739 3.453321 -50.924523 0.000000 0.000000 -38.350160 0.000000 0.000000 -6.917769 0.291382 2.291170 -78.683870 9.852589 -10.937454 -57.250557 0.000000 0.000000 -37.428481 0.000000 0.000000 0.441624 -0.014543 2.538997 16.979865 10.551032 -4.125797 45.691019 16.762305 10.310407 -60.608092 56.647576 -61.587045 -22.409980 -17.258337 -8.150629 71.940139 -10.972312 1.583024 48.720771 0.000000 0.000000 31.647421 0.000000 0.000000 -7.969741 -5.107087 -8.050663 61.975709 -2.499979 3.692371 59.450829 0.000000 0.000000 33.526697 0.000000 0.000000 6.271931 -1.933901 -4.817211 42.330834 -3.586881 -4.484265 62.189234 0.000000 0.000000 33.777022 0.000000 0.000000 -1.013052 -2.505694 -6.799366 50.362584 -1.243069 11.482664 69.393754 0.000000 0.000000 35.575764 0.000000 0.000000 -3.109834 -2.403556 -3.139792 18.455375 47.951682 112.899512 14.096245 0.000000 0.000000 5.504184 0.000000 0.000000 -4.610124 -2.491975 -2.359596 0.000000 0.000000 0.000000 0.000000 0.000000 0.000000 0.000000 0.000000 0.000000 0.000000 0.000000 0.000000 0.000000 0.000000 0.000000 0.000000 0.000000 0.000000 0.000000 0.000000 0.000000 0.000000 0.000000 0.000000 
0.000000 89.700000 0.000000 0.000000 0.000000 0.000000 -0.510472 -0.461138 -5.724388 0.754978 -2.029961 -2.480717 -0.308194 0.869209 2.941599 0.767672 -0.388170 0.066520 -0.379671 -0.766742 4.888210 0.000000 0.000000 0.000000 -17.947673 -6.085116 -3.038399 -46.024946 -13.196898 10.269462 33.010236 -60.628350 -30.226411 12.283160 27.393317 -20.040812 -80.619608 21.173495 -8.480216 -34.482327 0.000000 0.000000 -34.735465 0.000000 0.000000 0.022390 -0.001199 4.934506 -51.564780 8.904281 9.357305 -52.529031 0.000000 0.000000 -37.695117 0.000000 0.000000 2.447046 -0.079831 2.056764 -21.856966 -36.695118 110.130035 -25.925087 0.000000 0.000000 -1.705351 0.000000 0.000000 4.260386 -0.094452 1.375350 -62.334774 9.820071 6.340106 -45.676071 0.000000 0.000000 -34.596888 0.000000 0.000000 -6.917769 0.291382 2.291170 -65.682410 18.190332 -8.356724 -47.651257 0.000000 0.000000 -36.331874 0.000000 0.000000 0.441624 -0.014543 2.538997 17.403596 10.551285 -3.539906 44.683763 15.776369 10.607432 -50.539624 57.713094 -50.396627 -22.579035 -18.406434 -4.455121 61.348573 -15.129650 2.277426 43.903998 0.000000 0.000000 23.019109 0.000000 0.000000 -7.969741 -5.107087 -8.050663 55.377189 -7.435285 6.313483 54.136032 0.000000 0.000000 27.602811 0.000000 0.000000 6.271931 -1.933901 -4.817211 46.674872 -10.867034 -0.082335 54.091618 0.000000 0.000000 30.306028 0.000000 0.000000 -1.013052 -2.505694 -6.799366 37.703286 -0.463200 11.304524 62.075182 0.000000 0.000000 29.130771 0.000000 0.000000 -3.109834 -2.403556 -3.139792 18.843101 45.756970 108.662345 16.879672 0.000000 0.000000 2.411769 0.000000 0.000000 -4.610124 -2.491975 -2.359596 0.000000 0.000000 0.000000 0.000000 0.000000 0.000000 0.000000 0.000000 0.000000 0.000000 0.000000 0.000000 0.000000 0.000000 0.000000 0.000000 0.000000 0.000000 0.000000 0.000000 0.000000 0.000000 0.000000 0.000000 
0.000000 89.700000 0.000000 0.000000 0.000000 0.000000 -0.392641 -0.485161 -5.633357 0.792659 -2.084387 -2.335230 -0.295380 0.781673 2.718865 0.592657 -0.074874 0.055553 -0.382478 -0.810873 4.696365 0.000000 0.000000 0.000000 -18.202454 -6.296580 -2.450051 -44.814241 -11.993897 10.887582 20.801041 -57.851994 -17.861469 6.668868 30.416214 -19.015242 -66.939239 23.712734 -5.924572 -28.257474 0.000000 0.000000 -26.730032 0.000000 0.000000 0.022390 -0.001199 4.934506 -38.865144 10.206322 5.709266 -42.178274 0.000000 0.000000 -33.352484 0.000000 0.000000 2.447046 -0.079831 2.056764 -25.002446 -31.015349 109.568388 -29.770442 0.000000 0.000000 2.447751 0.000000 0.000000 4.260386 -0.094452 1.375350 -44.499013 13.300949 8.854949 -39.671549 0.000000 0.000000 -29.006670 0.000000 0.000000 -6.917769 0.291382 2.291170 -48.117413 22.923616 -3.440249 -37.696931 0.000000 0.000000 -33.664452 0.000000 0.000000 0.441624 -0.014543 2.538997 17.953160 10.559789 -2.848007 43.839112 14.744948 11.039622 -38.917859 57.426408 -37.563781 -18.849094 -21.027867 -2.540802 49.732196 -18.911806 3.687599 36.114797 0.000000 0.000000 15.227115 0.000000 0.000000 -7.969741 -5.107087 -8.050663 39.226279 -12.039189 8.712809 45.466844 0.000000 0.000000 21.599617 0.000000 0.000000 6.271931 -1.933901 -4.817211 35.957936 -17.127471 4.186684 43.346836 0.000000 0.000000 26.865064 0.000000 0.000000 -1.013052 -2.505694 -6.799366 28.203761 -1.721174 10.382035 51.664127 0.000000 0.000000 22.648025 0.000000 0.000000 -3.109834 -2.403556 -3.139792 18.820728 41.253776 105.447708 19.889393 0.000000 0.000000 -2.316746 0.000000 0.000000 -4.610124 -2.491975 -2.359596 0.000000 0.000000 0.000000 0.000000 0.000000 0.000000 0.000000 0.000000 0.000000 0.000000 0.000000 0.000000 0.000000 0.000000 0.000000 0.000000 0.000000 0.000000 0.000000 0.000000 0.000000 0.000000 0.000000 0.000000 
0.000000 89.700000 0.000000 0.000000 0.000000 0.000000 -0.287524 -0.464260 -5.421786 0.805417 -2.118912 -2.164362 -0.276884 0.671182 2.491080 0.429168 0.274485 -0.114825 -0.443863 -0.900509 4.529545 0.000000 0.000000 0.000000 -18.547519 -6.513262 -1.809472 -44.030743 -10.843599 11.704976 10.566545 -53.631795 -7.156778 -0.226520 32.240720 -19.905963 -41.660017 23.446636 -1.514612 -22.433728 0.000000 0.000000 -18.709417 0.000000 0.000000 0.022390 -0.001199 4.934506 -21.877297 11.040097 0.493262 -32.790494 0.000000 0.000000 -28.956945 0.000000 0.000000 2.447046 -0.079831 2.056764 -27.891968 -25.522498 111.553114 -31.663621 0.000000 0.000000 7.104934 0.000000 0.000000 4.260386 -0.094452 1.375350 -29.720003 14.736975 10.795496 -33.339115 0.000000 0.000000 -22.095690 0.000000 0.000000 -6.917769 0.291382 2.291170 -28.240823 22.696409 2.784223 -28.660901 0.000000 0.000000 -28.879426 0.000000 0.000000 0.441624 -0.014543 2.538997 18.685470 10.559056 -2.077282 43.307382 13.704042 11.624279 -26.535861 55.114335 -24.186383 -12.287216 -24.563802 -2.713941 38.127289 -20.460582 6.013752 27.219125 0.000000 0.000000 8.873650 0.000000 0.000000 -7.969741 -5.107087 -8.050663 28.637653 -14.754757 10.687065 35.501933 0.000000 0.000000 16.490789 0.000000 0.000000 6.271931 -1.933901 -4.817211 25.143087 -20.734371 7.705332 31.861851 0.000000 0.000000 24.114938 0.000000 0.000000 -1.013052 -2.505694 -6.799366 22.866128 -3.846479 8.301903 39.376599 0.000000 0.000000 16.950337 0.000000 0.000000 -3.109834 -2.403556 -3.139792 19.217981 35.308078 104.906948 22.493547 0.000000 0.000000 -7.273184 0.000000 0.000000 -4.610124 -2.491975 -2.359596 0.000000 0.000000 0.000000 0.000000 0.000000 0.000000 0.000000 0.000000 0.000000 0.000000 0.000000 0.000000 0.000000 0.000000 0.000000 0.000000 0.000000 0.000000 0.000000 0.000000 0.000000 0.000000 0.000000 0.000000 
0.000000 89.700000 0.000000 0.000000 0.000000 0.000000 -0.220586 -0.375180 -5.082499 0.802010 -2.132629 -1.951329 -0.257191 0.546447 2.273971 0.293482 0.626589 -0.464922 -0.563270 -1.044765 4.399702 0.000000 0.000000 0.000000 -19.050928 -6.706056 -1.140281 -43.739192 -9.799100 12.654649 3.051290 -48.530974 1.141582 -6.794786 32.796661 -22.297730 -29.723110 20.998560 3.035604 -17.221817 0.000000 0.000000 -11.648005 0.000000 0.000000 0.022390 -0.001199 4.934506 -16.707494 11.326952 -5.053739 -25.050376 0.000000 0.000000 -24.608389 0.000000 0.000000 2.447046 -0.079831 2.056764 -29.847513 -21.208919 114.761805 -31.504935 0.000000 0.000000 10.971574 0.000000 0.000000 4.260386 -0.094452 1.375350 -25.052310 13.960148 12.196809 -27.443584 0.000000 0.000000 -14.963501 0.000000 0.000000 -6.917769 0.291382 2.291170 -24.081326 18.568173 8.423917 -21.656943 0.000000 0.000000 -22.059832 0.000000 0.000000 0.441624 -0.014543 2.538997 19.649610 10.518268 -1.275924 43.147213 12.659975 12.349451 -16.384898 50.747733 -13.399328 -5.055036 -27.701765 -4.748184 30.649483 -19.331436 8.580523 19.168105 0.000000 0.000000 3.791111 0.000000 0.000000 -7.969741 -5.107087 -8.050663 22.361984 -14.790267 12.260065 26.732096 0.000000 0.000000 12.197173 0.000000 0.000000 6.271931 -1.933901 -4.817211 18.030214 -20.850163 10.021353 21.918164 0.000000 0.000000 21.772777 0.000000 0.000000 -1.013052 -2.505694 -6.799366 21.510868 -5.692750 5.375455 27.415225 0.000000 0.000000 12.147696 0.000000 0.000000 -3.109834 -2.403556 -3.139792 20.335688 29.547291 107.322664 24.062538 0.000000 0.000000 -11.108377 0.000000 0.000000 -4.610124 -2.491975 -2.359596 0.000000 0.000000 0.000000 0.000000 0.000000 0.000000 0.000000 0.000000 0.000000 0.000000 0.000000 0.000000 0.000000 0.000000 0.000000 0.000000 0.000000 0.000000 0.000000 0.000000 0.000000 0.000000 0.000000 0.000000 
0.000000 89.700000 0.000000 0.000000 0.000000 0.000000 -0.199220 -0.222589 -4.636225 0.793479 -2.129272 -1.699767 -0.241612 0.421852 2.085171 0.193675 0.950934 -0.962271 -0.727925 -1.234686 4.307901 0.000000 0.000000 0.000000 -19.760071 -6.826927 -0.470758 -43.887732 -8.872832 13.641804 -1.867196 -43.273593 7.088415 -12.008061 32.308887 -25.642141 -27.000980 17.840860 6.061814 -12.777795 0.000000 0.000000 -6.202634 0.000000 0.000000 0.022390 -0.001199 4.934506 -18.252770 11.265793 -9.618407 -19.058051 0.000000 0.000000 -20.589326 0.000000 0.000000 2.447046 -0.079831 2.056764 -30.498635 -18.598461 117.510297 -29.948535 0.000000 0.000000 13.372694 0.000000 0.000000 4.260386 -0.094452 1.375350 -22.575770 11.767759 12.807626 -22.425687 0.000000 0.000000 -8.853130 0.000000 0.000000 -6.917769 0.291382 2.291170 -21.608045 12.974353 12.183838 -17.200965 0.000000 0.000000 -14.431086 0.000000 0.000000 0.441624 -0.014543 2.538997 20.846240 10.400954 -0.504925 43.324734 11.596569 13.172120 -8.745517 44.449715 -5.182449 1.075833 -29.501508 -8.099457 22.148939 -16.483604 10.027386 12.852593 0.000000 0.000000 -0.365743 0.000000 0.000000 -7.969741 -5.107087 -8.050663 15.462838 -12.509535 13.345164 20.535367 0.000000 0.000000 7.913591 0.000000 0.000000 6.271931 -1.933901 -4.817211 11.243213 -17.889693 10.432272 14.388683 0.000000 0.000000 18.614789 0.000000 0.000000 -1.013052 -2.505694 -6.799366 18.373875 -6.890142 2.575802 17.605777 0.000000 0.000000 7.683434 0.000000 0.000000 -3.109834 -2.403556 -3.139792 21.708828 25.127513 111.357230 24.225700 0.000000 0.000000 -13.388310 0.000000 0.000000 -4.610124 -2.491975 -2.359596 0.000000 0.000000 0.000000 0.000000 0.000000 0.000000 0.000000 0.000000 0.000000 0.000000 0.000000 0.000000 0.000000 0.000000 0.000000 0.000000 0.000000 0.000000 0.000000 0.000000 0.000000 0.000000 0.000000 0.000000 
0.000000 89.700000 0.000000 0.000000 0.000000 0.000000 -0.211373 -0.038115 -4.123289 0.785501 -2.110144 -1.441288 -0.234654 0.309705 1.944375 0.132375 1.226825 -1.532280 -0.926107 -1.447200 4.251466 0.000000 0.000000 0.000000 -20.674372 -6.817736 0.170794 -44.359565 -8.054361 14.570107 -4.699929 -38.524960 11.061138 -15.821619 31.170922 -29.521587 -25.867150 15.070488 6.638150 -9.129877 0.000000 0.000000 -2.447479 0.000000 0.000000 0.022390 -0.001199 4.934506 -19.809403 11.043015 -12.586833 -14.519711 0.000000 0.000000 -17.227972 0.000000 0.000000 2.447046 -0.079831 2.056764 -29.924819 -17.663813 119.093303 -27.775617 0.000000 0.000000 14.489453 0.000000 0.000000 4.260386 -0.094452 1.375350 -21.714555 9.216762 11.910285 -17.820775 0.000000 0.000000 -4.558381 0.000000 0.000000 -6.917769 0.291382 2.291170 -20.878288 7.901575 14.054748 -15.011839 0.000000 0.000000 -7.914725 0.000000 0.000000 0.441624 -0.014543 2.538997 22.214717 10.175994 0.180486 43.753985 10.495650 14.025996 -4.799605 39.508790 -0.427216 5.605165 -30.196710 -12.236283 18.491605 -13.273809 9.307152 8.112644 0.000000 0.000000 -3.689369 0.000000 0.000000 -7.969741 -5.107087 -8.050663 12.108169 -9.071663 13.566308 16.650943 0.000000 0.000000 3.170892 0.000000 0.000000 6.271931 -1.933901 -4.817211 10.411205 -13.210714 8.219124 8.431169 0.000000 0.000000 13.407752 0.000000 0.000000 -1.013052 -2.505694 -6.799366 18.397972 -7.629879 1.010634 10.555410 0.000000 0.000000 3.195767 0.000000 0.000000 -3.109834 -2.403556 -3.139792 22.721563 22.132931 115.194919 23.128712 0.000000 0.000000 -14.454736 0.000000 0.000000 -4.610124 -2.491975 -2.359596 0.000000 0.000000 0.000000 0.000000 0.000000 0.000000 0.000000 0.000000 0.000000 0.000000 0.000000 0.000000 0.000000 0.000000 0.000000 0.000000 0.000000 0.000000 0.000000 0.000000 0.000000 0.000000 0.000000 0.000000 
0.000000 89.700000 0.000000 0.000000 0.000000 0.000000 -0.237783 0.136287 -3.590913 0.774982 -2.071821 -1.224195 -0.235945 0.215283 1.870324 0.106192 1.445950 -2.094664 -1.150186 -1.652106 4.235057 0.000000 0.000000 0.000000 -21.735108 -6.632933 0.756630 -45.022627 -7.327380 15.361830 -6.050248 -34.720181 13.496927 -18.983883 29.896633 -33.717201 -24.508755 12.966743 4.571493 -5.991229 0.000000 0.000000 0.151806 0.000000 0.000000 0.022390 -0.001199 4.934506 -19.964432 10.823396 -14.119618 -11.029486 0.000000 0.000000 -14.477752 0.000000 0.000000 2.447046 -0.079831 2.056764 -28.310044 -18.064749 119.747925 -25.400535 0.000000 0.000000 14.877864 0.000000 0.000000 4.260386 -0.094452 1.375350 -21.300771 6.837560 8.754339 -12.482733 0.000000 0.000000 -2.277487 0.000000 0.000000 -6.917769 0.291382 2.291170 -20.956213 4.032607 14.754551 -14.257541 0.000000 0.000000 -3.802732 0.000000 0.000000 0.441624 -0.014543 2.538997 23.647683 9.828564 0.743706 44.342174 9.358058 14.836855 -2.843474 35.919111 2.198248 9.271468 -30.838849 -16.852359 17.966567 -10.641111 6.428397 4.415111 0.000000 0.000000 -6.172673 0.000000 0.000000 -7.969741 -5.107087 -8.050663 11.276363 -5.611937 12.291500 13.605696 0.000000 0.000000 -1.431579 0.000000 0.000000 6.271931 -1.933901 -4.817211 11.225601 -8.238800 3.634587 2.973320 0.000000 0.000000 6.133681 0.000000 0.000000 -1.013052 -2.505694 -6.799366 19.335653 -8.187894 1.241963 5.863421 0.000000 0.000000 -0.825041 0.000000 0.000000 -3.109834 -2.403556 -3.139792 23.194489 20.039674 117.806495 21.356917 0.000000 0.000000 -14.851128 0.000000 0.000000 -4.610124 -2.491975 -2.359596 0.000000 0.000000 0.000000 0.000000 0.000000 0.000000 0.000000 0.000000 0.000000 0.000000 0.000000 0.000000 0.000000 0.000000 0.000000 0.000000 0.000000 0.000000 0.000000 0.000000 0.000000 0.000000 0.000000 0.000000 
0.000000 89.700000 0.000000 0.000000 0.000000 0.000000 -0.261518 0.263311 -3.089926 0.752276 -2.010836 -1.090261 -0.238899 0.138755 1.873606 0.102231 1.609825 -2.587865 -1.388532 -1.821768 4.269745 0.000000 0.000000 0.000000 -22.829683 -6.265783 1.254863 -45.754746 -6.679985 15.971462 -6.462790 -32.020275 14.802832 -22.264763 28.948292 -38.056238 -23.476517 11.358928 0.330878 -2.968747 0.000000 0.000000 2.321778 0.000000 0.000000 0.022390 -0.001199 4.934506 -18.890718 10.765554 -14.743977 -8.265158 0.000000 0.000000 -11.815343 0.000000 0.000000 2.447046 -0.079831 2.056764 -25.773249 -19.321526 119.946997 -22.961463 0.000000 0.000000 14.978226 0.000000 0.000000 4.260386 -0.094452 1.375350 -19.990850 4.621625 3.419864 -5.819915 0.000000 0.000000 -1.852569 0.000000 0.000000 -6.917769 0.291382 2.291170 -18.721785 1.198163 14.951453 -14.085178 0.000000 0.000000 -1.901403 0.000000 0.000000 0.441624 -0.014543 2.538997 25.010230 9.371702 1.165156 45.011391 8.219000 15.541675 -1.927331 33.381881 3.460786 13.265990 -32.314716 -21.844681 17.160833 -8.933002 2.242103 1.340921 0.000000 0.000000 -7.926569 0.000000 0.000000 -7.969741 -5.107087 -8.050663 10.591292 -2.735628 8.865992 9.643824 0.000000 0.000000 -4.372107 0.000000 0.000000 6.271931 -1.933901 -4.817211 11.081189 -3.786896 -1.464981 -1.717081 0.000000 0.000000 -1.544997 0.000000 0.000000 -1.013052 -2.505694 -6.799366 19.116459 -8.766950 2.802483 2.834963 0.000000 0.000000 -3.355341 0.000000 0.000000 -3.109834 -2.403556 -3.139792 23.272085 18.393747 119.173021 19.491568 0.000000 0.000000 -14.967839 0.000000 0.000000 -4.610124 -2.491975 -2.359596 0.000000 0.000000 0.000000 0.000000 0.000000 0.000000 0.000000 0.000000 0.000000 0.000000 0.000000 0.000000 0.000000 0.000000 0.000000 0.000000 0.000000 0.000000 0.000000 0.000000 0.000000 0.000000 0.000000 0.000000 
0.000000 89.700000 0.000000 0.000000 0.000000 0.000000 -0.270981 0.322342 -2.672398 0.707331 -1.929225 -1.055249 -0.235699 0.079915 1.949167 0.102666 1.723643 -2.972606 -1.618196 -1.943385 4.358628 0.000000 0.000000 0.000000 -23.816627 -5.759706 1.632002 -46.447592 -6.108362 16.390246 -6.368979 -30.393840 15.341040 -25.678936 28.463167 -42.208819 -24.310864 10.157132 -4.796402 -0.074840 0.000000 0.000000 4.369016 0.000000 0.000000 0.022390 -0.001199 4.934506 -20.162901 10.957950 -14.942003 -6.165701 0.000000 0.000000 -8.786891 0.000000 0.000000 2.447046 -0.079831 2.056764 -22.692881 -20.843652 119.991722 -20.758970 0.000000 0.000000 14.997205 0.000000 0.000000 4.260386 -0.094452 1.375350 -18.136758 2.591533 -2.506524 0.975744 0.000000 0.000000 -2.750362 0.000000 0.000000 -6.917769 0.291382 2.291170 -13.811921 -0.864950 14.992847 -14.015322 0.000000 0.000000 -0.961613 0.000000 0.000000 0.441624 -0.014543 2.538997 26.163222 8.851984 1.438547 45.694493 7.149858 16.102978 -1.900570 31.491185 3.329466 18.213208 -34.672554 -27.129211 18.242394 -8.042913 -2.384578 -1.345068 0.000000 0.000000 -9.089630 0.000000 0.000000 -7.969741 -5.107087 -8.050663 12.772871 -0.562342 3.270829 3.909801 0.000000 0.000000 -4.113869 0.000000 0.000000 6.271931 -1.933901 -4.817211 12.279324 -0.032708 -4.561976 -4.245367 0.000000 0.000000 -7.224875 0.000000 0.000000 -1.013052 -2.505694 -6.799366 18.474286 -9.430140 4.412708 0.985204 0.000000 0.000000 -3.729544 0.000000 0.000000 -3.109834 -2.403556 -3.139792 23.006195 17.102007 119.742402 17.796812 0.000000 0.000000 -14.994658 0.000000 0.000000 -4.610124 -2.491975 -2.359596 0.000000 0.000000 0.000000 0.000000 0.000000 0.000000 0.000000 0.000000 0.000000 0.000000 0.000000 0.000000 0.000000 0.000000 0.000000 0.000000 0.000000 0.000000 0.000000 0.000000 0.000000 0.000000 0.000000 0.000000 
0.000000 89.700000 0.000000 0.000000 0.000000 0.000000 -0.260523 0.320932 -2.375958 0.636367 -1.835717 -1.104858 -0.223855 0.040226 2.075608 0.097972 1.792678 -3.231973 -1.809245 -2.023946 4.486372 0.000000 0.000000 0.000000 -24.572757 -5.193902 1.867956 -47.013219 -5.616613 16.638057 -6.080496 -29.711028 15.418688 -28.564902 28.268431 -45.649512 -25.211454 9.486899 -8.898712 2.173487 0.000000 0.000000 5.985469 0.000000 0.000000 0.022390 -0.001199 4.934506 -20.252407 11.369416 -14.990050 -4.872804 0.000000 0.000000 -5.734769 0.000000 0.000000 2.447046 -0.079831 2.056764 -19.892952 -22.008524 119.999070 -19.281186 0.000000 0.000000 14.999756 0.000000 0.000000 4.260386 -0.094452 1.375350 -17.381631 1.085133 -6.443498 5.302246 0.000000 0.000000 -3.866216 0.000000 0.000000 -6.917769 0.291382 2.291170 -9.030380 -2.257319 14.999242 -13.979526 0.000000 0.000000 0.034101 0.000000 0.000000 0.441624 -0.014543 2.538997 27.001343 8.337325 1.574711 46.327183 6.239112 16.510546 -2.233524 31.040997 2.848176 23.705752 -37.205224 -32.472884 22.735746 -7.605326 -6.877150 -3.676169 0.000000 0.000000 -9.710490 0.000000 0.000000 -7.969741 -5.107087 -8.050663 17.799557 1.019391 -3.284682 -2.785085 0.000000 0.000000 -0.271862 0.000000 0.000000 6.271931 -1.933901 -4.817211 14.655798 3.059318 -4.391147 -3.789661 0.000000 0.000000 -9.259421 0.000000 0.000000 -1.013052 -2.505694 -6.799366 18.844133 -10.033754 5.025425 0.049829 0.000000 0.000000 -2.193253 0.000000 0.000000 -3.109834 -2.403556 -3.139792 22.279931 16.346907 119.934279 16.309254 0.000000 0.000000 -14.999345 0.000000 0.000000 -4.610124 -2.491975 -2.359596 0.000000 0.000000 0.000000 0.000000 0.000000 0.000000 0.000000 0.000000 0.000000 0.000000 0.000000 0.000000 0.000000 0.000000 0.000000 0.000000 0.000000 0.000000 0.000000 0.000000 0.000000 0.000000 0.000000 0.000000 
0.000000 89.700000 0.000000 0.000000 0.000000 0.000000 -0.229307 0.294578 -2.207870 0.544352 -1.742518 -1.207833 -0.207878 0.021516 2.223522 0.093651 1.823089 -3.369821 -1.938660 -2.079870 4.628070 0.000000 0.000000 0.000000 -25.036621 -4.650068 1.967540 -47.403325 -5.214913 16.747845 -5.790223 -29.790063 15.260234 -30.379835 28.209879 -47.845444 -25.073039 9.494929 -10.260301 3.194520 0.000000 0.000000 6.624245 0.000000 0.000000 0.022390 -0.001199 4.934506 -19.267757 11.905378 -14.998756 -4.415559 0.000000 0.000000 -3.884659 0.000000 0.000000 2.447046 -0.079831 2.056764 -18.209897 -22.376688 119.999929 -18.730318 0.000000 0.000000 14.999987 0.000000 0.000000 4.260386 -0.094452 1.375350 -17.127473 0.502592 -6.438307 5.052417 0.000000 0.000000 -4.179039 0.000000 0.000000 -6.917769 0.291382 2.291170 -6.903812 -3.047095 14.999946 -14.099136 0.000000 0.000000 0.735142 0.000000 0.000000 0.441624 -0.014543 2.538997 27.487906 7.889349 1.601671 46.855001 5.560664 16.772416 -2.736657 31.425110 2.345302 28.711847 -39.150331 -37.479713 26.539839 -7.260726 -10.623784 -5.458599 0.000000 0.000000 -9.845702 0.000000 0.000000 -7.969741 -5.107087 -8.050663 21.011156 2.158386 -8.926242 -8.617814 0.000000 0.000000 5.767073 0.000000 0.000000 6.271931 -1.933901 -4.817211 14.821857 5.422176 -1.570190 -0.963793 0.000000 0.000000 -7.360995 0.000000 0.000000 -1.013052 -2.505694 -6.799366 20.593256 -10.376965 4.470654 -0.224618 0.000000 0.000000 0.379498 0.000000 0.000000 -3.109834 -2.403556 -3.139792 21.128784 16.241440 119.986531 15.044058 0.000000 0.000000 -14.999945 0.000000 0.000000 -4.610124 -2.491975 -2.359596 0.000000 0.000000 0.000000 0.000000 0.000000 0.000000 0.000000 0.000000 0.000000 0.000000 0.000000 0.000000 0.000000 0.000000 0.000000 0.000000 0.000000 0.000000 0.000000 0.000000 0.000000 0.000000 0.000000 0.000000 
0.000000 89.700000 0.000000 0.000000 0.000000 0.000000 -0.179368 0.288159 -2.149991 0.441304 -1.660059 -1.336069 -0.195712 0.023757 2.367363 0.101546 1.823308 -3.400868 -2.001652 -2.121711 4.770290 0.000000 0.000000 0.000000 -25.218154 -4.180559 1.954566 -47.622902 -4.915446 16.754417 -5.576366 -30.429594 14.985079 -31.193851 28.357347 -48.520957 -25.214872 10.161430 -8.017575 2.754525 0.000000 0.000000 6.046432 0.000000 0.000000 0.022390 -0.001199 4.934506 -18.917826 12.484568 -14.999893 -4.569925 0.000000 0.000000 -4.361325 0.000000 0.000000 2.447046 -0.079831 2.056764 -17.906927 -21.915252 119.999997 -18.802343 0.000000 0.000000 15.000000 0.000000 0.000000 4.260386 -0.094452 1.375350 -17.898322 0.931379 -2.462779 0.224600 0.000000 0.000000 -3.798479 0.000000 0.000000 -6.917769 0.291382 2.291170 -8.080834 -3.379096 14.999998 -14.433989 0.000000 0.000000 -0.085057 0.000000 0.000000 0.441624 -0.014543 2.538997 27.656310 7.539858 1.551243 47.251123 5.148787 16.905866 -2.918656 32.203999 2.064839 32.402937 -40.304226 -41.736251 25.411734 -6.898356 -13.113421 -6.520975 0.000000 0.000000 -9.644550 0.000000 0.000000 -7.969741 -5.107087 -8.050663 19.706348 2.924063 -12.516537 -12.372637 0.000000 0.000000 11.631626 0.000000 0.000000 6.271931 -1.933901 -4.817211 11.563226 6.935203 2.579523 3.058542 0.000000 0.000000 -2.390390 0.000000 0.000000 -1.013052 -2.505694 -6.799366 20.185003 -10.450253 2.640664 -0.097732 0.000000 0.000000 3.277779 0.000000 0.000000 -3.109834 -2.403556 -3.139792 19.941474 16.560864 119.997849 14.043317 0.000000 0.000000 -14.999997 0.000000 0.000000 -4.610124 -2.491975 -2.359596 0.000000 0.000000 0.000000 0.000000 0.000000 0.000000 0.000000 0.000000 0.000000 0.000000 0.000000 0.000000 0.000000 0.000000 0.000000 0.000000 0.000000 0.000000 0.000000 0.000000 0.000000 0.000000 0.000000 0.000000 
0.000000 89.700000 0.000000 0.000000 0.000000 0.000000 -0.114289 0.332041 -2.176926 0.336251 -1.592880 -1.475569 -0.194046 0.044368 2.493010 0.127142 1.803927 -3.340033 -2.011498 -2.149079 4.919663 0.000000 0.000000 0.000000 -25.176375 -3.796120 1.857651 -47.719031 -4.724455 16.690423 -5.424321 -31.449525 14.619145 -31.479123 28.888157 -47.783154 -28.153455 11.253552 -2.320034 1.059970 0.000000 0.000000 4.563705 0.000000 0.000000 0.022390 -0.001199 4.934506 -20.561736 13.022933 -14.999994 -5.014247 0.000000 0.000000 -6.992228 0.000000 0.000000 2.447046 -0.079831 2.056764 -18.578384 -21.004595 120.000000 -19.005690 0.000000 0.000000 15.000000 0.000000 0.000000 4.260386 -0.094452 1.375350 -21.520576 2.043213 3.661561 -7.062833 0.000000 0.000000 -3.598402 0.000000 0.000000 -6.917769 0.291382 2.291170 -13.043075 -3.443796 15.000000 -14.886265 0.000000 0.000000 -2.769109 0.000000 0.000000 0.441624 -0.014543 2.538997 27.580465 7.286194 1.444931 47.526168 4.990177 16.934811 -2.935024 33.151830 1.833122 34.668701 -40.966051 -45.009246 24.834750 -6.655217 -14.369577 -6.957322 0.000000 0.000000 -9.248475 0.000000 0.000000 -7.969741 -5.107087 -8.050663 18.529229 3.284453 -14.214180 -14.163965 0.000000 0.000000 15.667428 0.000000 0.000000 6.271931 -1.933901 -4.817211 9.323357 7.611865 7.067061 7.437598 0.000000 0.000000 3.966760 0.000000 0.000000 -1.013052 -2.505694 -6.799366 20.431113 -10.456402 -1.173947 0.283580 0.000000 0.000000 6.280641 0.000000 0.000000 -3.109834 -2.403556 -3.139792 19.181989 16.896203 119.999744 13.322533 0.000000 0.000000 -15.000000 0.000000 0.000000 -4.610124 -2.491975 -2.359596 0.000000 0.000000 0.000000 0.000000 0.000000 0.000000 0.000000 0.000000 0.000000 0.000000 0.000000 0.000000 0.000000 0.000000 0.000000 0.000000 0.000000 0.000000 0.000000 0.000000 0.000000 0.000000 0.000000 0.000000 
0.000000 89.700000 0.000000 0.000000 0.000000 0.000000 -0.038475 0.429866 -2.264677 0.233787 -1.539146 -1.622407 -0.205143 0.078985 2.598337 0.166687 1.775413 -3.203795 -1.989568 -2.158311 5.088371 0.000000 0.000000 0.000000 -24.989252 -3.475937 1.703834 -47.749650 -4.630533 16.584318 -5.276788 -32.709994 14.150472 -31.681840 29.866613 -46.032312 -31.977807 12.461177 5.798245 -1.398206 0.000000 0.000000 2.756030 0.000000 0.000000 0.022390 -0.001199 4.934506 -23.297021 13.427035 -15.000000 -5.516599 0.000000 0.000000 -10.505672 0.000000 0.000000 2.447046 -0.079831 2.056764 -19.586515 -20.134292 120.000000 -19.044450 0.000000 0.000000 15.000000 0.000000 0.000000 4.260386 -0.094452 1.375350 -25.334476 3.358532 9.745801 -14.254851 0.000000 0.000000 -3.964633 0.000000 0.000000 -6.917769 0.291382 2.291170 -17.782837 -3.393845 15.000000 -15.306371 0.000000 0.000000 -6.337165 0.000000 0.000000 0.441624 -0.014543 2.538997 27.344436 7.102242 1.295756 47.717797 5.028768 16.890123 -3.102193 33.990240 1.362719 35.975515 -41.493119 -47.370158 25.811613 -6.669393 -14.844221 -7.032808 0.000000 0.000000 -8.731358 0.000000 0.000000 -7.969741 -5.107087 -8.050663 19.008529 3.230995 -14.815031 -14.802336 0.000000 0.000000 17.754104 0.000000 0.000000 6.271931 -1.933901 -4.817211 9.343673 7.652508 11.258486 11.630311 0.000000 0.000000 9.994536 0.000000 0.000000 -1.013052 -2.505694 -6.799366 21.765230 -10.597206 -7.327673 0.855889 0.000000 0.000000 9.303385 0.000000 0.000000 -3.109834 -2.403556 -3.139792 18.994143 17.000951 119.999979 12.834584 0.000000 0.000000 -15.000000 0.000000 0.000000 -4.610124 -2.491975 -2.359596 0.000000 0.000000 0.000000 0.000000 0.000000 0.000000 0.000000 0.000000 0.000000 0.000000 0.000000 0.000000 0.000000 0.000000 0.000000 0.000000 0.000000 0.000000 0.000000 0.000000 0.000000 0.000000 0.000000 0.000000 
0.000000 89.700000 0.000000 0.000000 0.000000 0.000000 0.042973 0.561330 -2.385904 0.133914 -1.493086 -1.773962 -0.225108 0.121539 2.690614 0.212789 1.744359 -3.021843 -1.954504 -2.153640 5.274763 0.000000 0.000000 0.000000 -24.733432 -3.186999 1.521323 -47.756779 -4.595730 16.459089 -5.094528 -34.091416 13.598953 -31.973992 31.144888 -43.776503 -33.203995 13.624535 15.000000 -4.145998 0.000000 0.000000 0.969515 0.000000 0.000000 0.022390 -0.001199 4.934506 -24.209764 13.695199 -15.000000 -5.996515 0.000000 0.000000 -13.971528 0.000000 0.000000 2.447046 -0.079831 2.056764 -20.573602 -19.482084 120.000000 -18.914228 0.000000 0.000000 15.000000 0.000000 0.000000 4.260386 -0.094452 1.375350 -26.620319 4.623689 15.000000 -20.439822 0.000000 0.000000 -4.645889 0.000000 0.000000 -6.917769 0.291382 2.291170 -19.234263 -3.309253 15.000000 -15.648947 0.000000 0.000000 -9.891432 0.000000 0.000000 0.441624 -0.014543 2.538997 27.029980 6.952600 1.121216 47.869789 5.175591 16.807997 -3.754808 35.442917 0.480495 36.881944 -42.037861 -49.186994 26.433728 -6.888925 -15.000000 -6.973202 0.000000 0.000000 -8.149510 0.000000 0.000000 -7.969741 -5.107087 -8.050663 19.478816 2.906505 -15.000000 -15.000000 0.000000 0.000000 18.749866 0.000000 0.000000 6.271931 -1.933901 -4.817211 10.049395 7.363018 15.000000 15.469053 0.000000 0.000000 15.167501 0.000000 0.000000 -1.013052 -2.505694 -6.799366 22.843972 -10.889707 -15.000000 1.538242 0.000000 0.000000 12.264697 0.000000 0.000000 -3.109834 -2.403556 -3.139792 19.166116 16.909411 120.000000 12.476262 0.000000 0.000000 -15.000000 0.000000 0.000000 -4.610124 -2.491975 -2.359596 0.000000 0.000000 0.000000 0.000000 0.000000 0.000000 0.000000 0.000000 0.000000 0.000000 0.000000 0.000000 0.000000 0.000000 0.000000 0.000000 0.000000 0.000000 0.000000 0.000000 0.000000 0.000000 0.000000 0.000000 
