HIERARCHY
ROOT hips
{
	OFFSET 0.000000 29.995300 -0.000000
	CHANNELS 6 Xposition Yposition Zposition Zrotation Yrotation Xrotation 
	JOINT Chest
	{
		OFFSET 0.000000 10.123600 0.695200
		CHANNELS 3 Zrotation Yrotation Xrotation
		JOINT Chest2
		{
			OFFSET 0.000000 15.405600 0.012300
			CHANNELS 3 Zrotation Yrotation Xrotation
			JOINT Chest3
			{
				OFFSET 0.000000 11.482400 -0.009100
				CHANNELS 3 Zrotation Yrotation Xrotation
				JOINT Neck
				{
					OFFSET 0.000000 25.678300 -0.023300
					CHANNELS 3 Zrotation Yrotation Xrotation
					JOINT Head
					{
						OFFSET 0.000000 13.458800 0.864200
						CHANNELS 3 Zrotation Yrotation Xrotation
						JOINT Head_End
						{
							OFFSET 0.000000 11.713200 -0.000000
							CHANNELS 3 Zrotation Yrotation Xrotation
							End Site
							{
								OFFSET 0.005000 0.000000 0.000000
							}
						}
					}
				}
				JOINT LeftCollar
				{
					OFFSET 12.227600 21.516500 -0.711700
					CHANNELS 3 Zrotation Yrotation Xrotation
					JOINT LeftShoulder
					{
						OFFSET 10.451400 0.021300 -0.002200
						CHANNELS 3 Zrotation Yrotation Xrotation
						JOINT LeftElbow
						{
							OFFSET 26.123400 0.000000 0.000000
							CHANNELS 3 Zrotation Yrotation Xrotation
							JOINT LeftWrist
							{
								OFFSET 25.245600 0.035600 0.002400
								CHANNELS 3 Zrotation Yrotation Xrotation
								JOINT Middle_00_L
								{
									OFFSET 11.653500 0.000000 0.000000
									CHANNELS 3 Zrotation Yrotation Xrotation
									JOINT Middle_01_L
									{
										OFFSET 4.384300 0.000000 0.000000
										CHANNELS 3 Zrotation Yrotation Xrotation
										JOINT Middle_02_L
										{
											OFFSET 3.470400 -0.000300 0.000000
											CHANNELS 3 Zrotation Yrotation Xrotation
											JOINT Middle_03_L
											{
												OFFSET 2.422200 0.000300 0.000000
												CHANNELS 3 Zrotation Yrotation Xrotation
												End Site
												{
													OFFSET 0.005000 0.000000 0.000000
												}
											}
										}
									}
								}
								JOINT Index_00_L
								{
									OFFSET 11.320700 0.000000 3.214800
									CHANNELS 3 Zrotation Yrotation Xrotation
									JOINT Index_01_L
									{
										OFFSET 3.752500 0.000000 0.000000
										CHANNELS 3 Zrotation Yrotation Xrotation
										JOINT Index_02_L
										{
											OFFSET 2.704900 0.000000 0.000300
											CHANNELS 3 Zrotation Yrotation Xrotation
											JOINT Index_03_L
											{
												OFFSET 2.288400 0.000000 -0.000300
												CHANNELS 3 Zrotation Yrotation Xrotation
												End Site
												{
													OFFSET 0.005000 0.000000 0.000000
												}
											}
										}
									}
								}
								JOINT Thumb_00_L
								{
									OFFSET 2.189000 0.000000 5.112700
									CHANNELS 3 Zrotation Yrotation Xrotation
									JOINT Thumb_01_L
									{
										OFFSET 5.672300 0.000000 0.000000
										CHANNELS 3 Zrotation Yrotation Xrotation
										JOINT Thumb_02_L
										{
											OFFSET 3.353600 0.000000 0.000400
											CHANNELS 3 Zrotation Yrotation Xrotation
											JOINT Thumb_03_L
											{
												OFFSET 3.066600 0.000000 -0.000400
												CHANNELS 3 Zrotation Yrotation Xrotation
												End Site
												{
													OFFSET 0.005000 0.000000 0.000000
												}
											}
										}
									}
								}
								JOINT Ring_00_L
								{
									OFFSET 11.421100 0.000000 -3.087400
									CHANNELS 3 Zrotation Yrotation Xrotation
									JOINT Ring_01_L
									{
										OFFSET 4.107700 0.000000 0.000000
										CHANNELS 3 Zrotation Yrotation Xrotation
										JOINT Ring_02_L
										{
											OFFSET 2.971800 0.000000 0.000500
											CHANNELS 3 Zrotation Yrotation Xrotation
											JOINT Ring_03_L
											{
												OFFSET 2.159200 0.000000 -0.000500
												CHANNELS 3 Zrotation Yrotation Xrotation
												End Site
												{
													OFFSET 0.005000 0.000000 0.000000
												}
											}
										}
									}
								}
								JOINT Little_00_L
								{
									OFFSET 10.838200 0.000000 -5.836000
									CHANNELS 3 Zrotation Yrotation Xrotation
									JOINT Little_01_L
									{
										OFFSET 3.568800 0.000000 0.000000
										CHANNELS 3 Zrotation Yrotation Xrotation
										JOINT Little_02_L
										{
											OFFSET 2.336100 0.000000 0.000200
											CHANNELS 3 Zrotation Yrotation Xrotation
											JOINT Little_03_L
											{
												OFFSET 1.912900 0.000000 -0.000200
												CHANNELS 3 Zrotation Yrotation Xrotation
												End Site
												{
													OFFSET 0.005000 0.000000 0.000000
												}
											}
										}
									}
								}
							}
						}
					}
				}
				JOINT RightCollar
				{
					OFFSET -12.227600 21.516500 -0.711700
					CHANNELS 3 Zrotation Yrotation Xrotation
					JOINT RightShoulder
					{
						OFFSET -10.451300 0.021300 -0.002200
						CHANNELS 3 Zrotation Yrotation Xrotation
						JOINT RightElbow
						{
							OFFSET -26.123400 0.000000 0.000000
							CHANNELS 3 Zrotation Yrotation Xrotation
							JOINT RightWrist
							{
								OFFSET -25.245800 0.035400 0.002000
								CHANNELS 3 Zrotation Yrotation Xrotation
								JOINT Middle_00_R
								{
									OFFSET -11.654000 0.000000 0.000000
									CHANNELS 3 Zrotation Yrotation Xrotation
									JOINT Middle_01_R
									{
										OFFSET -4.408600 0.000000 0.000000
										CHANNELS 3 Zrotation Yrotation Xrotation
										JOINT Middle_02_R
										{
											OFFSET -3.470400 0.000000 0.000000
											CHANNELS 3 Zrotation Yrotation Xrotation
											JOINT Middle_03_R
											{
												OFFSET -2.422200 0.000000 0.000000
												CHANNELS 3 Zrotation Yrotation Xrotation
												End Site
												{
													OFFSET 0.005000 0.000000 0.000000
												}
											}
										}
									}
								}
								JOINT Ring_00_R
								{
									OFFSET -11.459300 0.000000 -3.067300
									CHANNELS 3 Zrotation Yrotation Xrotation
									JOINT Ring_01_R
									{
										OFFSET -4.107700 0.000000 0.000000
										CHANNELS 3 Zrotation Yrotation Xrotation
										JOINT Ring_02_R
										{
											OFFSET -2.971800 0.000000 0.000000
											CHANNELS 3 Zrotation Yrotation Xrotation
											JOINT Ring_03_R
											{
												OFFSET -2.159200 0.000000 0.000000
												CHANNELS 3 Zrotation Yrotation Xrotation
												End Site
												{
													OFFSET 0.005000 0.000000 0.000000
												}
											}
										}
									}
								}
								JOINT Little_00_R
								{
									OFFSET -10.887000 0.000000 -5.818300
									CHANNELS 3 Zrotation Yrotation Xrotation
									JOINT Little_01_R
									{
										OFFSET -3.568800 0.000000 0.000000
										CHANNELS 3 Zrotation Yrotation Xrotation
										JOINT Little_02_R
										{
											OFFSET -2.336100 0.000000 0.000000
											CHANNELS 3 Zrotation Yrotation Xrotation
											JOINT Little_03_R
											{
												OFFSET -1.912900 0.000000 0.000000
												CHANNELS 3 Zrotation Yrotation Xrotation
												End Site
												{
													OFFSET 0.005000 0.000000 0.000000
												}
											}
										}
									}
								}
								JOINT Index_00_R
								{
									OFFSET -11.333200 0.000000 3.234400
									CHANNELS 3 Zrotation Yrotation Xrotation
									JOINT Index_01_R
									{
										OFFSET -3.752500 0.000000 0.000000
										CHANNELS 3 Zrotation Yrotation Xrotation
										JOINT Index_02_R
										{
											OFFSET -2.704900 0.000000 0.000000
											CHANNELS 3 Zrotation Yrotation Xrotation
											JOINT Index_03_R
											{
												OFFSET -2.288400 0.000000 0.000000
												CHANNELS 3 Zrotation Yrotation Xrotation
												End Site
												{
													OFFSET 0.005000 0.000000 0.000000
												}
											}
										}
									}
								}
								JOINT Thumb_00_R
								{
									OFFSET -2.193600 -0.231700 5.095700
									CHANNELS 3 Zrotation Yrotation Xrotation
									JOINT Thumb_01_R
									{
										OFFSET -5.672200 0.231700 0.000000
										CHANNELS 3 Zrotation Yrotation Xrotation
										JOINT Thumb_02_R
										{
											OFFSET -3.353600 0.000000 0.000000
											CHANNELS 3 Zrotation Yrotation Xrotation
											JOINT Thumb_03_R
											{
												OFFSET -3.066500 0.000000 0.000000
												CHANNELS 3 Zrotation Yrotation Xrotation
												End Site
												{
													OFFSET 0.005000 0.000000 0.000000
												}
											}
										}
									}
								}
							}
						}
					}
				}
			}
		}
	}
	JOINT LeftHip
	{
		OFFSET 6.356900 0.000000 0.000000
		CHANNELS 3 Zrotation Yrotation Xrotation
		JOINT LeftKnee
		{
			OFFSET -0.000100 -37.930500 0.000000
			CHANNELS 3 Zrotation Yrotation Xrotation
			JOINT LeftAnkle
			{
				OFFSET -0.000100 -42.440200 -0.085400
				CHANNELS 3 Zrotation Yrotation Xrotation
				JOINT LeftToe
				{
					OFFSET 0.135400 -9.338000 13.882500
					CHANNELS 3 Zrotation Yrotation Xrotation
					End Site
					{
						OFFSET 0.005000 0.000000 0.000000
					}
				}
			}
		}
	}
	JOINT RightHip
	{
		OFFSET -6.356900 0.000000 0.000000
		CHANNELS 3 Zrotation Yrotation Xrotation
		JOINT RightKnee
		{
			OFFSET 0.000100 -37.930500 0.000000
			CHANNELS 3 Zrotation Yrotation Xrotation
			JOINT RightAnkle
			{
				OFFSET 0.000100 -42.440200 -0.085400
				CHANNELS 3 Zrotation Yrotation Xrotation
				JOINT RightToe
				{
					OFFSET -0.135400 -9.338000 13.882500
					CHANNELS 3 Zrotation Yrotation Xrotation
					End Site
					{
						OFFSET 0.005000 0.000000 0.000000
					}
				}
			}
		}
	}
}
MOTION
Frames: 227
Frame Time: 0.041667
0.000000 89.700000 0.000000 0.000000 0.000000 0.000000 -0.632087 0.072847 -1.525450 0.640867 -1.509245 -0.982582 -0.699038 -0.001425 3.123746 0.129111 2.038579 -1.447230 -0.346342 -2.164419 4.525552 0.000000 0.000000 0.000000 -22.941959 -3.896807 0.263670 -47.652829 -5.032514 17.782454 -10.340759 -25.320720 17.819757 -5.523135 17.421481 -7.774659 -38.387779 19.569646 -15.000000 -28.213183 0.000000 0.000000 -25.824197 0.000000 0.000000 0.022390 -0.001199 4.934506 -28.373601 14.015371 -15.000000 -19.821013 0.000000 0.000000 -37.955842 0.000000 0.000000 2.447046 -0.079831 2.056764 -30.909711 -16.459860 120.000000 -33.040923 0.000000 0.000000 15.000000 0.000000 0.000000 4.260386 -0.094452 1.375350 -32.483387 -5.398663 15.000000 -37.290501 0.000000 0.000000 -27.389546 0.000000 0.000000 -6.917769 0.291382 2.291170 -31.429619 0.228887 5.090781 -29.777839 0.000000 0.000000 -29.098267 0.000000 0.000000 0.441624 -0.014543 2.538997 25.054564 7.188447 0.350091 50.079815 4.772104 19.081745 3.458216 30.828485 5.020214 4.599512 -26.500926 4.892263 35.828313 -13.007843 -15.000000 26.012504 0.000000 0.000000 24.283346 0.000000 0.000000 -7.969741 -5.107087 -8.050663 32.856982 -10.938220 -6.477920 34.542349 0.000000 0.000000 29.078786 0.000000 0.000000 6.271931 -1.933901 -4.817211 30.407310 4.614210 8.874962 28.512657 0.000000 0.000000 28.356321 0.000000 0.000000 -1.013052 -2.505694 -6.799366 28.420395 -8.761488 -15.000000 17.306786 0.000000 0.000000 33.078936 0.000000 0.000000 -3.109834 -2.403556 -3.139792 31.316565 14.120361 120.000000 27.277062 0.000000 0.000000 -15.000000 0.000000 0.000000 -4.610124 -2.491975 -2.359596 0.000000 0.000000 0.000000 0.000000 0.000000 0.000000 0.000000 0.000000 0.000000 0.000000 0.000000 0.000000 0.000000 0.000000 0.000000 0.000000 0.000000 0.000000 0.000000 0.000000 0.000000 0.000000 0.000000 0.000000 
0.000000 89.700000 0.000000 0.000000 0.000000 0.000000 -0.648894 0.063041 -1.559258 0.646449 -1.512634 -0.968805 -0.691605 -0.007817 3.133710 0.134036 2.039432 -1.425001 -0.344426 -2.182971 4.580785 0.000000 0.000000 0.000000 -22.945020 -3.917603 0.287056 -47.664753 -5.027309 17.794529 -10.360847 -25.319562 17.781368 -5.609618 17.370443 -8.131635 -38.815170 20.382163 -15.000000 -28.346247 0.000000 0.000000 -25.621090 0.000000 0.000000 0.022390 -0.001199 4.934506 -28.861268 14.857960 -15.000000 -19.713160 0.000000 0.000000 -37.638690 0.000000 0.000000 2.447046 -0.079831 2.056764 -30.956364 -15.802994 120.000000 -32.668061 0.000000 0.000000 15.000000 0.000000 0.000000 4.260386 -0.094452 1.375350 -32.678379 -5.084756 15.000000 -37.438953 0.000000 0.000000 -27.307376 0.000000 0.000000 -6.917769 0.291382 2.291170 -31.786173 0.600453 5.130830 -29.529108 0.000000 0.000000 -28.974309 0.000000 0.000000 0.441624 -0.014543 2.538997 25.081069 7.218995 0.309554 50.044774 4.724815 19.042208 3.452477 30.747181 4.887195 4.443177 -26.288482 5.156824 36.325977 -13.172149 -15.000000 25.212924 0.000000 0.000000 24.444611 0.000000 0.000000 -7.969741 -5.107087 -8.050663 33.448723 -11.043530 -6.747712 33.892334 0.000000 0.000000 29.084072 0.000000 0.000000 6.271931 -1.933901 -4.817211 30.753243 4.729094 9.060098 28.155263 0.000000 0.000000 28.294430 0.000000 0.000000 -1.013052 -2.505694 -6.799366 28.718344 -8.964047 -15.000000 16.941567 0.000000 0.000000 33.427239 0.000000 0.000000 -3.109834 -2.403556 -3.139792 31.471739 14.084911 120.000000 27.382267 0.000000 0.000000 -15.000000 0.000000 0.000000 -4.610124 -2.491975 -2.359596 0.000000 0.000000 0.000000 0.000000 0.000000 0.000000 0.000000 0.000000 0.000000 0.000000 0.000000 0.000000 0.000000 0.000000 0.000000 0.000000 0.000000 0.000000 0.000000 0.000000 0.000000 0.000000 0.000000 0.000000 
0.000000 89.700000 0.000000 0.000000 0.000000 0.000000 -0.662767 0.053433 -1.592032 0.650265 -1.515493 -0.953695 -0.684764 -0.012589 3.143861 0.138822 2.043211 -1.398438 -0.342765 -2.195290 4.630467 0.000000 0.000000 0.000000 -22.948351 -3.938105 0.308900 -47.675775 -5.023884 17.805652 -10.379409 -25.315901 17.747223 -5.633146 17.333969 -8.419284 -39.120778 20.881502 -15.000000 -28.375402 0.000000 0.000000 -25.443977 0.000000 0.000000 0.022390 -0.001199 4.934506 -29.276148 15.453096 -15.000000 -19.649973 0.000000 0.000000 -37.372378 0.000000 0.000000 2.447046 -0.079831 2.056764 -30.948982 -15.222195 120.000000 -32.267985 0.000000 0.000000 15.000000 0.000000 0.000000 4.260386 -0.094452 1.375350 -32.787169 -4.853844 15.000000 -37.484181 0.000000 0.000000 -27.209379 0.000000 0.000000 -6.917769 0.291382 2.291170 -31.954484 0.846712 5.177337 -29.301437 0.000000 0.000000 -28.852533 0.000000 0.000000 0.441624 -0.014543 2.538997 25.105045 7.245762 0.275666 50.012862 4.683896 19.004156 3.443019 30.715734 4.793094 4.282757 -26.092273 5.426830 36.979375 -13.241309 -15.000000 24.564878 0.000000 0.000000 24.545774 0.000000 0.000000 -7.969741 -5.107087 -8.050663 34.088490 -11.095398 -6.974607 33.349270 0.000000 0.000000 29.056804 0.000000 0.000000 6.271931 -1.933901 -4.817211 31.231533 4.863327 9.224768 27.936049 0.000000 0.000000 28.238831 0.000000 0.000000 -1.013052 -2.505694 -6.799366 28.985443 -9.113102 -15.000000 16.710875 0.000000 0.000000 33.733099 0.000000 0.000000 -3.109834 -2.403556 -3.139792 31.590537 14.048376 120.000000 27.449329 0.000000 0.000000 -15.000000 0.000000 0.000000 -4.610124 -2.491975 -2.359596 0.000000 0.000000 0.000000 0.000000 0.000000 0.000000 0.000000 0.000000 0.000000 0.000000 0.000000 0.000000 0.000000 0.000000 0.000000 0.000000 0.000000 0.000000 0.000000 0.000000 0.000000 0.000000 0.000000 0.000000 
0.000000 89.700000 0.000000 0.000000 0.000000 0.000000 -0.670580 0.043424 -1.621183 0.651181 -1.517611 -0.939060 -0.678864 -0.015397 3.155664 0.142566 2.051242 -1.368470 -0.343208 -2.197348 4.669430 0.000000 0.000000 0.000000 -22.951966 -3.956250 0.328768 -47.686303 -5.023974 17.813839 -10.393748 -25.308268 17.715399 -5.572255 17.333002 -8.595104 -38.884836 20.939424 -15.000000 -28.302050 0.000000 0.000000 -25.325445 0.000000 0.000000 0.022390 -0.001199 4.934506 -29.056366 15.696076 -15.000000 -19.690577 0.000000 0.000000 -37.225784 0.000000 0.000000 2.447046 -0.079831 2.056764 -30.888887 -14.790243 120.000000 -31.880921 0.000000 0.000000 15.000000 0.000000 0.000000 4.260386 -0.094452 1.375350 -32.410137 -4.754471 14.999983 -37.421591 0.000000 0.000000 -27.100227 0.000000 0.000000 -6.917769 0.291382 2.291170 -31.601135 0.876810 5.263040 -29.210821 0.000000 0.000000 -28.759289 0.000000 0.000000 0.441624 -0.014543 2.538997 25.122806 7.266106 0.251196 49.988985 4.654322 18.969930 3.440450 30.681266 4.710376 4.116395 -25.900250 5.703351 37.309871 -13.196977 -15.000000 24.128838 0.000000 0.000000 24.571791 0.000000 0.000000 -7.969741 -5.107087 -8.050663 34.443610 -11.094865 -7.178789 32.947115 0.000000 0.000000 29.004965 0.000000 0.000000 6.271931 -1.933901 -4.817211 31.312770 4.997640 9.336369 27.877527 0.000000 0.000000 28.183114 0.000000 0.000000 -1.013052 -2.505694 -6.799366 28.963737 -9.203438 -15.000000 16.651338 0.000000 0.000000 33.998930 0.000000 0.000000 -3.109834 -2.403556 -3.139792 31.676959 14.014428 120.000000 27.482195 0.000000 0.000000 -15.000000 0.000000 0.000000 -4.610124 -2.491975 -2.359596 0.000000 0.000000 0.000000 0.000000 0.000000 0.000000 0.000000 0.000000 0.000000 0.000000 0.000000 0.000000 0.000000 0.000000 0.000000 0.000000 0.000000 0.000000 0.000000 0.000000 0.000000 0.000000 0.000000 0.000000 
0.000000 89.700000 0.000000 0.000000 0.000000 0.000000 -0.670071 0.031201 -1.643579 0.649094 -1.519101 -0.928538 -0.673815 -0.017477 3.170977 0.143679 2.061987 -1.340062 -0.348184 -2.188223 4.694260 0.000000 0.000000 0.000000 -22.955783 -3.969466 0.347103 -47.698334 -5.028318 17.817649 -10.399970 -25.295909 17.679011 -5.459377 17.381627 -8.656442 -39.049972 20.641727 -15.000000 -28.222177 0.000000 0.000000 -25.282959 0.000000 0.000000 0.022390 -0.001199 4.934506 -28.885000 15.640965 -15.000000 -19.868962 0.000000 0.000000 -37.240539 0.000000 0.000000 2.447046 -0.079831 2.056764 -30.834884 -14.555061 120.000000 -31.598314 0.000000 0.000000 15.000000 0.000000 0.000000 4.260386 -0.094452 1.375350 -32.572888 -4.782553 14.999699 -37.324047 0.000000 0.000000 -26.999364 0.000000 0.000000 -6.917769 0.291382 2.291170 -31.564057 0.667828 5.440944 -29.403091 0.000000 0.000000 -28.715335 0.000000 0.000000 0.441624 -0.014543 2.538997 25.131093 7.279462 0.234278 49.977813 4.637418 18.942553 3.395197 30.648015 4.607786 3.941737 -25.676954 5.980868 37.022135 -13.116433 -15.000000 23.865100 0.000000 0.000000 24.549928 0.000000 0.000000 -7.969741 -5.107087 -8.050663 34.619300 -11.093518 -7.432515 32.639196 0.000000 0.000000 28.966755 0.000000 0.000000 6.271931 -1.933901 -4.817211 31.397466 5.073295 9.358684 27.872831 0.000000 0.000000 28.106029 0.000000 0.000000 -1.013052 -2.505694 -6.799366 28.517034 -9.290624 -15.000000 16.695993 0.000000 0.000000 34.237448 0.000000 0.000000 -3.109834 -2.403556 -3.139792 31.773939 13.969587 120.000000 27.513532 0.000000 0.000000 -15.000000 0.000000 0.000000 -4.610124 -2.491975 -2.359596 0.000000 0.000000 0.000000 0.000000 0.000000 0.000000 0.000000 0.000000 0.000000 0.000000 0.000000 0.000000 0.000000 0.000000 0.000000 0.000000 0.000000 0.000000 0.000000 0.000000 0.000000 0.000000 0.000000 0.000000 
0.000000 89.700000 0.000000 0.000000 0.000000 0.000000 -0.662046 0.016083 -1.658151 0.645212 -1.520372 -0.923252 -0.669206 -0.020391 3.189637 0.141396 2.072270 -1.316828 -0.357895 -2.169812 4.705317 0.000000 0.000000 0.000000 -22.959679 -3.977864 0.364227 -47.713860 -5.035821 17.818758 -10.395784 -25.278999 17.633985 -5.354585 17.470876 -8.634959 -39.373695 20.174340 -15.000000 -28.219856 0.000000 0.000000 -25.294422 0.000000 0.000000 0.022390 -0.001199 4.934506 -28.646501 15.404828 -15.000000 -20.138634 0.000000 0.000000 -37.368661 0.000000 0.000000 2.447046 -0.079831 2.056764 -30.839954 -14.500913 120.000000 -31.465198 0.000000 0.000000 15.000000 0.000000 0.000000 4.260386 -0.094452 1.375350 -33.414659 -4.893805 14.996680 -37.248071 0.000000 0.000000 -26.915221 0.000000 0.000000 -6.917769 0.291382 2.291170 -31.684984 0.283879 5.733516 -29.885137 0.000000 0.000000 -28.702466 0.000000 0.000000 0.441624 -0.014543 2.538997 25.130061 7.287228 0.221354 49.979432 4.629615 18.924114 3.437061 30.603603 4.551036 3.753458 -25.400270 6.247700 37.113474 -13.091211 -15.000000 23.686473 0.000000 0.000000 24.506608 0.000000 0.000000 -7.969741 -5.107087 -8.050663 34.939017 -11.125757 -7.768850 32.353298 0.000000 0.000000 28.966089 0.000000 0.000000 6.271931 -1.933901 -4.817211 31.649599 5.050847 9.292570 27.781793 0.000000 0.000000 27.990852 0.000000 0.000000 -1.013052 -2.505694 -6.799366 28.559219 -9.432885 -15.000000 16.745613 0.000000 0.000000 34.412173 0.000000 0.000000 -3.109834 -2.403556 -3.139792 31.917075 13.874262 120.000000 27.548631 0.000000 0.000000 -15.000000 0.000000 0.000000 -4.610124 -2.491975 -2.359596 0.000000 0.000000 0.000000 0.000000 0.000000 0.000000 0.000000 0.000000 0.000000 0.000000 0.000000 0.000000 0.000000 0.000000 0.000000 0.000000 0.000000 0.000000 0.000000 0.000000 0.000000 0.000000 0.000000 0.000000 
0.000000 89.700000 0.000000 0.000000 0.000000 0.000000 -0.651342 0.002249 -1.666708 0.642052 -1.522102 -0.920471 -0.664757 -0.024428 3.208466 0.137057 2.079971 -1.299607 -0.369265 -2.146340 4.708566 0.000000 0.000000 0.000000 -22.962938 -3.985193 0.379847 -47.732877 -5.044083 17.821543 -10.384571 -25.260191 17.584846 -5.292213 17.566946 -8.577994 -38.997154 19.723089 -15.000000 -28.296257 0.000000 0.000000 -25.324450 0.000000 0.000000 0.022390 -0.001199 4.934506 -27.911893 15.099227 -15.000000 -20.387580 0.000000 0.000000 -37.508992 0.000000 0.000000 2.447046 -0.079831 2.056764 -30.897658 -14.544146 120.000000 -31.430733 0.000000 0.000000 15.000000 0.000000 0.000000 4.260386 -0.094452 1.375350 -33.987062 -5.019635 14.975401 -37.199348 0.000000 0.000000 -26.847666 0.000000 0.000000 -6.917769 0.291382 2.291170 -31.232411 -0.138117 6.078318 -30.471462 0.000000 0.000000 -28.692579 0.000000 0.000000 0.441624 -0.014543 2.538997 25.123511 7.291257 0.210685 49.987917 4.624257 18.914306 3.342559 30.557265 4.449511 3.548768 -25.087746 6.488074 37.470296 -13.129468 -15.000000 23.516503 0.000000 0.000000 24.445923 0.000000 0.000000 -7.969741 -5.107087 -8.050663 35.214400 -11.165386 -8.122875 32.056597 0.000000 0.000000 28.994424 0.000000 0.000000 6.271931 -1.933901 -4.817211 31.887768 4.965734 9.197495 27.544994 0.000000 0.000000 27.847527 0.000000 0.000000 -1.013052 -2.505694 -6.799366 28.713108 -9.620530 -15.000000 16.733497 0.000000 0.000000 34.459893 0.000000 0.000000 -3.109834 -2.403556 -3.139792 32.095725 13.697455 120.000000 27.543903 0.000000 0.000000 -15.000000 0.000000 0.000000 -4.610124 -2.491975 -2.359596 0.000000 0.000000 0.000000 0.000000 0.000000 0.000000 0.000000 0.000000 0.000000 0.000000 0.000000 0.000000 0.000000 0.000000 0.000000 0.000000 0.000000 0.000000 0.000000 0.000000 0.000000 0.000000 0.000000 0.000000 
0.000000 89.700000 0.000000 0.000000 0.000000 0.000000 -0.644306 -0.002459 -1.672479 0.642114 -1.524817 -0.917141 -0.660560 -0.028496 3.223514 0.133113 2.085239 -1.288266 -0.377808 -2.123323 4.713925 0.000000 0.000000 0.000000 -22.963913 -3.995705 0.392867 -47.753402 -5.050813 17.829745 -10.375396 -25.244314 17.542211 -5.257189 17.628323 -8.527086 -38.824768 19.441425 -15.000000 -28.400945 0.000000 0.000000 -25.369405 0.000000 0.000000 0.022390 -0.001199 4.934506 -27.472862 14.833383 -15.000000 -20.533736 0.000000 0.000000 -37.614844 0.000000 0.000000 2.447046 -0.079831 2.056764 -30.972335 -14.600432 120.000000 -31.429540 0.000000 0.000000 15.000000 0.000000 0.000000 4.260386 -0.094452 1.375350 -34.207528 -5.045481 14.870636 -37.169954 0.000000 0.000000 -26.812378 0.000000 0.000000 -6.917769 0.291382 2.291170 -31.017120 -0.451089 6.351021 -30.922489 0.000000 0.000000 -28.686665 0.000000 0.000000 0.441624 -0.014543 2.538997 25.115671 7.292051 0.202483 49.995254 4.615861 18.910974 3.274472 30.546490 4.335395 3.340784 -24.782696 6.685146 37.922689 -13.181896 -15.000000 23.327752 0.000000 0.000000 24.381472 0.000000 0.000000 -7.969741 -5.107087 -8.050663 35.582430 -11.187156 -8.403299 31.781804 0.000000 0.000000 29.040627 0.000000 0.000000 6.271931 -1.933901 -4.817211 32.300435 4.882911 9.136268 27.216889 0.000000 0.000000 27.715441 0.000000 0.000000 -1.013052 -2.505694 -6.799366 29.046835 -9.792584 -15.000000 16.641688 0.000000 0.000000 34.383246 0.000000 0.000000 -3.109834 -2.403556 -3.139792 32.266477 13.459492 120.000000 27.464773 0.000000 0.000000 -15.000000 0.000000 0.000000 -4.610124 -2.491975 -2.359596 0.000000 0.000000 0.000000 0.000000 0.000000 0.000000 0.000000 0.000000 0.000000 0.000000 0.000000 0.000000 0.000000 0.000000 0.000000 0.000000 0.000000 0.000000 0.000000 0.000000 0.000000 0.000000 0.000000 0.000000 
0.000000 89.700000 0.000000 0.000000 0.000000 0.000000 -0.644476 0.006639 -1.678425 0.645533 -1.528267 -0.913128 -0.656807 -0.031526 3.233387 0.130912 2.089835 -1.280614 -0.380482 -2.105247 4.728213 0.000000 0.000000 0.000000 -22.961234 -4.010274 0.401141 -47.773129 -5.054997 17.844463 -10.377069 -25.234961 17.515478 -5.221790 17.637851 -8.502901 -39.154834 19.399107 -15.000000 -28.493278 0.000000 0.000000 -25.442575 0.000000 0.000000 0.022390 -0.001199 4.934506 -27.798963 14.691951 -15.000000 -20.598740 0.000000 0.000000 -37.719011 0.000000 0.000000 2.447046 -0.079831 2.056764 -31.057970 -14.640772 120.000000 -31.458645 0.000000 0.000000 15.000000 0.000000 0.000000 4.260386 -0.094452 1.375350 -34.484184 -4.772496 14.503188 -37.158542 0.000000 0.000000 -26.826087 0.000000 0.000000 -6.917769 0.291382 2.291170 -31.292060 -0.586908 6.465598 -31.111138 0.000000 0.000000 -28.696253 0.000000 0.000000 0.441624 -0.014543 2.538997 25.108639 7.288488 0.196404 49.996554 4.603426 18.912164 3.238318 30.574922 4.298065 3.164143 -24.523896 6.825357 38.230955 -13.244764 -15.000000 23.154979 0.000000 0.000000 24.359471 0.000000 0.000000 -7.969741 -5.107087 -8.050663 35.808349 -11.243573 -8.597315 31.603529 0.000000 0.000000 29.118921 0.000000 0.000000 6.271931 -1.933901 -4.817211 32.551582 4.806539 9.100946 26.905517 0.000000 0.000000 27.647613 0.000000 0.000000 -1.013052 -2.505694 -6.799366 29.391767 -9.917280 -15.000000 16.498802 0.000000 0.000000 34.281926 0.000000 0.000000 -3.109834 -2.403556 -3.139792 32.392808 13.229945 120.000000 27.353010 0.000000 0.000000 -15.000000 0.000000 0.000000 -4.610124 -2.491975 -2.359596 0.000000 0.000000 0.000000 0.000000 0.000000 0.000000 0.000000 0.000000 0.000000 0.000000 0.000000 0.000000 0.000000 0.000000 0.000000 0.000000 0.000000 0.000000 0.000000 0.000000 0.000000 0.000000 0.000000 0.000000 
0.000000 89.700000 0.000000 0.000000 0.000000 0.000000 -0.650978 0.027599 -1.686068 0.649997 -1.531448 -0.910150 -0.653702 -0.033623 3.239551 0.129901 2.095412 -1.271540 -0.377243 -2.093889 4.750064 0.000000 0.000000 0.000000 -22.955843 -4.026238 0.402212 -47.790289 -5.057106 17.865137 -10.392198 -25.232179 17.508770 -5.182480 17.620642 -8.502098 -39.373870 19.522922 -15.000000 -28.556448 0.000000 0.000000 -25.525075 0.000000 0.000000 0.022390 -0.001199 4.934506 -27.964201 14.671920 -15.000000 -20.671099 0.000000 0.000000 -37.850330 0.000000 0.000000 2.447046 -0.079831 2.056764 -31.173562 -14.654285 120.000000 -31.518920 0.000000 0.000000 15.000000 0.000000 0.000000 4.260386 -0.094452 1.375350 -34.549500 -3.960495 13.587220 -37.151548 0.000000 0.000000 -26.869138 0.000000 0.000000 -6.917769 0.291382 2.291170 -31.503397 -0.599172 6.443569 -31.060966 0.000000 0.000000 -28.709796 0.000000 0.000000 0.441624 -0.014543 2.538997 25.103232 7.279167 0.190839 49.990747 4.589800 18.917119 3.229800 30.557854 4.222912 3.056028 -24.333142 6.903912 38.475412 -13.372266 -15.000000 23.063216 0.000000 0.000000 24.419000 0.000000 0.000000 -7.969741 -5.107087 -8.050663 35.950686 -11.414486 -8.760025 31.573169 0.000000 0.000000 29.245594 0.000000 0.000000 6.271931 -1.933901 -4.817211 32.783601 4.687469 9.025867 26.684271 0.000000 0.000000 27.676056 0.000000 0.000000 -1.013052 -2.505694 -6.799366 29.875454 -10.024332 -15.000000 16.368876 0.000000 0.000000 34.262530 0.000000 0.000000 -3.109834 -2.403556 -3.139792 32.463224 13.078746 120.000000 27.305114 0.000000 0.000000 -15.000000 0.000000 0.000000 -4.610124 -2.491975 -2.359596 0.000000 0.000000 0.000000 0.000000 0.000000 0.000000 0.000000 0.000000 0.000000 0.000000 0.000000 0.000000 0.000000 0.000000 0.000000 0.000000 0.000000 0.000000 0.000000 0.000000 0.000000 0.000000 0.000000 0.000000 
0.000000 89.700000 0.000000 0.000000 0.000000 0.000000 -0.661048 0.056269 -1.695308 0.653701 -1.533525 -0.908590 -0.651841 -0.035644 3.243475 0.128849 2.102002 -1.256552 -0.370213 -2.088541 4.773429 0.000000 0.000000 0.000000 -22.951118 -4.040778 0.395360 -47.803213 -5.058487 17.890925 -10.417554 -25.234506 17.521813 -5.148491 17.623460 -8.506226 -39.264916 19.640493 -15.000000 -28.589984 0.000000 0.000000 -25.574689 0.000000 0.000000 0.022390 -0.001199 4.934506 -27.711313 14.684902 -15.000000 -20.814854 0.000000 0.000000 -37.979751 0.000000 0.000000 2.447046 -0.079831 2.056764 -31.313244 -14.599745 120.000000 -31.538740 0.000000 0.000000 15.000000 0.000000 0.000000 4.260386 -0.094452 1.375350 -34.404328 -2.576865 12.011408 -37.127973 0.000000 0.000000 -26.901636 0.000000 0.000000 -6.917769 0.291382 2.291170 -31.459465 -0.616858 6.382980 -30.891085 0.000000 0.000000 -28.710069 0.000000 0.000000 0.441624 -0.014543 2.538997 25.100909 7.263782 0.185090 49.977458 4.578189 18.925258 3.216595 30.506031 4.204725 3.028868 -24.218638 6.928970 38.237539 -13.581606 -15.000000 23.068021 0.000000 0.000000 24.536076 0.000000 0.000000 -7.969741 -5.107087 -8.050663 35.792357 -11.681863 -8.920577 31.650103 0.000000 0.000000 29.390875 0.000000 0.000000 6.271931 -1.933901 -4.817211 32.680828 4.514201 8.877941 26.552975 0.000000 0.000000 27.775159 0.000000 0.000000 -1.013052 -2.505694 -6.799366 29.746940 -10.151612 -15.000000 16.303412 0.000000 0.000000 34.333579 0.000000 0.000000 -3.109834 -2.403556 -3.139792 32.486364 13.032751 120.000000 27.378357 0.000000 0.000000 -15.000000 0.000000 0.000000 -4.610124 -2.491975 -2.359596 0.000000 0.000000 0.000000 0.000000 0.000000 0.000000 0.000000 0.000000 0.000000 0.000000 0.000000 0.000000 0.000000 0.000000 0.000000 0.000000 0.000000 0.000000 0.000000 0.000000 0.000000 0.000000 0.000000 0.000000 
0.000000 89.700000 0.000000 0.000000 0.000000 0.000000 -0.672849 0.090498 -1.706230 0.657083 -1.534745 -0.906831 -0.652073 -0.037982 3.245182 0.127292 2.108599 -1.235290 -0.361713 -2.086598 4.793808 0.000000 0.000000 0.000000 -22.950172 -4.053542 0.382950 -47.810368 -5.060612 17.920275 -10.448998 -25.241786 17.550843 -5.115443 17.672818 -8.496593 -39.294202 19.618446 -15.000000 -28.611703 0.000000 0.000000 -25.580109 0.000000 0.000000 0.022390 -0.001199 4.934506 -27.802963 14.651386 -15.000000 -21.032477 0.000000 0.000000 -38.058815 0.000000 0.000000 2.447046 -0.079831 2.056764 -31.433498 -14.445592 120.000000 -31.436614 0.000000 0.000000 15.000000 0.000000 0.000000 4.260386 -0.094452 1.375350 -34.701372 -1.139058 10.302791 -37.094662 0.000000 0.000000 -26.919661 0.000000 0.000000 -6.917769 0.291382 2.291170 -31.818571 -0.744733 6.366058 -30.748352 0.000000 0.000000 -28.713460 0.000000 0.000000 0.441624 -0.014543 2.538997 25.103302 7.243637 0.180534 49.956064 4.569874 18.934961 3.217638 30.474058 4.243165 3.067069 -24.179120 6.921402 38.061057 -13.792364 -15.000000 23.086227 0.000000 0.000000 24.632858 0.000000 0.000000 -7.969741 -5.107087 -8.050663 35.478275 -11.910439 -9.044891 31.708855 0.000000 0.000000 29.478408 0.000000 0.000000 6.271931 -1.933901 -4.817211 32.606943 4.356117 8.713787 26.479812 0.000000 0.000000 27.869925 0.000000 0.000000 -1.013052 -2.505694 -6.799366 29.555310 -10.279561 -15.000000 16.291411 0.000000 0.000000 34.415666 0.000000 0.000000 -3.109834 -2.403556 -3.139792 32.481400 13.077749 120.000000 27.532825 0.000000 0.000000 -15.000000 0.000000 0.000000 -4.610124 -2.491975 -2.359596 0.000000 0.000000 0.000000 0.000000 0.000000 0.000000 0.000000 0.000000 0.000000 0.000000 0.000000 0.000000 0.000000 0.000000 0.000000 0.000000 0.000000 0.000000 0.000000 0.000000 0.000000 0.000000 0.000000 0.000000 
0.000000 89.700000 0.000000 0.000000 0.000000 0.000000 -0.685382 0.128142 -1.720407 0.661015 -1.536145 -0.904070 -0.654600 -0.040254 3.245189 0.125719 2.114919 -1.211326 -0.353516 -2.084167 4.809883 0.000000 0.000000 0.000000 -22.953188 -4.065831 0.369149 -47.811588 -5.064691 17.949797 -10.484560 -25.254278 17.588147 -5.063418 17.751241 -8.465628 -39.109675 19.460427 -15.000000 -28.640166 0.000000 0.000000 -25.568073 0.000000 0.000000 0.022390 -0.001199 4.934506 -27.583004 14.580091 -15.000000 -21.279227 0.000000 0.000000 -38.066687 0.000000 0.000000 2.447046 -0.079831 2.056764 -31.497837 -14.230902 120.000000 -31.237360 0.000000 0.000000 15.000000 0.000000 0.000000 4.260386 -0.094452 1.375350 -35.118278 -0.571734 9.534806 -37.088991 0.000000 0.000000 -26.962631 0.000000 0.000000 -6.917769 0.291382 2.291170 -31.820329 -0.989913 6.396982 -30.725695 0.000000 0.000000 -28.760421 0.000000 0.000000 0.441624 -0.014543 2.538997 25.109902 7.221272 0.178542 49.928253 4.564802 18.943919 3.213611 30.456863 4.255265 3.145392 -24.209280 6.908788 38.214169 -13.884774 -15.000000 23.001111 0.000000 0.000000 24.650406 0.000000 0.000000 -7.969741 -5.107087 -8.050663 35.554620 -11.966526 -9.086863 31.644616 0.000000 0.000000 29.447995 0.000000 0.000000 6.271931 -1.933901 -4.817211 32.861351 4.317497 8.640000 26.465500 0.000000 0.000000 27.897075 0.000000 0.000000 -1.013052 -2.505694 -6.799366 29.790982 -10.337794 -15.000000 16.280445 0.000000 0.000000 34.439094 0.000000 0.000000 -3.109834 -2.403556 -3.139792 32.464222 13.187550 120.000000 27.672046 0.000000 0.000000 -15.000000 0.000000 0.000000 -4.610124 -2.491975 -2.359596 0.000000 0.000000 0.000000 0.000000 0.000000 0.000000 0.000000 0.000000 0.000000 0.000000 0.000000 0.000000 0.000000 0.000000 0.000000 0.000000 0.000000 0.000000 0.000000 0.000000 0.000000 0.000000 0.000000 0.000000 
0.000000 89.700000 0.000000 0.000000 0.000000 0.000000 -0.697374 0.164787 -1.739407 0.665033 -1.538558 -0.902269 -0.658484 -0.042075 3.245775 0.124880 2.121742 -1.189915 -0.347409 -2.078006 4.822301 0.000000 0.000000 0.000000 -22.957520 -4.078472 0.357339 -47.809006 -5.071440 17.974821 -10.523622 -25.269879 17.624570 -4.980135 17.815703 -8.418275 -39.161821 19.278371 -15.000000 -28.666340 0.000000 0.000000 -25.555710 0.000000 0.000000 0.022390 -0.001199 4.934506 -27.488239 14.543956 -15.000000 -21.486466 0.000000 0.000000 -38.012323 0.000000 0.000000 2.447046 -0.079831 2.056764 -31.511986 -14.040447 120.000000 -31.057274 0.000000 0.000000 15.000000 0.000000 0.000000 4.260386 -0.094452 1.375350 -34.903567 -1.328242 10.302791 -37.134947 0.000000 0.000000 -27.055525 0.000000 0.000000 -6.917769 0.291382 2.291170 -31.540209 -1.265496 6.422058 -30.800468 0.000000 0.000000 -28.859496 0.000000 0.000000 0.441624 -0.014543 2.538997 25.117218 7.199446 0.178433 49.899271 4.563099 18.950325 3.197347 30.439612 4.238841 3.236021 -24.299067 6.915259 38.145669 -13.812653 -15.000000 22.776225 0.000000 0.000000 24.601803 0.000000 0.000000 -7.969741 -5.107087 -8.050663 35.545100 -11.834081 -9.045065 31.466330 0.000000 0.000000 29.312233 0.000000 0.000000 6.271931 -1.933901 -4.817211 32.566778 4.458298 8.723028 26.530481 0.000000 0.000000 27.855074 0.000000 0.000000 -1.013052 -2.505694 -6.799366 29.612241 -10.279358 -15.000000 16.231054 0.000000 0.000000 34.399386 0.000000 0.000000 -3.109834 -2.403556 -3.139792 32.438025 13.336229 120.000000 27.725337 0.000000 0.000000 -15.000000 0.000000 0.000000 -4.610124 -2.491975 -2.359596 0.000000 0.000000 0.000000 0.000000 0.000000 0.000000 0.000000 0.000000 0.000000 0.000000 0.000000 0.000000 0.000000 0.000000 0.000000 0.000000 0.000000 0.000000 0.000000 0.000000 0.000000 0.000000 0.000000 0.000000 
0.000000 89.700000 0.000000 0.000000 0.000000 0.000000 -0.707882 0.196251 -1.762645 0.668327 -1.542233 -0.904295 -0.662274 -0.043790 3.248917 0.125367 2.129630 -1.175687 -0.345059 -2.067716 4.833002 0.000000 0.000000 0.000000 -22.959917 -4.091415 0.349074 -47.806209 -5.080712 17.991849 -10.565001 -25.284247 17.655076 -4.885494 17.842841 -8.364548 -39.687456 19.174200 -15.000000 -28.666983 0.000000 0.000000 -25.528115 0.000000 0.000000 0.022390 -0.001199 4.934506 -28.217304 14.585899 -15.000000 -21.606921 0.000000 0.000000 -37.926984 0.000000 0.000000 2.447046 -0.079831 2.056764 -31.498967 -13.931767 120.000000 -30.974824 0.000000 0.000000 15.000000 0.000000 0.000000 4.260386 -0.094452 1.375350 -34.980129 -2.842521 12.011391 -37.213021 0.000000 0.000000 -27.165462 0.000000 0.000000 -6.917769 0.291382 2.291170 -31.887879 -1.467181 6.399471 -30.883414 0.000000 0.000000 -28.962737 0.000000 0.000000 0.441624 -0.014543 2.538997 25.120657 7.180260 0.178541 49.875365 4.565442 18.953429 3.164998 30.462187 4.188851 3.309513 -24.424567 6.951184 38.186338 -13.648738 -15.000000 22.483826 0.000000 0.000000 24.553686 0.000000 0.000000 -7.969741 -5.107087 -8.050663 35.835450 -11.619322 -8.966373 31.276437 0.000000 0.000000 29.147970 0.000000 0.000000 6.271931 -1.933901 -4.817211 32.133909 4.745303 8.938225 26.652021 0.000000 0.000000 27.790159 0.000000 0.000000 -1.013052 -2.505694 -6.799366 29.331783 -10.131758 -15.000000 16.128465 0.000000 0.000000 34.334160 0.000000 0.000000 -3.109834 -2.403556 -3.139792 32.398571 13.491224 120.000000 27.682814 0.000000 0.000000 -15.000000 0.000000 0.000000 -4.610124 -2.491975 -2.359596 0.000000 0.000000 0.000000 0.000000 0.000000 0.000000 0.000000 0.000000 0.000000 0.000000 0.000000 0.000000 0.000000 0.000000 0.000000 0.000000 0.000000 0.000000 0.000000 0.000000 0.000000 0.000000 0.000000 0.000000 
0.000000 89.700000 0.000000 0.000000 0.000000 0.000000 -0.717198 0.221477 -1.786814 0.671233 -1.546948 -0.911234 -0.664955 -0.046318 3.254297 0.127592 2.137483 -1.171342 -0.346962 -2.056338 4.844005 0.000000 0.000000 0.000000 -22.958605 -4.104702 0.344830 -47.806255 -5.091493 18.000847 -10.606007 -25.293937 17.680937 -4.812941 17.845934 -8.310557 -39.881927 19.161294 -15.000000 -28.636353 0.000000 0.000000 -25.477962 0.000000 0.000000 0.022390 -0.001199 4.934506 -28.544162 14.673904 -15.000000 -21.648120 0.000000 0.000000 -37.860231 0.000000 0.000000 2.447046 -0.079831 2.056764 -31.463501 -13.909402 120.000000 -30.967972 0.000000 0.000000 15.000000 0.000000 0.000000 4.260386 -0.094452 1.375350 -35.000569 -4.192837 13.586895 -37.275747 0.000000 0.000000 -27.236089 0.000000 0.000000 -6.917769 0.291382 2.291170 -31.928381 -1.561560 6.341545 -30.923054 0.000000 0.000000 -29.015549 0.000000 0.000000 0.441624 -0.014543 2.538997 25.117063 7.165009 0.178283 49.860337 4.572073 18.953706 3.161130 30.434124 4.144427 3.356575 -24.552159 7.008085 38.627340 -13.518491 -15.000000 22.236948 0.000000 0.000000 24.564030 0.000000 0.000000 -7.969741 -5.107087 -8.050663 36.333218 -11.460846 -8.907116 31.177962 0.000000 0.000000 29.036919 0.000000 0.000000 6.271931 -1.933901 -4.817211 32.451671 5.069146 9.194284 26.770025 0.000000 0.000000 27.745808 0.000000 0.000000 -1.013052 -2.505694 -6.799366 29.798836 -9.970334 -15.000000 15.977065 0.000000 0.000000 34.280793 0.000000 0.000000 -3.109834 -2.403556 -3.139792 32.344474 13.619987 120.000000 27.580408 0.000000 0.000000 -15.000000 0.000000 0.000000 -4.610124 -2.491975 -2.359596 0.000000 0.000000 0.000000 0.000000 0.000000 0.000000 0.000000 0.000000 0.000000 0.000000 0.000000 0.000000 0.000000 0.000000 0.000000 0.000000 0.000000 0.000000 0.000000 0.000000 0.000000 0.000000 0.000000 0.000000 
0.000000 89.700000 0.000000 0.000000 0.000000 0.000000 -0.726504 0.242037 -1.806899 0.674958 -1.552099 -0.921953 -0.666266 -0.050411 3.260019 0.131673 2.142218 -1.177643 -0.352117 -2.049394 4.855540 0.000000 0.000000 0.000000 -22.953888 -4.118863 0.344611 -47.810261 -5.102349 18.005302 -10.642886 -25.298721 17.706243 -4.749969 17.840336 -8.255245 -39.446321 19.195484 -15.000000 -28.576406 0.000000 0.000000 -25.446120 0.000000 0.000000 0.022390 -0.001199 4.934506 -27.972324 14.754372 -15.000000 -21.641561 0.000000 0.000000 -37.858428 0.000000 0.000000 2.447046 -0.079831 2.056764 -31.402539 -13.949750 120.000000 -30.977608 0.000000 0.000000 15.000000 0.000000 0.000000 4.260386 -0.094452 1.375350 -34.453392 -4.962818 14.499477 -37.277538 0.000000 0.000000 -27.256535 0.000000 0.000000 -6.917769 0.291382 2.291170 -31.448455 -1.595217 6.289753 -30.927463 0.000000 0.000000 -29.019167 0.000000 0.000000 0.441624 -0.014543 2.538997 25.105964 7.154198 0.178288 49.854103 4.581603 18.953258 3.150541 30.393187 4.083580 3.396961 -24.650670 7.062807 38.768748 -13.502651 -15.000000 22.110215 0.000000 0.000000 24.642190 0.000000 0.000000 -7.969741 -5.107087 -8.050663 36.365637 -11.439199 -8.898369 31.204418 0.000000 0.000000 29.016417 0.000000 0.000000 6.271931 -1.933901 -4.817211 32.584849 5.308588 9.394708 26.848809 0.000000 0.000000 27.738749 0.000000 0.000000 -1.013052 -2.505694 -6.799366 30.025637 -9.861890 -15.000000 15.803942 0.000000 0.000000 34.257296 0.000000 0.000000 -3.109834 -2.403556 -3.139792 32.287204 13.706924 120.000000 27.477886 0.000000 0.000000 -15.000000 0.000000 0.000000 -4.610124 -2.491975 -2.359596 0.000000 0.000000 0.000000 0.000000 0.000000 0.000000 0.000000 0.000000 0.000000 0.000000 0.000000 0.000000 0.000000 0.000000 0.000000 0.000000 0.000000 0.000000 0.000000 0.000000 0.000000 0.000000 0.000000 0.000000 
0.000000 89.700000 0.000000 0.000000 0.000000 0.000000 -0.736949 0.260377 -1.818258 0.680507 -1.557059 -0.934398 -0.666496 -0.056028 3.264166 0.137337 2.140645 -1.194069 -0.358983 -2.052411 4.865926 0.000000 0.000000 0.000000 -22.947160 -4.134449 0.347757 -47.817468 -5.111797 18.009591 -10.672694 -25.300764 17.733809 -4.635675 17.815309 -8.194239 -39.483395 19.242610 -15.000000 -28.477493 0.000000 0.000000 -25.488192 0.000000 0.000000 0.022390 -0.001199 4.934506 -27.946537 14.811438 -15.000000 -21.606201 0.000000 0.000000 -37.931116 0.000000 0.000000 2.447046 -0.079831 2.056764 -31.329526 -14.022850 120.000000 -30.980425 0.000000 0.000000 15.000000 0.000000 0.000000 4.260386 -0.094452 1.375350 -34.505207 -5.258301 14.841894 -37.203666 0.000000 0.000000 -27.266513 0.000000 0.000000 -6.917769 0.291382 2.291170 -31.374740 -1.619946 6.263950 -30.924386 0.000000 0.000000 -29.024661 0.000000 0.000000 0.441624 -0.014543 2.538997 25.089064 7.147231 0.179383 49.853586 4.591103 18.955319 3.148378 30.355094 4.044794 3.447945 -24.695677 7.089809 38.811914 -13.598054 -15.000000 22.118178 0.000000 0.000000 24.763426 0.000000 0.000000 -7.969741 -5.107087 -8.050663 36.334219 -11.550682 -8.943170 31.319799 0.000000 0.000000 29.080691 0.000000 0.000000 6.271931 -1.933901 -4.817211 32.527718 5.391160 9.480335 26.895201 0.000000 0.000000 27.773922 0.000000 0.000000 -1.013052 -2.505694 -6.799366 29.952090 -9.828928 -15.000000 15.649447 0.000000 0.000000 34.261678 0.000000 0.000000 -3.109834 -2.403556 -3.139792 32.253064 13.750398 120.000000 27.432251 0.000000 0.000000 -15.000000 0.000000 0.000000 -4.610124 -2.491975 -2.359596 0.000000 0.000000 0.000000 0.000000 0.000000 0.000000 0.000000 0.000000 0.000000 0.000000 0.000000 0.000000 0.000000 0.000000 0.000000 0.000000 0.000000 0.000000 0.000000 0.000000 0.000000 0.000000 0.000000 0.000000 
0.000000 89.700000 0.000000 0.000000 0.000000 0.000000 -0.748472 0.278510 -1.818682 0.688014 -1.561773 -0.947273 -0.666245 -0.062320 3.265509 0.143817 2.132695 -1.220127 -0.366985 -2.067064 4.873179 0.000000 0.000000 0.000000 -22.939409 -4.151546 0.353141 -47.826350 -5.118512 18.015427 -10.695228 -25.301758 17.763750 -4.444696 17.758878 -8.125786 -39.788953 19.296598 -15.000000 -28.337523 0.000000 0.000000 -25.603959 0.000000 0.000000 0.022390 -0.001199 4.934506 -28.449876 14.854207 -15.000000 -21.561958 0.000000 0.000000 -38.039293 0.000000 0.000000 2.447046 -0.079831 2.056764 -31.266158 -14.097206 120.000000 -30.985100 0.000000 0.000000 15.000000 0.000000 0.000000 4.260386 -0.094452 1.375350 -34.986920 -5.250833 14.815359 -37.086503 0.000000 0.000000 -27.296184 0.000000 0.000000 -6.917769 0.291382 2.291170 -31.987235 -1.640538 6.251531 -30.939118 0.000000 0.000000 -29.072993 0.000000 0.000000 0.441624 -0.014543 2.538997 25.068666 7.142371 0.182240 49.855079 4.597638 18.962182 3.136962 30.323118 4.046838 3.503226 -24.681981 7.074402 38.723038 -13.740556 -15.000000 22.242562 0.000000 0.000000 24.902373 0.000000 0.000000 -7.969741 -5.107087 -8.050663 36.378084 -11.734243 -9.029939 31.467047 0.000000 0.000000 29.207574 0.000000 0.000000 6.271931 -1.933901 -4.817211 32.663648 5.322067 9.442833 26.934672 0.000000 0.000000 27.853677 0.000000 0.000000 -1.013052 -2.505694 -6.799366 30.055381 -9.838827 -15.000000 15.549944 0.000000 0.000000 34.275779 0.000000 0.000000 -3.109834 -2.403556 -3.139792 32.262867 13.751392 120.000000 27.467008 0.000000 0.000000 -15.000000 0.000000 0.000000 -4.610124 -2.491975 -2.359596 0.000000 0.000000 0.000000 0.000000 0.000000 0.000000 0.000000 0.000000 0.000000 0.000000 0.000000 0.000000 0.000000 0.000000 0.000000 0.000000 0.000000 0.000000 0.000000 0.000000 0.000000 0.000000 0.000000 0.000000 
0.000000 89.700000 0.000000 0.000000 0.000000 0.000000 -0.758995 0.296814 -1.808947 0.696544 -1.566792 -0.961133 -0.666134 -0.068232 3.263705 0.149924 2.122412 -1.256351 -0.377037 -2.089332 4.876195 0.000000 0.000000 0.000000 -22.930908 -4.169455 0.359834 -47.835675 -5.121755 18.020835 -10.712485 -25.300949 17.793265 -4.231703 17.691445 -8.052756 -40.302711 19.347343 -15.000000 -28.179352 0.000000 0.000000 -25.732586 0.000000 0.000000 0.022390 -0.001199 4.934506 -28.892648 14.870142 -15.000000 -21.537704 0.000000 0.000000 -38.121145 0.000000 0.000000 2.447046 -0.079831 2.056764 -31.219589 -14.152528 120.000000 -30.990514 0.000000 0.000000 15.000000 0.000000 0.000000 4.260386 -0.094452 1.375350 -35.523280 -4.864479 14.334003 -36.974171 0.000000 0.000000 -27.332284 0.000000 0.000000 -6.917769 0.291382 2.291170 -32.529072 -1.647262 6.243478 -30.982021 0.000000 0.000000 -29.154866 0.000000 0.000000 0.441624 -0.014543 2.538997 25.046596 7.137419 0.187334 49.856437 4.599577 18.973558 3.111995 30.344840 4.042322 3.545652 -24.634271 7.018450 38.235419 -13.862998 -15.000000 22.456521 0.000000 0.000000 25.048925 0.000000 0.000000 -7.969741 -5.107087 -8.050663 35.982581 -11.928317 -9.146971 31.615293 0.000000 0.000000 29.376201 0.000000 0.000000 6.271931 -1.933901 -4.817211 32.275736 5.169515 9.324423 26.993573 0.000000 0.000000 27.970210 0.000000 0.000000 -1.013052 -2.505694 -6.799366 29.906815 -9.833200 -15.000000 15.526904 0.000000 0.000000 34.282269 0.000000 0.000000 -3.109834 -2.403556 -3.139792 32.309057 13.712310 120.000000 27.563075 0.000000 0.000000 -15.000000 0.000000 0.000000 -4.610124 -2.491975 -2.359596 0.000000 0.000000 0.000000 0.000000 0.000000 0.000000 0.000000 0.000000 0.000000 0.000000 0.000000 0.000000 0.000000 0.000000 0.000000 0.000000 0.000000 0.000000 0.000000 0.000000 0.000000 0.000000 0.000000 0.000000 
0.000000 89.700000 0.000000 0.000000 0.000000 0.000000 -0.765597 0.313371 -1.791446 0.704359 -1.572477 -0.978036 -0.666366 -0.073342 3.259639 0.154879 2.114848 -1.303239 -0.390193 -2.111961 4.874366 0.000000 0.000000 0.000000 -22.922455 -4.186375 0.366975 -47.844735 -5.121712 18.023128 -10.725519 -25.296029 17.817422 -4.070652 17.650827 -7.980209 -40.584334 19.357857 -15.000000 -28.024414 0.000000 0.000000 -25.813746 0.000000 0.000000 0.022390 -0.001199 4.934506 -28.860538 14.821717 -15.000000 -21.539638 0.000000 0.000000 -38.128448 0.000000 0.000000 2.447046 -0.079831 2.056764 -31.182057 -14.190103 120.000000 -30.974355 0.000000 0.000000 15.000000 0.000000 0.000000 4.260386 -0.094452 1.375350 -35.714198 -3.699962 12.913594 -36.870773 0.000000 0.000000 -27.344926 0.000000 0.000000 -6.917769 0.291382 2.291170 -32.610438 -1.667649 6.263896 -31.024363 0.000000 0.000000 -29.222765 0.000000 0.000000 0.441624 -0.014543 2.538997 25.024794 7.130473 0.194285 49.857524 4.596461 18.987501 3.175680 30.347845 4.086235 3.559309 -24.585953 6.935520 37.936507 -13.951297 -15.000000 22.724362 0.000000 0.000000 25.207375 0.000000 0.000000 -7.969741 -5.107087 -8.050663 35.791900 -12.121331 -9.291266 31.767924 0.000000 0.000000 29.573132 0.000000 0.000000 6.271931 -1.933901 -4.817211 32.197139 5.004766 9.195138 27.085948 0.000000 0.000000 28.110648 0.000000 0.000000 -1.013052 -2.505694 -6.799366 29.799606 -9.788746 -15.000000 15.576135 0.000000 0.000000 34.289694 0.000000 0.000000 -3.109834 -2.403556 -3.139792 32.364930 13.633304 120.000000 27.674581 0.000000 0.000000 -15.000000 0.000000 0.000000 -4.610124 -2.491975 -2.359596 0.000000 0.000000 0.000000 0.000000 0.000000 0.000000 0.000000 0.000000 0.000000 0.000000 0.000000 0.000000 0.000000 0.000000 0.000000 0.000000 0.000000 0.000000 0.000000 0.000000 0.000000 0.000000 0.000000 0.000000 
0.000000 89.700000 0.000000 0.000000 0.000000 0.000000 -0.767032 0.325098 -1.768220 0.709760 -1.578522 -0.999958 -0.666634 -0.078276 3.255381 0.159346 2.112035 -1.359546 -0.405977 -2.129041 4.866516 0.000000 0.000000 0.000000 -22.916264 -4.199816 0.372997 -47.852763 -5.119208 18.022477 -10.732690 -25.285631 17.833280 -3.987913 17.649634 -7.913111 -40.426274 19.285400 -15.000000 -27.865815 0.000000 0.000000 -25.821729 0.000000 0.000000 0.022390 -0.001199 4.934506 -28.726530 14.693465 -15.000000 -21.539125 0.000000 0.000000 -38.044333 0.000000 0.000000 2.447046 -0.079831 2.056764 -31.145849 -14.217413 120.000000 -30.915736 0.000000 0.000000 15.000000 0.000000 0.000000 4.260386 -0.094452 1.375350 -35.553594 -1.237035 9.919191 -36.734377 0.000000 0.000000 -27.319297 0.000000 0.000000 -6.917769 0.291382 2.291170 -32.428252 -1.759289 6.353215 -31.006733 0.000000 0.000000 -29.227666 0.000000 0.000000 0.441624 -0.014543 2.538997 25.006311 7.120330 0.201383 49.859081 4.588295 19.002545 3.209141 30.386052 4.106171 3.534295 -24.551297 6.840258 37.626991 -14.039053 -15.000000 22.989085 0.000000 0.000000 25.379800 0.000000 0.000000 -7.969741 -5.107087 -8.050663 35.723184 -12.330505 -9.455654 31.923901 0.000000 0.000000 29.784078 0.000000 0.000000 6.271931 -1.933901 -4.817211 32.326770 4.853103 9.110724 27.196865 0.000000 0.000000 28.262060 0.000000 0.000000 -1.013052 -2.505694 -6.799366 29.659729 -9.738667 -15.000000 15.663296 0.000000 0.000000 34.321575 0.000000 0.000000 -3.109834 -2.403556 -3.139792 32.410211 13.509886 120.000000 27.751794 0.000000 0.000000 -15.000000 0.000000 0.000000 -4.610124 -2.491975 -2.359596 0.000000 0.000000 0.000000 0.000000 0.000000 0.000000 0.000000 0.000000 0.000000 0.000000 0.000000 0.000000 0.000000 0.000000 0.000000 0.000000 0.000000 0.000000 0.000000 0.000000 0.000000 0.000000 0.000000 0.000000 
0.000000 89.700000 0.000000 0.000000 0.000000 0.000000 -0.764850 0.330347 -1.740096 0.711946 -1.584534 -1.027146 -0.666538 -0.084285 3.253028 0.165294 2.112007 -1.422243 -0.422500 -2.139691 4.850629 0.000000 0.000000 0.000000 -22.915162 -4.208076 0.375696 -47.858507 -5.115294 18.022108 -10.731550 -25.270314 17.844575 -3.964521 17.661404 -7.857167 -40.062680 19.116073 -15.000000 -27.690478 0.000000 0.000000 -25.752043 0.000000 0.000000 0.022390 -0.001199 4.934506 -28.598194 14.526094 -15.000000 -21.511924 0.000000 0.000000 -37.888546 0.000000 0.000000 2.447046 -0.079831 2.056764 -31.107074 -14.231436 120.000000 -30.811934 0.000000 0.000000 15.000000 0.000000 0.000000 4.260386 -0.094452 1.375350 -35.487184 2.608399 5.247122 -36.547533 0.000000 0.000000 -27.256025 0.000000 0.000000 -6.917769 0.291382 2.291170 -32.140954 -1.949059 6.519536 -30.891350 0.000000 0.000000 -29.146165 0.000000 0.000000 0.441624 -0.014543 2.538997 24.994659 7.106766 0.206339 49.861580 4.575348 19.018414 3.207549 30.460091 4.098806 3.476722 -24.529159 6.740526 37.476029 -14.152365 -15.000000 23.171156 0.000000 0.000000 25.543752 0.000000 0.000000 -7.969741 -5.107087 -8.050663 35.830125 -12.539481 -9.607672 32.044943 0.000000 0.000000 29.977028 0.000000 0.000000 6.271931 -1.933901 -4.817211 32.739118 4.709264 9.091626 27.275789 0.000000 0.000000 28.397918 0.000000 0.000000 -1.013052 -2.505694 -6.799366 29.720928 -9.728507 -15.000000 15.734243 0.000000 0.000000 34.371615 0.000000 0.000000 -3.109834 -2.403556 -3.139792 32.436560 13.345460 120.000000 27.764687 0.000000 0.000000 -15.000000 0.000000 0.000000 -4.610124 -2.491975 -2.359596 0.000000 0.000000 0.000000 0.000000 0.000000 0.000000 0.000000 0.000000 0.000000 0.000000 0.000000 0.000000 0.000000 0.000000 0.000000 0.000000 0.000000 0.000000 0.000000 0.000000 0.000000 0.000000 0.000000 0.000000 
0.000000 89.700000 0.000000 0.000000 0.000000 0.000000 -0.761885 0.329517 -1.706942 0.710922 -1.590604 -1.057796 -0.665890 -0.092372 3.253624 0.174642 2.111128 -1.487187 -0.437919 -2.147580 4.823937 0.000000 0.000000 0.000000 -22.921289 -4.211298 0.373451 -47.860824 -5.111473 18.025544 -10.720726 -25.251250 17.859039 -3.966831 17.645853 -7.820188 -39.928291 18.880598 -15.000000 -27.509384 0.000000 0.000000 -25.616528 0.000000 0.000000 0.022390 -0.001199 4.934506 -28.577820 14.393608 -15.000000 -21.466640 0.000000 0.000000 -37.713825 0.000000 0.000000 2.447046 -0.079831 2.056764 -31.065563 -14.225872 120.000000 -30.682286 0.000000 0.000000 15.000000 0.000000 0.000000 4.260386 -0.094452 1.375350 -36.037977 7.041342 -0.133197 -36.352648 0.000000 0.000000 -27.162776 0.000000 0.000000 -6.917769 0.291382 2.291170 -32.140148 -2.189509 6.714210 -30.682507 0.000000 0.000000 -28.988820 0.000000 0.000000 0.441624 -0.014543 2.538997 24.991961 7.090846 0.207416 49.864920 4.558239 19.035511 3.182808 30.522929 4.048551 3.412329 -24.520532 6.637743 37.478330 -14.296492 -15.000000 23.200239 0.000000 0.000000 25.665159 0.000000 0.000000 -7.969741 -5.107087 -8.050663 35.772069 -12.714979 -9.706650 32.090383 0.000000 0.000000 30.114555 0.000000 0.000000 6.271931 -1.933901 -4.817211 32.765321 4.565650 9.130633 27.259218 0.000000 0.000000 28.489677 0.000000 0.000000 -1.013052 -2.505694 -6.799366 29.742300 -9.778463 -15.000000 15.734489 0.000000 0.000000 34.402539 0.000000 0.000000 -3.109834 -2.403556 -3.139792 32.439496 13.159990 120.000000 27.719281 0.000000 0.000000 -15.000000 0.000000 0.000000 -4.610124 -2.491975 -2.359596 0.000000 0.000000 0.000000 0.000000 0.000000 0.000000 0.000000 0.000000 0.000000 0.000000 0.000000 0.000000 0.000000 0.000000 0.000000 0.000000 0.000000 0.000000 0.000000 0.000000 0.000000 0.000000 0.000000 0.000000 
0.000000 89.700000 0.000000 0.000000 0.000000 0.000000 -0.760246 0.323669 -1.668041 0.706889 -1.596996 -1.089367 -0.664637 -0.102660 3.257273 0.188208 2.107098 -1.549658 -0.451214 -2.156559 4.783761 0.000000 0.000000 0.000000 -22.935606 -4.210963 0.366315 -47.859978 -5.110236 18.034212 -10.699140 -25.228872 17.879228 -3.966198 17.581729 -7.809906 -39.853015 18.639683 -15.000000 -27.342842 0.000000 0.000000 -25.450959 0.000000 0.000000 0.022390 -0.001199 4.934506 -28.626253 14.347569 -15.000000 -21.421219 0.000000 0.000000 -37.577226 0.000000 0.000000 2.447046 -0.079831 2.056764 -31.033347 -14.206337 120.000000 -30.570631 0.000000 0.000000 15.000000 0.000000 0.000000 4.260386 -0.094452 1.375350 -36.126624 10.805702 -4.689554 -36.198046 0.000000 0.000000 -27.052714 0.000000 0.000000 -6.917769 0.291382 2.291170 -32.294756 -2.389453 6.864965 -30.395105 0.000000 0.000000 -28.789438 0.000000 0.000000 0.441624 -0.014543 2.538997 24.997747 7.074529 0.203825 49.868793 4.537979 19.054434 3.109364 30.573004 4.019523 3.374214 -24.530303 6.533534 37.607877 -14.491419 -15.000000 23.063270 0.000000 0.000000 25.742936 0.000000 0.000000 -7.969741 -5.107087 -8.050663 35.611868 -12.876903 -9.745804 32.073412 0.000000 0.000000 30.193771 0.000000 0.000000 6.271931 -1.933901 -4.817211 32.442886 4.405200 9.199824 27.112480 0.000000 0.000000 28.551655 0.000000 0.000000 -1.013052 -2.505694 -6.799366 29.844412 -9.894859 -15.000000 15.634470 0.000000 0.000000 34.403241 0.000000 0.000000 -3.109834 -2.403556 -3.139792 32.417227 12.977002 120.000000 27.651339 0.000000 0.000000 -15.000000 0.000000 0.000000 -4.610124 -2.491975 -2.359596 0.000000 0.000000 0.000000 0.000000 0.000000 0.000000 0.000000 0.000000 0.000000 0.000000 0.000000 0.000000 0.000000 0.000000 0.000000 0.000000 0.000000 0.000000 0.000000 0.000000 0.000000 0.000000 0.000000 0.000000 
0.000000 89.700000 0.000000 0.000000 0.000000 0.000000 -0.761154 0.314687 -1.623105 0.700469 -1.603714 -1.120062 -0.662748 -0.114378 3.263447 0.205928 2.100242 -1.605866 -0.461656 -2.167780 4.730520 0.000000 0.000000 0.000000 -22.957440 -4.208698 0.355838 -47.858483 -5.114603 18.047097 -10.665724 -25.203067 17.898587 -3.956585 17.483460 -7.828300 -40.009737 18.442818 -15.000000 -27.196106 0.000000 0.000000 -25.297716 0.000000 0.000000 0.022390 -0.001199 4.934506 -28.895734 14.384339 -15.000000 -21.368392 0.000000 0.000000 -37.496116 0.000000 0.000000 2.447046 -0.079831 2.056764 -31.028489 -14.188153 120.000000 -30.523663 0.000000 0.000000 15.000000 0.000000 0.000000 4.260386 -0.094452 1.375350 -36.201145 13.157959 -7.525162 -36.085422 0.000000 0.000000 -26.940619 0.000000 0.000000 -6.917769 0.291382 2.291170 -32.671531 -2.487345 6.929888 -30.041877 0.000000 0.000000 -28.578757 0.000000 0.000000 0.441624 -0.014543 2.538997 25.009032 7.059223 0.195717 49.873389 4.516276 19.075282 3.041528 30.669747 4.020726 3.386694 -24.563897 6.434730 38.111909 -14.754738 -15.000000 22.826739 0.000000 0.000000 25.812367 0.000000 0.000000 -7.969741 -5.107087 -8.050663 35.861107 -13.062608 -9.747055 32.041742 0.000000 0.000000 30.251094 0.000000 0.000000 6.271931 -1.933901 -4.817211 32.743927 4.213362 9.256997 26.858340 0.000000 0.000000 28.632712 0.000000 0.000000 -1.013052 -2.505694 -6.799366 30.336272 -10.072976 -15.000000 15.459289 0.000000 0.000000 34.414680 0.000000 0.000000 -3.109834 -2.403556 -3.139792 32.377776 12.815489 120.000000 27.600098 0.000000 0.000000 -15.000000 0.000000 0.000000 -4.610124 -2.491975 -2.359596 0.000000 0.000000 0.000000 0.000000 0.000000 0.000000 0.000000 0.000000 0.000000 0.000000 0.000000 0.000000 0.000000 0.000000 0.000000 0.000000 0.000000 0.000000 0.000000 0.000000 0.000000 0.000000 0.000000 0.000000 
0.000000 89.700000 0.000000 0.000000 0.000000 0.000000 -0.766024 0.306240 -1.574287 0.693549 -1.610744 -1.148971 -0.660299 -0.126344 3.270679 0.227254 2.092906 -1.654757 -0.468542 -2.181112 4.670558 0.000000 0.000000 0.000000 -22.983772 -4.205792 0.344017 -47.860533 -5.126355 18.061526 -10.621899 -25.174136 17.907707 -3.957466 17.392538 -7.867087 -40.081189 18.307010 -15.000000 -27.070000 0.000000 0.000000 -25.176771 0.000000 0.000000 0.022390 -0.001199 4.934506 -28.823711 14.462651 -15.000000 -21.275392 0.000000 0.000000 -37.432301 0.000000 0.000000 2.447046 -0.079831 2.056764 -31.053891 -14.179672 120.000000 -30.548709 0.000000 0.000000 15.000000 0.000000 0.000000 4.260386 -0.094452 1.375350 -36.271392 14.231370 -8.822248 -35.992105 0.000000 0.000000 -26.836586 0.000000 0.000000 -6.917769 0.291382 2.291170 -32.801405 -2.477128 6.910482 -29.653766 0.000000 0.000000 -28.364151 0.000000 0.000000 0.441624 -0.014543 2.538997 25.021470 7.044712 0.184258 49.879515 4.495880 19.096525 2.920856 30.773380 3.988396 3.447032 -24.626335 6.349353 38.709699 -15.033639 -15.000000 22.611981 0.000000 0.000000 25.895912 0.000000 0.000000 -7.969741 -5.107087 -8.050663 35.901804 -13.225594 -9.719474 32.016248 0.000000 0.000000 30.320588 0.000000 0.000000 6.271931 -1.933901 -4.817211 32.970717 4.025700 9.275249 26.574474 0.000000 0.000000 28.742773 0.000000 0.000000 -1.013052 -2.505694 -6.799366 30.723471 -10.265437 -15.000000 15.290928 0.000000 0.000000 34.478577 0.000000 0.000000 -3.109834 -2.403556 -3.139792 32.346791 12.700250 120.000000 27.588623 0.000000 0.000000 -15.000000 0.000000 0.000000 -4.610124 -2.491975 -2.359596 0.000000 0.000000 0.000000 0.000000 0.000000 0.000000 0.000000 0.000000 0.000000 0.000000 0.000000 0.000000 0.000000 0.000000 0.000000 0.000000 0.000000 0.000000 0.000000 0.000000 0.000000 0.000000 0.000000 0.000000 
0.000000 89.700000 0.000000 0.000000 0.000000 0.000000 -0.776338 0.302225 -1.526896 0.688957 -1.618396 -1.175076 -0.657506 -0.137483 3.276543 0.250505 2.087956 -1.697484 -0.472037 -2.197103 4.613819 0.000000 0.000000 0.000000 -23.010093 -4.203372 0.332394 -47.869871 -5.144555 18.074135 -10.573090 -25.143005 17.902137 -3.984473 17.344545 -7.909510 -39.909756 18.240296 -15.000000 -26.972141 0.000000 0.000000 -25.082260 0.000000 0.000000 0.022390 -0.001199 4.934506 -28.964018 14.546324 -15.000000 -21.117931 0.000000 0.000000 -37.330407 0.000000 0.000000 2.447046 -0.079831 2.056764 -31.101180 -14.177911 120.000000 -30.612831 0.000000 0.000000 15.000000 0.000000 0.000000 4.260386 -0.094452 1.375350 -36.122509 14.573416 -9.255279 -35.911934 0.000000 0.000000 -26.743308 0.000000 0.000000 -6.917769 0.291382 2.291170 -32.852746 -2.377449 6.827216 -29.280228 0.000000 0.000000 -28.137906 0.000000 0.000000 0.441624 -0.014543 2.538997 25.031498 7.029870 0.171491 49.887425 4.479967 19.114743 2.788728 30.846152 3.936314 3.520928 -24.712904 6.274368 38.612842 -15.224909 -15.000000 22.533308 0.000000 0.000000 25.977843 0.000000 0.000000 -7.969741 -5.107087 -8.050663 35.386500 -13.275795 -9.660687 31.997044 0.000000 0.000000 30.405555 0.000000 0.000000 6.271931 -1.933901 -4.817211 32.579067 3.913619 9.267822 26.360091 0.000000 0.000000 28.831986 0.000000 0.000000 -1.013052 -2.505694 -6.799366 30.625067 -10.396502 -15.000000 15.217275 0.000000 0.000000 34.583523 0.000000 0.000000 -3.109834 -2.403556 -3.139792 32.356693 12.653835 120.000000 27.628663 0.000000 0.000000 -15.000000 0.000000 0.000000 -4.610124 -2.491975 -2.359596 0.000000 0.000000 0.000000 0.000000 0.000000 0.000000 0.000000 0.000000 0.000000 0.000000 0.000000 0.000000 0.000000 0.000000 0.000000 0.000000 0.000000 0.000000 0.000000 0.000000 0.000000 0.000000 0.000000 0.000000 
0.000000 89.700000 0.000000 0.000000 0.000000 0.000000 -0.791793 0.304829 -1.486688 0.688423 -1.626990 -1.196615 -0.654596 -0.147233 3.278495 0.272236 2.086798 -1.734486 -0.473214 -2.215616 4.567260 0.000000 0.000000 0.000000 -23.033686 -4.202254 0.321712 -47.887322 -5.166202 18.082127 -10.525509 -25.110496 17.883492 -4.027950 17.344211 -7.939884 -39.940321 18.246536 -15.000000 -26.897093 0.000000 0.000000 -24.996362 0.000000 0.000000 0.022390 -0.001199 4.934506 -29.292366 14.616627 -15.000000 -20.911917 0.000000 0.000000 -37.173740 0.000000 0.000000 2.447046 -0.079831 2.056764 -31.168394 -14.179466 120.000000 -30.683891 0.000000 0.000000 15.000000 0.000000 0.000000 4.260386 -0.094452 1.375350 -36.037995 14.585135 -9.303512 -35.848576 0.000000 0.000000 -26.652873 0.000000 0.000000 -6.917769 0.291382 2.291170 -32.880096 -2.229889 6.720029 -28.969844 0.000000 0.000000 -27.903483 0.000000 0.000000 0.441624 -0.014543 2.538997 25.038301 7.014017 0.159790 49.895733 4.470479 19.126148 2.702402 30.876339 3.865516 3.582934 -24.805706 6.184951 38.342062 -15.291078 -15.000000 22.631258 0.000000 0.000000 26.030515 0.000000 0.000000 -7.969741 -5.107087 -8.050663 35.037318 -13.221423 -9.586897 32.008755 0.000000 0.000000 30.488217 0.000000 0.000000 6.271931 -1.933901 -4.817211 32.362708 3.889496 9.265312 26.282306 0.000000 0.000000 28.855116 0.000000 0.000000 -1.013052 -2.505694 -6.799366 30.607564 -10.442178 -15.000000 15.266172 0.000000 0.000000 34.680940 0.000000 0.000000 -3.109834 -2.403556 -3.139792 32.413656 12.666311 120.000000 27.732195 0.000000 0.000000 -15.000000 0.000000 0.000000 -4.610124 -2.491975 -2.359596 0.000000 0.000000 0.000000 0.000000 0.000000 0.000000 0.000000 0.000000 0.000000 0.000000 0.000000 0.000000 0.000000 0.000000 0.000000 0.000000 0.000000 0.000000 0.000000 0.000000 0.000000 0.000000 0.000000 0.000000 
0.000000 89.700000 0.000000 0.000000 0.000000 0.000000 -0.808770 0.315429 -1.456044 0.691016 -1.636253 -1.211729 -0.651686 -0.155771 3.275029 0.288124 2.087886 -1.764053 -0.472473 -2.233325 4.531194 0.000000 0.000000 0.000000 -23.056076 -4.202341 0.311995 -47.910293 -5.188211 18.084497 -10.481425 -25.077154 17.855988 -4.077229 17.379564 -7.956960 -40.199558 18.291062 -15.000000 -26.821081 0.000000 0.000000 -24.891890 0.000000 0.000000 0.022390 -0.001199 4.934506 -29.924422 14.647539 -15.000000 -20.707480 0.000000 0.000000 -36.991591 0.000000 0.000000 2.447046 -0.079831 2.056764 -31.248137 -14.178930 120.000000 -30.743755 0.000000 0.000000 15.000000 0.000000 0.000000 4.260386 -0.094452 1.375350 -35.872770 14.303645 -9.006672 -35.796951 0.000000 0.000000 -26.542827 0.000000 0.000000 -6.917769 0.291382 2.291170 -33.107624 -2.121749 6.666860 -28.768678 0.000000 0.000000 -27.689157 0.000000 0.000000 0.441624 -0.014543 2.538997 25.043470 6.997029 0.151296 49.902107 4.466837 19.128681 2.633705 30.892609 3.804873 3.654603 -24.888561 6.034536 38.018903 -15.302669 -15.000000 22.837780 0.000000 0.000000 26.041271 0.000000 0.000000 -7.969741 -5.107087 -8.050663 34.952880 -13.178013 -9.524989 32.076570 0.000000 0.000000 30.551485 0.000000 0.000000 6.271931 -1.933901 -4.817211 32.279418 3.867307 9.280169 26.317470 0.000000 0.000000 28.810061 0.000000 0.000000 -1.013052 -2.505694 -6.799366 30.616633 -10.463666 -15.000000 15.381979 0.000000 0.000000 34.734632 0.000000 0.000000 -3.109834 -2.403556 -3.139792 32.488011 12.692516 120.000000 27.905277 0.000000 0.000000 -15.000000 0.000000 0.000000 -4.610124 -2.491975 -2.359596 0.000000 0.000000 0.000000 0.000000 0.000000 0.000000 0.000000 0.000000 0.000000 0.000000 0.000000 0.000000 0.000000 0.000000 0.000000 0.000000 0.000000 0.000000 0.000000 0.000000 0.000000 0.000000 0.000000 0.000000 
0.000000 89.700000 0.000000 0.000000 0.000000 0.000000 -0.821110 0.335652 -1.432716 0.694186 -1.645338 -1.219947 -0.648677 -0.163866 3.266505 0.294894 2.087729 -1.784839 -0.468956 -2.244180 4.501389 0.000000 0.000000 0.000000 -23.081338 -4.202292 0.302831 -47.935149 -5.208151 18.082190 -10.438767 -25.044658 17.824226 -4.153191 17.445152 -7.983852 -40.577995 18.314350 -15.000000 -26.739258 0.000000 0.000000 -24.732092 0.000000 0.000000 0.022390 -0.001199 4.934506 -30.258465 14.607134 -15.000000 -20.553380 0.000000 0.000000 -36.815752 0.000000 0.000000 2.447046 -0.079831 2.056764 -31.314881 -14.157287 120.000000 -30.776687 0.000000 0.000000 15.000000 0.000000 0.000000 4.260386 -0.094452 1.375350 -36.241345 13.518815 -8.097871 -35.760858 0.000000 0.000000 -26.385781 0.000000 0.000000 -6.917769 0.291382 2.291170 -33.597192 -2.135260 6.742443 -28.713317 0.000000 0.000000 -27.537541 0.000000 0.000000 0.441624 -0.014543 2.538997 25.048430 6.978408 0.147425 49.904986 4.466123 19.122748 2.565495 30.876658 3.726038 3.766083 -24.954468 5.763688 37.501791 -15.352439 -14.999995 23.007707 0.000000 0.000000 26.003483 0.000000 0.000000 -7.969741 -5.107087 -8.050663 34.701008 -13.238293 -9.478836 32.165902 0.000000 0.000000 30.586843 0.000000 0.000000 6.271931 -1.933901 -4.817211 31.674241 3.744292 9.309179 26.328324 0.000000 0.000000 28.706460 0.000000 0.000000 -1.013052 -2.505694 -6.799366 30.268413 -10.549306 -15.000000 15.464340 0.000000 0.000000 34.733773 0.000000 0.000000 -3.109834 -2.403556 -3.139792 32.548665 12.674423 120.000000 28.128842 0.000000 0.000000 -15.000000 0.000000 0.000000 -4.610124 -2.491975 -2.359596 0.000000 0.000000 0.000000 0.000000 0.000000 0.000000 0.000000 0.000000 0.000000 0.000000 0.000000 0.000000 0.000000 0.000000 0.000000 0.000000 0.000000 0.000000 0.000000 0.000000 0.000000 0.000000 0.000000 0.000000 
0.000000 89.700000 0.000000 0.000000 0.000000 0.000000 -0.823471 0.365568 -1.411425 0.696334 -1.653487 -1.223246 -0.645192 -0.172375 3.255388 0.291924 2.083979 -1.798847 -0.462207 -2.242541 4.472280 0.000000 0.000000 0.000000 -23.112290 -4.199668 0.293629 -47.959942 -5.223623 18.076832 -10.394897 -25.017275 17.792687 -4.286438 17.530535 -8.069531 -40.570659 18.307514 -15.000000 -26.677300 0.000000 0.000000 -24.495771 0.000000 0.000000 0.022390 -0.001199 4.934506 -30.136777 14.504846 -15.000000 -20.455682 0.000000 0.000000 -36.652000 0.000000 0.000000 2.447046 -0.079831 2.056764 -31.350579 -14.078963 120.000000 -30.771441 0.000000 0.000000 15.000000 0.000000 0.000000 4.260386 -0.094452 1.375350 -36.326688 12.163268 -6.445020 -35.760684 0.000000 0.000000 -26.180318 0.000000 0.000000 -6.917769 0.291382 2.291170 -33.473234 -2.257461 6.946761 -28.776421 0.000000 0.000000 -27.489210 0.000000 0.000000 0.441624 -0.014543 2.538997 25.052684 6.956684 0.148201 49.904456 4.464472 19.110321 2.487533 30.821319 3.682291 3.900202 -24.997468 5.306367 37.292305 -15.469465 -14.999911 23.010284 0.000000 0.000000 25.884914 0.000000 0.000000 -7.969741 -5.107087 -8.050663 34.203594 -13.392163 -9.408205 32.195028 0.000000 0.000000 30.576133 0.000000 0.000000 6.271931 -1.933901 -4.817211 31.091812 3.497581 9.362040 26.138812 0.000000 0.000000 28.540100 0.000000 0.000000 -1.013052 -2.505694 -6.799366 30.030765 -10.748076 -15.000000 15.441766 0.000000 0.000000 34.666491 0.000000 0.000000 -3.109834 -2.403556 -3.139792 32.587293 12.549185 120.000000 28.348530 0.000000 0.000000 -15.000000 0.000000 0.000000 -4.610124 -2.491975 -2.359596 0.000000 0.000000 0.000000 0.000000 0.000000 0.000000 0.000000 0.000000 0.000000 0.000000 0.000000 0.000000 0.000000 0.000000 0.000000 0.000000 0.000000 0.000000 0.000000 0.000000 0.000000 0.000000 0.000000 0.000000 
0.000000 89.700000 0.000000 0.000000 0.000000 0.000000 -0.815156 0.402163 -1.386317 0.698071 -1.660329 -1.225211 -0.640705 -0.181805 3.245259 0.281754 2.076700 -1.810521 -0.453490 -2.226599 4.438355 0.000000 0.000000 0.000000 -23.149124 -4.191410 0.283755 -47.984653 -5.232472 18.069352 -10.349463 -25.000998 17.764514 -4.468306 17.604981 -8.283420 -40.125272 18.335846 -15.000000 -26.633198 0.000000 0.000000 -24.203663 0.000000 0.000000 0.022390 -0.001199 4.934506 -29.530937 14.407730 -15.000000 -20.349766 0.000000 0.000000 -36.488433 0.000000 0.000000 2.447046 -0.079831 2.056764 -31.365736 -13.888081 120.000000 -30.709275 0.000000 0.000000 15.000000 0.000000 0.000000 4.260386 -0.094452 1.375350 -35.781365 10.750134 -4.591426 -35.784191 0.000000 0.000000 -25.970181 0.000000 0.000000 -6.917769 0.291382 2.291170 -32.921119 -2.384166 7.217466 -28.818811 0.000000 0.000000 -27.569052 0.000000 0.000000 0.441624 -0.014543 2.538997 25.054811 6.929794 0.151967 49.901764 4.458760 19.093837 2.448656 30.819331 3.654927 4.026192 -25.020055 4.586395 37.692803 -15.603075 -14.999055 22.785056 0.000000 0.000000 25.588866 0.000000 0.000000 -7.969741 -5.107087 -8.050663 34.219929 -13.543273 -9.210714 32.086936 0.000000 0.000000 30.448341 0.000000 0.000000 6.271931 -1.933901 -4.817211 31.767053 3.195399 9.494565 25.662808 0.000000 0.000000 28.288973 0.000000 0.000000 -1.013052 -2.505694 -6.799366 30.288850 -11.043990 -15.000000 15.314099 0.000000 0.000000 34.484942 0.000000 0.000000 -3.109834 -2.403556 -3.139792 32.600567 12.257897 120.000000 28.483900 0.000000 0.000000 -15.000000 0.000000 0.000000 -4.610124 -2.491975 -2.359596 0.000000 0.000000 0.000000 0.000000 0.000000 0.000000 0.000000 0.000000 0.000000 0.000000 0.000000 0.000000 0.000000 0.000000 0.000000 0.000000 0.000000 0.000000 0.000000 0.000000 0.000000 0.000000 0.000000 0.000000 
0.000000 89.700000 0.000000 0.000000 0.000000 0.000000 -0.800829 0.441587 -1.353155 0.701366 -1.665584 -1.228487 -0.634883 -0.192244 3.238644 0.268983 2.066100 -1.823828 -0.445126 -2.200910 4.395804 0.000000 0.000000 0.000000 -23.190671 -4.174787 0.272700 -48.009699 -5.234080 18.059912 -10.304397 -25.000922 17.740649 -4.664312 17.651067 -8.708326 -39.877356 18.468661 -15.000000 -26.535730 0.000000 0.000000 -23.895020 0.000000 0.000000 0.022390 -0.001199 4.934506 -29.217329 14.385511 -15.000000 -20.119658 0.000000 0.000000 -36.291823 0.000000 0.000000 2.447046 -0.079831 2.056764 -31.370108 -13.520571 120.000000 -30.534266 0.000000 0.000000 15.000000 0.000000 0.000000 4.260386 -0.094452 1.375350 -35.393644 10.239613 -3.641674 -35.755525 0.000000 0.000000 -25.811045 0.000000 0.000000 -6.917769 0.291382 2.291170 -32.681357 -2.412520 7.513402 -28.654971 0.000000 0.000000 -27.766587 0.000000 0.000000 0.441624 -0.014543 2.538997 25.054226 6.896076 0.156227 49.898181 4.447571 19.075556 2.371289 30.880900 3.619405 4.179810 -25.054442 3.511309 38.049888 -15.646553 -14.992924 22.295586 0.000000 0.000000 24.930839 0.000000 0.000000 -7.969741 -5.107087 -8.050663 34.283260 -13.555389 -8.711963 31.767406 0.000000 0.000000 30.043219 0.000000 0.000000 6.271931 -1.933901 -4.817211 32.385788 2.927018 9.820180 24.941035 0.000000 0.000000 27.892344 0.000000 0.000000 -1.013052 -2.505694 -6.799366 30.650836 -11.367800 -15.000000 15.125471 0.000000 0.000000 34.088133 0.000000 0.000000 -3.109834 -2.403556 -3.139792 32.564465 11.769634 120.000000 28.445176 0.000000 0.000000 -15.000000 0.000000 0.000000 -4.610124 -2.491975 -2.359596 0.000000 0.000000 0.000000 0.000000 0.000000 0.000000 0.000000 0.000000 0.000000 0.000000 0.000000 0.000000 0.000000 0.000000 0.000000 0.000000 0.000000 0.000000 0.000000 0.000000 0.000000 0.000000 0.000000 0.000000 
0.000000 89.700000 0.000000 0.000000 0.000000 0.000000 -0.786604 0.482515 -1.310445 0.708169 -1.669022 -1.233290 -0.627745 -0.203558 3.235787 0.257515 2.050049 -1.841986 -0.439805 -2.175918 4.344416 0.000000 0.000000 0.000000 -23.235368 -4.148455 0.260248 -48.035426 -5.229759 18.048627 -10.262849 -25.019274 17.720634 -4.886858 17.706721 -9.433113 -39.344240 18.723418 -15.000000 -26.277021 0.000000 0.000000 -23.563224 0.000000 0.000000 0.022390 -0.001199 4.934506 -29.413557 14.473031 -15.000000 -19.668448 0.000000 0.000000 -35.986911 0.000000 0.000000 2.447046 -0.079831 2.056764 -31.336139 -12.954472 120.000000 -30.165219 0.000000 0.000000 15.000000 0.000000 0.000000 4.260386 -0.094452 1.375350 -35.411355 11.130927 -4.174437 -35.583556 0.000000 0.000000 -25.704939 0.000000 0.000000 -6.917769 0.291382 2.291170 -33.045067 -2.294204 7.856335 -28.196752 0.000000 0.000000 -28.027321 0.000000 0.000000 0.441624 -0.014543 2.538997 25.051177 6.854986 0.158820 49.894182 4.430748 19.057035 2.257349 30.914174 3.520335 4.475864 -25.162992 1.979667 38.119790 -15.495786 -14.960962 21.462752 0.000000 0.000000 23.690954 0.000000 0.000000 -7.969741 -5.107087 -8.050663 33.812358 -13.318310 -7.687587 31.142293 0.000000 0.000000 29.143464 0.000000 0.000000 6.271931 -1.933901 -4.817211 32.302080 2.719251 10.459017 24.056165 0.000000 0.000000 27.242705 0.000000 0.000000 -1.013052 -2.505694 -6.799366 30.969493 -11.648068 -15.000000 14.898522 0.000000 0.000000 33.352663 0.000000 0.000000 -3.109834 -2.403556 -3.139792 32.431100 11.093712 120.000000 28.143951 0.000000 0.000000 -15.000000 0.000000 0.000000 -4.610124 -2.491975 -2.359596 0.000000 0.000000 0.000000 0.000000 0.000000 0.000000 0.000000 0.000000 0.000000 0.000000 0.000000 0.000000 0.000000 0.000000 0.000000 0.000000 0.000000 0.000000 0.000000 0.000000 0.000000 0.000000 0.000000 0.000000 
0.000000 89.700000 0.000000 0.000000 0.000000 0.000000 -0.775511 0.526589 -1.258639 0.719346 -1.670602 -1.238831 -0.619398 -0.215592 3.235901 0.248269 2.024429 -1.868936 -0.440373 -2.163063 4.286913 0.000000 0.000000 0.000000 -23.281671 -4.112535 0.246395 -48.062472 -5.221808 18.035939 -10.227400 -25.055606 17.701926 -5.239642 17.856455 -10.539855 -39.045716 19.080745 -15.000000 -25.744419 0.000000 0.000000 -23.099259 0.000000 0.000000 0.022390 -0.001199 4.934506 -29.497416 14.705145 -15.000000 -18.970129 0.000000 0.000000 -35.450260 0.000000 0.000000 2.447046 -0.079831 2.056764 -31.214763 -12.237225 120.000000 -29.529854 0.000000 0.000000 15.000000 0.000000 0.000000 4.260386 -0.094452 1.375350 -35.614149 12.866900 -5.476193 -35.201140 0.000000 0.000000 -25.551391 0.000000 0.000000 -6.917769 0.291382 2.291170 -33.187151 -2.015168 8.316431 -27.481540 0.000000 0.000000 -28.257040 0.000000 0.000000 0.441624 -0.014543 2.538997 25.045722 6.807009 0.158010 49.889632 4.407998 19.039127 2.147647 30.943286 3.444955 5.060913 -25.424780 -0.088140 37.530260 -15.133776 -14.836364 20.192211 0.000000 0.000000 21.759577 0.000000 0.000000 -7.969741 -5.107087 -8.050663 32.975346 -12.817644 -5.894702 30.140661 0.000000 0.000000 27.593323 0.000000 0.000000 6.271931 -1.933901 -4.817211 31.483514 2.511228 11.429885 23.059621 0.000000 0.000000 26.238666 0.000000 0.000000 -1.013052 -2.505694 -6.799366 30.750893 -11.869166 -15.000000 14.586571 0.000000 0.000000 32.206548 0.000000 0.000000 -3.109834 -2.403556 -3.139792 32.141644 10.278097 120.000000 27.513237 0.000000 0.000000 -15.000000 0.000000 0.000000 -4.610124 -2.491975 -2.359596 0.000000 0.000000 0.000000 0.000000 0.000000 0.000000 0.000000 0.000000 0.000000 0.000000 0.000000 0.000000 0.000000 0.000000 0.000000 0.000000 0.000000 0.000000 0.000000 0.000000 0.000000 0.000000 0.000000 0.000000 
0.000000 89.700000 0.000000 0.000000 0.000000 0.000000 -0.767061 0.576130 -1.198594 0.734077 -1.670278 -1.245198 -0.609792 -0.228094 3.238704 0.240029 1.986404 -1.907562 -0.448492 -2.168263 4.226425 0.000000 0.000000 0.000000 -23.329129 -4.067641 0.231124 -48.091343 -5.212527 18.022447 -10.197604 -25.108084 17.677302 -5.892005 18.199724 -12.080488 -38.885391 19.479027 -15.000000 -24.809610 0.000000 0.000000 -22.293773 0.000000 0.000000 0.022390 -0.001199 4.934506 -29.543499 15.113956 -15.000000 -18.049961 0.000000 0.000000 -34.524485 0.000000 0.000000 2.447046 -0.079831 2.056764 -30.980080 -11.465073 120.000000 -28.567086 0.000000 0.000000 15.000000 0.000000 0.000000 4.260386 -0.094452 1.375350 -35.759731 14.423273 -6.223285 -34.538885 0.000000 0.000000 -25.144290 0.000000 0.000000 -6.917769 0.291382 2.291170 -33.526414 -1.598472 8.998882 -26.563271 0.000000 0.000000 -28.316993 0.000000 0.000000 0.441624 -0.014543 2.538997 25.037763 6.753090 0.151866 49.884537 4.378304 19.022664 2.047829 30.975356 3.362741 6.062030 -25.916067 -2.703245 36.923586 -14.664845 -14.466198 18.487341 0.000000 0.000000 19.267391 0.000000 0.000000 -7.969741 -5.107087 -8.050663 32.144095 -12.156804 -3.138781 28.812677 0.000000 0.000000 25.422815 0.000000 0.000000 6.271931 -1.933901 -4.817211 30.935474 2.202689 12.574484 22.000258 0.000000 0.000000 24.881284 0.000000 0.000000 -1.013052 -2.505694 -6.799366 30.626474 -12.076654 -15.000000 14.093063 0.000000 0.000000 30.696884 0.000000 0.000000 -3.109834 -2.403556 -3.139792 31.642309 9.412572 120.000000 26.551067 0.000000 0.000000 -15.000000 0.000000 0.000000 -4.610124 -2.491975 -2.359596 0.000000 0.000000 0.000000 0.000000 0.000000 0.000000 0.000000 0.000000 0.000000 0.000000 0.000000 0.000000 0.000000 0.000000 0.000000 0.000000 0.000000 0.000000 0.000000 0.000000 0.000000 0.000000 0.000000 0.000000 
0.000000 89.700000 0.000000 0.000000 0.000000 0.000000 -0.759939 0.630992 -1.131904 0.750262 -1.667817 -1.252749 -0.598909 -0.240290 3.243796 0.232378 1.938507 -1.955076 -0.463067 -2.188846 4.165655 0.000000 0.000000 0.000000 -23.378797 -4.014302 0.214230 -48.121956 -5.203674 18.008277 -10.169447 -25.173287 17.636689 -6.990231 18.815372 -14.048121 -38.491159 19.773890 -15.000000 -23.350116 0.000000 0.000000 -20.946289 0.000000 0.000000 0.022390 -0.001199 4.934506 -29.302662 15.638740 -15.000000 -16.942884 0.000000 0.000000 -33.083653 0.000000 0.000000 2.447046 -0.079831 2.056764 -30.639888 -10.779497 120.000000 -27.259306 0.000000 0.000000 15.000000 0.000000 0.000000 4.260386 -0.094452 1.375350 -35.323045 15.174975 -5.568533 -33.527327 0.000000 0.000000 -24.246334 0.000000 0.000000 -6.917769 0.291382 2.291170 -33.701274 -1.156728 10.006678 -25.477564 0.000000 0.000000 -28.037180 0.000000 0.000000 0.441624 -0.014543 2.538997 25.027996 6.694340 0.138530 49.879155 4.341136 19.008264 1.948101 31.021262 3.238852 7.502738 -26.647935 -5.771621 36.002050 -14.236253 -13.612865 16.523140 0.000000 0.000000 16.549612 0.000000 0.000000 -7.969741 -5.107087 -8.050663 30.698132 -11.495062 0.546922 27.358380 0.000000 0.000000 22.858404 0.000000 0.000000 6.271931 -1.933901 -4.817211 29.900469 1.740318 13.620877 20.973001 0.000000 0.000000 23.324561 0.000000 0.000000 -1.013052 -2.505694 -6.799366 30.389517 -12.321611 -15.000000 13.371498 0.000000 0.000000 29.003849 0.000000 0.000000 -3.109834 -2.403556 -3.139792 30.916189 8.624059 120.000000 25.355651 0.000000 0.000000 -15.000000 0.000000 0.000000 -4.610124 -2.491975 -2.359596 0.000000 0.000000 0.000000 0.000000 0.000000 0.000000 0.000000 0.000000 0.000000 0.000000 0.000000 0.000000 0.000000 0.000000 0.000000 0.000000 0.000000 0.000000 0.000000 0.000000 0.000000 0.000000 0.000000 0.000000 
0.000000 89.700000 0.000000 0.000000 0.000000 0.000000 -0.753640 0.687333 -1.062497 0.765535 -1.662945 -1.260741 -0.586849 -0.250904 3.249441 0.226868 1.889004 -2.002800 -0.480862 -2.216539 4.107900 0.000000 0.000000 0.000000 -23.431704 -3.953683 0.195432 -48.154400 -5.196268 17.992359 -10.138105 -25.244549 17.574005 -8.536096 19.687685 -16.358365 -38.341038 19.798754 -15.000000 -21.344410 0.000000 0.000000 -19.049445 0.000000 0.000000 0.022390 -0.001199 4.934506 -28.483821 16.115434 -15.000000 -15.684231 0.000000 0.000000 -31.166171 0.000000 0.000000 2.447046 -0.079831 2.056764 -30.202666 -10.340753 120.000000 -25.727098 0.000000 0.000000 15.000000 0.000000 0.000000 4.260386 -0.094452 1.375350 -34.940380 15.086809 -3.424798 -32.171691 0.000000 0.000000 -22.749300 0.000000 0.000000 -6.917769 0.291382 2.291170 -33.426029 -0.859705 11.322307 -24.305450 0.000000 0.000000 -27.284101 0.000000 0.000000 0.441624 -0.014543 2.538997 25.018028 6.632332 0.117479 49.873366 4.297709 18.994980 1.789964 31.084390 3.004685 9.210517 -27.503679 -9.097262 34.407349 -13.916097 -12.048551 14.578563 0.000000 0.000000 13.959226 0.000000 0.000000 -7.969741 -5.107087 -8.050663 29.424362 -10.920410 4.725708 26.009301 0.000000 0.000000 20.204751 0.000000 0.000000 6.271931 -1.933901 -4.817211 28.795738 1.181012 14.360333 20.065232 0.000000 0.000000 21.793358 0.000000 0.000000 -1.013052 -2.505694 -6.799366 29.566792 -12.601445 -15.000000 12.496297 0.000000 0.000000 27.362393 0.000000 0.000000 -3.109834 -2.403556 -3.139792 30.015945 8.043954 120.000000 24.095481 0.000000 0.000000 -15.000000 0.000000 0.000000 -4.610124 -2.491975 -2.359596 0.000000 0.000000 0.000000 0.000000 0.000000 0.000000 0.000000 0.000000 0.000000 0.000000 0.000000 0.000000 0.000000 0.000000 0.000000 0.000000 0.000000 0.000000 0.000000 0.000000 0.000000 0.000000 0.000000 0.000000 
0.000000 89.700000 0.000000 0.000000 0.000000 0.000000 -0.747676 0.740040 -0.995390 0.777896 -1.655604 -1.268256 -0.573448 -0.259192 3.253352 0.225024 1.846158 -2.042864 -0.498977 -2.243667 4.056246 0.000000 0.000000 0.000000 -23.487480 -3.888504 0.174930 -48.189352 -5.190783 17.972878 -10.101023 -25.312721 17.490551 -10.329197 20.651229 -18.853845 -37.804242 19.536594 -15.000000 -18.953080 0.000000 0.000000 -16.879130 0.000000 0.000000 0.022390 -0.001199 4.934506 -27.080994 16.433849 -15.000000 -14.332506 0.000000 0.000000 -29.049756 0.000000 0.000000 2.447046 -0.079831 2.056764 -29.660299 -10.206431 120.000000 -24.250399 0.000000 0.000000 15.000000 0.000000 0.000000 4.260386 -0.094452 1.375350 -34.496433 14.477366 -0.190409 -30.599753 0.000000 0.000000 -20.807622 0.000000 0.000000 -6.917769 0.291382 2.291170 -32.592919 -0.763123 12.710833 -23.165181 0.000000 0.000000 -26.045716 0.000000 0.000000 0.441624 -0.014543 2.538997 25.009288 6.569514 0.090191 49.866607 4.250167 18.980348 1.658915 31.102622 2.915176 10.873856 -28.297606 -12.434840 32.744600 -13.651884 -9.679533 12.868904 0.000000 0.000000 11.708761 0.000000 0.000000 -7.969741 -5.107087 -8.050663 28.048081 -10.370007 8.656992 24.871444 0.000000 0.000000 17.710446 0.000000 0.000000 6.271931 -1.933901 -4.817211 27.311157 0.664392 14.762840 19.263119 0.000000 0.000000 20.423444 0.000000 0.000000 -1.013052 -2.505694 -6.799366 28.324960 -12.855550 -15.000000 11.582047 0.000000 0.000000 25.914824 0.000000 0.000000 -3.109834 -2.403556 -3.139792 29.027616 7.760460 120.000000 22.916758 0.000000 0.000000 -15.000000 0.000000 0.000000 -4.610124 -2.491975 -2.359596 0.000000 0.000000 0.000000 0.000000 0.000000 0.000000 0.000000 0.000000 0.000000 0.000000 0.000000 0.000000 0.000000 0.000000 0.000000 0.000000 0.000000 0.000000 0.000000 0.000000 0.000000 0.000000 0.000000 0.000000 
0.000000 89.700000 0.000000 0.000000 0.000000 0.000000 -0.740705 0.786475 -0.933066 0.785949 -1.646310 -1.275752 -0.558279 -0.265849 3.254467 0.226127 1.812070 -2.073813 -0.516224 -2.266686 4.010251 0.000000 0.000000 0.000000 -23.545080 -3.822689 0.153726 -48.226264 -5.187216 17.949314 -10.058542 -25.371190 17.392281 -12.048960 21.473149 -21.331906 -37.169057 19.169357 -15.000000 -16.493941 0.000000 0.000000 -14.849853 0.000000 0.000000 0.022390 -0.001199 4.934506 -25.305311 16.646095 -15.000000 -13.001642 0.000000 0.000000 -27.124991 0.000000 0.000000 2.447046 -0.079831 2.056764 -29.023287 -10.248395 120.000000 -23.112391 0.000000 0.000000 15.000000 0.000000 0.000000 4.260386 -0.094452 1.375350 -33.900661 13.759585 3.531952 -29.021851 0.000000 0.000000 -18.777194 0.000000 0.000000 -6.917769 0.291382 2.291170 -30.872847 -0.734000 13.840014 -22.138658 0.000000 0.000000 -24.470926 0.000000 0.000000 0.441624 -0.014543 2.538997 25.002205 6.508812 0.059328 49.858892 4.199673 18.963009 1.577671 31.101490 2.808509 12.249856 -28.924070 -15.566725 31.697676 -13.331311 -6.561852 11.442566 0.000000 0.000000 9.834582 0.000000 0.000000 -7.969741 -5.107087 -8.050663 26.839328 -9.701804 11.681401 23.908281 0.000000 0.000000 15.503969 0.000000 0.000000 6.271931 -1.933901 -4.817211 25.762629 0.318495 14.930951 18.485093 0.000000 0.000000 19.196997 0.000000 0.000000 -1.013052 -2.505694 -6.799366 27.520157 -13.015597 -15.000000 10.672925 0.000000 0.000000 24.637244 0.000000 0.000000 -3.109834 -2.403556 -3.139792 27.992114 7.778921 120.000000 21.871581 0.000000 0.000000 -15.000000 0.000000 0.000000 -4.610124 -2.491975 -2.359596 0.000000 0.000000 0.000000 0.000000 0.000000 0.000000 0.000000 0.000000 0.000000 0.000000 0.000000 0.000000 0.000000 0.000000 0.000000 0.000000 0.000000 0.000000 0.000000 0.000000 0.000000 0.000000 0.000000 0.000000 
0.000000 89.700000 0.000000 0.000000 0.000000 0.000000 -0.731718 0.827778 -0.875012 0.789362 -1.636465 -1.284174 -0.541686 -0.272365 3.253055 0.227757 1.783340 -2.098948 -0.532331 -2.285296 3.964974 0.000000 0.000000 0.000000 -23.603849 -3.759726 0.132586 -48.261218 -5.184419 17.923923 -10.013372 -25.420577 17.287605 -13.407727 22.024100 -23.585754 -37.681734 18.888783 -15.000000 -14.336979 0.000000 0.000000 -13.268768 0.000000 0.000000 0.022390 -0.001199 4.934506 -25.349437 16.843300 -15.000000 -11.863323 0.000000 0.000000 -25.665231 0.000000 0.000000 2.447046 -0.079831 2.056764 -28.358651 -10.256248 120.000000 -22.400786 0.000000 0.000000 15.000000 0.000000 0.000000 4.260386 -0.094452 1.375350 -34.078843 13.205166 7.106349 -27.662004 0.000000 0.000000 -17.012233 0.000000 0.000000 -6.917769 0.291382 2.291170 -29.717299 -0.645931 14.534077 -21.270820 0.000000 0.000000 -22.852691 0.000000 0.000000 0.441624 -0.014543 2.538997 24.996614 6.452097 0.027356 49.851354 4.145989 18.944783 1.496714 31.110805 2.678664 13.290340 -29.425101 -18.359694 30.854873 -12.869377 -2.836224 10.233838 0.000000 0.000000 8.235056 0.000000 0.000000 -7.969741 -5.107087 -8.050663 25.782529 -8.830823 13.561052 23.064357 0.000000 0.000000 13.598972 0.000000 0.000000 6.271931 -1.933901 -4.817211 24.672820 0.218834 14.984507 17.719475 0.000000 0.000000 18.041098 0.000000 0.000000 -1.013052 -2.505694 -6.799366 27.233901 -13.050901 -15.000000 9.774186 0.000000 0.000000 23.419413 0.000000 0.000000 -3.109834 -2.403556 -3.139792 26.903550 8.017775 120.000000 20.918442 0.000000 0.000000 -15.000000 0.000000 0.000000 -4.610124 -2.491975 -2.359596 0.000000 0.000000 0.000000 0.000000 0.000000 0.000000 0.000000 0.000000 0.000000 0.000000 0.000000 0.000000 0.000000 0.000000 0.000000 0.000000 0.000000 0.000000 0.000000 0.000000 0.000000 0.000000 0.000000 0.000000 
0.000000 89.700000 0.000000 0.000000 0.000000 0.000000 -0.721409 0.866460 -0.820857 0.789090 -1.627889 -1.293358 -0.525636 -0.279471 3.249765 0.227926 1.756852 -2.121704 -0.547333 -2.300454 3.914694 0.000000 0.000000 0.000000 -23.662716 -3.701061 0.110396 -48.288001 -5.179720 17.900367 -9.970330 -25.467519 17.187735 -14.258917 22.351347 -25.449411 -38.080993 18.715779 -15.000000 -12.775258 0.000000 0.000000 -12.236604 0.000000 0.000000 0.022390 -0.001199 4.934506 -25.795798 16.994138 -15.000000 -11.085217 0.000000 0.000000 -24.726714 0.000000 0.000000 2.447046 -0.079831 2.056764 -27.773038 -10.104763 120.000000 -21.978247 0.000000 0.000000 15.000000 0.000000 0.000000 4.260386 -0.094452 1.375350 -33.898974 12.841044 9.967039 -26.697475 0.000000 0.000000 -15.736359 0.000000 0.000000 -6.917769 0.291382 2.291170 -28.467460 -0.572570 14.854573 -20.618676 0.000000 0.000000 -21.541464 0.000000 0.000000 0.441624 -0.014543 2.538997 24.992860 6.398721 -0.004258 49.844755 4.088791 18.929130 1.358058 31.167291 2.526935 14.077796 -29.919130 -20.772193 29.828635 -12.260558 1.266248 9.160343 0.000000 0.000000 6.747684 0.000000 0.000000 -7.969741 -5.107087 -8.050663 24.583262 -7.781345 14.493459 22.345678 0.000000 0.000000 11.957800 0.000000 0.000000 6.271931 -1.933901 -4.817211 22.967065 0.411045 14.997385 17.063322 0.000000 0.000000 16.942275 0.000000 0.000000 -1.013052 -2.505694 -6.799366 26.428457 -12.978200 -15.000000 8.915191 0.000000 0.000000 22.176470 0.000000 0.000000 -3.109834 -2.403556 -3.139792 25.780505 8.354599 120.000000 19.971596 0.000000 0.000000 -15.000000 0.000000 0.000000 -4.610124 -2.491975 -2.359596 0.000000 0.000000 0.000000 0.000000 0.000000 0.000000 0.000000 0.000000 0.000000 0.000000 0.000000 0.000000 0.000000 0.000000 0.000000 0.000000 0.000000 0.000000 0.000000 0.000000 0.000000 0.000000 0.000000 0.000000 
0.000000 89.700000 0.000000 0.000000 0.000000 0.000000 -0.711266 0.902990 -0.771949 0.786705 -1.621626 -1.302574 -0.512812 -0.286565 3.245751 0.225902 1.733036 -2.144084 -0.562162 -2.313227 3.857409 0.000000 0.000000 0.000000 -23.718926 -3.645940 0.084508 -48.302374 -5.170487 17.880875 -9.934544 -25.518097 17.104244 -14.633509 22.595877 -26.836586 -38.612558 18.546026 -15.000000 -11.912468 0.000000 0.000000 -11.699505 0.000000 0.000000 0.022390 -0.001199 4.934506 -26.412598 16.985700 -15.000000 -10.742156 0.000000 0.000000 -24.215300 0.000000 0.000000 2.447046 -0.079831 2.056764 -27.351783 -9.801816 120.000000 -21.636895 0.000000 0.000000 15.000000 0.000000 0.000000 4.260386 -0.094452 1.375350 -33.961932 12.560990 11.760007 -26.195883 0.000000 0.000000 -15.017630 0.000000 0.000000 -6.917769 0.291382 2.291170 -28.165346 -0.687217 14.965374 -20.239713 0.000000 0.000000 -20.774542 0.000000 0.000000 0.441624 -0.014543 2.538997 24.992137 6.345919 -0.034763 49.837662 4.029089 18.917935 1.202433 31.181305 2.414416 14.697132 -30.491648 -22.818997 28.974066 -11.580397 5.378552 8.163500 0.000000 0.000000 5.255659 0.000000 0.000000 -7.969741 -5.107087 -8.050663 23.640497 -6.649355 14.858105 21.778808 0.000000 0.000000 10.572996 0.000000 0.000000 6.271931 -1.933901 -4.817211 21.366856 0.906637 14.999680 16.613438 0.000000 0.000000 15.947747 0.000000 0.000000 -1.013052 -2.505694 -6.799366 25.780036 -12.860721 -15.000000 8.127757 0.000000 0.000000 20.893331 0.000000 0.000000 -3.109834 -2.403556 -3.139792 24.701536 8.678951 120.000000 18.969305 0.000000 0.000000 -15.000000 0.000000 0.000000 -4.610124 -2.491975 -2.359596 0.000000 0.000000 0.000000 0.000000 0.000000 0.000000 0.000000 0.000000 0.000000 0.000000 0.000000 0.000000 0.000000 0.000000 0.000000 0.000000 0.000000 0.000000 0.000000 0.000000 0.000000 0.000000 0.000000 0.000000 
0.000000 89.700000 0.000000 0.000000 0.000000 0.000000 -0.701749 0.935371 -0.729347 0.783522 -1.617455 -1.311822 -0.504627 -0.292712 3.242991 0.221548 1.713703 -2.167433 -0.578328 -2.323766 3.795730 0.000000 0.000000 0.000000 -23.768683 -3.592847 0.053563 -48.305488 -5.156905 17.865438 -9.907531 -25.571988 17.042632 -14.707578 22.865525 -27.758305 -39.470161 18.299094 -15.000000 -11.639991 0.000000 0.000000 -11.510433 0.000000 0.000000 0.022390 -0.001199 4.934506 -27.089863 16.766836 -15.000000 -10.784886 0.000000 0.000000 -23.980349 0.000000 0.000000 2.447046 -0.079831 2.056764 -27.100308 -9.447664 120.000000 -21.265792 0.000000 0.000000 15.000000 0.000000 0.000000 4.260386 -0.094452 1.375350 -34.399213 12.286858 12.505026 -26.087381 0.000000 0.000000 -14.761528 0.000000 0.000000 -6.917769 0.291382 2.291170 -28.513611 -1.032533 14.993854 -20.143688 0.000000 0.000000 -20.537594 0.000000 0.000000 0.441624 -0.014543 2.538997 24.995596 6.291293 -0.063226 49.827346 3.970113 18.910583 1.126431 31.267899 2.371452 15.178486 -31.145988 -24.524841 29.331325 -10.946487 9.037462 7.229104 0.000000 0.000000 3.769679 0.000000 0.000000 -7.969741 -5.107087 -8.050663 23.780176 -5.558468 14.969046 21.357998 0.000000 0.000000 9.490893 0.000000 0.000000 6.271931 -1.933901 -4.817211 20.501374 1.643346 14.999973 16.375772 0.000000 0.000000 15.123929 0.000000 0.000000 -1.013052 -2.505694 -6.799366 25.814441 -12.792974 -15.000000 7.429613 0.000000 0.000000 19.646039 0.000000 0.000000 -3.109834 -2.403556 -3.139792 23.779951 8.912178 120.000000 17.939828 0.000000 0.000000 -15.000000 0.000000 0.000000 -4.610124 -2.491975 -2.359596 0.000000 0.000000 0.000000 0.000000 0.000000 0.000000 0.000000 0.000000 0.000000 0.000000 0.000000 0.000000 0.000000 0.000000 0.000000 0.000000 0.000000 0.000000 0.000000 0.000000 0.000000 0.000000 0.000000 0.000000 
0.000000 89.700000 0.000000 0.000000 0.000000 0.000000 -0.692291 0.961208 -0.691353 0.780280 -1.614736 -1.321442 -0.500489 -0.297877 3.242924 0.214987 1.699152 -2.191886 -0.596758 -2.331034 3.733694 0.000000 0.000000 0.000000 -23.809173 -3.541109 0.019469 -48.302942 -5.142819 17.853594 -9.884784 -25.621993 16.998280 -14.688357 23.170713 -28.306576 -39.965371 17.984605 -15.000000 -11.716026 0.000000 0.000000 -11.484436 0.000000 0.000000 0.022390 -0.001199 4.934506 -27.083774 16.401250 -15.000000 -11.070922 0.000000 0.000000 -23.875158 0.000000 0.000000 2.447046 -0.079831 2.056764 -26.945289 -9.181358 120.000000 -20.894899 0.000000 0.000000 15.000000 0.000000 0.000000 4.260386 -0.094452 1.375350 -34.543310 12.020223 12.558911 -26.204253 0.000000 0.000000 -14.755323 0.000000 0.000000 -6.917769 0.291382 2.291170 -28.561687 -1.466634 14.999214 -20.269852 0.000000 0.000000 -20.605486 0.000000 0.000000 0.441624 -0.014543 2.538997 25.003516 6.235378 -0.088463 49.813092 3.917628 18.905506 1.062609 31.443618 2.324113 15.520498 -31.817982 -25.897219 30.091982 -10.460268 11.831937 6.400244 0.000000 0.000000 2.417016 0.000000 0.000000 -7.969741 -5.107087 -8.050663 24.311955 -4.638439 14.994880 21.057316 0.000000 0.000000 8.755364 0.000000 0.000000 6.271931 -1.933901 -4.817211 20.177027 2.479017 14.999999 16.288701 0.000000 0.000000 14.552045 0.000000 0.000000 -1.013052 -2.505694 -6.799366 26.123918 -12.843197 -15.000000 6.843071 0.000000 0.000000 18.600205 0.000000 0.000000 -3.109834 -2.403556 -3.139792 23.126760 9.020743 120.000000 17.016906 0.000000 0.000000 -15.000000 0.000000 0.000000 -4.610124 -2.491975 -2.359596 0.000000 0.000000 0.000000 0.000000 0.000000 0.000000 0.000000 0.000000 0.000000 0.000000 0.000000 0.000000 0.000000 0.000000 0.000000 0.000000 0.000000 0.000000 0.000000 0.000000 0.000000 0.000000 0.000000 0.000000 
0.000000 89.700000 0.000000 0.000000 0.000000 0.000000 -0.682294 0.978827 -0.654468 0.777020 -1.613358 -1.330702 -0.499152 -0.302981 3.244858 0.206839 1.688386 -2.215222 -0.617961 -2.334111 3.672965 0.000000 0.000000 0.000000 -23.839510 -3.491388 -0.013943 -48.300792 -5.133631 17.846133 -9.858111 -25.657661 16.960352 -14.696688 23.444639 -28.609806 -40.306265 17.668450 -15.000000 -11.880696 0.000000 0.000000 -11.474642 0.000000 0.000000 0.022390 -0.001199 4.934506 -27.024916 16.017960 -15.000000 -11.422773 0.000000 0.000000 -23.806410 0.000000 0.000000 2.447046 -0.079831 2.056764 -26.798174 -9.106390 120.000000 -20.618444 0.000000 0.000000 15.000000 0.000000 0.000000 4.260386 -0.094452 1.375350 -34.756958 11.800245 12.373270 -26.364429 0.000000 0.000000 -14.781921 0.000000 0.000000 -6.917769 0.291382 2.291170 -28.832066 -1.811599 14.999932 -20.498595 0.000000 0.000000 -20.708509 0.000000 0.000000 0.441624 -0.014543 2.538997 25.015339 6.181975 -0.110118 49.798260 3.878740 18.901599 1.041288 31.630498 2.308446 15.735841 -32.417223 -26.929385 31.212609 -10.148345 13.599523 5.728869 0.000000 0.000000 1.327557 0.000000 0.000000 -7.969741 -5.107087 -8.050663 25.295341 -3.979188 14.999382 20.854406 0.000000 0.000000 8.325461 0.000000 0.000000 6.271931 -1.933901 -4.817211 20.957534 3.261599 15.000000 16.286018 0.000000 0.000000 14.299816 0.000000 0.000000 -1.013052 -2.505694 -6.799366 26.953960 -12.987988 -15.000000 6.376543 0.000000 0.000000 17.914459 0.000000 0.000000 -3.109834 -2.403556 -3.139792 22.800392 9.030559 120.000000 16.352222 0.000000 0.000000 -15.000000 0.000000 0.000000 -4.610124 -2.491975 -2.359596 0.000000 0.000000 0.000000 0.000000 0.000000 0.000000 0.000000 0.000000 0.000000 0.000000 0.000000 0.000000 0.000000 0.000000 0.000000 0.000000 0.000000 0.000000 0.000000 0.000000 0.000000 0.000000 0.000000 0.000000 
0.000000 89.700000 0.000000 0.000000 0.000000 0.000000 -0.671150 0.986986 -0.616979 0.772925 -1.613598 -1.337804 -0.500083 -0.309009 3.246881 0.197981 1.680810 -2.233710 -0.642625 -2.332984 3.612841 0.000000 0.000000 0.000000 -23.859558 -3.445191 -0.043871 -48.302905 -5.133577 17.844872 -9.821041 -25.669140 16.920864 -14.749799 23.613416 -28.784386 -40.614385 17.410175 -15.000000 -11.961738 0.000000 0.000000 -11.426912 0.000000 0.000000 0.022390 -0.001199 4.934506 -27.273700 15.727772 -15.000000 -11.708907 0.000000 0.000000 -23.757116 0.000000 0.000000 2.447046 -0.079831 2.056764 -26.610573 -9.228093 120.000000 -20.486229 0.000000 0.000000 15.000000 0.000000 0.000000 4.260386 -0.094452 1.375350 -35.050806 11.651920 12.252591 -26.458371 0.000000 0.000000 -14.724830 0.000000 0.000000 -6.917769 0.291382 2.291170 -29.132602 -1.996088 14.999996 -20.708405 0.000000 0.000000 -20.683847 0.000000 0.000000 0.441624 -0.014543 2.538997 25.029878 6.135696 -0.129339 49.788726 3.858752 18.898426 1.007314 31.737533 2.300833 15.855798 -32.866012 -27.623373 32.382967 -9.950568 14.498150 5.222012 0.000000 0.000000 0.537118 0.000000 0.000000 -7.969741 -5.107087 -8.050663 26.348528 -3.576184 14.999949 20.724280 0.000000 0.000000 8.072196 0.000000 0.000000 6.271931 -1.933901 -4.817211 21.839430 3.911087 15.000000 16.322218 0.000000 0.000000 14.340121 0.000000 0.000000 -1.013052 -2.505694 -6.799366 28.044620 -13.128217 -15.000000 6.008641 0.000000 0.000000 17.612709 0.000000 0.000000 -3.109834 -2.403556 -3.139792 22.759752 8.993134 120.000000 15.990672 0.000000 0.000000 -15.000000 0.000000 0.000000 -4.610124 -2.491975 -2.359596 0.000000 0.000000 0.000000 0.000000 0.000000 0.000000 0.000000 0.000000 0.000000 0.000000 0.000000 0.000000 0.000000 0.000000 0.000000 0.000000 0.000000 0.000000 0.000000 0.000000 0.000000 0.000000 0.000000 0.000000 
0.000000 89.700000 0.000000 0.000000 0.000000 0.000000 -0.658268 0.985996 -0.579960 0.767100 -1.615526 -1.341974 -0.503077 -0.316339 3.248086 0.188798 1.676784 -2.244069 -0.670769 -2.327740 3.553735 0.000000 0.000000 0.000000 -23.868257 -3.404071 -0.069942 -48.311640 -5.144210 17.851122 -9.772638 -25.650319 16.880325 -14.821226 23.652663 -28.906138 -40.874473 17.234681 -15.000000 -11.922880 0.000000 0.000000 -11.370294 0.000000 0.000000 0.022390 -0.001199 4.934506 -27.279362 15.571529 -15.000000 -11.892168 0.000000 0.000000 -23.757030 0.000000 0.000000 2.447046 -0.079831 2.056764 -26.379811 -9.467021 120.000000 -20.464936 0.000000 0.000000 15.000000 0.000000 0.000000 4.260386 -0.094452 1.375350 -35.268751 11.577064 12.263142 -26.479566 0.000000 0.000000 -14.592370 0.000000 0.000000 -6.917769 0.291382 2.291170 -29.189871 -2.046270 15.000000 -20.842228 0.000000 0.000000 -20.534194 0.000000 0.000000 0.441624 -0.014543 2.538997 25.045158 6.098649 -0.148227 49.789214 3.857582 18.895921 0.980970 31.781438 2.240386 15.891209 -33.128694 -28.011664 32.971194 -9.783622 14.857470 4.859657 0.000000 0.000000 0.015647 0.000000 0.000000 -7.969741 -5.107087 -8.050663 26.899361 -3.347683 14.999997 20.631236 0.000000 0.000000 7.873354 0.000000 0.000000 6.271931 -1.933901 -4.817211 21.930260 4.425949 15.000000 16.369876 0.000000 0.000000 14.529799 0.000000 0.000000 -1.013052 -2.505694 -6.799366 28.598504 -13.187166 -15.000000 5.727364 0.000000 0.000000 17.581847 0.000000 0.000000 -3.109834 -2.403556 -3.139792 22.891186 8.926841 120.000000 15.849694 0.000000 0.000000 -15.000000 0.000000 0.000000 -4.610124 -2.491975 -2.359596 0.000000 0.000000 0.000000 0.000000 0.000000 0.000000 0.000000 0.000000 0.000000 0.000000 0.000000 0.000000 0.000000 0.000000 0.000000 0.000000 0.000000 0.000000 0.000000 0.000000 0.000000 0.000000 0.000000 0.000000 
0.000000 89.700000 0.000000 0.000000 0.000000 0.000000 -0.643822 0.979394 -0.544478 0.759929 -1.619104 -1.345030 -0.507189 -0.324713 3.248797 0.178597 1.676402 -2.244513 -0.700885 -2.318287 3.498542 0.000000 0.000000 0.000000 -23.863468 -3.368950 -0.093470 -48.329456 -5.163983 17.864650 -9.717156 -25.601101 16.845312 -14.889249 23.587059 -29.007610 -41.134346 17.145731 -15.000000 -11.818961 0.000000 0.000000 -11.355245 0.000000 0.000000 0.022390 -0.001199 4.934506 -27.174055 15.530798 -15.000000 -11.994268 0.000000 0.000000 -23.825680 0.000000 0.000000 2.447046 -0.079831 2.056764 -26.132998 -9.728126 120.000000 -20.490708 0.000000 0.000000 15.000000 0.000000 0.000000 4.260386 -0.094452 1.375350 -35.643524 11.572712 12.321527 -26.474125 0.000000 0.000000 -14.454124 0.000000 0.000000 -6.917769 0.291382 2.291170 -29.589467 -2.003032 15.000000 -20.914816 0.000000 0.000000 -20.364721 0.000000 0.000000 0.441624 -0.014543 2.538997 25.058303 6.069204 -0.168828 49.801268 3.868776 18.894146 0.992095 31.732844 2.224816 15.833588 -33.234677 -28.160019 33.123877 -9.615304 14.968619 4.624831 0.000000 0.000000 -0.270057 0.000000 0.000000 -7.969741 -5.107087 -8.050663 27.097304 -3.209622 15.000000 20.542051 0.000000 0.000000 7.678862 0.000000 0.000000 6.271931 -1.933901 -4.817211 21.936017 4.835663 15.000000 16.419235 0.000000 0.000000 14.708007 0.000000 0.000000 -1.013052 -2.505694 -6.799366 28.845693 -13.173333 -15.000000 5.549495 0.000000 0.000000 17.679113 0.000000 0.000000 -3.109834 -2.403556 -3.139792 23.087701 8.824162 120.000000 15.812180 0.000000 0.000000 -15.000000 0.000000 0.000000 -4.610124 -2.491975 -2.359596 0.000000 0.000000 0.000000 0.000000 0.000000 0.000000 0.000000 0.000000 0.000000 0.000000 0.000000 0.000000 0.000000 0.000000 0.000000 0.000000 0.000000 0.000000 0.000000 0.000000 0.000000 0.000000 0.000000 0.000000 
0.000000 89.700000 0.000000 0.000000 0.000000 0.000000 -0.628632 0.972537 -0.509973 0.753310 -1.624745 -1.350055 -0.510936 -0.333487 3.248844 0.165521 1.678020 -2.234961 -0.730701 -2.305091 3.449638 0.000000 0.000000 0.000000 -23.843472 -3.340047 -0.115735 -48.358697 -5.189053 17.884071 -9.660974 -25.526583 16.822034 -14.943270 23.452027 -29.091566 -41.542298 17.142617 -15.000000 -11.718534 0.000000 0.000000 -11.404314 0.000000 0.000000 0.022390 -0.001199 4.934506 -27.330577 15.565318 -15.000000 -12.042616 0.000000 0.000000 -23.947059 0.000000 0.000000 2.447046 -0.079831 2.056764 -25.917995 -9.956750 120.000000 -20.536231 0.000000 0.000000 15.000000 0.000000 0.000000 4.260386 -0.094452 1.375350 -36.089850 11.641897 12.318252 -26.477065 0.000000 0.000000 -14.369225 0.000000 0.000000 -6.917769 0.291382 2.291170 -30.186285 -1.895766 15.000000 -20.977576 0.000000 0.000000 -20.265805 0.000000 0.000000 0.441624 -0.014543 2.538997 25.065987 6.044028 -0.192255 49.824331 3.883306 18.893260 1.002584 31.772958 2.242591 15.708838 -33.274137 -28.149216 33.524564 -9.469669 14.994782 4.493590 0.000000 0.000000 -0.369721 0.000000 0.000000 -7.969741 -5.107087 -8.050663 27.603336 -3.117775 15.000000 20.446641 0.000000 0.000000 7.487255 0.000000 0.000000 6.271931 -1.933901 -4.817211 22.364200 5.164416 15.000000 16.473046 0.000000 0.000000 14.800337 0.000000 0.000000 -1.013052 -2.505694 -6.799366 29.245624 -13.143888 -15.000000 5.483306 0.000000 0.000000 17.805740 0.000000 0.000000 -3.109834 -2.403556 -3.139792 23.288629 8.703979 120.000000 15.807178 0.000000 0.000000 -15.000000 0.000000 0.000000 -4.610124 -2.491975 -2.359596 0.000000 0.000000 0.000000 0.000000 0.000000 0.000000 0.000000 0.000000 0.000000 0.000000 0.000000 0.000000 0.000000 0.000000 0.000000 0.000000 0.000000 0.000000 0.000000 0.000000 0.000000 0.000000 0.000000 0.000000 
0.000000 89.700000 0.000000 0.000000 0.000000 0.000000 -0.613261 0.968975 -0.476123 0.749720 -1.633405 -1.358421 -0.513463 -0.342081 3.246435 0.147080 1.678300 -2.216950 -0.758526 -2.289485 3.405639 0.000000 0.000000 0.000000 -23.808588 -3.317360 -0.136317 -48.400264 -5.215566 17.908040 -9.609252 -25.433072 16.812028 -14.976970 23.269404 -29.148151 -41.661630 17.217356 -15.000000 -11.667866 0.000000 0.000000 -11.511890 0.000000 0.000000 0.022390 -0.001199 4.934506 -27.420397 15.635165 -15.000000 -12.065315 0.000000 0.000000 -24.090626 0.000000 0.000000 2.447046 -0.079831 2.056764 -25.783950 -10.149579 120.000000 -20.617137 0.000000 0.000000 15.000000 0.000000 0.000000 4.260386 -0.094452 1.375350 -36.237679 11.787103 12.159209 -26.497667 0.000000 0.000000 -14.365378 0.000000 0.000000 -6.917769 0.291382 2.291170 -30.613418 -1.756982 15.000000 -21.089720 0.000000 0.000000 -20.258231 0.000000 0.000000 0.441624 -0.014543 2.538997 25.065421 6.021373 -0.218271 49.857947 3.895724 18.893569 1.005299 31.777579 2.260469 15.578152 -33.339916 -28.048429 33.784631 -9.374286 14.999369 4.425944 0.000000 0.000000 -0.388497 0.000000 0.000000 -7.969741 -5.107087 -8.050663 27.941587 -3.055282 15.000000 20.360985 0.000000 0.000000 7.307309 0.000000 0.000000 6.271931 -1.933901 -4.817211 22.517948 5.421978 15.000000 16.527832 0.000000 0.000000 14.823949 0.000000 0.000000 -1.013052 -2.505694 -6.799366 29.473835 -13.137088 -15.000000 5.495981 0.000000 0.000000 17.912330 0.000000 0.000000 -3.109834 -2.403556 -3.139792 23.470139 8.605569 120.000000 15.807120 0.000000 0.000000 -15.000000 0.000000 0.000000 -4.610124 -2.491975 -2.359596 0.000000 0.000000 0.000000 0.000000 0.000000 0.000000 0.000000 0.000000 0.000000 0.000000 0.000000 0.000000 0.000000 0.000000 0.000000 0.000000 0.000000 0.000000 0.000000 0.000000 0.000000 0.000000 0.000000 0.000000 
0.000000 89.700000 0.000000 0.000000 0.000000 0.000000 -0.598236 0.969227 -0.444445 0.751242 -1.646003 -1.368155 -0.514980 -0.350602 3.238550 0.121100 1.673928 -2.192558 -0.783778 -2.273179 3.361759 0.000000 0.000000 0.000000 -23.761354 -3.301056 -0.152526 -48.453572 -5.242155 17.936389 -9.563553 -25.324423 16.811496 -14.991563 23.054564 -29.168145 -41.508197 17.341565 -15.000000 -11.687015 0.000000 0.000000 -11.655282 0.000000 0.000000 0.022390 -0.001199 4.934506 -27.288539 15.704294 -15.000000 -12.096795 0.000000 0.000000 -24.230919 0.000000 0.000000 2.447046 -0.079831 2.056764 -25.745304 -10.324965 120.000000 -20.743429 0.000000 0.000000 15.000000 0.000000 0.000000 4.260386 -0.094452 1.375350 -36.303672 11.989063 11.794812 -26.534480 0.000000 0.000000 -14.434785 0.000000 0.000000 -6.917769 0.291382 2.291170 -30.311698 -1.610285 15.000000 -21.287475 0.000000 0.000000 -20.324381 0.000000 0.000000 0.441624 -0.014543 2.538997 25.055572 6.002579 -0.245689 49.902461 3.906835 18.895123 1.036380 31.889419 2.274246 15.464206 -33.453146 -27.897484 33.850903 -9.327339 14.999948 4.385656 0.000000 0.000000 -0.456898 0.000000 0.000000 -7.969741 -5.107087 -8.050663 27.948576 -3.015267 15.000000 20.308602 0.000000 0.000000 7.146402 0.000000 0.000000 6.271931 -1.933901 -4.817211 22.457179 5.611243 15.000000 16.564241 0.000000 0.000000 14.834818 0.000000 0.000000 -1.013052 -2.505694 -6.799366 29.451212 -13.157451 -15.000000 5.529759 0.000000 0.000000 17.991088 0.000000 0.000000 -3.109834 -2.403556 -3.139792 23.630939 8.530446 120.000000 15.792023 0.000000 0.000000 -15.000000 0.000000 0.000000 -4.610124 -2.491975 -2.359596 0.000000 0.000000 0.000000 0.000000 0.000000 0.000000 0.000000 0.000000 0.000000 0.000000 0.000000 0.000000 0.000000 0.000000 0.000000 0.000000 0.000000 0.000000 0.000000 0.000000 0.000000 0.000000 0.000000 0.000000 
0.000000 89.700000 0.000000 0.000000 0.000000 0.000000 -0.585450 0.972315 -0.416993 0.758843 -1.662712 -1.375352 -0.516051 -0.360015 3.222072 0.086640 1.664066 -2.162311 -0.806775 -2.257074 3.313527 0.000000 0.000000 0.000000 -23.705203 -3.291333 -0.160589 -48.517698 -5.270124 17.970190 -9.521764 -25.201742 16.813393 -14.995836 22.824074 -29.149359 -41.556049 17.470554 -15.000000 -11.772585 0.000000 0.000000 -11.800104 0.000000 0.000000 0.022390 -0.001199 4.934506 -27.210741 15.746937 -15.000000 -12.156062 0.000000 0.000000 -24.355378 0.000000 0.000000 2.447046 -0.079831 2.056764 -25.773181 -10.481088 120.000000 -20.890272 0.000000 0.000000 15.000000 0.000000 0.000000 4.260386 -0.094452 1.375350 -36.491555 12.202091 11.255554 -26.583678 0.000000 0.000000 -14.541851 0.000000 0.000000 -6.917769 0.291382 2.291170 -30.177988 -1.447762 15.000000 -21.552500 0.000000 0.000000 -20.464971 0.000000 0.000000 0.441624 -0.014543 2.538997 25.038309 5.990594 -0.273175 49.957589 3.920367 18.896830 1.049013 31.892952 2.305842 15.315861 -33.553909 -27.706949 34.072490 -9.315445 14.999997 4.363847 0.000000 0.000000 -0.628734 0.000000 0.000000 -7.969741 -5.107087 -8.050663 27.960482 -3.002736 15.000000 20.297203 0.000000 0.000000 7.003590 0.000000 0.000000 6.271931 -1.933901 -4.817211 22.498289 5.728678 15.000000 16.560388 0.000000 0.000000 14.875219 0.000000 0.000000 -1.013052 -2.505694 -6.799366 29.622347 -13.202444 -15.000000 5.555492 0.000000 0.000000 18.057086 0.000000 0.000000 -3.109834 -2.403556 -3.139792 23.780812 8.437155 120.000000 15.752551 0.000000 0.000000 -15.000000 0.000000 0.000000 -4.610124 -2.491975 -2.359596 0.000000 0.000000 0.000000 0.000000 0.000000 0.000000 0.000000 0.000000 0.000000 0.000000 0.000000 0.000000 0.000000 0.000000 0.000000 0.000000 0.000000 0.000000 0.000000 0.000000 0.000000 0.000000 0.000000 0.000000 
0.000000 89.700000 0.000000 0.000000 0.000000 0.000000 -0.577969 0.976245 -0.394221 0.772038 -1.682439 -1.377980 -0.516813 -0.371499 3.195718 0.044470 1.651365 -2.124928 -0.828232 -2.240316 3.260444 0.000000 0.000000 0.000000 -23.643019 -3.287725 -0.157749 -48.591837 -5.300877 18.009587 -9.480835 -25.066247 16.811888 -14.993350 22.593515 -29.096504 -41.409300 17.570965 -15.000000 -11.910903 0.000000 0.000000 -11.922757 0.000000 0.000000 0.022390 -0.001199 4.934506 -26.907040 15.761841 -15.000000 -12.235023 0.000000 0.000000 -24.477720 0.000000 0.000000 2.447046 -0.079831 2.056764 -25.829831 -10.582459 120.000000 -21.019194 0.000000 0.000000 15.000000 0.000000 0.000000 4.260386 -0.094452 1.375350 -36.500294 12.384959 10.619064 -26.640067 0.000000 0.000000 -14.664927 0.000000 0.000000 -6.917769 0.291382 2.291170 -30.079987 -1.249547 15.000000 -21.819935 0.000000 0.000000 -20.714228 0.000000 0.000000 0.441624 -0.014543 2.538997 25.018287 5.986881 -0.299914 50.020596 3.937451 18.895928 1.087899 31.832222 2.352840 15.072346 -33.573411 -27.471898 34.672799 -9.330491 15.000000 4.373330 0.000000 0.000000 -0.823880 0.000000 0.000000 -7.969741 -5.107087 -8.050663 28.539929 -3.026444 15.000000 20.310508 0.000000 0.000000 6.861079 0.000000 0.000000 6.271931 -1.933901 -4.817211 23.201686 5.765823 15.000000 16.508812 0.000000 0.000000 14.930920 0.000000 0.000000 -1.013052 -2.505694 -6.799366 29.957284 -13.267583 -15.000000 5.596519 0.000000 0.000000 18.113184 0.000000 0.000000 -3.109834 -2.403556 -3.139792 23.923616 8.303711 120.000000 15.712119 0.000000 0.000000 -15.000000 0.000000 0.000000 -4.610124 -2.491975 -2.359596 0.000000 0.000000 0.000000 0.000000 0.000000 0.000000 0.000000 0.000000 0.000000 0.000000 0.000000 0.000000 0.000000 0.000000 0.000000 0.000000 0.000000 0.000000 0.000000 0.000000 0.000000 0.000000 0.000000 0.000000 
0.000000 89.700000 0.000000 0.000000 0.000000 0.000000 -0.577470 0.976955 -0.374929 0.789477 -1.702833 -1.378720 -0.516804 -0.385616 3.162199 -0.003121 1.639529 -2.081113 -0.848921 -2.221852 3.205403 0.000000 0.000000 0.000000 -23.576607 -3.288242 -0.143739 -48.675037 -5.333537 18.051181 -9.440113 -24.922108 16.806892 -14.973094 22.387406 -29.018075 -41.029360 17.638569 -15.000000 -12.094287 0.000000 0.000000 -12.026495 0.000000 0.000000 0.022390 -0.001199 4.934506 -26.584587 15.771794 -15.000000 -12.325507 0.000000 0.000000 -24.622918 0.000000 0.000000 2.447046 -0.079831 2.056764 -25.897764 -10.592158 120.000000 -21.105261 0.000000 0.000000 15.000000 0.000000 0.000000 4.260386 -0.094452 1.375350 -36.250485 12.521414 9.957070 -26.699282 0.000000 0.000000 -14.811161 0.000000 0.000000 -6.917769 0.291382 2.291170 -29.667639 -1.031728 15.000000 -22.021393 0.000000 0.000000 -21.076469 0.000000 0.000000 0.441624 -0.014543 2.538997 25.000583 5.989488 -0.326148 50.086431 3.954674 18.888679 1.134644 31.654316 2.381506 14.743315 -33.507877 -27.188065 35.167562 -9.357256 15.000000 4.418244 0.000000 0.000000 -0.899307 0.000000 0.000000 -7.969741 -5.107087 -8.050663 29.074431 -3.075211 15.000000 20.325930 0.000000 0.000000 6.701030 0.000000 0.000000 6.271931 -1.933901 -4.817211 23.902893 5.733344 15.000000 16.421768 0.000000 0.000000 14.941584 0.000000 0.000000 -1.013052 -2.505694 -6.799366 30.345020 -13.327830 -15.000000 5.680352 0.000000 0.000000 18.142886 0.000000 0.000000 -3.109834 -2.403556 -3.139792 24.048372 8.161924 120.000000 15.707393 0.000000 0.000000 -15.000000 0.000000 0.000000 -4.610124 -2.491975 -2.359596 0.000000 0.000000 0.000000 0.000000 0.000000 0.000000 0.000000 0.000000 0.000000 0.000000 0.000000 0.000000 0.000000 0.000000 0.000000 0.000000 0.000000 0.000000 0.000000 0.000000 0.000000 0.000000 0.000000 0.000000 
0.000000 89.700000 0.000000 0.000000 0.000000 0.000000 -0.582502 0.969055 -0.357410 0.810085 -1.721250 -1.383509 -0.515175 -0.402152 3.127814 -0.053331 1.628799 -2.037793 -0.869956 -2.204143 3.150678 0.000000 0.000000 0.000000 -23.506890 -3.289340 -0.120804 -48.766199 -5.365496 18.089048 -9.402473 -24.776473 16.804907 -14.918047 22.236498 -28.924821 -40.767327 17.689013 -15.000000 -12.320107 0.000000 0.000000 -12.127879 0.000000 0.000000 0.022390 -0.001199 4.934506 -26.468408 15.804383 -15.000000 -12.440601 0.000000 0.000000 -24.794190 0.000000 0.000000 2.447046 -0.079831 2.056764 -25.971350 -10.518243 120.000000 -21.148047 0.000000 0.000000 15.000000 0.000000 0.000000 4.260386 -0.094452 1.375350 -36.037256 12.611885 9.320887 -26.758023 0.000000 0.000000 -14.985108 0.000000 0.000000 -6.917769 0.291382 2.291170 -29.351529 -0.845909 15.000000 -22.123044 0.000000 0.000000 -21.475840 0.000000 0.000000 0.441624 -0.014543 2.538997 24.987828 5.993724 -0.353225 50.149831 3.967010 18.871969 1.129488 31.554153 2.391081 14.402751 -33.415444 -26.861764 35.421380 -9.372014 15.000000 4.480798 0.000000 0.000000 -0.759431 0.000000 0.000000 -7.969741 -5.107087 -8.050663 29.385438 -3.119879 15.000000 20.343317 0.000000 0.000000 6.548432 0.000000 0.000000 6.271931 -1.933901 -4.817211 24.187445 5.672216 15.000000 16.329830 0.000000 0.000000 14.883347 0.000000 0.000000 -1.013052 -2.505694 -6.799366 30.540056 -13.345704 -15.000000 5.790817 0.000000 0.000000 18.142680 0.000000 0.000000 -3.109834 -2.403556 -3.139792 24.140025 8.064760 120.000000 15.747057 0.000000 0.000000 -15.000000 0.000000 0.000000 -4.610124 -2.491975 -2.359596 0.000000 0.000000 0.000000 0.000000 0.000000 0.000000 0.000000 0.000000 0.000000 0.000000 0.000000 0.000000 0.000000 0.000000 0.000000 0.000000 0.000000 0.000000 0.000000 0.000000 0.000000 0.000000 0.000000 0.000000 
0.000000 89.700000 0.000000 0.000000 0.000000 0.000000 -0.590391 0.949838 -0.338719 0.833777 -1.736070 -1.397203 -0.510961 -0.420676 3.098673 -0.103811 1.613508 -2.006912 -0.893440 -2.195054 3.095051 0.000000 0.000000 0.000000 -23.434235 -3.287372 -0.092540 -48.864171 -5.395164 18.119597 -9.373022 -24.637240 16.815859 -14.824538 22.141365 -28.830589 -40.720955 17.743893 -15.000000 -12.579174 0.000000 0.000000 -12.238543 0.000000 0.000000 0.022390 -0.001199 4.934506 -26.566039 15.875721 -15.000000 -12.593743 0.000000 0.000000 -24.973555 0.000000 0.000000 2.447046 -0.079831 2.056764 -26.037551 -10.413953 120.000000 -21.173387 0.000000 0.000000 15.000000 0.000000 0.000000 4.260386 -0.094452 1.375350 -35.941203 12.673811 8.722509 -26.813697 0.000000 0.000000 -15.185567 0.000000 0.000000 -6.917769 0.291382 2.291170 -29.377313 -0.714754 15.000000 -22.139863 0.000000 0.000000 -21.821472 0.000000 0.000000 0.441624 -0.014543 2.538997 24.979825 5.994109 -0.382493 50.207307 3.971677 18.844124 1.170712 31.485414 2.424251 14.120044 -33.351942 -26.511566 35.759680 -9.366303 14.999992 4.540566 0.000000 0.000000 -0.424288 0.000000 0.000000 -7.969741 -5.107087 -8.050663 29.588529 -3.142786 15.000000 20.389924 0.000000 0.000000 6.471211 0.000000 0.000000 6.271931 -1.933901 -4.817211 24.400056 5.629179 15.000000 16.272480 0.000000 0.000000 14.815742 0.000000 0.000000 -1.013052 -2.505694 -6.799366 30.774083 -13.307988 -15.000000 5.889543 0.000000 0.000000 18.139960 0.000000 0.000000 -3.109834 -2.403556 -3.139792 24.193972 8.039225 120.000000 15.799683 0.000000 0.000000 -15.000000 0.000000 0.000000 -4.610124 -2.491975 -2.359596 0.000000 0.000000 0.000000 0.000000 0.000000 0.000000 0.000000 0.000000 0.000000 0.000000 0.000000 0.000000 0.000000 0.000000 0.000000 0.000000 0.000000 0.000000 0.000000 0.000000 0.000000 0.000000 0.000000 0.000000 
0.000000 89.700000 0.000000 0.000000 0.000000 0.000000 -0.600916 0.922457 -0.313060 0.861334 -1.747014 -1.421518 -0.503440 -0.441149 3.077774 -0.152494 1.583781 -1.999472 -0.922506 -2.206459 3.033715 0.000000 0.000000 0.000000 -23.358299 -3.280474 -0.062505 -48.967382 -5.423945 18.145238 -9.357641 -24.511127 16.850051 -14.709314 22.058539 -28.751736 -40.534428 17.823756 -15.000000 -12.854335 0.000000 0.000000 -12.360930 0.000000 0.000000 0.022390 -0.001199 4.934506 -26.366186 15.982775 -15.000000 -12.769270 0.000000 0.000000 -25.137326 0.000000 0.000000 2.447046 -0.079831 2.056764 -26.078842 -10.328791 120.000000 -21.219217 0.000000 0.000000 15.000000 0.000000 0.000000 4.260386 -0.094452 1.375350 -35.866345 12.747387 8.121622 -26.869093 0.000000 0.000000 -15.431166 0.000000 0.000000 -6.917769 0.291382 2.291170 -29.441346 -0.593614 15.000000 -22.120280 0.000000 0.000000 -22.098486 0.000000 0.000000 0.441624 -0.014543 2.538997 24.975573 5.985291 -0.413572 50.257148 3.969268 18.803728 1.249686 31.383217 2.493503 13.921939 -33.329691 -26.163403 35.808372 -9.368324 14.999844 4.596646 0.000000 0.000000 -0.055232 0.000000 0.000000 -7.969741 -5.107087 -8.050663 29.600658 -3.154213 15.000000 20.494333 0.000000 0.000000 6.498429 0.000000 0.000000 6.271931 -1.933901 -4.817211 24.523942 5.634231 15.000000 16.279153 0.000000 0.000000 14.808272 0.000000 0.000000 -1.013052 -2.505694 -6.799366 30.724598 -13.249291 -15.000000 5.965683 0.000000 0.000000 18.164829 0.000000 0.000000 -3.109834 -2.403556 -3.139792 24.223688 8.070621 120.000000 15.816387 0.000000 0.000000 -15.000000 0.000000 0.000000 -4.610124 -2.491975 -2.359596 0.000000 0.000000 0.000000 0.000000 0.000000 0.000000 0.000000 0.000000 0.000000 0.000000 0.000000 0.000000 0.000000 0.000000 0.000000 0.000000 0.000000 0.000000 0.000000 0.000000 0.000000 0.000000 0.000000 0.000000 
0.000000 89.700000 0.000000 0.000000 0.000000 0.000000 -0.618203 0.894272 -0.273404 0.893832 -1.754212 -1.456562 -0.492540 -0.463855 3.065648 -0.196735 1.529754 -2.020888 -0.960442 -2.251785 2.960718 0.000000 0.000000 0.000000 -23.277487 -3.269383 -0.033695 -49.073496 -5.455639 18.172923 -9.362426 -24.402785 16.917823 -14.590603 21.941369 -28.702384 -40.187903 17.937310 -15.000000 -13.127826 0.000000 0.000000 -12.492609 0.000000 0.000000 0.022390 -0.001199 4.934506 -26.249284 16.100485 -15.000000 -12.927040 0.000000 0.000000 -25.263340 0.000000 0.000000 2.447046 -0.079831 2.056764 -26.090717 -10.273737 120.000000 -21.311534 0.000000 0.000000 15.000000 0.000000 0.000000 4.260386 -0.094452 1.375350 -35.574436 12.872900 7.471258 -26.935758 0.000000 0.000000 -15.747410 0.000000 0.000000 -6.917769 0.291382 2.291170 -29.224466 -0.417043 15.000000 -22.110381 0.000000 0.000000 -22.363057 0.000000 0.000000 0.441624 -0.014543 2.538997 24.974976 5.961766 -0.443055 50.295909 3.962995 18.747737 1.304147 31.302655 2.496874 13.810742 -33.338246 -25.841407 35.758375 -9.439792 14.998232 4.664884 0.000000 0.000000 0.122806 0.000000 0.000000 -7.969741 -5.107087 -8.050663 29.476973 -3.174753 15.000000 20.665897 0.000000 0.000000 6.553354 0.000000 0.000000 6.271931 -1.933901 -4.817211 24.322740 5.718114 15.000000 16.356732 0.000000 0.000000 14.851997 0.000000 0.000000 -1.013052 -2.505694 -6.799366 30.647525 -13.234020 -15.000000 6.037269 0.000000 0.000000 18.212466 0.000000 0.000000 -3.109834 -2.403556 -3.139792 24.259788 8.118506 120.000000 15.764016 0.000000 0.000000 -15.000000 0.000000 0.000000 -4.610124 -2.491975 -2.359596 0.000000 0.000000 0.000000 0.000000 0.000000 0.000000 0.000000 0.000000 0.000000 0.000000 0.000000 0.000000 0.000000 0.000000 0.000000 0.000000 0.000000 0.000000 0.000000 0.000000 0.000000 0.000000 0.000000 0.000000 
0.000000 89.700000 0.000000 0.000000 0.000000 0.000000 -0.649319 0.873222 -0.214702 0.932081 -1.757152 -1.502335 -0.478786 -0.488746 3.062215 -0.233296 1.445426 -2.071577 -1.009818 -2.342574 2.873113 0.000000 0.000000 0.000000 -23.189690 -3.257275 -0.009010 -49.179244 -5.494087 18.208997 -9.392267 -24.314446 17.028676 -14.463633 21.782542 -28.688675 -39.846854 18.073326 -15.000000 -13.386802 0.000000 0.000000 -12.632881 0.000000 0.000000 0.022390 -0.001199 4.934506 -26.251276 16.193287 -15.000000 -13.035560 0.000000 0.000000 -25.350615 0.000000 0.000000 2.447046 -0.079831 2.056764 -26.087669 -10.232790 120.000000 -21.450845 0.000000 0.000000 15.000000 0.000000 0.000000 4.260386 -0.094452 1.375350 -35.065422 13.057193 6.776493 -27.024854 0.000000 0.000000 -16.126176 0.000000 0.000000 -6.917769 0.291382 2.291170 -28.677877 -0.167935 15.000000 -22.128913 0.000000 0.000000 -22.672433 0.000000 0.000000 0.441624 -0.014543 2.538997 24.977934 5.918811 -0.464493 50.310635 3.959364 18.671367 1.346376 31.097549 2.436788 13.789036 -33.378525 -25.558832 36.059445 -9.638717 14.986393 4.761439 0.000000 0.000000 0.019742 0.000000 0.000000 -7.969741 -5.107087 -8.050663 29.617433 -3.203993 15.000000 20.912462 0.000000 0.000000 6.525412 0.000000 0.000000 6.271931 -1.933901 -4.817211 24.539214 5.943742 15.000000 16.494696 0.000000 0.000000 14.880641 0.000000 0.000000 -1.013052 -2.505694 -6.799366 30.856587 -13.303217 -15.000000 6.106361 0.000000 0.000000 18.244015 0.000000 0.000000 -3.109834 -2.403556 -3.139792 24.334360 8.144859 119.999997 15.640030 0.000000 0.000000 -15.000000 0.000000 0.000000 -4.610124 -2.491975 -2.359596 0.000000 0.000000 0.000000 0.000000 0.000000 0.000000 0.000000 0.000000 0.000000 0.000000 0.000000 0.000000 0.000000 0.000000 0.000000 0.000000 0.000000 0.000000 0.000000 0.000000 0.000000 0.000000 0.000000 0.000000 
0.000000 89.700000 0.000000 0.000000 0.000000 0.000000 -0.700210 0.866001 -0.133631 0.976271 -1.754498 -1.559092 -0.462750 -0.514958 3.067831 -0.259396 1.330698 -2.151489 -1.072698 -2.483566 2.773804 0.000000 0.000000 0.000000 -23.094684 -3.249694 0.008337 -49.279579 -5.540641 18.254234 -9.448719 -24.246449 17.187326 -14.304489 21.610486 -28.707530 -39.481992 18.208144 -15.000000 -13.616106 0.000000 0.000000 -12.782310 0.000000 0.000000 0.022390 -0.001199 4.934506 -26.075945 16.240695 -15.000000 -13.088106 0.000000 0.000000 -25.432568 0.000000 0.000000 2.447046 -0.079831 2.056764 -26.092294 -10.189874 120.000000 -21.614590 0.000000 0.000000 15.000000 0.000000 0.000000 4.260386 -0.094452 1.375350 -34.664014 13.269512 6.099210 -27.124939 0.000000 0.000000 -16.519904 0.000000 0.000000 -6.917769 0.291382 2.291170 -28.320898 0.114577 15.000000 -22.162079 0.000000 0.000000 -23.034420 0.000000 0.000000 0.441624 -0.014543 2.538997 24.980074 5.857225 -0.471291 50.270248 3.973528 18.569772 1.401443 30.798582 2.351759 13.830496 -33.450776 -25.317617 37.315182 -9.969310 14.924898 4.909529 0.000000 0.000000 -0.200562 0.000000 0.000000 -7.969741 -5.107087 -8.050663 30.773608 -3.221687 15.000000 21.280265 0.000000 0.000000 6.426580 0.000000 0.000000 6.271931 -1.933901 -4.817211 25.519908 6.374097 15.000000 16.677108 0.000000 0.000000 14.857585 0.000000 0.000000 -1.013052 -2.505694 -6.799366 31.452839 -13.436682 -15.000000 6.144346 0.000000 0.000000 18.226594 0.000000 0.000000 -3.109834 -2.403556 -3.139792 24.472693 8.123000 119.999949 15.467002 0.000000 0.000000 -15.000000 0.000000 0.000000 -4.610124 -2.491975 -2.359596 0.000000 0.000000 0.000000 0.000000 0.000000 0.000000 0.000000 0.000000 0.000000 0.000000 0.000000 0.000000 0.000000 0.000000 0.000000 0.000000 0.000000 0.000000 0.000000 0.000000 0.000000 0.000000 0.000000 0.000000 
0.000000 89.700000 0.000000 0.000000 0.000000 0.000000 -0.771153 0.876325 -0.027255 1.025643 -1.744995 -1.628321 -0.444838 -0.541035 3.084485 -0.272947 1.192269 -2.263417 -1.151513 -2.669593 2.671029 0.000000 0.000000 0.000000 -22.995292 -3.255014 0.015500 -49.365951 -5.591881 18.301999 -9.530567 -24.199022 17.391876 -14.102310 21.458137 -28.750429 -39.285509 18.315719 -15.000000 -13.791931 0.000000 0.000000 -12.926302 0.000000 0.000000 0.022390 -0.001199 4.934506 -26.041080 16.246229 -15.000000 -13.089869 0.000000 0.000000 -25.540879 0.000000 0.000000 2.447046 -0.079831 2.056764 -26.120472 -10.136915 120.000000 -21.766471 0.000000 0.000000 15.000000 0.000000 0.000000 4.260386 -0.094452 1.375350 -34.488674 13.458096 5.533595 -27.195213 0.000000 0.000000 -16.864445 0.000000 0.000000 -6.917769 0.291382 2.291170 -28.315146 0.370120 15.000000 -22.172403 0.000000 0.000000 -23.401117 0.000000 0.000000 0.441624 -0.014543 2.538997 24.966892 5.792303 -0.463363 50.123807 4.041230 18.438759 1.415689 30.326995 2.183290 13.808300 -33.506395 -25.125634 39.387812 -10.362144 14.692871 5.169422 0.000000 0.000000 -0.267424 0.000000 0.000000 -7.969741 -5.107087 -8.050663 32.755603 -3.222887 15.000000 21.847915 0.000000 0.000000 6.413362 0.000000 0.000000 6.271931 -1.933901 -4.817211 27.038746 6.979271 15.000000 16.888515 0.000000 0.000000 14.826960 0.000000 0.000000 -1.013052 -2.505694 -6.799366 32.072845 -13.568111 -15.000000 6.153264 0.000000 0.000000 18.170088 0.000000 0.000000 -3.109834 -2.403556 -3.139792 24.710353 8.016022 119.999421 15.295890 0.000000 0.000000 -14.999996 0.000000 0.000000 -4.610124 -2.491975 -2.359596 0.000000 0.000000 0.000000 0.000000 0.000000 0.000000 0.000000 0.000000 0.000000 0.000000 0.000000 0.000000 0.000000 0.000000 0.000000 0.000000 0.000000 0.000000 0.000000 0.000000 0.000000 0.000000 0.000000 0.000000 
0.000000 89.700000 0.000000 0.000000 0.000000 0.000000 -0.855002 0.903435 0.103809 1.078110 -1.728679 -1.713458 -0.425763 -0.565241 3.117324 -0.271071 1.042728 -2.412039 -1.249465 -2.888148 2.574329 0.000000 0.000000 0.000000 -22.895224 -3.285680 0.011301 -49.425041 -5.638005 18.341210 -9.637724 -24.175334 17.639362 -13.876609 21.338443 -28.807066 -39.279831 18.371063 -15.000000 -13.908282 0.000000 0.000000 -13.022844 0.000000 0.000000 0.022390 -0.001199 4.934506 -26.034148 16.214981 -15.000000 -13.052741 0.000000 0.000000 -25.654187 0.000000 0.000000 2.447046 -0.079831 2.056764 -26.175887 -10.060121 120.000000 -21.864037 0.000000 0.000000 15.000000 0.000000 0.000000 4.260386 -0.094452 1.375350 -34.589904 13.568094 5.171401 -27.202674 0.000000 0.000000 -17.099857 0.000000 0.000000 -6.917769 0.291382 2.291170 -28.551740 0.541428 15.000000 -22.129734 0.000000 0.000000 -23.708317 0.000000 0.000000 0.441624 -0.014543 2.538997 24.911080 5.763471 -0.453986 49.811012 4.232877 18.273495 1.513911 29.761287 2.103356 13.523575 -33.455879 -25.030977 41.553040 -10.694259 14.049995 5.637774 0.000000 0.000000 -0.077300 0.000000 0.000000 -7.969741 -5.107087 -8.050663 34.463394 -3.221904 15.000000 22.642893 0.000000 0.000000 6.593418 0.000000 0.000000 6.271931 -1.933901 -4.817211 29.001880 7.603400 15.000000 17.123690 0.000000 0.000000 14.905745 0.000000 0.000000 -1.013052 -2.505694 -6.799366 33.312429 -13.609447 -14.999992 6.243087 0.000000 0.000000 18.098621 0.000000 0.000000 -3.109834 -2.403556 -3.139792 25.093683 7.797380 119.995550 15.225713 0.000000 0.000000 -14.999914 0.000000 0.000000 -4.610124 -2.491975 -2.359596 0.000000 0.000000 0.000000 0.000000 0.000000 0.000000 0.000000 0.000000 0.000000 0.000000 0.000000 0.000000 0.000000 0.000000 0.000000 0.000000 0.000000 0.000000 0.000000 0.000000 0.000000 0.000000 0.000000 0.000000 
0.000000 89.700000 0.000000 0.000000 0.000000 0.000000 -0.940105 0.945208 0.249585 1.129696 -1.706938 -1.818244 -0.407151 -0.584540 3.174474 -0.248857 0.896211 -2.600136 -1.369876 -3.125927 2.489704 0.000000 0.000000 0.000000 -22.795384 -3.359592 -0.003932 -49.440193 -5.663356 18.362773 -9.774245 -24.184185 17.933423 -13.658616 21.242917 -28.864726 -39.278258 18.363235 -15.000000 -14.011340 0.000000 0.000000 -13.036139 0.000000 0.000000 0.022390 -0.001199 4.934506 -26.120261 16.138167 -15.000000 -13.008255 0.000000 0.000000 -25.714747 0.000000 0.000000 2.447046 -0.079831 2.056764 -26.254848 -9.937062 120.000000 -21.877745 0.000000 0.000000 15.000000 0.000000 0.000000 4.260386 -0.094452 1.375350 -34.724848 13.573410 5.031364 -27.170216 0.000000 0.000000 -17.207296 0.000000 0.000000 -6.917769 0.291382 2.291170 -28.835220 0.593320 15.000000 -22.050973 0.000000 0.000000 -23.936492 0.000000 0.000000 0.441624 -0.014543 2.538997 24.775763 5.836256 -0.470513 49.282428 4.657113 18.067081 1.611055 29.303767 2.123319 12.918959 -33.287464 -25.156118 44.049479 -10.822869 12.742602 6.379509 0.000000 0.000000 0.229819 0.000000 0.000000 -7.969741 -5.107087 -8.050663 36.681116 -3.201317 15.000000 23.561199 0.000000 0.000000 6.871275 0.000000 0.000000 6.271931 -1.933901 -4.817211 32.085156 8.043289 15.000000 17.391967 0.000000 0.000000 15.238005 0.000000 0.000000 -1.013052 -2.505694 -6.799366 34.728279 -13.441471 -14.999838 6.601875 0.000000 0.000000 17.948774 0.000000 0.000000 -3.109834 -2.403556 -3.139792 25.629420 7.573912 119.975547 15.410564 0.000000 0.000000 -14.998902 0.000000 0.000000 -4.610124 -2.491975 -2.359596 0.000000 0.000000 0.000000 0.000000 0.000000 0.000000 0.000000 0.000000 0.000000 0.000000 0.000000 0.000000 0.000000 0.000000 0.000000 0.000000 0.000000 0.000000 0.000000 0.000000 0.000000 0.000000 0.000000 0.000000 
0.000000 89.700000 0.000000 0.000000 0.000000 0.000000 -1.014462 1.005696 0.389017 1.173451 -1.681187 -1.944004 -0.392165 -0.592538 3.263546 -0.200009 0.761908 -2.824063 -1.514526 -3.371957 2.420155 0.000000 0.000000 0.000000 -22.692009 -3.498663 -0.031014 -49.396915 -5.650261 18.363659 -9.945936 -24.237881 18.282435 -13.476170 21.164794 -28.904661 -38.993380 18.314227 -15.000000 -14.177260 0.000000 0.000000 -12.994282 0.000000 0.000000 0.022390 -0.001199 4.934506 -26.288249 16.012716 -15.000000 -13.003791 0.000000 0.000000 -25.707253 0.000000 0.000000 2.447046 -0.079831 2.056764 -26.350499 -9.767771 120.000000 -21.822434 0.000000 0.000000 15.000000 0.000000 0.000000 4.260386 -0.094452 1.375350 -34.636356 13.509685 5.012692 -27.173261 0.000000 0.000000 -17.244805 0.000000 0.000000 -6.917769 0.291382 2.291170 -28.938816 0.534742 15.000000 -22.005901 0.000000 0.000000 -24.127491 0.000000 0.000000 0.441624 -0.014543 2.538997 24.519245 6.088759 -0.548055 48.519867 5.444752 17.809993 1.584246 29.222504 2.255390 12.272993 -33.191231 -25.708884 46.660049 -10.630181 10.808544 7.320707 0.000000 0.000000 0.461116 0.000000 0.000000 -7.969741 -5.107087 -8.050663 39.387920 -3.077505 14.999995 24.381858 0.000000 0.000000 7.077145 0.000000 0.000000 6.271931 -1.933901 -4.817211 36.205942 8.164526 14.999998 17.690772 0.000000 0.000000 15.905372 0.000000 0.000000 -1.013052 -2.505694 -6.799366 35.537937 -12.953104 -14.998069 7.321352 0.000000 0.000000 17.537206 0.000000 0.000000 -3.109834 -2.403556 -3.139792 26.208781 7.662861 119.900943 15.997667 0.000000 0.000000 -14.990394 0.000000 0.000000 -4.610124 -2.491975 -2.359596 0.000000 0.000000 0.000000 0.000000 0.000000 0.000000 0.000000 0.000000 0.000000 0.000000 0.000000 0.000000 0.000000 0.000000 0.000000 0.000000 0.000000 0.000000 0.000000 0.000000 0.000000 0.000000 0.000000 0.000000 
0.000000 89.700000 0.000000 0.000000 0.000000 0.000000 -1.065820 1.099728 0.495805 1.198320 -1.651773 -2.089343 -0.386365 -0.579035 3.386357 -0.117923 0.639420 -3.068911 -1.682698 -3.614057 2.371630 0.000000 0.000000 0.000000 -22.578337 -3.722266 -0.075136 -49.291335 -5.585103 18.344833 -10.151286 -24.342893 18.685530 -13.362961 21.118976 -28.899056 -38.519775 18.274045 -15.000000 -14.440049 0.000000 0.000000 -12.989062 0.000000 0.000000 0.022390 -0.001199 4.934506 -26.154717 15.865174 -15.000000 -13.063308 0.000000 0.000000 -25.692616 0.000000 0.000000 2.447046 -0.079831 2.056764 -26.450563 -9.596478 120.000000 -21.755237 0.000000 0.000000 15.000000 0.000000 0.000000 4.260386 -0.094452 1.375350 -34.353693 13.461229 4.953783 -27.281790 0.000000 0.000000 -17.321911 0.000000 0.000000 -6.917769 0.291382 2.291170 -28.973330 0.415926 15.000000 -22.072136 0.000000 0.000000 -24.342530 0.000000 0.000000 0.441624 -0.014543 2.538997 24.094956 6.587085 -0.724303 47.547222 6.721011 17.489800 1.460085 30.104959 2.360319 12.063754 -33.493049 -26.965143 45.213835 -10.115224 8.751938 8.250991 0.000000 0.000000 0.605993 0.000000 0.000000 -7.969741 -5.107087 -8.050663 37.823472 -2.775277 14.999909 24.906079 0.000000 0.000000 7.206113 0.000000 0.000000 6.271931 -1.933901 -4.817211 35.135356 7.955570 14.999945 18.011421 0.000000 0.000000 16.845357 0.000000 0.000000 -1.013052 -2.505694 -6.799366 33.385028 -12.191531 -14.984335 8.291608 0.000000 0.000000 16.760829 0.000000 0.000000 -3.109834 -2.403556 -3.139792 26.616053 8.455489 119.699212 17.030016 0.000000 0.000000 -14.938660 0.000000 0.000000 -4.610124 -2.491975 -2.359596 0.000000 0.000000 0.000000 0.000000 0.000000 0.000000 0.000000 0.000000 0.000000 0.000000 0.000000 0.000000 0.000000 0.000000 0.000000 0.000000 0.000000 0.000000 0.000000 0.000000 0.000000 0.000000 0.000000 0.000000 
0.000000 89.700000 0.000000 0.000000 0.000000 0.000000 -1.079598 1.251636 0.550848 1.189650 -1.617850 -2.254059 -0.397849 -0.531883 3.535687 0.004036 0.520443 -3.305521 -1.873511 -3.835993 2.354020 0.000000 0.000000 0.000000 -22.447834 -4.039456 -0.146021 -49.137634 -5.463743 18.306756 -10.370991 -24.489846 19.119912 -13.351688 21.132073 -28.810309 -38.485692 18.285880 -15.000000 -14.753455 0.000000 0.000000 -13.109638 0.000000 0.000000 0.022390 -0.001199 4.934506 -25.957337 15.743944 -15.000000 -13.154436 0.000000 0.000000 -25.756994 0.000000 0.000000 2.447046 -0.079831 2.056764 -26.535279 -9.479826 120.000000 -21.717967 0.000000 0.000000 15.000000 0.000000 0.000000 4.260386 -0.094452 1.375350 -34.460078 13.496672 4.739288 -27.504583 0.000000 0.000000 -17.523805 0.000000 0.000000 -6.917769 0.291382 2.291170 -29.186964 0.286453 15.000000 -22.273405 0.000000 0.000000 -24.618169 0.000000 0.000000 0.441624 -0.014543 2.538997 23.449449 7.365786 -1.041498 46.429021 8.581688 17.093153 1.306681 32.090294 2.335227 12.574091 -34.314126 -29.240390 42.647870 -9.478623 7.163236 9.117873 0.000000 0.000000 0.903770 0.000000 0.000000 -7.969741 -5.107087 -8.050663 34.984857 -2.379251 14.999002 25.224963 0.000000 0.000000 7.453892 0.000000 0.000000 6.271931 -1.933901 -4.817211 32.121073 7.465344 14.999254 18.492009 0.000000 0.000000 17.926220 0.000000 0.000000 -1.013052 -2.505694 -6.799366 31.225139 -11.420635 -14.908349 9.463958 0.000000 0.000000 15.884985 0.000000 0.000000 -3.109834 -2.403556 -3.139792 26.769298 10.243310 119.309289 18.487041 0.000000 0.000000 -14.704301 0.000000 0.000000 -4.610124 -2.491975 -2.359596 0.000000 0.000000 0.000000 0.000000 0.000000 0.000000 0.000000 0.000000 0.000000 0.000000 0.000000 0.000000 0.000000 0.000000 0.000000 0.000000 0.000000 0.000000 0.000000 0.000000 0.000000 0.000000 0.000000 0.000000 
0.000000 89.700000 0.000000 0.000000 0.000000 0.000000 -1.041909 1.494226 0.558223 1.133198 -1.577377 -2.443064 -0.434783 -0.438758 3.694624 0.170629 0.398448 -3.495784 -2.089242 -4.022984 2.371737 0.000000 0.000000 0.000000 -22.296122 -4.446965 -0.252585 -48.968234 -5.293938 18.247381 -10.567648 -24.654765 19.545828 -13.431982 21.217367 -28.593103 -38.453666 18.354352 -15.000000 -15.029529 0.000000 0.000000 -13.390524 0.000000 0.000000 0.022390 -0.001199 4.934506 -25.907819 15.687512 -15.000000 -13.207413 0.000000 0.000000 -25.951536 0.000000 0.000000 2.447046 -0.079831 2.056764 -26.583591 -9.438769 120.000000 -21.686858 0.000000 0.000000 15.000000 0.000000 0.000000 4.260386 -0.094452 1.375350 -34.430507 13.618208 4.333634 -27.788485 0.000000 0.000000 -17.867799 0.000000 0.000000 -6.917769 0.291382 2.291170 -29.196900 0.152875 15.000000 -22.560774 0.000000 0.000000 -24.956487 0.000000 0.000000 0.441624 -0.014543 2.538997 22.532022 8.420649 -1.546358 45.260672 11.073426 16.614099 0.749861 35.265925 1.821235 13.753141 -35.109119 -32.853705 41.243400 -9.009745 6.145223 10.427370 0.000000 0.000000 1.708581 0.000000 0.000000 -7.969741 -5.107087 -8.050663 33.662888 -2.104675 14.992604 25.931643 0.000000 0.000000 8.056209 0.000000 0.000000 6.271931 -1.933901 -4.817211 30.186250 6.773677 14.993166 19.633289 0.000000 0.000000 19.121561 0.000000 0.000000 -1.013052 -2.505694 -6.799366 30.261982 -10.850670 -14.600205 11.323581 0.000000 0.000000 15.506561 0.000000 0.000000 -3.109834 -2.403556 -3.139792 27.029874 13.190433 118.793040 20.424479 0.000000 0.000000 -13.900792 0.000000 0.000000 -4.610124 -2.491975 -2.359596 0.000000 0.000000 0.000000 0.000000 0.000000 0.000000 0.000000 0.000000 0.000000 0.000000 0.000000 0.000000 0.000000 0.000000 0.000000 0.000000 0.000000 0.000000 0.000000 0.000000 0.000000 0.000000 0.000000 0.000000 
0.000000 89.700000 0.000000 0.000000 0.000000 0.000000 -0.949816 1.870627 0.558128 1.021953 -1.527278 -2.663348 -0.500182 -0.288859 3.836925 0.378962 0.282334 -3.610751 -2.333778 -4.171249 2.414144 0.000000 0.000000 0.000000 -22.120915 -4.932876 -0.394064 -48.823230 -5.094302 18.162259 -10.702290 -24.814596 19.932549 -13.532205 21.363144 -28.200535 -38.351908 18.452646 -15.000000 -15.205698 0.000000 0.000000 -13.814145 0.000000 0.000000 0.022390 -0.001199 4.934506 -25.919490 15.706415 -15.000000 -13.163013 0.000000 0.000000 -26.275111 0.000000 0.000000 2.447046 -0.079831 2.056764 -26.585848 -9.444123 120.000000 -21.596745 0.000000 0.000000 15.000000 0.000000 0.000000 4.260386 -0.094452 1.375350 -34.279753 13.778405 3.749894 -28.067053 0.000000 0.000000 -18.322939 0.000000 0.000000 -6.917769 0.291382 2.291170 -29.025161 -0.014315 15.000000 -22.857460 0.000000 0.000000 -25.337554 0.000000 0.000000 0.441624 -0.014543 2.538997 21.322874 9.705529 -2.273862 44.156291 14.168029 16.068214 -0.767604 40.627915 0.569698 15.501738 -34.482199 -38.043982 42.070713 -8.749461 5.383372 13.171928 0.000000 0.000000 3.246439 0.000000 0.000000 -7.969741 -5.107087 -8.050663 34.643811 -1.937924 14.961104 27.882463 0.000000 0.000000 9.135249 0.000000 0.000000 6.271931 -1.933901 -4.817211 30.897893 6.164586 14.955478 22.183937 0.000000 0.000000 20.438400 0.000000 0.000000 -1.013052 -2.505694 -6.799366 30.060351 -10.251412 -13.672658 14.886927 0.000000 0.000000 16.035081 0.000000 0.000000 -3.109834 -2.403556 -3.139792 28.078011 17.219422 118.372310 22.875505 0.000000 0.000000 -11.805174 0.000000 0.000000 -4.610124 -2.491975 -2.359596 0.000000 0.000000 0.000000 0.000000 0.000000 0.000000 0.000000 0.000000 0.000000 0.000000 0.000000 0.000000 0.000000 0.000000 0.000000 0.000000 0.000000 0.000000 0.000000 0.000000 0.000000 0.000000 0.000000 0.000000 
0.000000 89.700000 0.000000 0.000000 0.000000 0.000000 -0.820881 2.432014 0.623308 0.860326 -1.463829 -2.915409 -0.588545 -0.076648 3.931109 0.614307 0.201824 -3.650375 -2.607154 -4.290448 2.458924 0.000000 0.000000 0.000000 -21.919217 -5.477558 -0.555808 -48.735919 -4.889672 18.044397 -10.757651 -24.962288 20.289039 -13.563716 21.531986 -27.594211 -39.134901 18.568207 -15.000000 -15.288677 0.000000 0.000000 -14.333948 0.000000 0.000000 0.022390 -0.001199 4.934506 -26.574984 15.802971 -15.000000 -13.011310 0.000000 0.000000 -26.685319 0.000000 0.000000 2.447046 -0.079831 2.056764 -26.556142 -9.427507 120.000000 -21.414914 0.000000 0.000000 15.000000 0.000000 0.000000 4.260386 -0.094452 1.375350 -34.924646 13.942338 3.027516 -28.306708 0.000000 0.000000 -18.846549 0.000000 0.000000 -6.917769 0.291382 2.291170 -29.643983 -0.228008 15.000000 -23.118567 0.000000 0.000000 -25.740630 0.000000 0.000000 0.441624 -0.014543 2.538997 19.860619 11.131668 -3.221235 43.237581 17.744848 15.504244 -3.880314 48.239089 -2.038434 17.753017 -30.776542 -44.805170 46.100057 -8.341583 4.705992 17.972567 0.000000 0.000000 5.363246 0.000000 0.000000 -7.969741 -5.107087 -8.050663 39.781694 -1.428957 14.850587 31.377238 0.000000 0.000000 10.602595 0.000000 0.000000 6.271931 -1.933901 -4.817211 36.391981 6.155570 14.786997 26.383419 0.000000 0.000000 21.621523 0.000000 0.000000 -1.013052 -2.505694 -6.799366 32.756398 -9.060867 -11.596466 20.784063 0.000000 0.000000 17.191798 0.000000 0.000000 -3.109834 -2.403556 -3.139792 30.198944 21.699328 118.217453 25.526487 0.000000 0.000000 -7.661749 0.000000 0.000000 -4.610124 -2.491975 -2.359596 0.000000 0.000000 0.000000 0.000000 0.000000 0.000000 0.000000 0.000000 0.000000 0.000000 0.000000 0.000000 0.000000 0.000000 0.000000 0.000000 0.000000 0.000000 0.000000 0.000000 0.000000 0.000000 0.000000 0.000000 
0.000000 89.700000 0.000000 0.000000 0.000000 0.000000 -0.688723 3.226960 0.829294 0.660543 -1.381892 -3.188549 -0.690304 0.193489 3.951067 0.857025 0.191572 -3.641927 -2.904059 -4.397350 2.486431 0.000000 0.000000 0.000000 -21.681684 -6.047592 -0.716677 -48.727085 -4.702093 17.884696 -10.748358 -25.103093 20.668583 -13.468048 21.660864 -26.754025 -39.694400 18.739024 -15.000000 -15.347172 0.000000 0.000000 -14.884892 0.000000 0.000000 0.022390 -0.001199 4.934506 -27.038753 16.004022 -15.000000 -12.806948 0.000000 0.000000 -27.122672 0.000000 0.000000 2.447046 -0.079831 2.056764 -26.532113 -9.304723 120.000000 -21.178785 0.000000 0.000000 15.000000 0.000000 0.000000 4.260386 -0.094452 1.375350 -35.401065 14.129095 2.219926 -28.507149 0.000000 0.000000 -19.392422 0.000000 0.000000 -6.917769 0.291382 2.291170 -30.348286 -0.439912 15.000000 -23.345844 0.000000 0.000000 -26.151495 0.000000 0.000000 0.441624 -0.014543 2.538997 18.238116 12.583188 -4.337719 42.618168 21.613179 15.001822 -8.802432 55.325846 -5.929816 19.952475 -23.396514 -52.711847 53.010612 -7.498455 4.226131 23.951429 0.000000 0.000000 7.546703 0.000000 0.000000 -7.969741 -5.107087 -8.050663 47.450891 -0.277757 14.574734 35.340864 0.000000 0.000000 12.182643 0.000000 0.000000 6.271931 -1.933901 -4.817211 46.532702 6.887455 14.238338 30.982524 0.000000 0.000000 22.207903 0.000000 0.000000 -1.013052 -2.505694 -6.799366 40.412058 -7.204063 -8.164265 27.968767 0.000000 0.000000 18.240231 0.000000 0.000000 -3.109834 -2.403556 -3.139792 32.581281 25.429279 118.165609 27.711714 0.000000 0.000000 -1.513628 0.000000 0.000000 -4.610124 -2.491975 -2.359596 0.000000 0.000000 0.000000 0.000000 0.000000 0.000000 0.000000 0.000000 0.000000 0.000000 0.000000 0.000000 0.000000 0.000000 0.000000 0.000000 0.000000 0.000000 0.000000 0.000000 0.000000 0.000000 0.000000 0.000000 
0.000000 89.700000 0.000000 0.000000 0.000000 0.000000 -0.580392 4.285154 1.209616 0.435552 -1.275032 -3.462508 -0.800185 0.505385 3.887709 1.095624 0.263517 -3.613353 -3.217386 -4.507831 2.490244 0.000000 0.000000 0.000000 -21.391154 -6.591435 -0.861506 -48.809184 -4.539421 17.676549 -10.709608 -25.233013 21.131789 -13.218383 21.675270 -25.682227 -39.934799 19.028787 -14.999999 -15.459247 0.000000 0.000000 -15.391336 0.000000 0.000000 0.022390 -0.001199 4.934506 -27.499096 16.344885 -15.000000 -12.642348 0.000000 0.000000 -27.536679 0.000000 0.000000 2.447046 -0.079831 2.056764 -26.547770 -9.023617 120.000000 -20.960343 0.000000 0.000000 15.000000 0.000000 0.000000 4.260386 -0.094452 1.375350 -35.650537 14.397093 1.382936 -28.682743 0.000000 0.000000 -19.902330 0.000000 0.000000 -6.917769 0.291382 2.291170 -30.877822 -0.541085 15.000000 -23.559294 0.000000 0.000000 -26.547229 0.000000 0.000000 0.441624 -0.014543 2.538997 16.567888 13.949476 -5.539765 42.373438 25.562716 14.649717 -17.129855 62.142521 -12.618773 20.841711 -13.703936 -60.904745 59.862149 -6.637567 4.013017 28.615418 0.000000 0.000000 9.342507 0.000000 0.000000 -7.969741 -5.107087 -8.050663 54.677189 0.838178 14.097603 37.529977 0.000000 0.000000 13.636920 0.000000 0.000000 6.271931 -1.933901 -4.817211 56.716912 7.424625 12.946416 33.247443 0.000000 0.000000 21.991732 0.000000 0.000000 -1.013052 -2.505694 -6.799366 50.052659 -5.681707 -4.026994 33.567856 0.000000 0.000000 18.719821 0.000000 0.000000 -3.109834 -2.403556 -3.139792 33.473690 27.306886 117.813562 28.973145 0.000000 0.000000 5.267661 0.000000 0.000000 -4.610124 -2.491975 -2.359596 0.000000 0.000000 0.000000 0.000000 0.000000 0.000000 0.000000 0.000000 0.000000 0.000000 0.000000 0.000000 0.000000 0.000000 0.000000 0.000000 0.000000 0.000000 0.000000 0.000000 0.000000 0.000000 0.000000 0.000000 
0.000000 89.700000 0.000000 0.000000 0.000000 0.000000 -0.494713 5.598612 1.724424 0.197596 -1.141062 -3.710309 -0.917947 0.833527 3.754137 1.329386 0.399463 -3.568698 -3.537894 -4.628288 2.475690 0.000000 0.000000 0.000000 -21.034419 -7.047279 -0.984922 -48.985898 -4.388962 17.424628 -10.675140 -25.322770 21.694271 -12.805962 21.516759 -24.402174 -40.562372 19.448269 -14.999980 -15.669041 0.000000 0.000000 -15.787421 0.000000 0.000000 0.022390 -0.001199 4.934506 -28.178728 16.792590 -15.000000 -12.585530 0.000000 0.000000 -27.891439 0.000000 0.000000 2.447046 -0.079831 2.056764 -26.604817 -8.609467 120.000000 -20.813724 0.000000 0.000000 15.000000 0.000000 0.000000 4.260386 -0.094452 1.375350 -36.316209 14.786151 0.585737 -28.867272 0.000000 0.000000 -20.317792 0.000000 0.000000 -6.917769 0.291382 2.291170 -31.269767 -0.410296 15.000000 -23.764112 0.000000 0.000000 -26.897744 0.000000 0.000000 0.441624 -0.014543 2.538997 14.954734 15.151070 -6.732804 42.508129 29.386444 14.513866 -30.487603 68.925830 -23.074293 19.444455 -4.245611 -68.337384 58.657633 -6.663849 4.031918 29.554639 0.000000 0.000000 10.651084 0.000000 0.000000 -7.969741 -5.107087 -8.050663 54.314509 0.614210 13.566847 36.156722 0.000000 0.000000 14.966248 0.000000 0.000000 6.271931 -1.933901 -4.817211 57.566460 6.242527 10.808213 30.812814 0.000000 0.000000 21.219333 0.000000 0.000000 -1.013052 -2.505694 -6.799366 51.392050 -5.810813 -0.419489 34.876641 0.000000 0.000000 18.654377 0.000000 0.000000 -3.109834 -2.403556 -3.139792 31.397172 27.216695 116.958208 29.616909 0.000000 0.000000 10.981090 0.000000 0.000000 -4.610124 -2.491975 -2.359596 0.000000 0.000000 0.000000 0.000000 0.000000 0.000000 0.000000 0.000000 0.000000 0.000000 0.000000 0.000000 0.000000 0.000000 0.000000 0.000000 0.000000 0.000000 0.000000 0.000000 0.000000 0.000000 0.000000 0.000000 
0.000000 89.700000 0.000000 0.000000 0.000000 0.000000 -0.409410 7.109120 2.265921 -0.038832 -0.988432 -3.902253 -1.040544 1.149078 3.582618 1.559136 0.572805 -3.489805 -3.847462 -4.748167 2.451887 0.000000 0.000000 0.000000 -20.621402 -7.359952 -1.086347 -49.239043 -4.223706 17.149189 -10.661810 -25.329696 22.307227 -12.230262 21.161383 -22.958944 -40.822435 19.899497 -14.999757 -15.965829 0.000000 0.000000 -16.035137 0.000000 0.000000 0.022390 -0.001199 4.934506 -28.249529 17.213538 -15.000000 -12.626016 0.000000 0.000000 -28.155316 0.000000 0.000000 2.447046 -0.079831 2.056764 -26.686151 -8.139669 120.000000 -20.749408 0.000000 0.000000 15.000000 0.000000 0.000000 4.260386 -0.094452 1.375350 -36.650447 15.251154 -0.069048 -29.097873 0.000000 0.000000 -20.605963 0.000000 0.000000 -6.917769 0.291382 2.291170 -31.287685 -0.010351 15.000000 -23.927073 0.000000 0.000000 -27.199619 0.000000 0.000000 0.441624 -0.014543 2.538997 13.493588 16.142661 -7.826353 42.954962 32.869084 14.615480 -51.282743 74.586059 -39.832896 16.268119 3.187767 -74.170711 42.340077 -7.881073 4.397332 26.586056 0.000000 0.000000 11.533650 0.000000 0.000000 -7.969741 -5.107087 -8.050663 38.746477 -1.399316 13.273195 31.620478 0.000000 0.000000 16.289136 0.000000 0.000000 6.271931 -1.933901 -4.817211 41.696670 2.774775 8.490162 24.200592 0.000000 0.000000 20.348612 0.000000 0.000000 -1.013052 -2.505694 -6.799366 35.915885 -7.735884 1.963829 31.894501 0.000000 0.000000 18.080987 0.000000 0.000000 -3.109834 -2.403556 -3.139792 26.497801 26.324334 115.761555 30.544258 0.000000 0.000000 15.424085 0.000000 0.000000 -4.610124 -2.491975 -2.359596 0.000000 0.000000 0.000000 0.000000 0.000000 0.000000 0.000000 0.000000 0.000000 0.000000 0.000000 0.000000 0.000000 0.000000 0.000000 0.000000 0.000000 0.000000 0.000000 0.000000 0.000000 0.000000 0.000000 0.000000 
0.000000 89.700000 0.000000 0.000000 0.000000 0.000000 -0.311470 8.718259 2.703181 -0.259556 -0.832493 -4.013154 -1.157791 1.428306 3.414994 1.779452 0.768802 -3.357089 -4.117675 -4.844998 2.425240 0.000000 0.000000 0.000000 -20.191725 -7.496995 -1.168591 -49.518554 -4.021488 16.876804 -10.668987 -25.230424 22.889913 -11.494832 20.633829 -21.427118 -40.711466 20.218362 -14.997936 -16.281111 0.000000 0.000000 -16.122369 0.000000 0.000000 0.022390 -0.001199 4.934506 -28.032652 17.461898 -15.000000 -12.686772 0.000000 0.000000 -28.295331 0.000000 0.000000 2.447046 -0.079831 2.056764 -26.776305 -7.669751 120.000000 -20.712827 0.000000 0.000000 15.000000 0.000000 0.000000 4.260386 -0.094452 1.375350 -36.901037 15.648266 -0.454954 -29.367519 0.000000 0.000000 -20.759381 0.000000 0.000000 -6.917769 0.291382 2.291170 -31.865122 0.530205 15.000000 -23.985358 0.000000 0.000000 -27.474753 0.000000 0.000000 0.441624 -0.014543 2.538997 12.268204 16.902683 -8.749609 43.609820 35.798269 14.930181 -68.827208 76.688800 -54.778592 13.119070 8.728913 -78.065072 29.515978 -9.351921 5.333629 21.793331 0.000000 0.000000 11.862243 0.000000 0.000000 -7.969741 -5.107087 -8.050663 23.557713 -4.043158 13.334804 26.258493 0.000000 0.000000 17.488841 0.000000 0.000000 6.271931 -1.933901 -4.817211 28.574982 -1.832018 7.176283 17.004631 0.000000 0.000000 19.812828 0.000000 0.000000 -1.013052 -2.505694 -6.799366 25.687856 -10.054210 3.499867 27.291054 0.000000 0.000000 16.732810 0.000000 0.000000 -3.109834 -2.403556 -3.139792 20.584876 26.322356 114.377412 32.324631 0.000000 0.000000 19.931974 0.000000 0.000000 -4.610124 -2.491975 -2.359596 0.000000 0.000000 0.000000 0.000000 0.000000 0.000000 0.000000 0.000000 0.000000 0.000000 0.000000 0.000000 0.000000 0.000000 0.000000 0.000000 0.000000 0.000000 0.000000 0.000000 0.000000 0.000000 0.000000 0.000000 
0.000000 89.700000 0.000000 0.000000 0.000000 0.000000 -0.211586 10.321050 2.942106 -0.459431 -0.684406 -4.030930 -1.257772 1.659906 3.289550 1.977164 0.979649 -3.165657 -4.322010 -4.901866 2.398079 0.000000 0.000000 0.000000 -19.799661 -7.459863 -1.242310 -49.755542 -3.785393 16.624752 -10.685959 -25.041425 23.378386 -10.626144 20.023127 -19.919950 -40.474937 20.288840 -14.987195 -16.548385 0.000000 0.000000 -16.044913 0.000000 0.000000 0.022390 -0.001199 4.934506 -27.977235 17.489384 -15.000000 -12.719657 0.000000 0.000000 -28.276681 0.000000 0.000000 2.447046 -0.079831 2.056764 -26.832651 -7.223617 120.000000 -20.594068 0.000000 0.000000 15.000000 0.000000 0.000000 4.260386 -0.094452 1.375350 -37.001032 15.817083 -0.448110 -29.642864 0.000000 0.000000 -20.764644 0.000000 0.000000 -6.917769 0.291382 2.291170 -32.638384 0.968671 15.000000 -23.907776 0.000000 0.000000 -27.692634 0.000000 0.000000 0.441624 -0.014543 2.538997 11.332378 17.427003 -9.466749 44.362861 38.021378 15.396019 -78.934039 77.502602 -63.254524 11.640325 13.749121 -80.207172 26.656514 -9.683020 6.861992 17.420014 0.000000 0.000000 11.340471 0.000000 0.000000 -7.969741 -5.107087 -8.050663 17.046782 -5.622569 13.513854 22.240215 0.000000 0.000000 18.131051 0.000000 0.000000 6.271931 -1.933901 -4.817211 19.542499 -5.774053 7.348022 12.812195 0.000000 0.000000 19.875736 0.000000 0.000000 -1.013052 -2.505694 -6.799366 23.033161 -11.129135 4.880332 23.713472 0.000000 0.000000 14.328924 0.000000 0.000000 -3.109834 -2.403556 -3.139792 15.644075 28.131237 112.705012 34.484793 0.000000 0.000000 25.242601 0.000000 0.000000 -4.610124 -2.491975 -2.359596 0.000000 0.000000 0.000000 0.000000 0.000000 0.000000 0.000000 0.000000 0.000000 0.000000 0.000000 0.000000 0.000000 0.000000 0.000000 0.000000 0.000000 0.000000 0.000000 0.000000 0.000000 0.000000 0.000000 0.000000 
0.000000 89.700000 0.000000 0.000000 0.000000 0.000000 -0.127875 11.840840 2.964235 -0.644556 -0.547646 -3.964495 -1.334239 1.845896 3.227931 2.132521 1.187390 -2.926294 -4.450155 -4.917767 2.374106 0.000000 0.000000 0.000000 -19.490666 -7.286489 -1.324159 -49.894650 -3.546881 16.396175 -10.695585 -24.808465 23.740697 -9.707645 19.468094 -18.584432 -41.019982 20.114833 -14.939897 -16.785155 0.000000 0.000000 -15.800957 0.000000 0.000000 0.022390 -0.001199 4.934506 -28.780658 17.358293 -15.000000 -12.784463 0.000000 0.000000 -28.091636 0.000000 0.000000 2.447046 -0.079831 2.056764 -26.763033 -6.853631 120.000000 -20.328628 0.000000 0.000000 15.000000 0.000000 0.000000 4.260386 -0.094452 1.375350 -37.491973 15.690425 0.074689 -29.944058 0.000000 0.000000 -20.598534 0.000000 0.000000 -6.917769 0.291382 2.291170 -33.582262 1.111227 15.000000 -23.747300 0.000000 0.000000 -27.743742 0.000000 0.000000 0.441624 -0.014543 2.538997 10.691775 17.731474 -9.977519 45.099125 39.501449 15.917041 -83.719938 78.346560 -66.962129 12.130700 19.216974 -81.115601 29.787434 -8.400913 8.710712 14.370255 0.000000 0.000000 9.941487 0.000000 0.000000 -7.969741 -5.107087 -8.050663 14.048530 -5.503216 13.509837 20.137163 0.000000 0.000000 17.889952 0.000000 0.000000 6.271931 -1.933901 -4.817211 9.845367 -8.116386 8.254469 12.298812 0.000000 0.000000 20.452052 0.000000 0.000000 -1.013052 -2.505694 -6.799366 26.040295 -10.566376 6.284011 21.897632 0.000000 0.000000 11.136655 0.000000 0.000000 -3.109834 -2.403556 -3.139792 12.525769 31.288516 110.795391 35.953381 0.000000 0.000000 30.219422 0.000000 0.000000 -4.610124 -2.491975 -2.359596 0.000000 0.000000 0.000000 0.000000 0.000000 0.000000 0.000000 0.000000 0.000000 0.000000 0.000000 0.000000 0.000000 0.000000 0.000000 0.000000 0.000000 0.000000 0.000000 0.000000 0.000000 0.000000 0.000000 0.000000 
0.000000 89.700000 0.000000 0.000000 0.000000 0.000000 -0.065582 13.245225 2.824340 -0.823148 -0.424704 -3.845781 -1.388201 1.995993 3.227813 2.224655 1.359667 -2.656079 -4.509482 -4.903337 2.364653 0.000000 0.000000 0.000000 -19.285838 -7.038195 -1.425886 -49.921535 -3.345946 16.187762 -10.675091 -24.579905 23.956944 -8.892410 19.106526 -17.569862 -41.683290 19.790400 -14.781374 -17.070857 0.000000 0.000000 -15.403842 0.000000 0.000000 0.022390 -0.001199 4.934506 -29.762341 17.182830 -15.000000 -13.009620 0.000000 0.000000 -27.802416 0.000000 0.000000 2.447046 -0.079831 2.056764 -26.474789 -6.657900 120.000000 -19.999426 0.000000 0.000000 15.000000 0.000000 0.000000 4.260386 -0.094452 1.375350 -37.921422 15.306421 1.243924 -30.348584 0.000000 0.000000 -20.267450 0.000000 0.000000 -6.917769 0.291382 2.291170 -34.298077 0.911344 15.000000 -23.615842 0.000000 0.000000 -27.545494 0.000000 0.000000 0.441624 -0.014543 2.538997 10.305626 17.855256 -10.304217 45.702028 40.328090 16.379443 -85.277403 79.367247 -67.765160 13.610475 24.666998 -81.384580 32.367824 -6.313729 10.457632 12.538463 0.000000 0.000000 8.187045 0.000000 0.000000 -7.969741 -5.107087 -8.050663 12.398574 -4.419330 13.315422 19.338652 0.000000 0.000000 16.960535 0.000000 0.000000 6.271931 -1.933901 -4.817211 1.397511 -9.124917 9.022837 13.615387 0.000000 0.000000 21.118409 0.000000 0.000000 -1.013052 -2.505694 -6.799366 28.263453 -9.286359 7.401857 21.222826 0.000000 0.000000 8.120181 0.000000 0.000000 -3.109834 -2.403556 -3.139792 11.065605 34.518103 109.207374 36.165185 0.000000 0.000000 33.179933 0.000000 0.000000 -4.610124 -2.491975 -2.359596 0.000000 0.000000 0.000000 0.000000 0.000000 0.000000 0.000000 0.000000 0.000000 0.000000 0.000000 0.000000 0.000000 0.000000 0.000000 0.000000 0.000000 0.000000 0.000000 0.000000 0.000000 0.000000 0.000000 0.000000 
0.000000 89.700000 0.000000 0.000000 0.000000 0.000000 -0.016187 14.539554 2.612590 -0.995857 -0.321634 -3.717751 -1.424831 2.120612 3.266300 2.243211 1.465361 -2.368140 -4.516344 -4.872983 2.384844 0.000000 0.000000 0.000000 -19.178897 -6.775010 -1.548219 -49.865852 -3.205891 15.996588 -10.603316 -24.387641 24.005768 -8.355415 19.031147 -16.973826 -41.955080 19.415619 -14.372626 -17.427762 0.000000 0.000000 -14.861101 0.000000 0.000000 0.022390 -0.001199 4.934506 -30.288773 17.066192 -15.000000 -13.484298 0.000000 0.000000 -27.477719 0.000000 0.000000 2.447046 -0.079831 2.056764 -25.932008 -6.715081 120.000000 -19.770473 0.000000 0.000000 15.000000 0.000000 0.000000 4.260386 -0.094452 1.375350 -37.653321 14.712985 3.146516 -30.889939 0.000000 0.000000 -19.800757 0.000000 0.000000 -6.917769 0.291382 2.291170 -34.124801 0.418567 15.000000 -23.610222 0.000000 0.000000 -27.108773 0.000000 0.000000 0.441624 -0.014543 2.538997 10.104907 17.855034 -10.480298 46.091650 40.679094 16.696148 -85.606421 80.180734 -67.577882 14.711404 28.527519 -81.491007 29.810510 -4.642218 11.719400 11.585551 0.000000 0.000000 6.796332 0.000000 0.000000 -7.969741 -5.107087 -8.050663 9.622301 -3.519569 13.165301 19.076632 0.000000 0.000000 15.904124 0.000000 0.000000 6.271931 -1.933901 -4.817211 -2.787945 -9.491881 9.604519 14.702631 0.000000 0.000000 21.439353 0.000000 0.000000 -1.013052 -2.505694 -6.799366 25.017893 -8.441383 7.938472 20.922243 0.000000 0.000000 6.257240 0.000000 0.000000 -3.109834 -2.403556 -3.139792 10.811921 36.769316 108.546070 35.611743 0.000000 0.000000 33.910702 0.000000 0.000000 -4.610124 -2.491975 -2.359596 0.000000 0.000000 0.000000 0.000000 0.000000 0.000000 0.000000 0.000000 0.000000 0.000000 0.000000 0.000000 0.000000 0.000000 0.000000 0.000000 0.000000 0.000000 0.000000 0.000000 0.000000 0.000000 0.000000 0.000000 
0.000000 89.700000 0.000000 0.000000 0.000000 0.000000 0.029958 15.743739 2.407331 -1.155237 -0.244269 -3.613356 -1.450248 2.226539 3.312714 2.197741 1.494574 -2.068750 -4.489481 -4.840700 2.441193 0.000000 0.000000 0.000000 -19.143647 -6.536650 -1.686541 -49.779799 -3.125017 15.819532 -10.472750 -24.243077 23.879301 -8.191241 19.275102 -16.788755 -41.694489 19.033333 -13.558113 -17.752552 0.000000 0.000000 -14.132947 0.000000 0.000000 0.022390 -0.001199 4.934506 -29.529332 17.050016 -15.000000 -14.177669 0.000000 0.000000 -27.061734 0.000000 0.000000 2.447046 -0.079831 2.056764 -25.159893 -7.011482 120.000000 -19.707331 0.000000 0.000000 15.000000 0.000000 0.000000 4.260386 -0.094452 1.375350 -36.588229 13.900357 5.708884 -31.483071 0.000000 0.000000 -19.196103 0.000000 0.000000 -6.917769 0.291382 2.291170 -32.797246 -0.304382 15.000000 -23.749556 0.000000 0.000000 -26.472140 0.000000 0.000000 0.441624 -0.014543 2.538997 10.016034 17.789564 -10.545111 46.263267 40.753996 16.847132 -85.682159 80.698836 -67.363469 14.506493 29.392244 -81.701761 27.373270 -4.051715 12.296071 11.151204 0.000000 0.000000 6.121974 0.000000 0.000000 -7.969741 -5.107087 -8.050663 8.784203 -3.394485 13.243631 18.871455 0.000000 0.000000 15.171462 0.000000 0.000000 6.271931 -1.933901 -4.817211 -1.858169 -9.574328 10.346663 14.699234 0.000000 0.000000 21.285163 0.000000 0.000000 -1.013052 -2.505694 -6.799366 23.064765 -8.500860 7.927326 20.497499 0.000000 0.000000 5.751298 0.000000 0.000000 -3.109834 -2.403556 -3.139792 11.356744 37.775071 108.779491 35.351082 0.000000 0.000000 33.800438 0.000000 0.000000 -4.610124 -2.491975 -2.359596 0.000000 0.000000 0.000000 0.000000 0.000000 0.000000 0.000000 0.000000 0.000000 0.000000 0.000000 0.000000 0.000000 0.000000 0.000000 0.000000 0.000000 0.000000 0.000000 0.000000 0.000000 0.000000 0.000000 0.000000 
0.000000 89.700000 0.000000 0.000000 0.000000 0.000000 0.075400 16.864784 2.248005 -1.292591 -0.192777 -3.544396 -1.470116 2.316200 3.343911 2.114036 1.463226 -1.763167 -4.449423 -4.816283 2.525939 0.000000 0.000000 0.000000 -19.148235 -6.339388 -1.838527 -49.707990 -3.088445 15.650894 -10.295293 -24.142066 23.604281 -8.344940 19.812419 -16.881681 -41.820769 18.631475 -12.305432 -17.897665 0.000000 0.000000 -13.181870 0.000000 0.000000 0.022390 -0.001199 4.934506 -28.700427 17.089899 -15.000000 -14.934429 0.000000 0.000000 -26.418204 0.000000 0.000000 2.447046 -0.079831 2.056764 -24.237769 -7.434780 120.000000 -19.712428 0.000000 0.000000 15.000000 0.000000 0.000000 4.260386 -0.094452 1.375350 -36.000343 12.862355 8.589961 -31.990010 0.000000 0.000000 -18.441727 0.000000 0.000000 -6.917769 0.291382 2.291170 -31.817695 -1.179996 15.000000 -23.972587 0.000000 0.000000 -25.687382 0.000000 0.000000 0.441624 -0.014543 2.538997 9.981627 17.702734 -10.539728 46.278421 40.712648 16.875500 -87.117948 81.224157 -68.469300 12.865275 27.204400 -82.070207 28.427327 -4.402431 12.160638 10.918450 0.000000 0.000000 6.081785 0.000000 0.000000 -7.969741 -5.107087 -8.050663 10.424926 -3.843786 13.520582 18.521121 0.000000 0.000000 14.904644 0.000000 0.000000 6.271931 -1.933901 -4.817211 0.652048 -9.310212 11.309322 13.802334 0.000000 0.000000 20.851407 0.000000 0.000000 -1.013052 -2.505694 -6.799366 23.989313 -9.197785 7.636003 19.755809 0.000000 0.000000 6.151600 0.000000 0.000000 -3.109834 -2.403556 -3.139792 12.452842 37.865688 109.348723 36.019466 0.000000 0.000000 34.235677 0.000000 0.000000 -4.610124 -2.491975 -2.359596 0.000000 0.000000 0.000000 0.000000 0.000000 0.000000 0.000000 0.000000 0.000000 0.000000 0.000000 0.000000 0.000000 0.000000 0.000000 0.000000 0.000000 0.000000 0.000000 0.000000 0.000000 0.000000 0.000000 0.000000 
0.000000 89.700000 0.000000 0.000000 0.000000 0.000000 0.118174 17.883161 2.135827 -1.404866 -0.160745 -3.506348 -1.489217 2.389166 3.353892 2.020234 1.401303 -1.463336 -4.418902 -4.800767 2.623754 0.000000 0.000000 0.000000 -19.169173 -6.183173 -2.004816 -49.667453 -3.084961 15.483803 -10.097177 -24.071882 23.241161 -8.647206 20.569321 -17.030050 -42.935844 18.210258 -10.833413 -17.841543 0.000000 0.000000 -12.103656 0.000000 0.000000 0.022390 -0.001199 4.934506 -28.557201 17.089765 -15.000000 -15.569935 0.000000 0.000000 -25.555657 0.000000 0.000000 2.447046 -0.079831 2.056764 -23.299837 -7.823769 120.000000 -19.626600 0.000000 0.000000 15.000000 0.000000 0.000000 4.260386 -0.094452 1.375350 -35.934272 11.713602 11.240115 -32.373992 0.000000 0.000000 -17.608859 0.000000 0.000000 -6.917769 0.291382 2.291170 -30.842330 -2.078778 15.000000 -24.225721 0.000000 0.000000 -24.933583 0.000000 0.000000 0.441624 -0.014543 2.538997 9.970582 17.614305 -10.501541 46.218537 40.644621 16.849535 -88.075137 81.501324 -69.266528 10.395584 23.461083 -82.502620 30.126701 -5.054759 11.441299 10.784266 0.000000 0.000000 6.436697 0.000000 0.000000 -7.969741 -5.107087 -8.050663 12.500630 -4.244239 13.817411 18.045180 0.000000 0.000000 15.018838 0.000000 0.000000 6.271931 -1.933901 -4.817211 3.828945 -8.595547 12.224381 12.656894 0.000000 0.000000 20.452972 0.000000 0.000000 -1.013052 -2.505694 -6.799366 26.358942 -9.960837 7.321280 18.855990 0.000000 0.000000 6.960286 0.000000 0.000000 -3.109834 -2.403556 -3.139792 14.019833 37.541661 109.808079 37.297956 0.000000 0.000000 35.388362 0.000000 0.000000 -4.610124 -2.491975 -2.359596 0.000000 0.000000 0.000000 0.000000 0.000000 0.000000 0.000000 0.000000 0.000000 0.000000 0.000000 0.000000 0.000000 0.000000 0.000000 0.000000 0.000000 0.000000 0.000000 0.000000 0.000000 0.000000 0.000000 0.000000 
0.000000 89.700000 0.000000 0.000000 0.000000 0.000000 0.157481 18.764909 2.049588 -1.496118 -0.138004 -3.487888 -1.510720 2.443752 3.352713 1.935313 1.338466 -1.189005 -4.418730 -4.787023 2.720116 0.000000 0.000000 0.000000 -19.196931 -6.060042 -2.185199 -49.647998 -3.113540 15.315009 -9.908077 -24.017384 22.861607 -8.906763 21.456992 -17.006415 -43.891198 17.857617 -9.550650 -17.752853 0.000000 0.000000 -11.159078 0.000000 0.000000 0.022390 -0.001199 4.934506 -28.749340 17.007216 -15.000000 -15.999627 0.000000 0.000000 -24.740314 0.000000 0.000000 2.447046 -0.079831 2.056764 -22.511142 -8.030496 120.000000 -19.359174 0.000000 0.000000 15.000000 0.000000 0.000000 4.260386 -0.094452 1.375350 -36.285267 10.707809 13.183474 -32.747154 0.000000 0.000000 -16.869860 0.000000 0.000000 -6.917769 0.291382 2.291170 -31.453361 -2.847131 15.000000 -24.543310 0.000000 0.000000 -24.526465 0.000000 0.000000 0.441624 -0.014543 2.538997 9.974383 17.522786 -10.458282 46.144900 40.572928 16.828049 -88.566061 81.630213 -69.595044 8.056736 20.218880 -82.864146 27.623399 -5.307594 10.502803 10.831963 0.000000 0.000000 6.872780 0.000000 0.000000 -7.969741 -5.107087 -8.050663 11.799622 -4.044943 13.966738 17.585997 0.000000 0.000000 15.225151 0.000000 0.000000 6.271931 -1.933901 -4.817211 5.128311 -7.539202 12.726445 12.015701 0.000000 0.000000 20.303766 0.000000 0.000000 -1.013052 -2.505694 -6.799366 23.382771 -10.286585 7.092871 18.132043 0.000000 0.000000 7.818209 0.000000 0.000000 -3.109834 -2.403556 -3.139792 15.859624 37.282786 110.061129 38.287542 0.000000 0.000000 36.532424 0.000000 0.000000 -4.610124 -2.491975 -2.359596 0.000000 0.000000 0.000000 0.000000 0.000000 0.000000 0.000000 0.000000 0.000000 0.000000 0.000000 0.000000 0.000000 0.000000 0.000000 0.000000 0.000000 0.000000 0.000000 0.000000 0.000000 0.000000 0.000000 0.000000 
0.000000 89.700000 0.000000 0.000000 0.000000 0.000000 0.193677 19.486562 1.963154 -1.573176 -0.114685 -3.477530 -1.535365 2.478071 3.356685 1.866426 1.296133 -0.960443 -4.459369 -4.766433 2.803031 0.000000 0.000000 0.000000 -19.231536 -5.960246 -2.375393 -49.627703 -3.177060 15.148760 -9.751355 -23.966477 22.524981 -8.989227 22.404163 -16.670331 -43.704327 17.725714 -8.793823 -17.850515 0.000000 0.000000 -10.602196 0.000000 0.000000 0.022390 -0.001199 4.934506 -28.220005 16.927827 -15.000000 -16.272100 0.000000 0.000000 -24.312833 0.000000 0.000000 2.447046 -0.079831 2.056764 -22.007794 -7.982223 120.000000 -18.932448 0.000000 0.000000 15.000000 0.000000 0.000000 4.260386 -0.094452 1.375350 -36.169916 10.087059 14.295852 -33.234444 0.000000 0.000000 -16.381741 0.000000 0.000000 -6.917769 0.291382 2.291170 -32.008560 -3.403599 15.000000 -24.989552 0.000000 0.000000 -24.677458 0.000000 0.000000 0.441624 -0.014543 2.538997 9.996121 17.417624 -10.423380 46.087590 40.479930 16.846489 -90.217286 81.908083 -71.192398 6.642521 18.772997 -83.073286 23.646974 -4.789491 9.777263 11.213027 0.000000 0.000000 7.029776 0.000000 0.000000 -7.969741 -5.107087 -8.050663 9.145763 -3.092970 13.852900 17.352472 0.000000 0.000000 15.131110 0.000000 0.000000 6.271931 -1.933901 -4.817211 3.886477 -6.406250 12.466286 12.559351 0.000000 0.000000 20.428959 0.000000 0.000000 -1.013052 -2.505694 -6.799366 18.367430 -9.949907 6.895020 17.838013 0.000000 0.000000 8.373700 0.000000 0.000000 -3.109834 -2.403556 -3.139792 17.451540 37.527734 110.166322 38.320191 0.000000 0.000000 37.018667 0.000000 0.000000 -4.610124 -2.491975 -2.359596 0.000000 0.000000 0.000000 0.000000 0.000000 0.000000 0.000000 0.000000 0.000000 0.000000 0.000000 0.000000 0.000000 0.000000 0.000000 0.000000 0.000000 0.000000 0.000000 0.000000 0.000000 0.000000 0.000000 0.000000 
0.000000 89.700000 0.000000 0.000000 0.000000 0.000000 0.224433 20.048040 1.859913 -1.640016 -0.085470 -3.468041 -1.561649 2.491599 3.376286 1.812220 1.283434 -0.787464 -4.534767 -4.735410 2.862648 0.000000 0.000000 0.000000 -19.274779 -5.875745 -2.565752 -49.589426 -3.271902 14.995688 -9.638287 -23.914855 22.266711 -8.866560 23.342693 -16.015480 -43.692696 17.877257 -8.600209 -18.207753 0.000000 0.000000 -10.471126 0.000000 0.000000 0.022390 -0.001199 4.934506 -27.998782 16.966161 -15.000000 -16.471747 0.000000 0.000000 -24.376577 0.000000 0.000000 2.447046 -0.079831 2.056764 -21.823587 -7.708716 120.000000 -18.429435 0.000000 0.000000 15.000000 0.000000 0.000000 4.260386 -0.094452 1.375350 -36.013429 9.882781 14.785733 -33.822339 0.000000 0.000000 -16.161116 0.000000 0.000000 -6.917769 0.291382 2.291170 -31.799620 -3.787886 15.000000 -25.529933 0.000000 0.000000 -25.273038 0.000000 0.000000 0.441624 -0.014543 2.538997 10.041293 17.292781 -10.396198 46.054498 40.341173 16.916859 -92.454712 82.271952 -73.441345 6.475756 19.254146 -83.138193 21.933318 -3.659751 9.377239 12.106244 0.000000 0.000000 6.777542 0.000000 0.000000 -7.969741 -5.107087 -8.050663 7.586726 -1.723272 13.362400 17.641210 0.000000 0.000000 14.611135 0.000000 0.000000 6.271931 -1.933901 -4.817211 2.539664 -5.503380 11.265639 14.570565 0.000000 0.000000 20.742204 0.000000 0.000000 -1.013052 -2.505694 -6.799366 16.126611 -9.078051 6.611910 18.131392 0.000000 0.000000 8.366174 0.000000 0.000000 -3.109834 -2.403556 -3.139792 18.163353 38.567926 110.204739 37.390063 0.000000 0.000000 36.708856 0.000000 0.000000 -4.610124 -2.491975 -2.359596 0.000000 0.000000 0.000000 0.000000 0.000000 0.000000 0.000000 0.000000 0.000000 0.000000 0.000000 0.000000 0.000000 0.000000 0.000000 0.000000 0.000000 0.000000 0.000000 0.000000 0.000000 0.000000 0.000000 0.000000 
0.000000 89.700000 0.000000 0.000000 0.000000 0.000000 0.246489 20.469750 1.744245 -1.695645 -0.052102 -3.458365 -1.587077 2.487777 3.408141 1.767390 1.294096 -0.663310 -4.624388 -4.699801 2.895224 0.000000 0.000000 0.000000 -19.324937 -5.801967 -2.742517 -49.530107 -3.383643 14.867203 -9.566488 -23.867101 22.096077 -8.623941 24.179015 -15.148758 -44.778535 18.182882 -8.739308 -18.705684 0.000000 0.000000 -10.595590 0.000000 0.000000 0.022390 -0.001199 4.934506 -29.047094 17.098247 -15.000000 -16.616101 0.000000 0.000000 -24.709134 0.000000 0.000000 2.447046 -0.079831 2.056764 -21.858136 -7.310465 120.000000 -17.933873 0.000000 0.000000 15.000000 0.000000 0.000000 4.260386 -0.094452 1.375350 -36.363526 9.899809 14.949805 -34.374766 0.000000 0.000000 -16.109122 0.000000 0.000000 -6.917769 0.291382 2.291170 -31.451777 -4.083489 15.000000 -26.023274 0.000000 0.000000 -25.983792 0.000000 0.000000 0.441624 -0.014543 2.538997 10.111972 17.155013 -10.368553 46.044351 40.154894 17.031885 -94.824389 82.863496 -75.976075 7.372684 21.127713 -83.131365 22.576624 -2.476873 9.084935 13.505059 0.000000 0.000000 6.346701 0.000000 0.000000 -7.969741 -5.107087 -8.050663 7.984166 -0.582634 12.460832 18.664723 0.000000 0.000000 13.990837 0.000000 0.000000 6.271931 -1.933901 -4.817211 3.203815 -5.119357 9.377959 17.580544 0.000000 0.000000 21.148425 0.000000 0.000000 -1.013052 -2.505694 -6.799366 18.942785 -8.061000 6.247660 19.105806 0.000000 0.000000 7.852463 0.000000 0.000000 -3.109834 -2.403556 -3.139792 17.602168 40.312328 110.214479 35.986129 0.000000 0.000000 35.819081 0.000000 0.000000 -4.610124 -2.491975 -2.359596 0.000000 0.000000 0.000000 0.000000 0.000000 0.000000 0.000000 0.000000 0.000000 0.000000 0.000000 0.000000 0.000000 0.000000 0.000000 0.000000 0.000000 0.000000 0.000000 0.000000 0.000000 0.000000 0.000000 0.000000 
0.000000 89.700000 0.000000 0.000000 0.000000 0.000000 0.263574 20.784838 1.643609 -1.736366 -0.021528 -3.451413 -1.609732 2.475338 3.436221 1.726906 1.309403 -0.570606 -4.703080 -4.675847 2.908620 0.000000 0.000000 0.000000 -19.375096 -5.738405 -2.891805 -49.461482 -3.491967 14.770987 -9.523675 -23.832485 22.001284 -8.393846 24.823902 -14.223735 -45.307812 18.444532 -8.962305 -19.160846 0.000000 0.000000 -10.811531 0.000000 0.000000 0.022390 -0.001199 4.934506 -29.600985 17.189206 -15.000000 -16.669994 0.000000 0.000000 -25.011749 0.000000 0.000000 2.447046 -0.079831 2.056764 -21.947154 -6.883128 120.000000 -17.520868 0.000000 0.000000 15.000000 0.000000 0.000000 4.260386 -0.094452 1.375350 -36.659389 9.931202 14.990462 -34.770983 0.000000 0.000000 -16.157053 0.000000 0.000000 -6.917769 0.291382 2.291170 -32.055757 -4.311724 15.000000 -26.350996 0.000000 0.000000 -26.579057 0.000000 0.000000 0.441624 -0.014543 2.538997 10.202388 17.024255 -10.333429 46.056216 39.955422 17.172225 -99.807801 83.510724 -81.041100 8.745884 23.515442 -83.142268 24.547132 -1.826456 8.689480 15.023345 0.000000 0.000000 6.001005 0.000000 0.000000 -7.969741 -5.107087 -8.050663 9.451419 -0.250260 11.308861 20.280355 0.000000 0.000000 13.673228 0.000000 0.000000 6.271931 -1.933901 -4.817211 2.620077 -5.393270 7.463079 20.551481 0.000000 0.000000 21.549565 0.000000 0.000000 -1.013052 -2.505694 -6.799366 23.660807 -7.357813 5.940368 20.649881 0.000000 0.000000 7.162457 0.000000 0.000000 -3.109834 -2.403556 -3.139792 15.961909 42.159918 110.156953 34.640416 0.000000 0.000000 34.685433 0.000000 0.000000 -4.610124 -2.491975 -2.359596 0.000000 0.000000 0.000000 0.000000 0.000000 0.000000 0.000000 0.000000 0.000000 0.000000 0.000000 0.000000 0.000000 0.000000 0.000000 0.000000 0.000000 0.000000 0.000000 0.000000 0.000000 0.000000 0.000000 0.000000 
0.000000 89.700000 0.000000 0.000000 0.000000 0.000000 0.287725 21.027800 1.593062 -1.759596 -0.000734 -3.449785 -1.629212 2.465165 3.441732 1.689978 1.309766 -0.493910 -4.753068 -4.683427 2.920181 0.000000 0.000000 0.000000 -19.415020 -5.686761 -3.004102 -49.402246 -3.578717 14.710784 -9.496077 -23.819148 21.963550 -8.259507 25.248756 -13.374110 -44.610837 18.590724 -9.197571 -19.472789 0.000000 0.000000 -11.105177 0.000000 0.000000 0.022390 -0.001199 4.934506 -29.225435 17.173767 -15.000000 -16.629729 0.000000 0.000000 -25.193942 0.000000 0.000000 2.447046 -0.079831 2.056764 -21.982737 -6.456631 120.000000 -17.246665 0.000000 0.000000 15.000000 0.000000 0.000000 4.260386 -0.094452 1.375350 -36.095990 9.946368 14.993988 -34.994278 0.000000 0.000000 -16.338394 0.000000 0.000000 -6.917769 0.291382 2.291170 -31.946717 -4.434471 15.000000 -26.512254 0.000000 0.000000 -27.071404 0.000000 0.000000 0.441624 -0.014543 2.538997 10.298426 16.926481 -10.290093 46.092339 39.802532 17.316325 -104.980247 83.867657 -86.255808 9.853734 25.062890 -83.246133 23.693291 -2.017481 8.095844 16.204161 0.000000 0.000000 5.791326 0.000000 0.000000 -7.969741 -5.107087 -8.050663 8.169596 -0.908484 10.177316 22.046263 0.000000 0.000000 13.722334 0.000000 0.000000 6.271931 -1.933901 -4.817211 -2.657023 -6.147183 6.129946 22.626923 0.000000 0.000000 21.831048 0.000000 0.000000 -1.013052 -2.505694 -6.799366 23.049583 -7.311384 5.734918 22.350720 0.000000 0.000000 6.647231 0.000000 0.000000 -3.109834 -2.403556 -3.139792 14.249684 43.277876 110.036099 33.605986 0.000000 0.000000 33.704152 0.000000 0.000000 -4.610124 -2.491975 -2.359596 0.000000 0.000000 0.000000 0.000000 0.000000 0.000000 0.000000 0.000000 0.000000 0.000000 0.000000 0.000000 0.000000 0.000000 0.000000 0.000000 0.000000 0.000000 0.000000 0.000000 0.000000 0.000000 0.000000 0.000000 
0.000000 89.700000 0.000000 0.000000 0.000000 0.000000 0.326973 21.220590 1.609896 -1.765481 0.007006 -3.453864 -1.645677 2.464280 3.413257 1.662228 1.287565 -0.424965 -4.769521 -4.734045 2.944428 0.000000 0.000000 0.000000 -19.435834 -5.646910 -3.076634 -49.366839 -3.631893 14.686555 -9.476029 -23.829921 21.972420 -8.228641 25.483294 -12.678876 -44.386568 18.680981 -9.508582 -19.652091 0.000000 0.000000 -11.527335 0.000000 0.000000 0.022390 -0.001199 4.934506 -29.224280 17.102538 -15.000000 -16.547446 0.000000 0.000000 -25.368044 0.000000 0.000000 2.447046 -0.079831 2.056764 -21.956771 -6.029468 120.000000 -17.119092 0.000000 0.000000 15.000000 0.000000 0.000000 4.260386 -0.094452 1.375350 -35.941164 10.040660 14.975965 -35.111296 0.000000 0.000000 -16.693817 0.000000 0.000000 -6.917769 0.291382 2.291170 -31.894708 -4.425248 15.000000 -26.589075 0.000000 0.000000 -27.570893 0.000000 0.000000 0.441624 -0.014543 2.538997 10.383384 16.881908 -10.243771 46.154607 39.751181 17.448673 -108.281685 83.924464 -89.443510 10.192633 24.360193 -83.493397 25.319947 -2.997514 7.231864 16.882135 0.000000 0.000000 5.724022 0.000000 0.000000 -7.969741 -5.107087 -8.050663 9.623328 -2.275602 9.296982 23.444981 0.000000 0.000000 13.916757 0.000000 0.000000 6.271931 -1.933901 -4.817211 -0.588381 -6.907135 5.587597 23.537303 0.000000 0.000000 21.881637 0.000000 0.000000 -1.013052 -2.505694 -6.799366 24.374277 -8.001022 5.446758 23.634147 0.000000 0.000000 6.548028 0.000000 0.000000 -3.109834 -2.403556 -3.139792 13.719181 43.154722 109.977445 32.923333 0.000000 0.000000 33.237283 0.000000 0.000000 -4.610124 -2.491975 -2.359596 0.000000 0.000000 0.000000 0.000000 0.000000 0.000000 0.000000 0.000000 0.000000 0.000000 0.000000 0.000000 0.000000 0.000000 0.000000 0.000000 0.000000 0.000000 0.000000 0.000000 0.000000 0.000000 0.000000 0.000000 
0.000000 89.700000 0.000000 0.000000 0.000000 0.000000 0.372716 21.367879 1.680068 -1.755383 0.001938 -3.462520 -1.657893 2.472691 3.349511 1.653461 1.251805 -0.357652 -4.757105 -4.824482 2.981525 0.000000 0.000000 0.000000 -19.434823 -5.614329 -3.113126 -49.359563 -3.645816 14.692294 -9.463036 -23.859295 22.028681 -8.279239 25.562403 -12.161400 -43.864945 18.775380 -9.953644 -19.749137 0.000000 0.000000 -12.049996 0.000000 0.000000 0.022390 -0.001199 4.934506 -28.897313 17.035837 -15.000000 -16.482887 0.000000 0.000000 -25.650418 0.000000 0.000000 2.447046 -0.079831 2.056764 -21.918354 -5.645946 120.000000 -17.103800 0.000000 0.000000 15.000000 0.000000 0.000000 4.260386 -0.094452 1.375350 -35.537333 10.285006 14.910065 -35.200122 0.000000 0.000000 -17.157695 0.000000 0.000000 -6.917769 0.291382 2.291170 -31.578973 -4.275557 15.000000 -26.651983 0.000000 0.000000 -28.097649 0.000000 0.000000 0.441624 -0.014543 2.538997 10.446433 16.894371 -10.202180 46.241485 39.821065 17.564153 -108.302078 83.790045 -89.417518 9.753182 21.069970 -83.904302 28.671052 -4.413729 6.144407 17.009621 0.000000 0.000000 5.877275 0.000000 0.000000 -7.969741 -5.107087 -8.050663 12.156865 -3.808720 8.854387 23.984923 0.000000 0.000000 14.039697 0.000000 0.000000 6.271931 -1.933901 -4.817211 3.819416 -7.219022 5.770606 23.318105 0.000000 0.000000 21.641028 0.000000 0.000000 -1.013052 -2.505694 -6.799366 26.220211 -9.179017 4.864899 24.058071 0.000000 0.000000 6.984540 0.000000 0.000000 -3.109834 -2.403556 -3.139792 14.717220 41.891834 110.128679 32.647460 0.000000 0.000000 33.337960 0.000000 0.000000 -4.610124 -2.491975 -2.359596 0.000000 0.000000 0.000000 0.000000 0.000000 0.000000 0.000000 0.000000 0.000000 0.000000 0.000000 0.000000 0.000000 0.000000 0.000000 0.000000 0.000000 0.000000 0.000000 0.000000 0.000000 0.000000 0.000000 0.000000 
0.000000 89.700000 0.000000 0.000000 0.000000 0.000000 0.403808 21.463982 1.768088 -1.730158 -0.014352 -3.473175 -1.663748 2.485178 3.256313 1.671032 1.220126 -0.282907 -4.724169 -4.940214 3.018527 0.000000 0.000000 0.000000 -19.417716 -5.581076 -3.121377 -49.375584 -3.621193 14.716233 -9.458723 -23.893358 22.134894 -8.389733 25.497316 -11.807215 -43.817093 18.883707 -10.548469 -19.790510 0.000000 0.000000 -12.575573 0.000000 0.000000 0.022390 -0.001199 4.934506 -28.739409 16.990394 -15.000000 -16.461613 0.000000 0.000000 -26.059807 0.000000 0.000000 2.447046 -0.079831 2.056764 -21.933614 -5.385824 120.000000 -17.174355 0.000000 0.000000 15.000000 0.000000 0.000000 4.260386 -0.094452 1.375350 -35.561562 10.681900 14.735981 -35.288519 0.000000 0.000000 -17.593302 0.000000 0.000000 -6.917769 0.291382 2.291170 -31.331976 -3.962325 15.000000 -26.706551 0.000000 0.000000 -28.566058 0.000000 0.000000 0.441624 -0.014543 2.538997 10.488703 16.948088 -10.171580 46.350112 39.986151 17.668720 -105.936206 83.591978 -86.916082 8.864682 16.253149 -84.462663 30.161372 -5.816586 5.121411 16.483045 0.000000 0.000000 6.288777 0.000000 0.000000 -7.969741 -5.107087 -8.050663 14.521305 -5.048328 8.997140 23.438849 0.000000 0.000000 14.078502 0.000000 0.000000 6.271931 -1.933901 -4.817211 6.800291 -7.000528 6.595549 22.061124 0.000000 0.000000 21.161019 0.000000 0.000000 -1.013052 -2.505694 -6.799366 24.072633 -10.423110 4.040065 23.577533 0.000000 0.000000 7.922957 0.000000 0.000000 -3.109834 -2.403556 -3.139792 16.451452 40.026652 110.597113 32.875390 0.000000 0.000000 33.722358 0.000000 0.000000 -4.610124 -2.491975 -2.359596 0.000000 0.000000 0.000000 0.000000 0.000000 0.000000 0.000000 0.000000 0.000000 0.000000 0.000000 0.000000 0.000000 0.000000 0.000000 0.000000 0.000000 0.000000 0.000000 0.000000 0.000000 0.000000 0.000000 0.000000 
0.000000 89.700000 0.000000 0.000000 0.000000 0.000000 0.403335 21.500583 1.839384 -1.690552 -0.040598 -3.481602 -1.662886 2.494745 3.143923 1.714058 1.204563 -0.192886 -4.680051 -5.061438 3.040823 0.000000 0.000000 0.000000 -19.397166 -5.538652 -3.109850 -49.404836 -3.565083 14.745907 -9.461497 -23.914494 22.284371 -8.531193 25.300333 -11.585748 -43.802866 19.007771 -11.288590 -19.782416 0.000000 0.000000 -13.043514 0.000000 0.000000 0.022390 -0.001199 4.934506 -28.510723 16.971686 -15.000000 -16.473063 0.000000 0.000000 -26.556111 0.000000 0.000000 2.447046 -0.079831 2.056764 -22.063969 -5.288314 120.000000 -17.337801 0.000000 0.000000 15.000000 0.000000 0.000000 4.260386 -0.094452 1.375350 -35.957175 11.198938 14.385267 -35.349873 0.000000 0.000000 -17.909901 0.000000 0.000000 -6.917769 0.291382 2.291170 -31.716427 -3.483618 15.000000 -26.728015 0.000000 0.000000 -28.886501 0.000000 0.000000 0.441624 -0.014543 2.538997 10.523891 17.012494 -10.154070 46.478490 40.185675 17.775009 -104.385272 83.534857 -85.186716 7.852054 11.456793 -85.116658 32.704106 -6.900417 4.546184 15.323727 0.000000 0.000000 6.866505 0.000000 0.000000 -7.969741 -5.107087 -8.050663 18.167466 -5.821905 9.764450 22.057377 0.000000 0.000000 14.190082 0.000000 0.000000 6.271931 -1.933901 -4.817211 11.338156 -6.505949 8.009189 19.975376 0.000000 0.000000 20.572552 0.000000 0.000000 -1.013052 -2.505694 -6.799366 25.960561 -11.396086 3.284409 22.493438 0.000000 0.000000 9.124826 0.000000 0.000000 -3.109834 -2.403556 -3.139792 17.921516 38.189100 111.408715 33.622464 0.000000 0.000000 34.081593 0.000000 0.000000 -4.610124 -2.491975 -2.359596 0.000000 0.000000 0.000000 0.000000 0.000000 0.000000 0.000000 0.000000 0.000000 0.000000 0.000000 0.000000 0.000000 0.000000 0.000000 0.000000 0.000000 0.000000 0.000000 0.000000 0.000000 0.000000 0.000000 0.000000 
0.000000 89.700000 0.000000 0.000000 0.000000 0.000000 0.368825 21.470349 1.874668 -1.638564 -0.076185 -3.483457 -1.657060 2.494657 3.025832 1.774034 1.204616 -0.090914 -4.634549 -5.168060 3.041114 0.000000 0.000000 0.000000 -19.388105 -5.480613 -3.085388 -49.436647 -3.488859 14.772110 -9.465671 -23.907288 22.454581 -8.663140 25.016325 -11.467914 -43.568186 19.155622 -12.124342 -19.737073 0.000000 0.000000 -13.451972 0.000000 0.000000 0.022390 -0.001199 4.934506 -28.202631 16.989227 -15.000000 -16.489152 0.000000 0.000000 -27.078518 0.000000 0.000000 2.447046 -0.079831 2.056764 -22.334598 -5.315815 120.000000 -17.593932 0.000000 0.000000 15.000000 0.000000 0.000000 4.260386 -0.094452 1.375350 -36.095653 11.774070 13.845998 -35.347000 0.000000 0.000000 -18.099767 0.000000 0.000000 -6.917769 0.291382 2.291170 -31.939003 -2.921212 15.000000 -26.718235 0.000000 0.000000 -29.038342 0.000000 0.000000 0.441624 -0.014543 2.538997 10.572733 17.050216 -10.146715 46.621431 40.342262 17.893166 -102.972911 83.434099 -83.540269 6.888608 7.758391 -85.791088 30.949395 -7.575524 4.610340 13.795192 0.000000 0.000000 7.428455 0.000000 0.000000 -7.969741 -5.107087 -8.050663 17.139532 -6.166611 11.012790 20.367146 0.000000 0.000000 14.461739 0.000000 0.000000 6.271931 -1.933901 -4.817211 12.173393 -6.003754 9.844240 17.469215 0.000000 0.000000 19.970368 0.000000 0.000000 -1.013052 -2.505694 -6.799366 24.710198 -11.981895 2.877877 21.133839 0.000000 0.000000 10.193651 0.000000 0.000000 -3.109834 -2.403556 -3.139792 18.673971 36.857496 112.416936 34.746440 0.000000 0.000000 34.259924 0.000000 0.000000 -4.610124 -2.491975 -2.359596 0.000000 0.000000 0.000000 0.000000 0.000000 0.000000 0.000000 0.000000 0.000000 0.000000 0.000000 0.000000 0.000000 0.000000 0.000000 0.000000 0.000000 0.000000 0.000000 0.000000 0.000000 0.000000 0.000000 0.000000 
0.000000 89.700000 0.000000 0.000000 0.000000 0.000000 0.307050 21.368243 1.867921 -1.577408 -0.120112 -3.475645 -1.647844 2.479051 2.916209 1.840786 1.213912 0.005615 -4.597302 -5.244995 3.019039 0.000000 0.000000 0.000000 -19.402864 -5.403515 -3.052720 -49.462671 -3.404791 14.787912 -9.465713 -23.862230 22.610197 -8.751371 24.712523 -11.435507 -43.871472 19.298624 -12.918733 -19.669559 0.000000 0.000000 -13.777019 0.000000 0.000000 0.022390 -0.001199 4.934506 -28.119249 17.031234 -15.000000 -16.492716 0.000000 0.000000 -27.531098 0.000000 0.000000 2.447046 -0.079831 2.056764 -22.707231 -5.385659 120.000000 -17.890232 0.000000 0.000000 15.000000 0.000000 0.000000 4.260386 -0.094452 1.375350 -36.560668 12.298397 13.215323 -35.266885 0.000000 0.000000 -18.185663 0.000000 0.000000 -6.917769 0.291382 2.291170 -31.986598 -2.415055 15.000000 -26.692885 0.000000 0.000000 -29.052930 0.000000 0.000000 0.441624 -0.014543 2.538997 10.654985 17.024820 -10.141909 46.764267 40.378066 18.023023 -105.170918 83.314167 -85.358149 6.071607 5.543616 -86.403491 28.330622 -7.882502 5.178940 12.284997 0.000000 0.000000 7.794750 0.000000 0.000000 -7.969741 -5.107087 -8.050663 15.551163 -6.170754 12.403579 18.854239 0.000000 0.000000 14.756823 0.000000 0.000000 6.271931 -1.933901 -4.817211 11.306453 -5.610054 11.683060 15.141580 0.000000 0.000000 19.390199 0.000000 0.000000 -1.013052 -2.505694 -6.799366 21.363333 -12.259144 2.811635 19.693932 0.000000 0.000000 10.740808 0.000000 0.000000 -3.109834 -2.403556 -3.139792 18.779095 36.251909 113.299412 35.912099 0.000000 0.000000 34.239038 0.000000 0.000000 -4.610124 -2.491975 -2.359596 0.000000 0.000000 0.000000 0.000000 0.000000 0.000000 0.000000 0.000000 0.000000 0.000000 0.000000 0.000000 0.000000 0.000000 0.000000 0.000000 0.000000 0.000000 0.000000 0.000000 0.000000 0.000000 0.000000 0.000000 
0.000000 89.700000 0.000000 0.000000 0.000000 0.000000 0.222848 21.191055 1.817055 -1.510259 -0.169705 -3.456389 -1.635502 2.443791 2.826339 1.907418 1.231683 0.076646 -4.575992 -5.285246 2.974715 0.000000 0.000000 0.000000 -19.448299 -5.305900 -3.014796 -49.476024 -3.322971 14.787121 -9.462292 -23.777892 22.722977 -8.786339 24.442711 -11.480567 -44.168590 19.369030 -13.481034 -19.593420 0.000000 0.000000 -13.936482 0.000000 0.000000 0.022390 -0.001199 4.934506 -28.226328 17.063504 -15.000000 -16.505032 0.000000 0.000000 -27.796769 0.000000 0.000000 2.447046 -0.079831 2.056764 -23.096937 -5.422295 120.000000 -18.150685 0.000000 0.000000 15.000000 0.000000 0.000000 4.260386 -0.094452 1.375350 -36.876056 12.655388 12.657045 -35.127862 0.000000 0.000000 -18.186906 0.000000 0.000000 -6.917769 0.291382 2.291170 -31.901926 -2.070608 15.000000 -26.642292 0.000000 0.000000 -28.956034 0.000000 0.000000 0.441624 -0.014543 2.538997 10.783289 16.909147 -10.129229 46.883591 40.231680 18.154134 -108.829220 83.334946 -88.795623 5.542699 4.858613 -86.875499 27.210422 -7.871444 5.927376 11.156640 0.000000 0.000000 7.866878 0.000000 0.000000 -7.969741 -5.107087 -8.050663 14.753322 -5.884606 13.533890 17.865125 0.000000 0.000000 14.836415 0.000000 0.000000 6.271931 -1.933901 -4.817211 10.624432 -5.347218 12.961308 13.617555 0.000000 0.000000 18.891369 0.000000 0.000000 -1.013052 -2.505694 -6.799366 20.818555 -12.352821 2.848727 18.325030 0.000000 0.000000 10.553110 0.000000 0.000000 -3.109834 -2.403556 -3.139792 18.538859 36.386331 113.673870 36.623669 0.000000 0.000000 34.136202 0.000000 0.000000 -4.610124 -2.491975 -2.359596 0.000000 0.000000 0.000000 0.000000 0.000000 0.000000 0.000000 0.000000 0.000000 0.000000 0.000000 0.000000 0.000000 0.000000 0.000000 0.000000 0.000000 0.000000 0.000000 0.000000 0.000000 0.000000 0.000000 0.000000 
0.000000 89.700000 0.000000 0.000000 0.000000 0.000000 0.115362 20.938094 1.721157 -1.440190 -0.220773 -3.426729 -1.620243 2.387920 2.763033 1.969706 1.264904 0.115268 -4.573819 -5.288409 2.904729 0.000000 0.000000 0.000000 -19.524807 -5.186952 -2.973507 -49.469718 -3.248830 14.766412 -9.463393 -23.662514 22.796820 -8.778958 24.222454 -11.597074 -44.183169 19.342659 -13.696861 -19.534871 0.000000 0.000000 -13.876231 0.000000 0.000000 0.022390 -0.001199 4.934506 -28.410449 17.076353 -15.000000 -16.579620 0.000000 0.000000 -27.824228 0.000000 0.000000 2.447046 -0.079831 2.056764 -23.441103 -5.379229 120.000000 -18.346508 0.000000 0.000000 15.000000 0.000000 0.000000 4.260386 -0.094452 1.375350 -36.836436 12.822970 12.272021 -34.969997 0.000000 0.000000 -18.150945 0.000000 0.000000 -6.917769 0.291382 2.291170 -31.859993 -1.904250 15.000000 -26.548424 0.000000 0.000000 -28.758415 0.000000 0.000000 0.441624 -0.014543 2.538997 10.959839 16.694075 -10.099577 46.955480 39.876049 18.272948 -113.467867 83.295938 -93.368935 5.509145 5.751730 -87.142674 27.295716 -7.539380 6.599354 10.651897 0.000000 0.000000 7.664736 0.000000 0.000000 -7.969741 -5.107087 -8.050663 14.635390 -5.307554 14.126420 17.605838 0.000000 0.000000 14.610883 0.000000 0.000000 6.271931 -1.933901 -4.817211 10.526543 -5.248350 13.244153 13.294268 0.000000 0.000000 18.622365 0.000000 0.000000 -1.013052 -2.505694 -6.799366 21.553963 -12.276886 2.799154 17.238017 0.000000 0.000000 9.658145 0.000000 0.000000 -3.109834 -2.403556 -3.139792 18.211589 37.200562 113.250003 36.440647 0.000000 0.000000 34.103084 0.000000 0.000000 -4.610124 -2.491975 -2.359596 0.000000 0.000000 0.000000 0.000000 0.000000 0.000000 0.000000 0.000000 0.000000 0.000000 0.000000 0.000000 0.000000 0.000000 0.000000 0.000000 0.000000 0.000000 0.000000 0.000000 0.000000 0.000000 0.000000 0.000000 
0.000000 89.700000 0.000000 0.000000 0.000000 0.000000 -0.016548 20.617324 1.586569 -1.371385 -0.269459 -3.391967 -1.603761 2.314146 2.728218 2.022682 1.318041 0.131045 -4.587916 -5.259751 2.805823 0.000000 0.000000 0.000000 -19.626646 -5.046919 -2.930529 -49.439419 -3.181827 14.729112 -9.476573 -23.533384 22.867203 -8.743209 24.025558 -11.772312 -43.900461 19.289909 -13.638966 -19.540553 0.000000 0.000000 -13.673356 0.000000 0.000000 0.022390 -0.001199 4.934506 -28.472683 17.107141 -15.000000 -16.757139 0.000000 0.000000 -27.693323 0.000000 0.000000 2.447046 -0.079831 2.056764 -23.750787 -5.244470 120.000000 -18.511580 0.000000 0.000000 15.000000 0.000000 0.000000 4.260386 -0.094452 1.375350 -36.700965 12.916473 11.987711 -34.842508 0.000000 0.000000 -18.178154 0.000000 0.000000 -6.917769 0.291382 2.291170 -32.396090 -1.866738 15.000000 -26.434749 0.000000 0.000000 -28.506086 0.000000 0.000000 0.441624 -0.014543 2.538997 11.175373 16.393566 -10.049896 46.964697 39.328335 18.370879 -117.261413 83.227234 -97.100518 6.124717 8.244935 -87.172731 28.060309 -6.872615 7.132011 10.781784 0.000000 0.000000 7.287865 0.000000 0.000000 -7.969741 -5.107087 -8.050663 13.702524 -4.448641 14.093954 18.092250 0.000000 0.000000 14.253356 0.000000 0.000000 6.271931 -1.933901 -4.817211 9.703400 -5.374770 12.413618 14.198315 0.000000 0.000000 18.791770 0.000000 0.000000 -1.013052 -2.505694 -6.799366 23.964785 -11.912886 2.706032 16.675796 0.000000 0.000000 8.276068 0.000000 0.000000 -3.109834 -2.403556 -3.139792 17.762219 38.594339 111.945647 35.312324 0.000000 0.000000 34.166479 0.000000 0.000000 -4.610124 -2.491975 -2.359596 0.000000 0.000000 0.000000 0.000000 0.000000 0.000000 0.000000 0.000000 0.000000 0.000000 0.000000 0.000000 0.000000 0.000000 0.000000 0.000000 0.000000 0.000000 0.000000 0.000000 0.000000 0.000000 0.000000 0.000000 
0.000000 89.700000 0.000000 0.000000 0.000000 0.000000 -0.167626 20.250768 1.431285 -1.308549 -0.314295 -3.357744 -1.589844 2.227524 2.716594 2.061026 1.382940 0.139171 -4.609502 -5.213402 2.681922 0.000000 0.000000 0.000000 -19.743440 -4.889072 -2.887157 -49.388886 -3.116293 14.686476 -9.499599 -23.411546 22.969243 -8.681605 23.797496 -11.986323 -44.294961 19.303595 -13.528422 -19.654111 0.000000 0.000000 -13.513059 0.000000 0.000000 0.022390 -0.001199 4.934506 -28.188163 17.195869 -15.000000 -17.022890 0.000000 0.000000 -27.559378 0.000000 0.000000 2.447046 -0.079831 2.056764 -24.074124 -5.050677 120.000000 -18.688412 0.000000 0.000000 15.000000 0.000000 0.000000 4.260386 -0.094452 1.375350 -37.488686 13.091515 11.566401 -34.783042 0.000000 0.000000 -18.366765 0.000000 0.000000 -6.917769 0.291382 2.291170 -33.722730 -1.894110 15.000000 -26.363154 0.000000 0.000000 -28.291531 0.000000 0.000000 0.441624 -0.014543 2.538997 11.411163 16.041687 -9.984420 46.909324 38.644459 18.448040 -124.409621 83.251699 -104.196560 7.330902 12.095083 -86.991176 28.695099 -5.938742 7.570702 11.302978 0.000000 0.000000 6.833579 0.000000 0.000000 -7.969741 -5.107087 -8.050663 12.062986 -3.413578 13.485340 19.145674 0.000000 0.000000 14.065424 0.000000 0.000000 6.271931 -1.933901 -4.817211 7.349197 -5.726545 10.714680 16.028802 0.000000 0.000000 19.526019 0.000000 0.000000 -1.013052 -2.505694 -6.799366 27.847900 -11.147617 2.777088 16.804312 0.000000 0.000000 6.758014 0.000000 0.000000 -3.109834 -2.403556 -3.139792 16.904505 40.353627 109.932455 33.750028 0.000000 0.000000 34.256595 0.000000 0.000000 -4.610124 -2.491975 -2.359596 0.000000 0.000000 0.000000 0.000000 0.000000 0.000000 0.000000 0.000000 0.000000 0.000000 0.000000 0.000000 0.000000 0.000000 0.000000 0.000000 0.000000 0.000000 0.000000 0.000000 0.000000 0.000000 0.000000 0.000000 
0.000000 89.700000 0.000000 0.000000 0.000000 0.000000 -0.324968 19.865395 1.279471 -1.254084 -0.356290 -3.324119 -1.583344 2.133473 2.714616 2.083291 1.442102 0.148256 -4.625812 -5.170863 2.545523 0.000000 0.000000 0.000000 -19.862963 -4.720353 -2.842856 -49.330412 -3.043928 14.654483 -9.521969 -23.312399 23.110463 -8.572268 23.487358 -12.221947 -44.497022 19.397629 -13.571538 -19.867985 0.000000 0.000000 -13.551252 0.000000 0.000000 0.022390 -0.001199 4.934506 -27.855122 17.334778 -15.000000 -17.308547 0.000000 0.000000 -27.523288 0.000000 0.000000 2.447046 -0.079831 2.056764 -24.425841 -4.855128 120.000000 -18.881525 0.000000 0.000000 15.000000 0.000000 0.000000 4.260386 -0.094452 1.375350 -37.943854 13.404101 10.761629 -34.780625 0.000000 0.000000 -18.734122 0.000000 0.000000 -6.917769 0.291382 2.291170 -34.391973 -1.938740 15.000000 -26.365258 0.000000 0.000000 -28.172349 0.000000 0.000000 0.441624 -0.014543 2.538997 11.644782 15.681582 -9.910656 46.795789 37.900131 18.511666 -132.651120 83.061339 -112.296132 8.809560 16.599655 -86.695482 31.098230 -4.931444 7.918659 12.010652 0.000000 0.000000 6.388905 0.000000 0.000000 -7.969741 -5.107087 -8.050663 12.022294 -2.447109 12.436259 20.596976 0.000000 0.000000 14.226223 0.000000 0.000000 6.271931 -1.933901 -4.817211 4.622682 -6.231928 8.657651 18.375865 0.000000 0.000000 20.704409 0.000000 0.000000 -1.013052 -2.505694 -6.799366 30.061702 -10.082687 3.149969 17.684456 0.000000 0.000000 5.536654 0.000000 0.000000 -3.109834 -2.403556 -3.139792 15.583386 42.110363 107.644631 32.582732 0.000000 0.000000 34.390239 0.000000 0.000000 -4.610124 -2.491975 -2.359596 0.000000 0.000000 0.000000 0.000000 0.000000 0.000000 0.000000 0.000000 0.000000 0.000000 0.000000 0.000000 0.000000 0.000000 0.000000 0.000000 0.000000 0.000000 0.000000 0.000000 0.000000 0.000000 0.000000 0.000000 
0.000000 89.700000 0.000000 0.000000 0.000000 0.000000 -0.472819 19.472962 1.149992 -1.206677 -0.396544 -3.285617 -1.587298 2.036003 2.706103 2.093673 1.480770 0.156073 -4.623937 -5.148347 2.411359 0.000000 0.000000 0.000000 -19.974672 -4.548851 -2.794213 -49.277923 -2.956533 14.647877 -9.536528 -23.238109 23.276136 -8.374489 23.086623 -12.477805 -44.030185 19.515122 -13.825753 -20.112245 0.000000 0.000000 -13.811999 0.000000 0.000000 0.022390 -0.001199 4.934506 -27.773107 17.477109 -15.000000 -17.543677 0.000000 0.000000 -27.572085 0.000000 0.000000 2.447046 -0.079831 2.056764 -24.782086 -4.690694 120.000000 -19.069173 0.000000 0.000000 15.000000 0.000000 0.000000 4.260386 -0.094452 1.375350 -37.738932 13.787465 9.510665 -34.770145 0.000000 0.000000 -19.217097 0.000000 0.000000 -6.917769 0.291382 2.291170 -33.854339 -1.978956 15.000000 -26.403338 0.000000 0.000000 -28.113011 0.000000 0.000000 0.441624 -0.014543 2.538997 11.857353 15.351625 -9.833508 46.625019 37.166741 18.571684 -138.933186 82.760837 -118.379468 10.095189 20.534554 -86.435252 31.347386 -4.176299 8.064537 13.240117 0.000000 0.000000 6.141956 0.000000 0.000000 -7.969741 -5.107087 -8.050663 10.285996 -1.902115 11.123931 22.641214 0.000000 0.000000 14.684912 0.000000 0.000000 6.271931 -1.933901 -4.817211 -2.732073 -6.940612 6.698153 21.126128 0.000000 0.000000 21.987534 0.000000 0.000000 -1.013052 -2.505694 -6.799366 28.992381 -9.124828 3.780799 19.425780 0.000000 0.000000 5.028155 0.000000 0.000000 -3.109834 -2.403556 -3.139792 14.335545 43.411175 105.747720 32.469896 0.000000 0.000000 34.820553 0.000000 0.000000 -4.610124 -2.491975 -2.359596 0.000000 0.000000 0.000000 0.000000 0.000000 0.000000 0.000000 0.000000 0.000000 0.000000 0.000000 0.000000 0.000000 0.000000 0.000000 0.000000 0.000000 0.000000 0.000000 0.000000 0.000000 0.000000 0.000000 0.000000 
0.000000 89.700000 0.000000 0.000000 0.000000 0.000000 -0.600531 19.060069 1.048367 -1.162671 -0.434401 -3.236228 -1.600113 1.936033 2.680409 2.099450 1.492300 0.152699 -4.594797 -5.144970 2.288974 0.000000 0.000000 0.000000 -20.072025 -4.379947 -2.735495 -49.240102 -2.847483 14.675628 -9.546884 -23.179100 23.451932 -8.082330 22.642740 -12.770413 -44.212539 19.618502 -14.198346 -20.325947 0.000000 0.000000 -14.210887 0.000000 0.000000 0.022390 -0.001199 4.934506 -28.071927 17.584358 -15.000000 -17.714521 0.000000 0.000000 -27.644315 0.000000 0.000000 2.447046 -0.079831 2.056764 -25.118944 -4.556181 120.000000 -19.243991 0.000000 0.000000 15.000000 0.000000 0.000000 4.260386 -0.094452 1.375350 -38.049954 14.154150 7.985018 -34.704394 0.000000 0.000000 -19.743016 0.000000 0.000000 -6.917769 0.291382 2.291170 -33.923009 -2.007287 15.000000 -26.425519 0.000000 0.000000 -28.062151 0.000000 0.000000 0.441624 -0.014543 2.538997 12.037345 15.075772 -9.753098 46.379839 36.493074 18.633879 -146.358525 82.348572 -125.385306 10.798801 22.445572 -86.355871 31.073387 -4.099147 7.865012 15.907727 0.000000 0.000000 6.356477 0.000000 0.000000 -7.969741 -5.107087 -8.050663 10.061784 -2.136204 9.680100 26.007174 0.000000 0.000000 15.256750 0.000000 0.000000 6.271931 -1.933901 -4.817211 -4.033207 -8.160766 4.913279 24.853018 0.000000 0.000000 23.074318 0.000000 0.000000 -1.013052 -2.505694 -6.799366 28.227735 -8.751523 4.615528 22.301917 0.000000 0.000000 5.456908 0.000000 0.000000 -3.109834 -2.403556 -3.139792 13.839892 43.843342 104.871021 33.599168 0.000000 0.000000 35.976030 0.000000 0.000000 -4.610124 -2.491975 -2.359596 0.000000 0.000000 0.000000 0.000000 0.000000 0.000000 0.000000 0.000000 0.000000 0.000000 0.000000 0.000000 0.000000 0.000000 0.000000 0.000000 0.000000 0.000000 0.000000 0.000000 0.000000 0.000000 0.000000 0.000000 
0.000000 89.700000 0.000000 0.000000 0.000000 0.000000 -0.707749 18.597367 0.967947 -1.117833 -0.468879 -3.173714 -1.615387 1.831164 2.635406 2.107192 1.472758 0.125659 -4.535413 -5.145529 2.181544 0.000000 0.000000 0.000000 -20.152682 -4.215036 -2.660387 -49.219124 -2.711096 14.739845 -9.564109 -23.123801 23.638041 -7.774691 22.228284 -13.117168 -45.182491 19.729626 -14.549883 -20.528364 0.000000 0.000000 -14.639229 0.000000 0.000000 0.022390 -0.001199 4.934506 -28.982122 17.652644 -15.000000 -17.874660 0.000000 0.000000 -27.714923 0.000000 0.000000 2.447046 -0.079831 2.056764 -25.419494 -4.452357 120.000000 -19.430721 0.000000 0.000000 15.000000 0.000000 0.000000 4.260386 -0.094452 1.375350 -38.988019 14.478677 6.487007 -34.621362 0.000000 0.000000 -20.266163 0.000000 0.000000 -6.917769 0.291382 2.291170 -34.869870 -2.006724 14.999998 -26.436726 0.000000 0.000000 -28.042111 0.000000 0.000000 0.441624 -0.014543 2.538997 12.178876 14.861411 -9.668488 46.020633 35.902045 18.688059 -153.310937 82.081173 -131.891213 10.831988 21.343405 -86.533944 30.963272 -5.079030 7.276189 20.661760 0.000000 0.000000 7.069238 0.000000 0.000000 -7.969741 -5.107087 -8.050663 10.931221 -3.371499 8.130492 31.577446 0.000000 0.000000 15.749588 0.000000 0.000000 6.271931 -1.933901 -4.817211 -1.267557 -10.247848 3.079515 30.629880 0.000000 0.000000 23.916224 0.000000 0.000000 -1.013052 -2.505694 -6.799366 29.743133 -9.136916 5.724504 26.428639 0.000000 0.000000 6.689144 0.000000 0.000000 -3.109834 -2.403556 -3.139792 14.098877 43.129049 105.086221 35.670097 0.000000 0.000000 38.087963 0.000000 0.000000 -4.610124 -2.491975 -2.359596 0.000000 0.000000 0.000000 0.000000 0.000000 0.000000 0.000000 0.000000 0.000000 0.000000 0.000000 0.000000 0.000000 0.000000 0.000000 0.000000 0.000000 0.000000 0.000000 0.000000 0.000000 0.000000 0.000000 0.000000 
0.000000 89.700000 0.000000 0.000000 0.000000 0.000000 -0.801704 18.058675 0.899314 -1.067518 -0.501729 -3.102227 -1.624948 1.718273 2.574638 2.120002 1.414028 0.064163 -4.450401 -5.134477 2.091503 0.000000 0.000000 0.000000 -20.218319 -4.054927 -2.563256 -49.212594 -2.542596 14.835420 -9.599747 -23.065919 23.849008 -7.552482 21.874003 -13.508473 -45.679751 19.870449 -14.794225 -20.774196 0.000000 0.000000 -15.006950 0.000000 0.000000 0.022390 -0.001199 4.934506 -29.147538 17.687614 -15.000000 -18.084393 0.000000 0.000000 -27.786610 0.000000 0.000000 2.447046 -0.079831 2.056764 -25.666863 -4.396560 120.000000 -19.660925 0.000000 0.000000 15.000000 0.000000 0.000000 4.260386 -0.094452 1.375350 -39.641339 14.769053 5.280131 -34.593239 0.000000 0.000000 -20.726158 0.000000 0.000000 -6.917769 0.291382 2.291170 -35.322495 -1.950365 14.999979 -26.476895 0.000000 0.000000 -28.089266 0.000000 0.000000 0.441624 -0.014543 2.538997 12.277397 14.702714 -9.584705 45.489416 35.404760 18.693966 -162.439839 81.748448 -140.623889 10.472078 17.232446 -86.946363 34.729016 -7.228646 6.273865 26.775348 0.000000 0.000000 7.962996 0.000000 0.000000 -7.969741 -5.107087 -8.050663 15.664562 -5.530338 6.433751 39.442883 0.000000 0.000000 16.073950 0.000000 0.000000 6.271931 -1.933901 -4.817211 5.960871 -13.121195 1.083771 38.937961 0.000000 0.000000 24.675735 0.000000 0.000000 -1.013052 -2.505694 -6.799366 36.184654 -10.110540 7.008322 31.083097 0.000000 0.000000 8.301618 0.000000 0.000000 -3.109834 -2.403556 -3.139792 14.374385 41.186704 105.724106 38.039805 0.000000 0.000000 40.714218 0.000000 0.000000 -4.610124 -2.491975 -2.359596 0.000000 0.000000 0.000000 0.000000 0.000000 0.000000 0.000000 0.000000 0.000000 0.000000 0.000000 0.000000 0.000000 0.000000 0.000000 0.000000 0.000000 0.000000 0.000000 0.000000 0.000000 0.000000 0.000000 0.000000 
0.000000 89.700000 0.000000 0.000000 0.000000 0.000000 -0.890712 17.439664 0.839710 -1.005462 -0.539087 -3.033164 -1.623151 1.596813 2.503452 2.138014 1.304683 -0.035167 -4.352066 -5.107586 2.025211 0.000000 0.000000 0.000000 -20.274464 -3.905488 -2.438870 -49.216237 -2.342206 14.947229 -9.661440 -23.001129 24.104364 -7.403531 21.509564 -13.891592 -45.370884 20.000641 -14.924384 -21.047777 0.000000 0.000000 -15.266376 0.000000 0.000000 0.022390 -0.001199 4.934506 -28.708535 17.669571 -15.000000 -18.330754 0.000000 0.000000 -27.847937 0.000000 0.000000 2.447046 -0.079831 2.056764 -25.868843 -4.392376 120.000000 -19.938478 0.000000 0.000000 15.000000 0.000000 0.000000 4.260386 -0.094452 1.375350 -39.351069 15.019296 4.401090 -34.619266 0.000000 0.000000 -21.043095 0.000000 0.000000 -6.917769 0.291382 2.291170 -34.860590 -1.811806 14.999821 -26.545857 0.000000 0.000000 -28.162472 0.000000 0.000000 0.441624 -0.014543 2.538997 12.326058 14.585591 -9.518360 44.724588 35.022451 18.575222 -172.217031 81.208291 -149.972242 10.208983 11.051787 -87.493423 41.952809 -10.235281 4.721089 32.150994 0.000000 0.000000 8.726488 0.000000 0.000000 -7.969741 -5.107087 -8.050663 23.866653 -8.049809 4.589270 48.251781 0.000000 0.000000 16.396708 0.000000 0.000000 6.271931 -1.933901 -4.817211 14.102316 -15.827083 -0.850654 48.491381 0.000000 0.000000 25.536797 0.000000 0.000000 -1.013052 -2.505694 -6.799366 43.120205 -11.435776 7.853812 34.494357 0.000000 0.000000 9.886073 0.000000 0.000000 -3.109834 -2.403556 -3.139792 14.026270 38.216450 105.987023 39.995173 0.000000 0.000000 42.577730 0.000000 0.000000 -4.610124 -2.491975 -2.359596 0.000000 0.000000 0.000000 0.000000 0.000000 0.000000 0.000000 0.000000 0.000000 0.000000 0.000000 0.000000 0.000000 0.000000 0.000000 0.000000 0.000000 0.000000 0.000000 0.000000 0.000000 0.000000 0.000000 0.000000 
0.000000 89.700000 0.000000 0.000000 0.000000 0.000000 -0.981671 16.769363 0.795811 -0.923204 -0.591086 -2.982778 -1.609892 1.469710 2.427789 2.163230 1.139744 -0.162510 -4.257247 -5.073341 1.989321 0.000000 0.000000 0.000000 -20.328297 -3.780220 -2.282385 -49.228088 -2.120191 15.046915 -9.750275 -22.918841 24.415449 -7.184426 20.993447 -14.185069 -45.059547 20.036550 -14.978011 -21.248857 0.000000 0.000000 -15.443261 0.000000 0.000000 0.022390 -0.001199 4.934506 -28.690136 17.555327 -15.000000 -18.521139 0.000000 0.000000 -27.889464 0.000000 0.000000 2.447046 -0.079831 2.056764 -26.079033 -4.408164 120.000000 -20.237233 0.000000 0.000000 15.000000 0.000000 0.000000 4.260386 -0.094452 1.375350 -38.789190 15.220901 3.617148 -34.615481 0.000000 0.000000 -21.199191 0.000000 0.000000 -6.917769 0.291382 2.291170 -33.746644 -1.563466 14.998903 -26.591684 0.000000 0.000000 -28.186683 0.000000 0.000000 0.441624 -0.014543 2.538997 12.314063 14.491786 -9.498673 43.686423 34.800537 18.228337 179.454389 80.518945 -157.896934 10.479573 4.127241 -88.055113 48.997630 -13.389750 2.602138 35.077633 0.000000 0.000000 9.408913 0.000000 0.000000 -7.969741 -5.107087 -8.050663 37.561078 -9.918448 2.741653 55.987743 0.000000 0.000000 17.125272 0.000000 0.000000 6.271931 -1.933901 -4.817211 28.357070 -16.680858 -2.352791 56.623308 0.000000 0.000000 26.562839 0.000000 0.000000 -1.013052 -2.505694 -6.799366 44.735306 -12.885766 7.535243 34.848843 0.000000 0.000000 11.211168 0.000000 0.000000 -3.109834 -2.403556 -3.139792 13.329780 34.815567 105.811703 41.101015 0.000000 0.000000 42.083644 0.000000 0.000000 -4.610124 -2.491975 -2.359596 0.000000 0.000000 0.000000 0.000000 0.000000 0.000000 0.000000 0.000000 0.000000 0.000000 0.000000 0.000000 0.000000 0.000000 0.000000 0.000000 0.000000 0.000000 0.000000 0.000000 0.000000 0.000000 0.000000 0.000000 
0.000000 89.700000 0.000000 0.000000 0.000000 0.000000 -1.080942 16.107517 0.782077 -0.812845 -0.669572 -2.967447 -1.591426 1.341927 2.355496 2.204597 0.930811 -0.297997 -4.182836 -5.047956 1.981327 0.000000 0.000000 0.000000 -20.383776 -3.695401 -2.092238 -49.253582 -1.895477 15.095752 -9.856973 -22.801540 24.775143 -6.763133 20.243331 -14.318976 -45.171858 19.916987 -14.994979 -21.292806 0.000000 0.000000 -15.617683 0.000000 0.000000 0.022390 -0.001199 4.934506 -28.594844 17.302851 -15.000000 -18.556975 0.000000 0.000000 -27.922304 0.000000 0.000000 2.447046 -0.079831 2.056764 -26.368609 -4.409822 120.000000 -20.525139 0.000000 0.000000 15.000000 0.000000 0.000000 4.260386 -0.094452 1.375350 -38.813091 15.376360 2.654425 -34.519793 0.000000 0.000000 -21.282850 0.000000 0.000000 -6.917769 0.291382 2.291170 -33.334300 -1.202531 14.994987 -26.574231 0.000000 0.000000 -28.164261 0.000000 0.000000 0.441624 -0.014543 2.538997 12.227319 14.402082 -9.563727 42.379235 34.806284 17.542967 174.807794 79.649789 -162.142826 11.469228 -2.468597 -88.537362 43.660739 -15.892920 0.364128 36.094574 0.000000 0.000000 10.252049 0.000000 0.000000 -7.969741 -5.107087 -8.050663 46.524596 -10.235788 1.165640 61.572930 0.000000 0.000000 18.476693 0.000000 0.000000 6.271931 -1.933901 -4.817211 39.420091 -14.377478 -3.181301 61.390754 0.000000 0.000000 27.595394 0.000000 0.000000 -1.013052 -2.505694 -6.799366 36.336548 -14.019831 6.104202 31.833961 0.000000 0.000000 12.046109 0.000000 0.000000 -3.109834 -2.403556 -3.139792 13.336832 32.020237 105.909461 41.362259 0.000000 0.000000 38.435068 0.000000 0.000000 -4.610124 -2.491975 -2.359596 0.000000 0.000000 0.000000 0.000000 0.000000 0.000000 0.000000 0.000000 0.000000 0.000000 0.000000 0.000000 0.000000 0.000000 0.000000 0.000000 0.000000 0.000000 0.000000 0.000000 0.000000 0.000000 0.000000 0.000000 
0.000000 89.700000 0.000000 0.000000 0.000000 0.000000 -1.192160 15.525740 0.818672 -0.673048 -0.783753 -2.998144 -1.579718 1.219123 2.295357 2.278239 0.704006 -0.425194 -4.143786 -5.052770 1.985949 0.000000 0.000000 0.000000 -20.437367 -3.659788 -1.874397 -49.307243 -1.686086 15.057692 -9.958422 -22.635890 25.157605 -6.162568 19.338975 -14.272961 -45.433392 19.651310 -14.998618 -21.209614 0.000000 0.000000 -15.854873 0.000000 0.000000 0.022390 -0.001199 4.934506 -29.005562 16.900297 -15.000000 -18.425577 0.000000 0.000000 -27.955732 0.000000 0.000000 2.447046 -0.079831 2.056764 -26.779111 -4.408102 120.000000 -20.788471 0.000000 0.000000 15.000000 0.000000 0.000000 4.260386 -0.094452 1.375350 -39.347581 15.487628 1.475953 -34.376866 0.000000 0.000000 -21.423218 0.000000 0.000000 -6.917769 0.291382 2.291170 -34.054097 -0.793864 14.982555 -26.514763 0.000000 0.000000 -28.190884 0.000000 0.000000 0.441624 -0.014543 2.538997 12.050412 14.300335 -9.752213 40.846915 35.111540 16.423238 176.741857 78.720791 -159.715858 13.025667 -8.205565 -88.883159 34.600370 -17.247624 -1.345211 37.445596 0.000000 0.000000 11.345578 0.000000 0.000000 -7.969741 -5.107087 -8.050663 46.382752 -8.924879 0.044317 65.282827 0.000000 0.000000 20.085301 0.000000 0.000000 6.271931 -1.933901 -4.817211 45.281406 -9.275477 -3.350602 63.063023 0.000000 0.000000 28.229532 0.000000 0.000000 -1.013052 -2.505694 -6.799366 27.798907 -14.179370 4.489908 26.984470 0.000000 0.000000 12.058275 0.000000 0.000000 -3.109834 -2.403556 -3.139792 14.834642 30.992174 106.903862 40.901767 0.000000 0.000000 32.414137 0.000000 0.000000 -4.610124 -2.491975 -2.359596 0.000000 0.000000 0.000000 0.000000 0.000000 0.000000 0.000000 0.000000 0.000000 0.000000 0.000000 0.000000 0.000000 0.000000 0.000000 0.000000 0.000000 0.000000 0.000000 0.000000 0.000000 0.000000 0.000000 0.000000 
0.000000 89.700000 0.000000 0.000000 0.000000 0.000000 -1.311185 15.079611 0.925276 -0.513376 -0.934803 -3.074707 -1.590170 1.107471 2.250444 2.402110 0.484038 -0.541945 -4.154084 -5.116066 1.986770 0.000000 0.000000 0.000000 -20.478228 -3.667687 -1.642227 -49.406968 -1.498525 14.917563 -10.021475 -22.427233 25.530227 -5.558066 18.471291 -14.084656 -45.740114 19.303075 -14.996592 -21.132709 0.000000 0.000000 -16.150619 0.000000 0.000000 0.022390 -0.001199 4.934506 -29.875226 16.385386 -15.000000 -18.241849 0.000000 0.000000 -27.979462 0.000000 0.000000 2.447046 -0.079831 2.056764 -27.302454 -4.447531 120.000000 -21.027491 0.000000 0.000000 15.000000 0.000000 0.000000 4.260386 -0.094452 1.375350 -39.852246 15.536587 0.312126 -34.283123 0.000000 0.000000 -21.676594 0.000000 0.000000 -6.917769 0.291382 2.291170 -35.215433 -0.451700 14.952845 -26.458020 0.000000 0.000000 -28.332387 0.000000 0.000000 0.441624 -0.014543 2.538997 11.768859 14.179601 -10.090495 39.135751 35.764825 14.805888 -175.660999 77.608299 -151.669760 14.587813 -12.974775 -89.061196 36.751922 -17.301180 -2.226667 40.272448 0.000000 0.000000 12.558891 0.000000 0.000000 -7.969741 -5.107087 -8.050663 49.001609 -6.749206 -0.703635 67.635913 0.000000 0.000000 21.405586 0.000000 0.000000 6.271931 -1.933901 -4.817211 52.964713 -3.305513 -3.187030 63.227153 0.000000 0.000000 28.164935 0.000000 0.000000 -1.013052 -2.505694 -6.799366 23.110251 -12.844193 3.609204 22.300335 0.000000 0.000000 11.128459 0.000000 0.000000 -3.109834 -2.403556 -3.139792 17.508185 32.221808 108.652391 39.437340 0.000000 0.000000 25.840358 0.000000 0.000000 -4.610124 -2.491975 -2.359596 0.000000 0.000000 0.000000 0.000000 0.000000 0.000000 0.000000 0.000000 0.000000 0.000000 0.000000 0.000000 0.000000 0.000000 0.000000 0.000000 0.000000 0.000000 0.000000 0.000000 0.000000 0.000000 0.000000 0.000000 
0.000000 89.700000 0.000000 0.000000 0.000000 0.000000 -1.425358 14.786936 1.106683 -0.352642 -1.111919 -3.183885 -1.636080 1.012921 2.213159 2.586458 0.278025 -0.657411 -4.225751 -5.267875 1.986184 0.000000 0.000000 0.000000 -20.493303 -3.701978 -1.410162 -49.563302 -1.326174 14.691806 -10.017389 -22.204015 25.870321 -5.133627 17.794562 -13.825789 -45.535832 18.923707 -14.984952 -21.196009 0.000000 0.000000 -16.429987 0.000000 0.000000 0.022390 -0.001199 4.934506 -29.800612 15.825242 -15.000000 -18.170689 0.000000 0.000000 -27.965082 0.000000 0.000000 2.447046 -0.079831 2.056764 -27.886287 -4.555688 120.000000 -21.224112 0.000000 0.000000 15.000000 0.000000 0.000000 4.260386 -0.094452 1.375350 -39.932982 15.468720 -0.542651 -34.273843 0.000000 0.000000 -21.973952 0.000000 0.000000 -6.917769 0.291382 2.291170 -35.789775 -0.270726 14.898394 -26.395898 0.000000 0.000000 -28.518029 0.000000 0.000000 0.441624 -0.014543 2.538997 11.374950 14.047738 -10.576079 37.257231 36.756087 12.684497 -165.332937 75.482229 -140.907631 15.236392 -16.790450 -89.061912 48.246336 -16.034400 -2.215471 42.690326 0.000000 0.000000 13.447838 0.000000 0.000000 -7.969741 -5.107087 -8.050663 52.539044 -4.683192 -1.276826 68.486819 0.000000 0.000000 22.485890 0.000000 0.000000 6.271931 -1.933901 -4.817211 59.189323 1.473465 -3.253942 62.937108 0.000000 0.000000 27.707877 0.000000 0.000000 -1.013052 -2.505694 -6.799366 19.333582 -10.044184 3.711614 18.683874 0.000000 0.000000 9.643150 0.000000 0.000000 -3.109834 -2.403556 -3.139792 20.183788 34.948054 110.408656 36.452864 0.000000 0.000000 20.311995 0.000000 0.000000 -4.610124 -2.491975 -2.359596 0.000000 0.000000 0.000000 0.000000 0.000000 0.000000 0.000000 0.000000 0.000000 0.000000 0.000000 0.000000 0.000000 0.000000 0.000000 0.000000 0.000000 0.000000 0.000000 0.000000 0.000000 0.000000 0.000000 0.000000 
0.000000 89.700000 0.000000 0.000000 0.000000 0.000000 -1.518550 14.628524 1.339050 -0.211712 -1.293384 -3.304919 -1.720363 0.938836 2.171684 2.822442 0.071767 -0.779806 -4.360553 -5.518787 2.010847 0.000000 0.000000 0.000000 -20.474615 -3.744414 -1.187630 -49.772266 -1.160025 14.423089 -9.938315 -22.004458 26.172054 -4.947167 17.346152 -13.567366 -44.803234 18.524243 -14.948532 -21.456353 0.000000 0.000000 -16.582866 0.000000 0.000000 0.022390 -0.001199 4.934506 -29.090243 15.271421 -15.000000 -18.290292 0.000000 0.000000 -27.862641 0.000000 0.000000 2.447046 -0.079831 2.056764 -28.456051 -4.724347 120.000000 -21.337742 0.000000 0.000000 15.000000 0.000000 0.000000 4.260386 -0.094452 1.375350 -39.557663 15.215180 -0.917114 -34.312368 0.000000 0.000000 -22.174562 0.000000 0.000000 -6.917769 0.291382 2.291170 -35.614137 -0.274833 14.818552 -26.264181 0.000000 0.000000 -28.590708 0.000000 0.000000 0.441624 -0.014543 2.538997 10.880786 13.925161 -11.164093 35.199917 37.983542 10.147507 -152.479382 72.658567 -127.724801 14.226509 -19.331777 -88.912263 52.321997 -13.588452 -0.986630 41.308930 0.000000 0.000000 13.077937 0.000000 0.000000 -7.969741 -5.107087 -8.050663 58.379446 -3.506589 -1.843043 67.485369 0.000000 0.000000 23.883916 0.000000 0.000000 6.271931 -1.933901 -4.817211 59.699793 3.965424 -4.068054 62.329011 0.000000 0.000000 27.634380 0.000000 0.000000 -1.013052 -2.505694 -6.799366 22.000827 -6.562854 4.597208 15.800608 0.000000 0.000000 8.225897 0.000000 0.000000 -3.109834 -2.403556 -3.139792 21.719474 37.721022 111.477141 32.107543 0.000000 0.000000 16.631907 0.000000 0.000000 -4.610124 -2.491975 -2.359596 0.000000 0.000000 0.000000 0.000000 0.000000 0.000000 0.000000 0.000000 0.000000 0.000000 0.000000 0.000000 0.000000 0.000000 0.000000 0.000000 0.000000 0.000000 0.000000 0.000000 0.000000 0.000000 0.000000 0.000000 
0.000000 89.700000 0.000000 0.000000 0.000000 0.000000 -1.578838 14.568873 1.571826 -0.104589 -1.454546 -3.417572 -1.830465 0.883722 2.122299 3.078110 -0.159483 -0.906910 -4.538267 -5.839937 2.088622 0.000000 0.000000 0.000000 -20.424108 -3.783827 -0.980053 -50.017287 -1.002408 14.161857 -9.802899 -21.853783 26.438838 -4.939541 17.078616 -13.356709 -43.864750 18.126270 -14.866708 -21.897086 0.000000 0.000000 -16.530664 0.000000 0.000000 0.022390 -0.001199 4.934506 -28.600451 14.748327 -15.000000 -18.559251 0.000000 0.000000 -27.624621 0.000000 0.000000 2.447046 -0.079831 2.056764 -28.954806 -4.933340 120.000000 -21.360914 0.000000 0.000000 15.000000 0.000000 0.000000 4.260386 -0.094452 1.375350 -38.849900 14.778521 -0.823510 -34.370595 0.000000 0.000000 -22.179152 0.000000 0.000000 -6.917769 0.291382 2.291170 -35.562575 -0.395134 14.718445 -26.033424 0.000000 0.000000 -28.447844 0.000000 0.000000 0.441624 -0.014543 2.538997 10.329065 13.831208 -11.771584 32.997116 39.253692 7.407488 -139.606615 69.431266 -114.527826 11.764160 -19.798989 -88.689848 51.411502 -10.518054 1.848150 34.689230 0.000000 0.000000 10.615525 0.000000 0.000000 -7.969741 -5.107087 -8.050663 64.372859 -3.864477 -2.680288 65.122743 0.000000 0.000000 25.879950 0.000000 0.000000 6.271931 -1.933901 -4.817211 67.434626 3.894966 -5.772653 61.645173 0.000000 0.000000 28.526244 0.000000 0.000000 -1.013052 -2.505694 -6.799366 21.610016 -3.658620 6.093863 13.113877 0.000000 0.000000 7.303904 0.000000 0.000000 -3.109834 -2.403556 -3.139792 21.552255 39.589968 111.731936 27.598224 0.000000 0.000000 14.886327 0.000000 0.000000 -4.610124 -2.491975 -2.359596 0.000000 0.000000 0.000000 0.000000 0.000000 0.000000 0.000000 0.000000 0.000000 0.000000 0.000000 0.000000 0.000000 0.000000 0.000000 0.000000 0.000000 0.000000 0.000000 0.000000 0.000000 0.000000 0.000000 0.000000 
0.000000 89.700000 0.000000 0.000000 0.000000 0.000000 -1.605990 14.573695 1.749047 -0.032539 -1.578060 -3.505323 -1.943615 0.841548 2.073150 3.311873 -0.429241 -1.025920 -4.715247 -6.173069 2.216929 0.000000 0.000000 0.000000 -20.351098 -3.816080 -0.794248 -50.277248 -0.869830 13.945745 -9.649090 -21.752556 26.676575 -5.028845 16.914404 -13.213137 -42.944311 17.808806 -14.738668 -22.434225 0.000000 0.000000 -16.315436 0.000000 0.000000 0.022390 -0.001199 4.934506 -28.231881 14.290335 -15.000000 -18.891107 0.000000 0.000000 -27.291907 0.000000 0.000000 2.447046 -0.079831 2.056764 -29.370979 -5.163152 120.000000 -21.361384 0.000000 0.000000 15.000000 0.000000 0.000000 4.260386 -0.094452 1.375350 -37.876830 14.296374 -0.456666 -34.453142 0.000000 0.000000 -22.012180 0.000000 0.000000 -6.917769 0.291382 2.291170 -35.324886 -0.511002 14.610223 -25.769418 0.000000 0.000000 -28.125950 0.000000 0.000000 0.441624 -0.014543 2.538997 9.784493 13.769825 -12.307843 30.783669 40.346287 4.771134 -130.678828 67.311946 -105.658126 9.054254 -17.684162 -88.508254 30.629965 -7.825624 5.911258 24.884889 0.000000 0.000000 6.647852 0.000000 0.000000 -7.969741 -5.107087 -8.050663 60.690610 -6.207902 -4.207055 62.595695 0.000000 0.000000 28.133606 0.000000 0.000000 6.271931 -1.933901 -4.817211 69.033178 1.288416 -8.020834 61.519707 0.000000 0.000000 30.299547 0.000000 0.000000 -1.013052 -2.505694 -6.799366 17.457088 -2.278643 8.129894 10.661215 0.000000 0.000000 7.064788 0.000000 0.000000 -3.109834 -2.403556 -3.139792 19.707376 40.514124 111.547072 24.271203 0.000000 0.000000 14.377919 0.000000 0.000000 -4.610124 -2.491975 -2.359596 0.000000 0.000000 0.000000 0.000000 0.000000 0.000000 0.000000 0.000000 0.000000 0.000000 0.000000 0.000000 0.000000 0.000000 0.000000 0.000000 0.000000 0.000000 0.000000 0.000000 0.000000 0.000000 0.000000 0.000000 
0.000000 89.700000 0.000000 0.000000 0.000000 0.000000 -1.612212 14.614947 1.836883 0.014827 -1.658316 -3.557002 -2.039543 0.805912 2.036600 3.494390 -0.722038 -1.122259 -4.843421 -6.471516 2.358887 0.000000 0.000000 0.000000 -20.262929 -3.840558 -0.640334 -50.534503 -0.782680 13.788310 -9.522094 -21.685129 26.901198 -5.158360 16.772996 -13.135988 -41.596843 17.672787 -14.613611 -22.894587 0.000000 0.000000 -16.117438 0.000000 0.000000 0.022390 -0.001199 4.934506 -27.396763 13.972803 -15.000000 -19.203531 0.000000 0.000000 -27.043270 0.000000 0.000000 2.447046 -0.079831 2.056764 -29.723440 -5.380251 120.000000 -21.441859 0.000000 0.000000 15.000000 0.000000 0.000000 4.260386 -0.094452 1.375350 -36.723329 13.970218 -0.118467 -34.527172 0.000000 0.000000 -21.796197 0.000000 0.000000 -6.917769 0.291382 2.291170 -35.117766 -0.560932 14.529229 -25.557983 0.000000 0.000000 -27.765947 0.000000 0.000000 0.441624 -0.014543 2.538997 9.306658 13.730026 -12.713247 28.762291 41.113161 2.529872 -126.415604 65.849227 -101.343051 7.376412 -13.605882 -88.469305 19.443464 -6.492649 9.932131 15.762399 0.000000 0.000000 3.325415 0.000000 0.000000 -7.969741 -5.107087 -8.050663 64.807475 -10.351494 -6.523312 60.340056 0.000000 0.000000 29.958795 0.000000 0.000000 6.271931 -1.933901 -4.817211 68.826142 -3.453884 -10.168462 61.906361 0.000000 0.000000 32.083775 0.000000 0.000000 -1.013052 -2.505694 -6.799366 14.391151 -2.488350 10.454955 8.879383 0.000000 0.000000 7.515655 0.000000 0.000000 -3.109834 -2.403556 -3.139792 16.697389 40.867070 111.365854 22.483712 0.000000 0.000000 13.635176 0.000000 0.000000 -4.610124 -2.491975 -2.359596 0.000000 0.000000 0.000000 0.000000 0.000000 0.000000 0.000000 0.000000 0.000000 0.000000 0.000000 0.000000 0.000000 0.000000 0.000000 0.000000 0.000000 0.000000 0.000000 0.000000 0.000000 0.000000 0.000000 0.000000 
0.000000 89.700000 0.000000 0.000000 0.000000 0.000000 -1.613625 14.675724 1.838597 0.051353 -1.698117 -3.572784 -2.108771 0.775464 2.020407 3.618133 -1.000519 -1.192517 -4.898725 -6.732846 2.471467 0.000000 0.000000 0.000000 -20.158302 -3.859894 -0.528716 -50.778909 -0.753514 13.682557 -9.460943 -21.635391 27.148171 -5.302174 16.601225 -13.116999 -41.018088 17.756224 -14.571536 -23.087902 0.000000 0.000000 -16.119015 0.000000 0.000000 0.022390 -0.001199 4.934506 -26.816497 13.868733 -15.000000 -19.423331 0.000000 0.000000 -27.069866 0.000000 0.000000 2.447046 -0.079831 2.056764 -30.027329 -5.548262 120.000000 -21.660979 0.000000 0.000000 15.000000 0.000000 0.000000 4.260386 -0.094452 1.375350 -36.391905 13.906347 -0.026415 -34.496335 0.000000 0.000000 -21.633579 0.000000 0.000000 -6.917769 0.291382 2.291170 -35.330343 -0.584679 14.529794 -25.391421 0.000000 0.000000 -27.490521 0.000000 0.000000 0.441624 -0.014543 2.538997 8.926413 13.700014 -12.978324 27.094821 41.531073 0.834871 -125.384073 65.056074 -99.901855 7.152892 -9.023934 -88.611665 17.228840 -6.836712 12.767716 9.989549 0.000000 0.000000 2.458758 0.000000 0.000000 -7.969741 -5.107087 -8.050663 69.219324 -15.263012 -9.027392 57.534385 0.000000 0.000000 30.849791 0.000000 0.000000 6.271931 -1.933901 -4.817211 69.383822 -9.323516 -11.654162 61.676008 0.000000 0.000000 32.777269 0.000000 0.000000 -1.013052 -2.505694 -6.799366 14.596939 -3.753984 12.540521 8.038880 0.000000 0.000000 8.392698 0.000000 0.000000 -3.109834 -2.403556 -3.139792 13.305966 40.913265 111.308014 21.676296 0.000000 0.000000 11.550261 0.000000 0.000000 -4.610124 -2.491975 -2.359596 0.000000 0.000000 0.000000 0.000000 0.000000 0.000000 0.000000 0.000000 0.000000 0.000000 0.000000 0.000000 0.000000 0.000000 0.000000 0.000000 0.000000 0.000000 0.000000 0.000000 0.000000 0.000000 0.000000 0.000000 
0.000000 89.700000 0.000000 0.000000 0.000000 0.000000 -1.620985 14.755984 1.789867 0.084178 -1.702863 -3.568747 -2.151462 0.755034 2.025635 3.691401 -1.232741 -1.253022 -4.893619 -6.987587 2.534087 0.000000 0.000000 0.000000 -20.031055 -3.880336 -0.466989 -51.005717 -0.783650 13.613983 -9.484397 -21.596220 27.463407 -5.475563 16.396069 -13.151651 -42.098788 17.991478 -14.645060 -22.967627 0.000000 0.000000 -16.337775 0.000000 0.000000 0.022390 -0.001199 4.934506 -27.299269 13.969947 -15.000000 -19.499468 0.000000 0.000000 -27.390555 0.000000 0.000000 2.447046 -0.079831 2.056764 -30.278785 -5.654174 120.000000 -21.993429 0.000000 0.000000 15.000000 0.000000 0.000000 4.260386 -0.094452 1.375350 -37.437852 14.040653 -0.163417 -34.280135 0.000000 0.000000 -21.532676 0.000000 0.000000 -6.917769 0.291382 2.291170 -35.604679 -0.622623 14.629073 -25.166514 0.000000 0.000000 -27.303894 0.000000 0.000000 0.441624 -0.014543 2.538997 8.641153 13.678971 -13.135549 25.816240 41.680592 -0.350183 -126.377500 64.809641 -100.024719 7.875135 -5.184308 -88.894173 18.864317 -8.435917 14.186897 7.622348 0.000000 0.000000 3.874033 0.000000 0.000000 -7.969741 -5.107087 -8.050663 75.198774 -19.606067 -10.789719 53.579841 0.000000 0.000000 30.916309 0.000000 0.000000 6.271931 -1.933901 -4.817211 75.973049 -15.060580 -12.225896 59.923104 0.000000 0.000000 32.137717 0.000000 0.000000 -1.013052 -2.505694 -6.799366 16.869364 -5.531122 13.948145 7.992377 0.000000 0.000000 9.213505 0.000000 0.000000 -3.109834 -2.403556 -3.139792 10.166527 40.689160 110.929117 21.521973 0.000000 0.000000 8.990355 0.000000 0.000000 -4.610124 -2.491975 -2.359596 0.000000 0.000000 0.000000 0.000000 0.000000 0.000000 0.000000 0.000000 0.000000 0.000000 0.000000 0.000000 0.000000 0.000000 0.000000 0.000000 0.000000 0.000000 0.000000 0.000000 0.000000 0.000000 0.000000 0.000000 
0.000000 89.700000 0.000000 0.000000 0.000000 0.000000 -1.637075 14.868483 1.739935 0.108671 -1.676791 -3.569393 -2.172745 0.751703 2.047619 3.728402 -1.412818 -1.333919 -4.863163 -7.260568 2.552633 0.000000 0.000000 0.000000 -19.878664 -3.908789 -0.458531 -51.210148 -0.867422 13.572018 -9.583309 -21.570613 27.875602 -5.709945 16.179400 -13.245040 -42.064808 18.261260 -14.780376 -22.647680 0.000000 0.000000 -16.633630 0.000000 0.000000 0.022390 -0.001199 4.934506 -27.194094 14.198326 -15.000000 -19.406470 0.000000 0.000000 -27.865486 0.000000 0.000000 2.447046 -0.079831 2.056764 -30.463328 -5.678487 120.000000 -22.362112 0.000000 0.000000 15.000000 0.000000 0.000000 4.260386 -0.094452 1.375350 -37.358143 14.229533 -0.363072 -33.863029 0.000000 0.000000 -21.459709 0.000000 0.000000 -6.917769 0.291382 2.291170 -35.093813 -0.631686 14.773869 -24.774237 0.000000 0.000000 -27.111924 0.000000 0.000000 0.441624 -0.014543 2.538997 8.422681 13.676688 -13.236626 24.832032 41.690560 -1.198609 -127.075058 64.830620 -99.859867 8.780755 -2.401919 -89.225117 21.120943 -10.575652 14.566309 7.237851 0.000000 0.000000 6.001271 0.000000 0.000000 -7.969741 -5.107087 -8.050663 78.355189 -22.499439 -11.185836 49.167511 0.000000 0.000000 30.626909 0.000000 0.000000 6.271931 -1.933901 -4.817211 81.933227 -19.773359 -11.837576 57.025579 0.000000 0.000000 30.878077 0.000000 0.000000 -1.013052 -2.505694 -6.799366 17.616660 -7.457138 14.651971 8.353493 0.000000 0.000000 9.575998 0.000000 0.000000 -3.109834 -2.403556 -3.139792 7.619922 40.232640 109.777788 22.119319 0.000000 0.000000 7.702158 0.000000 0.000000 -4.610124 -2.491975 -2.359596 0.000000 0.000000 0.000000 0.000000 0.000000 0.000000 0.000000 0.000000 0.000000 0.000000 0.000000 0.000000 0.000000 0.000000 0.000000 0.000000 0.000000 0.000000 0.000000 0.000000 0.000000 0.000000 0.000000 0.000000 
0.000000 89.700000 0.000000 0.000000 0.000000 0.000000 -1.659331 15.027817 1.729630 0.112001 -1.622896 -3.591598 -2.179818 0.770487 2.075132 3.743468 -1.559888 -1.459100 -4.841145 -7.548133 2.544276 0.000000 0.000000 0.000000 -19.704823 -3.950106 -0.501560 -51.386458 -0.999046 13.553386 -9.724108 -21.564604 28.370706 -5.993024 15.965749 -13.410024 -41.219836 18.489176 -14.898350 -22.244937 0.000000 0.000000 -16.851718 0.000000 0.000000 0.022390 -0.001199 4.934506 -26.547535 14.489800 -15.000000 -19.140289 0.000000 0.000000 -28.344395 0.000000 0.000000 2.447046 -0.079831 2.056764 -30.564486 -5.565727 120.000000 -22.713955 0.000000 0.000000 15.000000 0.000000 0.000000 4.260386 -0.094452 1.375350 -36.776528 14.387350 -0.509708 -33.262864 0.000000 0.000000 -21.410001 0.000000 0.000000 -6.917769 0.291382 2.291170 -34.759672 -0.534932 14.893486 -24.180322 0.000000 0.000000 -26.819749 0.000000 0.000000 0.441624 -0.014543 2.538997 8.226839 13.705736 -13.330074 23.977258 41.687711 -1.928880 -126.607411 65.176318 -98.672013 9.542927 -0.176438 -89.511528 21.935621 -12.604702 14.235721 7.804654 0.000000 0.000000 7.587621 0.000000 0.000000 -7.969741 -5.107087 -8.050663 78.689877 -23.727810 -10.113732 45.463703 0.000000 0.000000 30.091804 0.000000 0.000000 6.271931 -1.933901 -4.817211 83.047710 -23.063908 -10.532289 54.037584 0.000000 0.000000 29.465857 0.000000 0.000000 -1.013052 -2.505694 -6.799366 16.283497 -9.239401 14.907185 8.808657 0.000000 0.000000 9.423965 0.000000 0.000000 -3.109834 -2.403556 -3.139792 6.013478 39.849679 108.467758 22.923887 0.000000 0.000000 7.297547 0.000000 0.000000 -4.610124 -2.491975 -2.359596 0.000000 0.000000 0.000000 0.000000 0.000000 0.000000 0.000000 0.000000 0.000000 0.000000 0.000000 0.000000 0.000000 0.000000 0.000000 0.000000 0.000000 0.000000 0.000000 0.000000 0.000000 0.000000 0.000000 0.000000 
0.000000 89.700000 0.000000 0.000000 0.000000 0.000000 -1.681483 15.243656 1.778084 0.080748 -1.545327 -3.636295 -2.179663 0.812231 2.092326 3.749671 -1.701465 -1.630760 -4.848021 -7.822958 2.520836 0.000000 0.000000 0.000000 -19.516048 -4.008655 -0.589718 -51.533416 -1.177843 13.559115 -9.856423 -21.573143 28.889032 -6.272710 15.781970 -13.660220 -41.314236 18.653924 -14.964827 -21.814259 0.000000 0.000000 -16.909930 0.000000 0.000000 0.022390 -0.001199 4.934506 -26.921207 14.808085 -15.000000 -18.747486 0.000000 0.000000 -28.707410 0.000000 0.000000 2.447046 -0.079831 2.056764 -30.560299 -5.294516 120.000000 -23.047293 0.000000 0.000000 15.000000 0.000000 0.000000 4.260386 -0.094452 1.375350 -37.282021 14.510743 -0.574308 -32.560397 0.000000 0.000000 -21.394528 0.000000 0.000000 -6.917769 0.291382 2.291170 -35.529145 -0.313675 14.960515 -23.478025 0.000000 0.000000 -26.415566 0.000000 0.000000 0.441624 -0.014543 2.538997 8.003385 13.775793 -13.448993 23.082046 41.764593 -2.732513 -124.084552 65.673905 -95.703033 10.324418 2.112656 -89.691865 24.575798 -14.033624 13.294276 9.230681 0.000000 0.000000 8.436171 0.000000 0.000000 -7.969741 -5.107087 -8.050663 77.603794 -23.379426 -7.909438 42.960484 0.000000 0.000000 28.977405 0.000000 0.000000 6.271931 -1.933901 -4.817211 82.383291 -24.663567 -8.592628 51.644446 0.000000 0.000000 27.613382 0.000000 0.000000 -1.013052 -2.505694 -6.799366 15.723240 -10.577036 14.951896 9.242622 0.000000 0.000000 8.998651 0.000000 0.000000 -3.109834 -2.403556 -3.139792 5.819176 39.915277 108.335351 22.895960 0.000000 0.000000 5.758947 0.000000 0.000000 -4.610124 -2.491975 -2.359596 0.000000 0.000000 0.000000 0.000000 0.000000 0.000000 0.000000 0.000000 0.000000 0.000000 0.000000 0.000000 0.000000 0.000000 0.000000 0.000000 0.000000 0.000000 0.000000 0.000000 0.000000 0.000000 0.000000 0.000000 
0.000000 89.700000 0.000000 0.000000 0.000000 0.000000 -1.692232 15.521005 1.882050 0.005040 -1.449869 -3.695123 -2.176338 0.872954 2.086378 3.759049 -1.857613 -1.832081 -4.893531 -8.050495 2.481430 0.000000 0.000000 0.000000 -19.318854 -4.091006 -0.715984 -51.658181 -1.408195 13.591504 -9.919794 -21.570188 29.347881 -6.533375 15.691550 -14.003546 -41.190473 18.751229 -14.990911 -21.423419 0.000000 0.000000 -16.807504 0.000000 0.000000 0.022390 -0.001199 4.934506 -27.394449 15.106064 -15.000000 -18.339014 0.000000 0.000000 -28.848072 0.000000 0.000000 2.447046 -0.079831 2.056764 -30.436567 -4.941202 120.000000 -23.338112 0.000000 0.000000 15.000000 0.000000 0.000000 4.260386 -0.094452 1.375350 -37.588957 14.618098 -0.524695 -31.964010 0.000000 0.000000 -21.408723 0.000000 0.000000 -6.917769 0.291382 2.291170 -36.044439 -0.046430 14.988019 -22.884477 0.000000 0.000000 -26.004424 0.000000 0.000000 0.441624 -0.014543 2.538997 7.706558 13.893630 -13.611644 22.009752 41.967401 -3.743290 -119.362894 65.967721 -91.032393 11.304167 4.524941 -89.737719 28.325825 -14.535614 11.898441 11.519450 0.000000 0.000000 8.863781 0.000000 0.000000 -7.969741 -5.107087 -8.050663 76.528537 -21.399621 -5.154798 41.455836 0.000000 0.000000 27.207523 0.000000 0.000000 6.271931 -1.933901 -4.817211 83.259077 -24.212201 -6.662466 50.058158 0.000000 0.000000 25.293948 0.000000 0.000000 -1.013052 -2.505694 -6.799366 15.438021 -11.223444 14.872975 9.664556 0.000000 0.000000 8.564691 0.000000 0.000000 -3.109834 -2.403556 -3.139792 7.175737 40.274110 109.634704 22.237755 0.000000 0.000000 3.350786 0.000000 0.000000 -4.610124 -2.491975 -2.359596 0.000000 0.000000 0.000000 0.000000 0.000000 0.000000 0.000000 0.000000 0.000000 0.000000 0.000000 0.000000 0.000000 0.000000 0.000000 0.000000 0.000000 0.000000 0.000000 0.000000 0.000000 0.000000 0.000000 0.000000 
0.000000 89.700000 0.000000 0.000000 0.000000 0.000000 -1.675554 15.860212 2.022277 -0.121501 -1.339934 -3.761723 -2.170952 0.944479 2.053679 3.782460 -2.039747 -2.038161 -4.981947 -8.207621 2.415534 0.000000 0.000000 0.000000 -19.117528 -4.202887 -0.878432 -51.772550 -1.693268 13.656055 -9.856174 -21.516132 29.674028 -6.825710 15.752420 -14.439477 -40.773221 18.774554 -14.997840 -21.143565 0.000000 0.000000 -16.606519 0.000000 0.000000 0.022390 -0.001199 4.934506 -27.364630 15.338241 -15.000000 -18.018898 0.000000 0.000000 -28.719488 0.000000 0.000000 2.447046 -0.079831 2.056764 -30.212353 -4.602511 120.000000 -23.463696 0.000000 0.000000 15.000000 0.000000 0.000000 4.260386 -0.094452 1.375350 -37.212358 14.700994 -0.305747 -31.698691 0.000000 0.000000 -21.443973 0.000000 0.000000 -6.917769 0.291382 2.291170 -35.930177 0.112833 14.996851 -22.607246 0.000000 0.000000 -25.756553 0.000000 0.000000 0.441624 -0.014543 2.538997 7.301814 14.064776 -13.828934 20.672995 42.302414 -5.033321 -112.563521 66.149195 -84.672578 12.403639 6.372672 -89.639860 28.349318 -13.938133 10.523358 13.968985 0.000000 0.000000 8.966428 0.000000 0.000000 -7.969741 -5.107087 -8.050663 71.524917 -17.491201 -2.360949 40.774845 0.000000 0.000000 25.468216 0.000000 0.000000 6.271931 -1.933901 -4.817211 83.954301 -21.400618 -5.477019 49.429284 0.000000 0.000000 23.506594 0.000000 0.000000 -1.013052 -2.505694 -6.799366 16.628251 -11.067502 14.637765 10.116473 0.000000 0.000000 8.249012 0.000000 0.000000 -3.109834 -2.403556 -3.139792 9.460524 40.038848 110.937716 22.713391 0.000000 0.000000 3.407046 0.000000 0.000000 -4.610124 -2.491975 -2.359596 0.000000 0.000000 0.000000 0.000000 0.000000 0.000000 0.000000 0.000000 0.000000 0.000000 0.000000 0.000000 0.000000 0.000000 0.000000 0.000000 0.000000 0.000000 0.000000 0.000000 0.000000 0.000000 0.000000 0.000000 
0.000000 89.700000 0.000000 0.000000 0.000000 0.000000 -1.615210 16.249386 2.170075 -0.302043 -1.210707 -3.834716 -2.165367 1.017184 1.998612 3.827622 -2.262434 -2.222298 -5.111276 -8.297733 2.310537 0.000000 0.000000 0.000000 -18.909692 -4.339891 -1.083803 -51.885316 -2.027344 13.767072 -9.631683 -21.378073 29.828187 -7.204979 15.945876 -14.958528 -41.439044 18.701636 -14.996493 -20.933724 0.000000 0.000000 -16.365970 0.000000 0.000000 0.022390 -0.001199 4.934506 -28.053078 15.489220 -15.000000 -17.803985 0.000000 0.000000 -28.351579 0.000000 0.000000 2.447046 -0.079831 2.056764 -29.938288 -4.286004 120.000000 -23.275077 0.000000 0.000000 15.000000 0.000000 0.000000 4.260386 -0.094452 1.375350 -37.477987 14.694237 0.132303 -31.767820 0.000000 0.000000 -21.478970 0.000000 0.000000 -6.917769 0.291382 2.291170 -35.979969 0.005882 14.999253 -22.659637 0.000000 0.000000 -25.766195 0.000000 0.000000 0.441624 -0.014543 2.538997 6.766669 14.292641 -14.108299 19.038032 42.751126 -6.619497 -103.468597 65.944589 -76.410966 13.453265 6.692579 -89.403285 22.941929 -12.246113 9.797510 15.374029 0.000000 0.000000 8.398394 0.000000 0.000000 -7.969741 -5.107087 -8.050663 63.571840 -11.653751 0.135929 41.298849 0.000000 0.000000 24.924808 0.000000 0.000000 6.271931 -1.933901 -4.817211 83.159586 -16.332250 -5.421171 49.913014 0.000000 0.000000 23.616845 0.000000 0.000000 -1.013052 -2.505694 -6.799366 15.649277 -10.138637 14.214050 10.613919 0.000000 0.000000 7.978057 0.000000 0.000000 -3.109834 -2.403556 -3.139792 11.840638 38.133143 110.792090 25.526184 0.000000 0.000000 8.323490 0.000000 0.000000 -4.610124 -2.491975 -2.359596 0.000000 0.000000 0.000000 0.000000 0.000000 0.000000 0.000000 0.000000 0.000000 0.000000 0.000000 0.000000 0.000000 0.000000 0.000000 0.000000 0.000000 0.000000 0.000000 0.000000 0.000000 0.000000 0.000000 0.000000 
0.000000 89.700000 0.000000 0.000000 0.000000 0.000000 -1.499693 16.657582 2.291646 -0.536749 -1.045801 -3.911468 -2.164132 1.084831 1.928723 3.894497 -2.553506 -2.360798 -5.268013 -8.350000 2.156332 0.000000 0.000000 0.000000 -18.684881 -4.482261 -1.345508 -51.996405 -2.392982 13.949056 -9.255067 -21.145738 29.815291 -7.668767 16.174301 -15.541859 -41.929321 18.480792 -14.982369 -20.643076 0.000000 0.000000 -16.060208 0.000000 0.000000 0.022390 -0.001199 4.934506 -28.495699 15.560131 -15.000000 -17.652355 0.000000 0.000000 -27.784575 0.000000 0.000000 2.447046 -0.079831 2.056764 -29.676873 -3.929174 120.000000 -22.763578 0.000000 0.000000 15.000000 0.000000 0.000000 4.260386 -0.094452 1.375350 -37.305548 14.474052 0.842071 -31.909439 0.000000 0.000000 -21.434089 0.000000 0.000000 -6.917769 0.291382 2.291170 -35.428859 -0.446346 14.999843 -22.833468 0.000000 0.000000 -25.954361 0.000000 0.000000 0.441624 -0.014543 2.538997 6.092417 14.577014 -14.446147 17.105078 43.276062 -8.485375 -91.829984 64.977161 -66.041580 14.290349 5.089890 -89.058837 23.564263 -9.744053 10.075069 14.936933 0.000000 0.000000 6.771194 0.000000 0.000000 -7.969741 -5.107087 -8.050663 58.424444 -5.137334 1.925137 43.810436 0.000000 0.000000 26.488654 0.000000 0.000000 6.271931 -1.933901 -4.817211 81.015333 -10.026135 -6.244944 51.358927 0.000000 0.000000 26.328147 0.000000 0.000000 -1.013052 -2.505694 -6.799366 19.282674 -8.685607 13.716610 11.047421 0.000000 0.000000 7.418843 0.000000 0.000000 -3.109834 -2.403556 -3.139792 14.415508 33.957299 109.412925 29.605780 0.000000 0.000000 16.444311 0.000000 0.000000 -4.610124 -2.491975 -2.359596 0.000000 0.000000 0.000000 0.000000 0.000000 0.000000 0.000000 0.000000 0.000000 0.000000 0.000000 0.000000 0.000000 0.000000 0.000000 0.000000 0.000000 0.000000 0.000000 0.000000 0.000000 0.000000 0.000000 0.000000 
0.000000 89.700000 0.000000 0.000000 0.000000 0.000000 -1.324647 17.045158 2.353890 -0.825295 -0.820253 -3.984776 -2.170110 1.148367 1.854408 3.970763 -2.947710 -2.442102 -5.425049 -8.393867 1.944234 0.000000 0.000000 0.000000 -18.433218 -4.602779 -1.675438 -52.094265 -2.763290 14.227251 -8.776312 -20.835075 29.682501 -8.176790 16.346273 -16.162426 -43.010861 18.053798 -14.927586 -20.182306 0.000000 0.000000 -15.583025 0.000000 0.000000 0.022390 -0.001199 4.934506 -29.163101 15.542650 -15.000000 -17.557024 0.000000 0.000000 -27.022885 0.000000 0.000000 2.447046 -0.079831 2.056764 -29.471608 -3.513399 120.000000 -22.099903 0.000000 0.000000 15.000000 0.000000 0.000000 4.260386 -0.094452 1.375350 -37.843718 13.922262 1.890456 -31.843797 0.000000 0.000000 -21.170969 0.000000 0.000000 -6.917769 0.291382 2.291170 -35.339317 -1.190492 14.999973 -22.880125 0.000000 0.000000 -26.138120 0.000000 0.000000 0.441624 -0.014543 2.538997 5.293044 14.915496 -14.812900 14.866844 43.810813 -10.618542 -77.409363 62.751225 -53.475679 14.639961 2.145302 -88.671888 30.056665 -7.083424 11.201915 12.997539 0.000000 0.000000 4.488390 0.000000 0.000000 -7.969741 -5.107087 -8.050663 69.522276 -0.390711 2.532600 48.547806 0.000000 0.000000 30.248667 0.000000 0.000000 6.271931 -1.933901 -4.817211 82.290802 -4.378562 -7.114825 53.075911 0.000000 0.000000 31.389530 0.000000 0.000000 -1.013052 -2.505694 -6.799366 19.800849 -7.323629 13.401592 11.148678 0.000000 0.000000 6.261425 0.000000 0.000000 -3.109834 -2.403556 -3.139792 18.199090 27.692184 108.293374 32.625304 0.000000 0.000000 23.792758 0.000000 0.000000 -4.610124 -2.491975 -2.359596 0.000000 0.000000 0.000000 0.000000 0.000000 0.000000 0.000000 0.000000 0.000000 0.000000 0.000000 0.000000 0.000000 0.000000 0.000000 0.000000 0.000000 0.000000 0.000000 0.000000 0.000000 0.000000 0.000000 0.000000 
0.000000 89.700000 0.000000 0.000000 0.000000 0.000000 -1.095235 17.388195 2.335916 -1.167666 -0.513119 -4.050122 -2.179352 1.213367 1.792299 4.033639 -3.460791 -2.470928 -5.549812 -8.421427 1.665545 0.000000 0.000000 0.000000 -18.159106 -4.681550 -2.072628 -52.157874 -3.105661 14.609945 -8.263913 -20.483612 29.503783 -8.710519 16.458349 -16.790325 -44.497722 17.413343 -14.768896 -19.632265 0.000000 0.000000 -14.863714 0.000000 0.000000 0.022390 -0.001199 4.934506 -29.863433 15.416852 -15.000000 -17.555080 0.000000 0.000000 -26.081853 0.000000 0.000000 2.447046 -0.079831 2.056764 -29.314812 -3.134353 120.000000 -21.501897 0.000000 0.000000 15.000000 0.000000 0.000000 4.260386 -0.094452 1.375350 -38.865805 13.023387 3.332090 -31.523571 0.000000 0.000000 -20.582207 0.000000 0.000000 -6.917769 0.291382 2.291170 -35.756659 -2.055433 14.999996 -22.706720 0.000000 0.000000 -26.171603 0.000000 0.000000 0.441624 -0.014543 2.538997 4.415932 15.304207 -15.148622 12.296767 44.252518 -13.025615 -62.216333 58.720253 -40.598183 14.269410 -1.178525 -88.317865 30.686532 -5.025044 12.637254 10.817714 0.000000 0.000000 2.996365 0.000000 0.000000 -7.969741 -5.107087 -8.050663 71.548273 0.877690 1.860804 54.316878 0.000000 0.000000 35.460035 0.000000 0.000000 6.271931 -1.933901 -4.817211 77.972020 -0.927867 -7.266820 54.194284 0.000000 0.000000 37.872089 0.000000 0.000000 -1.013052 -2.505694 -6.799366 18.826623 -6.767184 13.389697 10.727787 0.000000 0.000000 4.756461 0.000000 0.000000 -3.109834 -2.403556 -3.139792 23.643470 20.475487 108.507204 33.332641 0.000000 0.000000 27.963668 0.000000 0.000000 -4.610124 -2.491975 -2.359596 0.000000 0.000000 0.000000 0.000000 0.000000 0.000000 0.000000 0.000000 0.000000 0.000000 0.000000 0.000000 0.000000 0.000000 0.000000 0.000000 0.000000 0.000000 0.000000 0.000000 0.000000 0.000000 0.000000 0.000000 
0.000000 89.700000 0.000000 0.000000 0.000000 0.000000 -0.831254 17.691312 2.240601 -1.555594 -0.126779 -4.110074 -2.184118 1.280960 1.760726 4.060966 -4.062182 -2.460832 -5.620859 -8.379101 1.317464 0.000000 0.000000 0.000000 -17.887364 -4.712001 -2.515074 -52.164031 -3.387659 15.072292 -7.777454 -20.142228 29.347169 -9.270895 16.597444 -17.400944 -44.727885 16.645494 -14.422484 -19.143669 0.000000 0.000000 -13.986727 0.000000 0.000000 0.022390 -0.001199 4.934506 -29.806050 15.186097 -15.000000 -17.645362 0.000000 0.000000 -25.073267 0.000000 0.000000 2.447046 -0.079831 2.056764 -29.156846 -2.945203 120.000000 -21.090522 0.000000 0.000000 15.000000 0.000000 0.000000 4.260386 -0.094452 1.375350 -38.648052 11.902177 5.157286 -31.117667 0.000000 0.000000 -19.714023 0.000000 0.000000 -6.917769 0.291382 2.291170 -35.258710 -2.861995 15.000000 -22.403493 0.000000 0.000000 -26.018827 0.000000 0.000000 0.441624 -0.014543 2.538997 3.542666 15.728572 -15.384370 9.417401 44.479461 -15.679031 -48.088469 51.888530 -29.588109 13.372021 -4.322137 -88.016509 27.651586 -3.864488 13.830128 9.487904 0.000000 0.000000 3.409246 0.000000 0.000000 -7.969741 -5.107087 -8.050663 65.541124 -0.582403 0.301282 59.182147 0.000000 0.000000 41.007922 0.000000 0.000000 6.271931 -1.933901 -4.817211 71.947105 0.427889 -6.779593 54.442073 0.000000 0.000000 44.562382 0.000000 0.000000 -1.013052 -2.505694 -6.799366 18.687939 -7.157206 13.433865 9.965345 0.000000 0.000000 3.597815 0.000000 0.000000 -3.109834 -2.403556 -3.139792 29.732841 14.244829 109.944884 32.370079 0.000000 0.000000 29.577206 0.000000 0.000000 -4.610124 -2.491975 -2.359596 0.000000 0.000000 0.000000 0.000000 0.000000 0.000000 0.000000 0.000000 0.000000 0.000000 0.000000 0.000000 0.000000 0.000000 0.000000 0.000000 0.000000 0.000000 0.000000 0.000000 0.000000 0.000000 0.000000 0.000000 
0.000000 89.700000 0.000000 0.000000 0.000000 0.000000 -0.570775 17.972726 2.093900 -1.958845 0.300648 -4.162983 -2.181517 1.340591 1.765038 4.044871 -4.672455 -2.427302 -5.639720 -8.213702 0.913371 0.000000 0.000000 0.000000 -17.657280 -4.691712 -2.961559 -52.096522 -3.587646 15.552175 -7.353721 -19.863627 29.237313 -9.838479 16.881562 -17.979970 -44.523733 15.915588 -13.862323 -18.797170 0.000000 0.000000 -13.169141 0.000000 0.000000 0.022390 -0.001199 4.934506 -29.999322 14.920605 -15.000000 -17.767468 0.000000 0.000000 -24.209854 0.000000 0.000000 2.447046 -0.079831 2.056764 -28.940777 -3.028517 120.000000 -20.841095 0.000000 0.000000 15.000000 0.000000 0.000000 4.260386 -0.094452 1.375350 -38.053878 10.766623 7.245691 -30.825291 0.000000 0.000000 -18.791955 0.000000 0.000000 -6.917769 0.291382 2.291170 -34.496342 -3.543238 15.000000 -22.147432 0.000000 0.000000 -25.769082 0.000000 0.000000 0.441624 -0.014543 2.538997 2.773860 16.143573 -15.478976 6.409325 44.394720 -18.420595 -35.391480 41.145341 -21.357782 12.495866 -7.002804 -87.654930 31.780811 -3.272468 14.543191 9.113769 0.000000 0.000000 4.836274 0.000000 0.000000 -7.969741 -5.107087 -8.050663 63.471869 -2.458869 -1.624079 62.230823 0.000000 0.000000 45.892762 0.000000 0.000000 6.271931 -1.933901 -4.817211 72.548336 1.092497 -6.393756 54.274279 0.000000 0.000000 50.331330 0.000000 0.000000 -1.013052 -2.505694 -6.799366 22.282417 -7.900683 13.146632 9.306917 0.000000 0.000000 2.979514 0.000000 0.000000 -3.109834 -2.403556 -3.139792 34.819969 10.558096 112.015206 31.110762 0.000000 0.000000 30.584378 0.000000 0.000000 -4.610124 -2.491975 -2.359596 0.000000 0.000000 0.000000 0.000000 0.000000 0.000000 0.000000 0.000000 0.000000 0.000000 0.000000 0.000000 0.000000 0.000000 0.000000 0.000000 0.000000 0.000000 0.000000 0.000000 0.000000 0.000000 0.000000 0.000000 
0.000000 89.700000 0.000000 0.000000 0.000000 0.000000 -0.361085 18.237622 1.928769 -2.324518 0.704580 -4.191744 -2.176662 1.372900 1.790096 3.995400 -5.193162 -2.386006 -5.625598 -7.927008 0.482654 0.000000 0.000000 0.000000 -17.508835 -4.610579 -3.365716 -51.952593 -3.704133 15.967385 -7.008783 -19.687722 29.148580 -10.392988 17.391733 -18.520468 -44.516241 15.400135 -13.219783 -18.575987 0.000000 0.000000 -12.605755 0.000000 0.000000 0.022390 -0.001199 4.934506 -30.161567 14.738766 -15.000000 -17.857477 0.000000 0.000000 -23.695383 0.000000 0.000000 2.447046 -0.079831 2.056764 -28.613182 -3.333217 120.000000 -20.623861 0.000000 0.000000 15.000000 0.000000 0.000000 4.260386 -0.094452 1.375350 -37.984689 9.820142 9.352229 -30.754411 0.000000 0.000000 -18.083620 0.000000 0.000000 -6.917769 0.291382 2.291170 -34.368381 -4.140444 15.000000 -22.113005 0.000000 0.000000 -25.600153 0.000000 0.000000 0.441624 -0.014543 2.538997 2.200071 16.464451 -15.439711 3.624902 43.972031 -20.939171 -25.676073 27.388889 -18.029780 12.037281 -8.674552 -86.942794 32.008646 -2.850711 14.849151 9.171746 0.000000 0.000000 5.041049 0.000000 0.000000 -7.969741 -5.107087 -8.050663 69.732436 -3.096982 -3.423012 64.090150 0.000000 0.000000 49.398467 0.000000 0.000000 6.271931 -1.933901 -4.817211 76.103048 2.203769 -6.605125 54.229939 0.000000 0.000000 54.308736 0.000000 0.000000 -1.013052 -2.505694 -6.799366 19.789271 -8.344628 12.475406 9.130655 0.000000 0.000000 2.203638 0.000000 0.000000 -3.109834 -2.403556 -3.139792 37.894091 9.339574 114.333170 30.247719 0.000000 0.000000 31.918834 0.000000 0.000000 -4.610124 -2.491975 -2.359596 0.000000 0.000000 0.000000 0.000000 0.000000 0.000000 0.000000 0.000000 0.000000 0.000000 0.000000 0.000000 0.000000 0.000000 0.000000 0.000000 0.000000 0.000000 0.000000 0.000000 0.000000 0.000000 0.000000 0.000000 
0.000000 89.700000 0.000000 0.000000 0.000000 0.000000 -0.234991 18.469166 1.767500 -2.599739 1.023264 -4.172791 -2.177955 1.361362 1.811637 3.930319 -5.553354 -2.345770 -5.596606 -7.575587 0.056781 0.000000 0.000000 0.000000 -17.466617 -4.453716 -3.694698 -51.742943 -3.753345 16.251900 -6.746852 -19.630946 29.044486 -10.971906 18.135012 -19.012397 -44.763668 15.204450 -12.760848 -18.386376 0.000000 0.000000 -12.344564 0.000000 0.000000 0.022390 -0.001199 4.934506 -30.251746 14.708166 -15.000000 -17.852876 0.000000 0.000000 -23.605794 0.000000 0.000000 2.447046 -0.079831 2.056764 -28.134433 -3.735408 120.000000 -20.284651 0.000000 0.000000 15.000000 0.000000 0.000000 4.260386 -0.094452 1.375350 -38.239981 9.202118 11.176918 -30.917737 0.000000 0.000000 -17.698640 0.000000 0.000000 -6.917769 0.291382 2.291170 -34.490638 -4.702622 15.000000 -22.425702 0.000000 0.000000 -25.668530 0.000000 0.000000 0.441624 -0.014543 2.538997 1.870615 16.592897 -15.308467 1.432455 43.262627 -22.900142 -22.203398 20.126648 -19.418975 12.031692 -8.692836 -85.415981 29.716608 -2.670951 14.901356 9.384319 0.000000 0.000000 2.951203 0.000000 0.000000 -7.969741 -5.107087 -8.050663 75.946732 -2.452253 -4.635413 65.812299 0.000000 0.000000 51.041951 0.000000 0.000000 6.271931 -1.933901 -4.817211 78.940857 3.745781 -7.263333 54.493280 0.000000 0.000000 55.860962 0.000000 0.000000 -1.013052 -2.505694 -6.799366 14.896719 -8.410722 11.811024 9.662176 0.000000 0.000000 0.601402 0.000000 0.000000 -3.109834 -2.403556 -3.139792 38.831262 9.332960 116.566652 29.616683 0.000000 0.000000 32.966272 0.000000 0.000000 -4.610124 -2.491975 -2.359596 0.000000 0.000000 0.000000 0.000000 0.000000 0.000000 0.000000 0.000000 0.000000 0.000000 0.000000 0.000000 0.000000 0.000000 0.000000 0.000000 0.000000 0.000000 0.000000 0.000000 0.000000 0.000000 0.000000 0.000000 
0.000000 89.700000 0.000000 0.000000 0.000000 0.000000 -0.194685 18.645043 1.620544 -2.759393 1.224379 -4.095442 -2.192477 1.301576 1.812514 3.864137 -5.739283 -2.301382 -5.555904 -7.225468 -0.341265 0.000000 0.000000 0.000000 -17.528706 -4.216180 -3.938098 -51.484270 -3.756323 16.385956 -6.568692 -19.688714 28.925438 -11.669216 19.045290 -19.428918 -45.908361 15.313455 -12.692340 -18.099210 0.000000 0.000000 -12.293844 0.000000 0.000000 0.022390 -0.001199 4.934506 -30.660486 14.770543 -15.000000 -17.681669 0.000000 0.000000 -23.862327 0.000000 0.000000 2.447046 -0.079831 2.056764 -27.517576 -4.135226 120.000000 -19.729449 0.000000 0.000000 15.000000 0.000000 0.000000 4.260386 -0.094452 1.375350 -39.325198 8.952236 12.514152 -31.267699 0.000000 0.000000 -17.505494 0.000000 0.000000 -6.917769 0.291382 2.291170 -35.774898 -5.232556 15.000000 -23.136657 0.000000 0.000000 -26.004931 0.000000 0.000000 0.441624 -0.014543 2.538997 1.780663 16.465139 -15.129966 0.020746 42.347963 -24.123871 -20.841550 16.908265 -20.992081 12.351281 -6.965634 -82.477255 29.188807 -3.098029 14.745552 9.960452 0.000000 0.000000 -0.286929 0.000000 0.000000 -7.969741 -5.107087 -8.050663 75.186768 -1.352579 -4.967838 67.644539 0.000000 0.000000 50.560382 0.000000 0.000000 6.271931 -1.933901 -4.817211 79.558675 5.100900 -7.861580 54.775805 0.000000 0.000000 54.580816 0.000000 0.000000 -1.013052 -2.505694 -6.799366 13.272778 -8.462218 11.544660 11.075146 0.000000 0.000000 -1.608003 0.000000 0.000000 -3.109834 -2.403556 -3.139792 37.978846 9.583214 118.294255 28.915581 0.000000 0.000000 32.926091 0.000000 0.000000 -4.610124 -2.491975 -2.359596 0.000000 0.000000 0.000000 0.000000 0.000000 0.000000 0.000000 0.000000 0.000000 0.000000 0.000000 0.000000 0.000000 0.000000 0.000000 0.000000 0.000000 0.000000 0.000000 0.000000 0.000000 0.000000 0.000000 0.000000 
0.000000 89.700000 0.000000 0.000000 0.000000 0.000000 -0.221233 18.758908 1.499385 -2.811727 1.308930 -3.968204 -2.225575 1.199906 1.786185 3.806880 -5.784665 -2.241083 -5.495090 -6.916902 -0.695795 0.000000 0.000000 0.000000 -17.668811 -3.910819 -4.100744 -51.189874 -3.728079 16.394868 -6.476284 -19.848082 28.835247 -12.515245 19.985369 -19.716886 -47.176658 15.617008 -13.000795 -17.649069 0.000000 0.000000 -12.336220 0.000000 0.000000 0.022390 -0.001199 4.934506 -30.522936 14.812016 -15.000000 -17.335860 0.000000 0.000000 -24.303469 0.000000 0.000000 2.447046 -0.079831 2.056764 -26.861687 -4.475757 120.000000 -19.014448 0.000000 0.000000 15.000000 0.000000 0.000000 4.260386 -0.094452 1.375350 -40.687238 9.012319 13.312430 -31.701913 0.000000 0.000000 -17.284940 0.000000 0.000000 -6.917769 0.291382 2.291170 -37.382850 -5.696952 15.000000 -24.170314 0.000000 0.000000 -26.499599 0.000000 0.000000 0.441624 -0.014543 2.538997 1.884642 16.078095 -14.931334 -0.659260 41.287584 -24.651068 -20.473662 16.147146 -21.833319 12.772190 -4.138585 -77.477998 29.117536 -4.216604 14.281843 11.173371 0.000000 0.000000 -2.660861 0.000000 0.000000 -7.969741 -5.107087 -8.050663 72.511965 -0.399694 -4.328371 68.636707 0.000000 0.000000 47.939334 0.000000 0.000000 6.271931 -1.933901 -4.817211 78.958434 5.956416 -7.817066 54.197961 0.000000 0.000000 50.310362 0.000000 0.000000 -1.013052 -2.505694 -6.799366 12.843323 -8.727350 11.617877 13.472860 0.000000 0.000000 -3.594476 0.000000 0.000000 -3.109834 -2.403556 -3.139792 35.838132 10.008399 119.273214 28.017402 0.000000 0.000000 31.827488 0.000000 0.000000 -4.610124 -2.491975 -2.359596 0.000000 0.000000 0.000000 0.000000 0.000000 0.000000 0.000000 0.000000 0.000000 0.000000 0.000000 0.000000 0.000000 0.000000 0.000000 0.000000 0.000000 0.000000 0.000000 0.000000 0.000000 0.000000 0.000000 0.000000 
0.000000 89.700000 0.000000 0.000000 0.000000 0.000000 -0.293098 18.825860 1.423319 -2.783933 1.297866 -3.809648 -2.281126 1.066431 1.730449 3.765228 -5.742042 -2.158427 -5.406868 -6.660268 -0.995516 0.000000 0.000000 0.000000 -17.850397 -3.563330 -4.189553 -50.866136 -3.675317 16.324501 -6.471623 -20.096693 28.825546 -13.324009 20.743107 -19.802900 -48.448301 16.001318 -13.509949 -17.135419 0.000000 0.000000 -12.452985 0.000000 0.000000 0.022390 -0.001199 4.934506 -29.365890 14.805153 -15.000000 -16.939947 0.000000 0.000000 -24.791961 0.000000 0.000000 2.447046 -0.079831 2.056764 -26.348018 -4.693629 120.000000 -18.381506 0.000000 0.000000 15.000000 0.000000 0.000000 4.260386 -0.094452 1.375350 -42.356836 9.308127 13.524984 -32.084410 0.000000 0.000000 -17.008353 0.000000 0.000000 -6.917769 0.291382 2.291170 -38.473492 -6.009777 15.000000 -25.276324 0.000000 0.000000 -26.982659 0.000000 0.000000 0.441624 -0.014543 2.538997 2.118882 15.479612 -14.722282 -0.819353 40.110497 -24.680931 -21.389288 17.684104 -22.307605 12.764743 -1.084508 -69.881662 32.317738 -5.615546 13.379841 12.962824 0.000000 0.000000 -3.038760 0.000000 0.000000 -7.969741 -5.107087 -8.050663 70.399953 0.384560 -2.647261 67.079419 0.000000 0.000000 43.278700 0.000000 0.000000 6.271931 -1.933901 -4.817211 78.205912 6.415617 -6.533569 51.517678 0.000000 0.000000 43.145010 0.000000 0.000000 -1.013052 -2.505694 -6.799366 13.857240 -8.973105 11.592078 16.707713 0.000000 0.000000 -4.649674 0.000000 0.000000 -3.109834 -2.403556 -3.139792 32.901468 10.976304 119.529342 26.783582 0.000000 0.000000 30.152895 0.000000 0.000000 -4.610124 -2.491975 -2.359596 0.000000 0.000000 0.000000 0.000000 0.000000 0.000000 0.000000 0.000000 0.000000 0.000000 0.000000 0.000000 0.000000 0.000000 0.000000 0.000000 0.000000 0.000000 0.000000 0.000000 0.000000 0.000000 0.000000 0.000000 
0.000000 89.700000 0.000000 0.000000 0.000000 0.000000 -0.392562 18.870651 1.411668 -2.708483 1.218497 -3.641339 -2.359667 0.911698 1.644782 3.739898 -5.666931 -2.052451 -5.292531 -6.449971 -1.233818 0.000000 0.000000 0.000000 -18.041209 -3.204002 -4.207923 -50.516425 -3.597645 16.219533 -6.550975 -20.421535 28.919398 -13.743443 21.079033 -19.623980 -49.930136 16.424379 -14.037696 -16.826517 0.000000 0.000000 -12.739245 0.000000 0.000000 0.022390 -0.001199 4.934506 -28.675089 14.821206 -15.000000 -16.691872 0.000000 0.000000 -25.270015 0.000000 0.000000 2.447046 -0.079831 2.056764 -26.186913 -4.725758 120.000000 -18.150729 0.000000 0.000000 15.000000 0.000000 0.000000 4.260386 -0.094452 1.375350 -43.963205 9.852095 12.962459 -32.350457 0.000000 0.000000 -16.926540 0.000000 0.000000 -6.917769 0.291382 2.291170 -39.307785 -5.994902 15.000000 -26.124764 0.000000 0.000000 -27.348813 0.000000 0.000000 0.441624 -0.014543 2.538997 2.415932 14.746588 -14.505534 -0.735936 38.839686 -24.473808 -23.145027 20.255368 -22.899453 11.442989 1.741639 -59.532345 37.572880 -6.685307 12.115304 14.796773 0.000000 0.000000 -1.848186 0.000000 0.000000 -7.969741 -5.107087 -8.050663 71.344485 1.160796 0.112879 61.471806 0.000000 0.000000 36.615446 0.000000 0.000000 6.271931 -1.933901 -4.817211 79.209668 6.434638 -3.609110 45.942182 0.000000 0.000000 33.609375 0.000000 0.000000 -1.013052 -2.505694 -6.799366 17.494377 -8.651634 11.029019 20.174037 0.000000 0.000000 -4.585526 0.000000 0.000000 -3.109834 -2.403556 -3.139792 29.571974 12.986927 119.119159 25.388473 0.000000 0.000000 28.445034 0.000000 0.000000 -4.610124 -2.491975 -2.359596 0.000000 0.000000 0.000000 0.000000 0.000000 0.000000 0.000000 0.000000 0.000000 0.000000 0.000000 0.000000 0.000000 0.000000 0.000000 0.000000 0.000000 0.000000 0.000000 0.000000 0.000000 0.000000 0.000000 0.000000 
0.000000 89.700000 0.000000 0.000000 0.000000 0.000000 -0.502383 18.911043 1.472589 -2.616953 1.096949 -3.491581 -2.455896 0.747693 1.535074 3.726533 -5.615563 -1.921028 -5.161597 -6.281760 -1.406345 0.000000 0.000000 0.000000 -18.218992 -2.863179 -4.158614 -50.148708 -3.487411 16.115287 -6.698922 -20.801971 29.106208 -13.550517 20.839359 -19.173654 -50.878134 16.893549 -14.468282 -17.005285 0.000000 0.000000 -13.289036 0.000000 0.000000 0.022390 -0.001199 4.934506 -28.750101 14.909978 -15.000000 -16.728780 0.000000 0.000000 -25.732148 0.000000 0.000000 2.447046 -0.079831 2.056764 -26.500110 -4.599400 120.000000 -18.519915 0.000000 0.000000 15.000000 0.000000 0.000000 4.260386 -0.094452 1.375350 -44.965218 10.701049 11.446964 -32.572398 0.000000 0.000000 -17.344996 0.000000 0.000000 -6.917769 0.291382 2.291170 -40.180685 -5.465552 14.999999 -26.518266 0.000000 0.000000 -27.625793 0.000000 0.000000 0.441624 -0.014543 2.538997 2.709366 13.970104 -14.289303 -0.681352 37.522815 -24.278141 -25.416625 23.020126 -24.005830 7.990386 4.448356 -46.948470 40.672043 -6.960977 10.931253 15.750425 0.000000 0.000000 -0.718798 0.000000 0.000000 -7.969741 -5.107087 -8.050663 76.443984 1.839185 3.467884 51.556808 0.000000 0.000000 28.107569 0.000000 0.000000 6.271931 -1.933901 -4.817211 83.681511 5.512802 0.716187 37.904301 0.000000 0.000000 22.949212 0.000000 0.000000 -1.013052 -2.505694 -6.799366 19.888829 -7.260259 9.772419 22.866708 0.000000 0.000000 -3.870381 0.000000 0.000000 -3.109834 -2.403556 -3.139792 26.169952 16.552944 118.022269 24.834554 0.000000 0.000000 27.475601 0.000000 0.000000 -4.610124 -2.491975 -2.359596 0.000000 0.000000 0.000000 0.000000 0.000000 0.000000 0.000000 0.000000 0.000000 0.000000 0.000000 0.000000 0.000000 0.000000 0.000000 0.000000 0.000000 0.000000 0.000000 0.000000 0.000000 0.000000 0.000000 0.000000 
0.000000 89.700000 0.000000 0.000000 0.000000 0.000000 -0.602843 18.943956 1.598158 -2.536097 0.954280 -3.398094 -2.557909 0.587141 1.418956 3.724708 -5.641098 -1.758477 -5.028118 -6.160919 -1.504047 0.000000 0.000000 0.000000 -18.368006 -2.569539 -4.047587 -49.783777 -3.330924 16.036380 -6.885551 -21.202056 29.361841 -12.868185 20.060117 -18.530615 -50.251506 17.354787 -14.750913 -17.706092 0.000000 0.000000 -14.047318 0.000000 0.000000 0.022390 -0.001199 4.934506 -29.026947 15.029320 -15.000000 -17.040904 0.000000 0.000000 -26.154665 0.000000 0.000000 2.447046 -0.079831 2.056764 -27.198243 -4.447441 120.000000 -19.407308 0.000000 0.000000 15.000000 0.000000 0.000000 4.260386 -0.094452 1.375350 -44.750589 11.744282 9.186678 -32.829817 0.000000 0.000000 -18.290372 0.000000 0.000000 -6.917769 0.291382 2.291170 -40.356376 -4.448962 14.999982 -26.476664 0.000000 0.000000 -27.870537 0.000000 0.000000 0.441624 -0.014543 2.538997 2.931553 13.246297 -14.101345 -0.874312 36.258575 -24.283960 -27.797427 25.603109 -25.286170 2.268777 7.129522 -33.447732 38.249768 -6.199066 10.427538 14.977675 0.000000 0.000000 -1.320087 0.000000 0.000000 -7.969741 -5.107087 -8.050663 70.834675 2.199751 6.029020 38.707782 0.000000 0.000000 18.428888 0.000000 0.000000 6.271931 -1.933901 -4.817211 71.258792 3.216590 5.436538 28.949381 0.000000 0.000000 12.872715 0.000000 0.000000 -1.013052 -2.505694 -6.799366 19.899345 -4.658158 8.018672 23.973380 0.000000 0.000000 -3.484747 0.000000 0.000000 -3.109834 -2.403556 -3.139792 22.987537 21.687634 116.377791 26.215615 0.000000 0.000000 27.932162 0.000000 0.000000 -4.610124 -2.491975 -2.359596 0.000000 0.000000 0.000000 0.000000 0.000000 0.000000 0.000000 0.000000 0.000000 0.000000 0.000000 0.000000 0.000000 0.000000 0.000000 0.000000 0.000000 0.000000 0.000000 0.000000 0.000000 0.000000 0.000000 0.000000 
0.000000 89.700000 0.000000 0.000000 0.000000 0.000000 -0.673938 18.933857 1.765252 -2.484480 0.805332 -3.397129 -2.648905 0.440075 1.323876 3.746318 -5.781917 -1.560278 -4.904577 -6.093838 -1.509267 0.000000 0.000000 0.000000 -18.470875 -2.347074 -3.885158 -49.461876 -3.114968 15.994511 -7.069079 -21.566790 29.664423 -12.061061 18.984075 -17.837258 -47.035106 17.645885 -14.887558 -18.610325 0.000000 0.000000 -14.761611 0.000000 0.000000 0.022390 -0.001199 4.934506 -28.894536 15.093811 -15.000000 -17.499471 0.000000 0.000000 -26.446002 0.000000 0.000000 2.447046 -0.079831 2.056764 -28.012682 -4.379845 120.000000 -20.470050 0.000000 0.000000 15.000000 0.000000 0.000000 4.260386 -0.094452 1.375350 -41.348815 12.612697 6.889897 -33.043122 0.000000 0.000000 -19.381795 0.000000 0.000000 -6.917769 0.291382 2.291170 -36.975208 -3.300510 14.999765 -26.121467 0.000000 0.000000 -27.980417 0.000000 0.000000 0.441624 -0.014543 2.538997 3.008110 12.663835 -13.996639 -1.439896 35.204692 -24.589121 -29.701536 26.844044 -26.710842 -5.066929 9.063883 -20.919757 24.773503 -4.456985 10.807437 12.407201 0.000000 0.000000 -4.012218 0.000000 0.000000 -7.969741 -5.107087 -8.050663 28.505080 2.276350 6.199063 25.269167 0.000000 0.000000 8.811685 0.000000 0.000000 6.271931 -1.933901 -4.817211 23.096412 -0.022297 9.401653 20.781318 0.000000 0.000000 4.669906 0.000000 0.000000 -1.013052 -2.505694 -6.799366 14.427303 -1.317864 6.224380 23.510626 0.000000 0.000000 -4.157495 0.000000 0.000000 -3.109834 -2.403556 -3.139792 20.325542 27.273921 114.688092 29.181196 0.000000 0.000000 29.515229 0.000000 0.000000 -4.610124 -2.491975 -2.359596 0.000000 0.000000 0.000000 0.000000 0.000000 0.000000 0.000000 0.000000 0.000000 0.000000 0.000000 0.000000 0.000000 0.000000 0.000000 0.000000 0.000000 0.000000 0.000000 0.000000 0.000000 0.000000 0.000000 0.000000 
0.000000 89.700000 0.000000 0.000000 0.000000 0.000000 -0.699931 18.812619 1.942478 -2.469663 0.659025 -3.504302 -2.711738 0.312514 1.275123 3.811009 -6.045804 -1.329295 -4.795106 -6.075720 -1.403704 0.000000 0.000000 0.000000 -18.502525 -2.210100 -3.686239 -49.242883 -2.836471 15.985643 -7.205941 -21.827770 29.988824 -11.467567 17.943241 -17.230632 -44.964373 17.621128 -14.910369 -19.308577 0.000000 0.000000 -15.117906 0.000000 0.000000 0.022390 -0.001199 4.934506 -28.735607 15.044928 -15.000000 -17.969175 0.000000 0.000000 -26.472136 0.000000 0.000000 2.447046 -0.079831 2.056764 -28.702906 -4.376460 120.000000 -21.333790 0.000000 0.000000 15.000000 0.000000 0.000000 4.260386 -0.094452 1.375350 -38.925341 12.936538 5.318450 -33.048163 0.000000 0.000000 -20.088579 0.000000 0.000000 -6.917769 0.291382 2.291170 -34.731559 -2.469454 14.997863 -25.567927 0.000000 0.000000 -27.725004 0.000000 0.000000 0.441624 -0.014543 2.538997 2.862280 12.283786 -14.043721 -2.389617 34.547555 -25.179169 -31.206989 26.801492 -28.209090 -13.100210 8.625181 -11.248631 12.266456 -2.293150 11.466989 8.917598 0.000000 0.000000 -7.625102 0.000000 0.000000 -7.969741 -5.107087 -8.050663 2.069822 2.288628 3.692321 13.522343 0.000000 0.000000 0.659279 0.000000 0.000000 6.271931 -1.933901 -4.817211 -4.072396 -3.013731 12.006868 14.474051 0.000000 0.000000 -1.158576 0.000000 0.000000 -1.013052 -2.505694 -6.799366 9.977209 1.681626 4.916272 22.121518 0.000000 0.000000 -5.576953 0.000000 0.000000 -3.109834 -2.403556 -3.139792 18.421928 31.468336 113.544582 31.853978 0.000000 0.000000 30.865165 0.000000 0.000000 -4.610124 -2.491975 -2.359596 0.000000 0.000000 0.000000 0.000000 0.000000 0.000000 0.000000 0.000000 0.000000 0.000000 0.000000 0.000000 0.000000 0.000000 0.000000 0.000000 0.000000 0.000000 0.000000 0.000000 0.000000 0.000000 0.000000 0.000000 
0.000000 89.700000 0.000000 0.000000 0.000000 0.000000 -0.671085 18.506453 2.101389 -2.483250 0.515903 -3.702617 -2.736460 0.208728 1.279968 3.931452 -6.397749 -1.076656 -4.694733 -6.092932 -1.184971 0.000000 0.000000 0.000000 -18.434293 -2.159787 -3.470617 -49.192761 -2.508440 15.991212 -7.266205 -21.919671 30.292091 -11.243001 17.162943 -16.769697 -45.584306 17.306813 -14.860273 -19.675437 0.000000 0.000000 -14.993136 0.000000 0.000000 0.022390 -0.001199 4.934506 -29.735747 14.856833 -15.000000 -18.387287 0.000000 0.000000 -26.162558 0.000000 0.000000 2.447046 -0.079831 2.056764 -29.203233 -4.355518 120.000000 -21.839564 0.000000 0.000000 15.000000 0.000000 0.000000 4.260386 -0.094452 1.375350 -39.171668 12.691691 4.684617 -32.833491 0.000000 0.000000 -20.179176 0.000000 0.000000 -6.917769 0.291382 2.291170 -35.185449 -2.120071 14.985980 -24.955392 0.000000 0.000000 -27.047302 0.000000 0.000000 0.441624 -0.014543 2.538997 2.441319 12.118385 -14.292433 -3.624315 34.441090 -25.929128 -31.875671 26.132729 -28.843952 -20.961683 4.296184 -5.625969 11.916765 -0.562412 11.200034 5.662727 0.000000 0.000000 -10.643173 0.000000 0.000000 -7.969741 -5.107087 -8.050663 0.373781 2.311737 0.088306 5.032184 0.000000 0.000000 -5.070295 0.000000 0.000000 6.271931 -1.933901 -4.817211 -9.667924 -4.769259 13.145651 10.320462 0.000000 0.000000 -4.552404 0.000000 0.000000 -1.013052 -2.505694 -6.799366 8.297890 3.264771 4.465063 20.318012 0.000000 0.000000 -6.715297 0.000000 0.000000 -3.109834 -2.403556 -3.139792 17.305233 33.185003 113.158975 32.572509 0.000000 0.000000 30.865863 0.000000 0.000000 -4.610124 -2.491975 -2.359596 0.000000 0.000000 0.000000 0.000000 0.000000 0.000000 0.000000 0.000000 0.000000 0.000000 0.000000 0.000000 0.000000 0.000000 0.000000 0.000000 0.000000 0.000000 0.000000 0.000000 0.000000 0.000000 0.000000 0.000000 
0.000000 89.700000 0.000000 0.000000 0.000000 0.000000 -0.587537 17.982209 2.220651 -2.496358 0.363525 -3.946256 -2.726577 0.131717 1.319647 4.106074 -6.762651 -0.818173 -4.595774 -6.131735 -0.871352 0.000000 0.000000 0.000000 -18.250656 -2.183530 -3.260483 -49.354863 -2.155463 15.983566 -7.244753 -21.804831 30.510222 -11.357299 16.661867 -16.409604 -45.743703 16.906571 -14.788745 -19.895534 0.000000 0.000000 -14.601808 0.000000 0.000000 0.022390 -0.001199 4.934506 -30.078487 14.538794 -15.000000 -18.723639 0.000000 0.000000 -25.639655 0.000000 0.000000 2.447046 -0.079831 2.056764 -29.548132 -4.294626 120.000000 -22.050264 0.000000 0.000000 15.000000 0.000000 0.000000 4.260386 -0.094452 1.375350 -39.188405 12.224203 4.547662 -32.583374 0.000000 0.000000 -19.895309 0.000000 0.000000 -6.917769 0.291382 2.291170 -35.641469 -2.037400 14.931185 -24.472279 0.000000 0.000000 -26.235432 0.000000 0.000000 0.441624 -0.014543 2.538997 1.753646 12.123052 -14.746687 -4.954742 34.949055 -26.629993 -31.683296 25.566468 -28.303627 -27.381539 -3.782107 -4.089060 13.989393 0.234786 9.072228 3.246508 0.000000 0.000000 -12.360556 0.000000 0.000000 -7.969741 -5.107087 -8.050663 3.138118 2.370505 -2.595020 0.207087 0.000000 0.000000 -8.354091 0.000000 0.000000 6.271931 -1.933901 -4.817211 -3.066768 -4.986891 12.824862 7.878245 0.000000 0.000000 -5.774705 0.000000 0.000000 -1.013052 -2.505694 -6.799366 8.152621 3.170343 4.894417 18.248040 0.000000 0.000000 -6.891985 0.000000 0.000000 -3.109834 -2.403556 -3.139792 16.815646 32.866207 113.355628 31.288474 0.000000 0.000000 29.696503 0.000000 0.000000 -4.610124 -2.491975 -2.359596 0.000000 0.000000 0.000000 0.000000 0.000000 0.000000 0.000000 0.000000 0.000000 0.000000 0.000000 0.000000 0.000000 0.000000 0.000000 0.000000 0.000000 0.000000 0.000000 0.000000 0.000000 0.000000 0.000000 0.000000 
0.000000 89.700000 0.000000 0.000000 0.000000 0.000000 -0.465950 17.275037 2.284333 -2.468969 0.179783 -4.176774 -2.697535 0.079208 1.355165 4.326209 -7.053545 -0.570444 -4.493900 -6.168004 -0.482685 0.000000 0.000000 0.000000 -17.967592 -2.257042 -3.073200 -49.720443 -1.797978 15.931188 -7.157582 -21.498711 30.570371 -11.655546 16.318657 -16.039039 -44.375429 16.676636 -14.755258 -20.137290 0.000000 0.000000 -14.372147 0.000000 0.000000 0.022390 -0.001199 4.934506 -29.228763 14.183275 -15.000000 -18.886829 0.000000 0.000000 -25.247457 0.000000 0.000000 2.447046 -0.079831 2.056764 -29.720453 -4.213721 120.000000 -22.057651 0.000000 0.000000 15.000000 0.000000 0.000000 4.260386 -0.094452 1.375350 -38.180609 11.964740 4.259954 -32.456806 0.000000 0.000000 -19.695270 0.000000 0.000000 -6.917769 0.291382 2.291170 -35.219335 -1.864210 14.741608 -24.256426 0.000000 0.000000 -25.740145 0.000000 0.000000 0.441624 -0.014543 2.538997 0.880413 12.215498 -15.358324 -6.160644 36.006163 -27.049796 -31.329168 26.777180 -26.170448 -30.533582 -12.999169 -5.504046 12.275077 0.216903 5.507970 1.716021 0.000000 0.000000 -12.909502 0.000000 0.000000 -7.969741 -5.107087 -8.050663 2.167149 2.676012 -3.494599 -1.577573 0.000000 0.000000 -9.893269 0.000000 0.000000 6.271931 -1.933901 -4.817211 6.797507 -3.781437 11.230555 6.333794 0.000000 0.000000 -5.488426 0.000000 0.000000 -1.013052 -2.505694 -6.799366 6.578692 2.055386 5.855023 16.143212 0.000000 0.000000 -6.260631 0.000000 0.000000 -3.109834 -2.403556 -3.139792 16.867523 31.701343 113.939943 29.219978 0.000000 0.000000 28.321070 0.000000 0.000000 -4.610124 -2.491975 -2.359596 0.000000 0.000000 0.000000 0.000000 0.000000 0.000000 0.000000 0.000000 0.000000 0.000000 0.000000 0.000000 0.000000 0.000000 0.000000 0.000000 0.000000 0.000000 0.000000 0.000000 0.000000 0.000000 0.000000 0.000000 
0.000000 89.700000 0.000000 0.000000 0.000000 0.000000 -0.334091 16.469592 2.291759 -2.378971 -0.049437 -4.343756 -2.668035 0.040742 1.344034 4.584618 -7.216095 -0.347540 -4.389947 -6.145219 -0.017382 0.000000 0.000000 0.000000 -17.634580 -2.351678 -2.915034 -50.222556 -1.438108 15.804674 -7.023216 -21.078304 30.410366 -11.955701 16.000905 -15.553224 -43.570361 16.794451 -14.789747 -20.335473 0.000000 0.000000 -14.652249 0.000000 0.000000 0.022390 -0.001199 4.934506 -28.633726 13.954007 -15.000000 -18.719835 0.000000 0.000000 -25.382844 0.000000 0.000000 2.447046 -0.079831 2.056764 -29.620554 -4.091009 120.000000 -21.876934 0.000000 0.000000 15.000000 0.000000 0.000000 4.260386 -0.094452 1.375350 -37.858983 12.159498 3.450830 -32.422187 0.000000 0.000000 -19.884295 0.000000 0.000000 -6.917769 0.291382 2.291170 -34.694130 -1.347986 14.245671 -24.293320 0.000000 0.000000 -25.885234 0.000000 0.000000 0.441624 -0.014543 2.538997 -0.061397 12.317579 -16.040267 -7.101145 37.397539 -27.037129 -33.223805 31.936308 -24.072730 -29.163047 -19.385961 -8.010094 11.657938 -0.305253 2.515946 1.274145 0.000000 0.000000 -12.635777 0.000000 0.000000 -7.969741 -5.107087 -8.050663 -0.238017 3.315054 -2.538884 -0.841123 0.000000 0.000000 -10.349381 0.000000 0.000000 6.271931 -1.933901 -4.817211 -0.046410 -1.678556 9.186966 5.361445 0.000000 0.000000 -4.613964 0.000000 0.000000 -1.013052 -2.505694 -6.799366 4.157665 0.833114 6.874057 14.773326 0.000000 0.000000 -5.451262 0.000000 0.000000 -3.109834 -2.403556 -3.139792 17.707416 30.638460 114.843166 27.585589 0.000000 0.000000 27.508928 0.000000 0.000000 -4.610124 -2.491975 -2.359596 0.000000 0.000000 0.000000 0.000000 0.000000 0.000000 0.000000 0.000000 0.000000 0.000000 0.000000 0.000000 0.000000 0.000000 0.000000 0.000000 0.000000 0.000000 0.000000 0.000000 0.000000 0.000000 0.000000 0.000000 
0.000000 89.700000 0.000000 0.000000 0.000000 0.000000 -0.216530 15.660571 2.268154 -2.247603 -0.310114 -4.422381 -2.651204 0.002099 1.260770 4.872436 -7.257788 -0.159302 -4.286777 -5.989738 0.535875 0.000000 0.000000 0.000000 -17.313481 -2.445555 -2.785217 -50.762607 -1.067703 15.593159 -6.848064 -20.657240 30.006668 -12.152095 15.659943 -14.918567 -43.355324 17.307953 -14.866233 -20.353000 0.000000 0.000000 -15.515165 0.000000 0.000000 0.022390 -0.001199 4.934506 -28.477426 13.973114 -15.000000 -18.129109 0.000000 0.000000 -26.240862 0.000000 0.000000 2.447046 -0.079831 2.056764 -29.161297 -3.884897 120.000000 -21.531311 0.000000 0.000000 15.000000 0.000000 0.000000 4.260386 -0.094452 1.375350 -38.146628 12.827778 2.142070 -32.377253 0.000000 0.000000 -20.479343 0.000000 0.000000 -6.917769 0.291382 2.291170 -35.027349 -0.421449 13.263580 -24.481289 0.000000 0.000000 -26.751894 0.000000 0.000000 0.441624 -0.014543 2.538997 -0.974699 12.387683 -16.692094 -7.811265 38.788902 -26.629031 -37.582611 40.803519 -23.115494 -23.936289 -20.098002 -9.764712 6.128555 -1.260424 2.102358 2.526649 0.000000 0.000000 -11.744031 0.000000 0.000000 -7.969741 -5.107087 -8.050663 -4.306810 3.866348 0.382864 2.567501 0.000000 0.000000 -9.890466 0.000000 0.000000 6.271931 -1.933901 -4.817211 -8.078551 0.196766 8.030542 5.558245 0.000000 0.000000 -3.970423 0.000000 0.000000 -1.013052 -2.505694 -6.799366 -0.832027 0.095923 7.750363 15.344451 0.000000 0.000000 -4.986863 0.000000 0.000000 -3.109834 -2.403556 -3.139792 19.669730 30.389174 115.798910 26.795467 0.000000 0.000000 27.656622 0.000000 0.000000 -4.610124 -2.491975 -2.359596 0.000000 0.000000 0.000000 0.000000 0.000000 0.000000 0.000000 0.000000 0.000000 0.000000 0.000000 0.000000 0.000000 0.000000 0.000000 0.000000 0.000000 0.000000 0.000000 0.000000 0.000000 0.000000 0.000000 0.000000 
0.000000 89.700000 0.000000 0.000000 0.000000 0.000000 -0.131935 14.943245 2.245707 -2.130880 -0.557357 -4.420335 -2.650370 -0.045030 1.112100 5.166874 -7.245148 -0.014129 -4.182646 -5.683371 1.139492 0.000000 0.000000 0.000000 -17.048829 -2.529228 -2.689280 -51.248926 -0.699305 15.330461 -6.637386 -20.339277 29.413287 -12.248580 15.364184 -14.200051 -42.867823 18.146142 -14.936762 -20.245634 0.000000 0.000000 -16.773891 0.000000 0.000000 0.022390 -0.001199 4.934506 -27.950943 14.230771 -15.000000 -17.227532 0.000000 0.000000 -27.684860 0.000000 0.000000 2.447046 -0.079831 2.056764 -28.386404 -3.624272 120.000000 -21.140851 0.000000 0.000000 15.000000 0.000000 0.000000 4.260386 -0.094452 1.375350 -38.432058 13.855275 0.574612 -32.358253 0.000000 0.000000 -21.320267 0.000000 0.000000 -6.917769 0.291382 2.291170 -35.755821 0.793665 11.800437 -24.783198 0.000000 0.000000 -28.192523 0.000000 0.000000 0.441624 -0.014543 2.538997 -1.804403 12.414906 -17.229354 -8.480219 39.840288 -26.076534 -45.138641 52.360020 -24.765953 -17.163896 -15.210537 -9.687218 6.487185 -2.659247 4.212618 5.697869 0.000000 0.000000 -10.425553 0.000000 0.000000 -7.969741 -5.107087 -8.050663 -1.178607 3.785711 4.773274 8.260445 0.000000 0.000000 -8.518087 0.000000 0.000000 6.271931 -1.933901 -4.817211 -6.920050 0.724384 8.443719 7.562178 0.000000 0.000000 -3.875890 0.000000 0.000000 -1.013052 -2.505694 -6.799366 0.755235 0.098434 8.634745 18.622296 0.000000 0.000000 -4.923754 0.000000 0.000000 -3.109834 -2.403556 -3.139792 22.462924 31.691583 115.929913 26.465607 0.000000 0.000000 28.607316 0.000000 0.000000 -4.610124 -2.491975 -2.359596 0.000000 0.000000 0.000000 0.000000 0.000000 0.000000 0.000000 0.000000 0.000000 0.000000 0.000000 0.000000 0.000000 0.000000 0.000000 0.000000 0.000000 0.000000 0.000000 0.000000 0.000000 0.000000 0.000000 0.000000 
0.000000 89.700000 0.000000 0.000000 0.000000 0.000000 -0.094138 14.428159 2.234105 -2.083930 -0.734795 -4.372104 -2.661067 -0.097157 0.937519 5.423137 -7.277194 0.077478 -4.072949 -5.319554 1.658129 0.000000 0.000000 0.000000 -16.852848 -2.599470 -2.647775 -51.619572 -0.387926 15.103569 -6.420592 -20.183656 28.781761 -12.313565 15.247208 -13.547858 -41.528605 19.108026 -14.977698 -20.234544 0.000000 0.000000 -18.089677 0.000000 0.000000 0.022390 -0.001199 4.934506 -27.136360 14.588347 -15.000000 -16.329134 0.000000 0.000000 -29.307767 0.000000 0.000000 2.447046 -0.079831 2.056764 -27.509076 -3.412006 120.000000 -20.864304 0.000000 0.000000 15.000000 0.000000 0.000000 4.260386 -0.094452 1.375350 -38.221816 15.022278 -0.925180 -32.514498 0.000000 0.000000 -22.200193 0.000000 0.000000 -6.917769 0.291382 2.291170 -36.460351 2.006187 10.200795 -25.228690 0.000000 0.000000 -29.827752 0.000000 0.000000 0.441624 -0.014543 2.538997 -2.519777 12.388789 -17.604618 -9.307471 40.344478 -25.741420 -60.008028 64.896339 -34.386014 -11.127806 -7.638719 -7.821802 16.434499 -4.159359 6.998402 9.775705 0.000000 0.000000 -9.158229 0.000000 0.000000 -7.969741 -5.107087 -8.050663 6.927653 3.063172 9.148436 14.332085 0.000000 0.000000 -6.786067 0.000000 0.000000 6.271931 -1.933901 -4.817211 -1.769024 -0.265674 9.674481 10.745428 0.000000 0.000000 -4.264323 0.000000 0.000000 -1.013052 -2.505694 -6.799366 10.357042 0.815189 9.560606 23.801273 0.000000 0.000000 -5.003994 0.000000 0.000000 -3.109834 -2.403556 -3.139792 25.137068 34.755625 113.926275 25.751772 0.000000 0.000000 29.061011 0.000000 0.000000 -4.610124 -2.491975 -2.359596 0.000000 0.000000 0.000000 0.000000 0.000000 0.000000 0.000000 0.000000 0.000000 0.000000 0.000000 0.000000 0.000000 0.000000 0.000000 0.000000 0.000000 0.000000 0.000000 0.000000 0.000000 0.000000 0.000000 0.000000 
0.000000 89.700000 0.000000 0.000000 0.000000 0.000000 -0.101600 14.226382 2.225917 -2.134944 -0.799403 -4.325826 -2.678994 -0.142729 0.789086 5.584674 -7.446647 0.107779 -3.963519 -5.056819 1.905357 0.000000 0.000000 0.000000 -16.714852 -2.648779 -2.687817 -51.842322 -0.212709 15.020417 -6.253856 -20.204065 28.316549 -12.414801 15.401611 -13.154573 -41.294365 19.887547 -14.993478 -20.447777 0.000000 0.000000 -19.084995 0.000000 0.000000 0.022390 -0.001199 4.934506 -27.100651 14.864381 -15.000000 -15.775904 0.000000 0.000000 -30.627832 0.000000 0.000000 2.447046 -0.079831 2.056764 -26.800553 -3.317116 120.000000 -20.760283 0.000000 0.000000 15.000000 0.000000 0.000000 4.260386 -0.094452 1.375350 -38.334024 16.004795 -1.956966 -32.905179 0.000000 0.000000 -22.900865 0.000000 0.000000 -6.917769 0.291382 2.291170 -36.519368 2.866592 9.051346 -25.773176 0.000000 0.000000 -31.128672 0.000000 0.000000 0.441624 -0.014543 2.538997 -3.094937 12.288145 -17.808908 -10.383707 40.278258 -25.940311 -71.473206 69.843714 -43.943450 -7.041184 -1.457810 -5.086462 28.395661 -5.116642 9.045920 12.765107 0.000000 0.000000 -8.720612 0.000000 0.000000 -7.969741 -5.107087 -8.050663 17.429901 2.181367 12.227921 18.347086 0.000000 0.000000 -5.882864 0.000000 0.000000 6.271931 -1.933901 -4.817211 2.720783 -1.986335 10.321447 13.208359 0.000000 0.000000 -5.111246 0.000000 0.000000 -1.013052 -2.505694 -6.799366 21.473570 1.724349 10.046368 28.353231 0.000000 0.000000 -5.147471 0.000000 0.000000 -3.109834 -2.403556 -3.139792 27.083117 38.720517 109.035970 23.922963 0.000000 0.000000 27.373383 0.000000 0.000000 -4.610124 -2.491975 -2.359596 0.000000 0.000000 0.000000 0.000000 0.000000 0.000000 0.000000 0.000000 0.000000 0.000000 0.000000 0.000000 0.000000 0.000000 0.000000 0.000000 0.000000 0.000000 0.000000 0.000000 0.000000 0.000000 0.000000 0.000000 
0.000000 89.700000 0.000000 0.000000 0.000000 0.000000 -0.135994 14.394137 2.227384 -2.286322 -0.733582 -4.328678 -2.706034 -0.170853 0.700794 5.610758 -7.803295 0.083441 -3.873161 -5.003005 1.773094 0.000000 0.000000 0.000000 -16.621902 -2.667841 -2.820344 -51.905623 -0.227954 15.153052 -6.190287 -20.389296 28.172167 -12.564252 15.826490 -13.196971 -41.106105 20.233144 -14.993293 -20.791524 0.000000 0.000000 -19.459958 0.000000 0.000000 0.022390 -0.001199 4.934506 -27.179185 14.972215 -15.000000 -15.747295 0.000000 0.000000 -31.304688 0.000000 0.000000 2.447046 -0.079831 2.056764 -26.425766 -3.274883 120.000000 -20.733472 0.000000 0.000000 15.000000 0.000000 0.000000 4.260386 -0.094452 1.375350 -38.253446 16.496875 -2.118328 -33.422280 0.000000 0.000000 -23.213956 0.000000 0.000000 -6.917769 0.291382 2.291170 -36.264210 3.123290 8.873409 -26.234679 0.000000 0.000000 -31.673528 0.000000 0.000000 0.441624 -0.014543 2.538997 -3.512279 12.110271 -17.854115 -11.707615 39.740046 -26.842740 -69.096852 68.834934 -41.832965 -5.534054 0.275856 -2.563269 31.112913 -5.159549 10.385889 13.139229 0.000000 0.000000 -9.579183 0.000000 0.000000 -7.969741 -5.107087 -8.050663 21.590328 1.532299 13.834945 19.125179 0.000000 0.000000 -6.577210 0.000000 0.000000 6.271931 -1.933901 -4.817211 3.042839 -3.593186 9.494673 13.229612 0.000000 0.000000 -6.213920 0.000000 0.000000 -1.013052 -2.505694 -6.799366 19.919315 2.008547 9.554474 29.636304 0.000000 0.000000 -5.488767 0.000000 0.000000 -3.109834 -2.403556 -3.139792 28.446959 42.150616 102.443255 21.409377 0.000000 0.000000 23.919038 0.000000 0.000000 -4.610124 -2.491975 -2.359596 0.000000 0.000000 0.000000 0.000000 0.000000 0.000000 0.000000 0.000000 0.000000 0.000000 0.000000 0.000000 0.000000 0.000000 0.000000 0.000000 0.000000 0.000000 0.000000 0.000000 0.000000 0.000000 0.000000 0.000000 
0.000000 89.700000 0.000000 0.000000 0.000000 0.000000 -0.181602 14.885821 2.266349 -2.524629 -0.546932 -4.410648 -2.745930 -0.177041 0.672944 5.503451 -8.326854 0.031321 -3.819379 -5.142772 1.320560 0.000000 0.000000 0.000000 -16.568374 -2.662412 -3.022076 -51.821215 -0.424033 15.489605 -6.245129 -20.711733 28.362215 -12.698742 16.465208 -13.777028 -40.381921 20.106744 -14.969143 -21.063573 0.000000 0.000000 -19.103368 0.000000 0.000000 0.022390 -0.001199 4.934506 -26.514334 14.986477 -15.000000 -16.190275 0.000000 0.000000 -31.251501 0.000000 0.000000 2.447046 -0.079831 2.056764 -26.388715 -3.133832 120.000000 -20.611077 0.000000 0.000000 15.000000 0.000000 0.000000 4.260386 -0.094452 1.375350 -37.166953 16.372866 -1.218027 -33.905081 0.000000 0.000000 -23.030500 0.000000 0.000000 -6.917769 0.291382 2.291170 -35.327067 2.693133 9.805427 -26.409755 0.000000 0.000000 -31.401108 0.000000 0.000000 0.441624 -0.014543 2.538997 -3.779708 11.903394 -17.758607 -13.236293 38.863536 -28.415829 -54.896264 61.585981 -30.248610 -7.325850 -3.202168 -0.818747 20.419868 -4.518809 11.502431 11.150546 0.000000 0.000000 -11.259332 0.000000 0.000000 -7.969741 -5.107087 -8.050663 13.174159 1.103898 14.414067 17.427456 0.000000 0.000000 -8.317487 0.000000 0.000000 6.271931 -1.933901 -4.817211 -5.414362 -4.783276 7.379903 10.817219 0.000000 0.000000 -6.937500 0.000000 0.000000 -1.013052 -2.505694 -6.799366 7.885383 1.394546 8.230762 27.127164 0.000000 0.000000 -5.989249 0.000000 0.000000 -3.109834 -2.403556 -3.139792 29.207159 43.879001 97.525189 20.039207 0.000000 0.000000 21.544150 0.000000 0.000000 -4.610124 -2.491975 -2.359596 0.000000 0.000000 0.000000 0.000000 0.000000 0.000000 0.000000 0.000000 0.000000 0.000000 0.000000 0.000000 0.000000 0.000000 0.000000 0.000000 0.000000 0.000000 0.000000 0.000000 0.000000 0.000000 0.000000 0.000000 
0.000000 89.700000 0.000000 0.000000 0.000000 0.000000 -0.235652 15.553652 2.363621 -2.817254 -0.280919 -4.567129 -2.794761 -0.163616 0.683769 5.315741 -8.914794 -0.012806 -3.808822 -5.366349 0.739462 0.000000 0.000000 0.000000 -16.547340 -2.658569 -3.242152 -51.643132 -0.726415 15.920665 -6.381018 -21.108924 28.748970 -12.765378 17.260143 -14.879993 -41.914594 19.650882 -14.875915 -21.108005 0.000000 0.000000 -18.140704 0.000000 0.000000 0.022390 -0.001199 4.934506 -27.194192 15.035277 -15.000000 -16.861045 0.000000 0.000000 -30.604188 0.000000 0.000000 2.447046 -0.079831 2.056764 -26.555388 -2.847028 120.000000 -20.241123 0.000000 0.000000 15.000000 0.000000 0.000000 4.260386 -0.094452 1.375350 -37.716202 15.703643 0.597693 -34.254916 0.000000 0.000000 -22.421273 0.000000 0.000000 -6.917769 0.291382 2.291170 -35.215919 1.666863 11.444186 -26.245150 0.000000 0.000000 -30.645592 0.000000 0.000000 0.441624 -0.014543 2.538997 -3.938541 11.747215 -17.560172 -14.841286 37.813547 -30.381130 -39.439481 46.031363 -21.804388 -12.644343 -10.544084 0.306470 16.092109 -3.790370 12.289772 8.440163 0.000000 0.000000 -12.687915 0.000000 0.000000 -7.969741 -5.107087 -8.050663 7.309587 0.647004 14.222195 14.930962 0.000000 0.000000 -9.843003 0.000000 0.000000 6.271931 -1.933901 -4.817211 -11.566191 -5.569683 5.368117 7.827777 0.000000 0.000000 -6.837405 0.000000 0.000000 -1.013052 -2.505694 -6.799366 4.333599 0.372314 6.807952 22.723268 0.000000 0.000000 -6.388883 0.000000 0.000000 -3.109834 -2.403556 -3.139792 28.782722 43.542146 97.385439 21.141417 0.000000 0.000000 22.474863 0.000000 0.000000 -4.610124 -2.491975 -2.359596 0.000000 0.000000 0.000000 0.000000 0.000000 0.000000 0.000000 0.000000 0.000000 0.000000 0.000000 0.000000 0.000000 0.000000 0.000000 0.000000 0.000000 0.000000 0.000000 0.000000 0.000000 0.000000 0.000000 0.000000 
0.000000 89.700000 0.000000 0.000000 0.000000 0.000000 -0.294366 16.192958 2.504067 -3.103383 -0.010466 -4.759379 -2.837395 -0.136477 0.713477 5.130486 -9.412433 -0.028317 -3.836945 -5.565867 0.236463 0.000000 0.000000 0.000000 -16.539167 -2.679706 -3.430881 -51.473681 -1.028351 16.280109 -6.523479 -21.468376 29.127951 -12.865216 18.179471 -16.367070 -44.928136 19.017579 -14.623855 -20.834233 0.000000 0.000000 -16.830482 0.000000 0.000000 0.022390 -0.001199 4.934506 -29.663788 15.126779 -15.000000 -17.435146 0.000000 0.000000 -29.579780 0.000000 0.000000 2.447046 -0.079831 2.056764 -26.698713 -2.610570 120.000000 -19.566464 0.000000 0.000000 15.000000 0.000000 0.000000 4.260386 -0.094452 1.375350 -39.410202 14.629759 3.024482 -34.428249 0.000000 0.000000 -21.556924 0.000000 0.000000 -6.917769 0.291382 2.291170 -36.613563 0.282506 13.074437 -25.885912 0.000000 0.000000 -29.856145 0.000000 0.000000 0.441624 -0.014543 2.538997 -4.049333 11.690937 -17.342139 -16.263695 36.854265 -32.262283 -31.819305 33.436398 -21.538844 -20.122156 -19.295060 1.374747 15.083974 -3.493139 12.066204 6.417829 0.000000 0.000000 -13.060004 0.000000 0.000000 -7.969741 -5.107087 -8.050663 4.770218 -0.000338 13.073354 12.657020 0.000000 0.000000 -10.279038 0.000000 0.000000 6.271931 -1.933901 -4.817211 -10.249596 -5.914101 5.208331 6.397194 0.000000 0.000000 -5.998118 0.000000 0.000000 -1.013052 -2.505694 -6.799366 4.585995 -0.576023 5.902468 18.687703 0.000000 0.000000 -6.444463 0.000000 0.000000 -3.109834 -2.403556 -3.139792 26.965112 41.890391 101.599990 23.880262 0.000000 0.000000 25.752222 0.000000 0.000000 -4.610124 -2.491975 -2.359596 0.000000 0.000000 0.000000 0.000000 0.000000 0.000000 0.000000 0.000000 0.000000 0.000000 0.000000 0.000000 0.000000 0.000000 0.000000 0.000000 0.000000 0.000000 0.000000 0.000000 0.000000 0.000000 0.000000 0.000000 
0.000000 89.700000 0.000000 0.000000 0.000000 0.000000 -0.342514 16.613671 2.640686 -3.304267 0.175572 -4.941714 -2.854416 -0.101653 0.755141 5.021429 -9.686020 -0.019877 -3.886536 -5.704321 -0.062382 0.000000 0.000000 0.000000 -16.514393 -2.721629 -3.563851 -51.427594 -1.234748 16.426182 -6.602919 -21.656529 29.346300 -13.252084 19.218988 -18.010622 -46.305378 18.269914 -14.136471 -20.158294 0.000000 0.000000 -15.388753 0.000000 0.000000 0.022390 -0.001199 4.934506 -30.964091 15.116209 -15.000000 -17.658322 0.000000 0.000000 -28.339297 0.000000 0.000000 2.447046 -0.079831 2.056764 -26.620805 -2.750489 120.000000 -18.680781 0.000000 0.000000 15.000000 0.000000 0.000000 4.260386 -0.094452 1.375350 -39.729658 13.279911 5.817492 -34.374796 0.000000 0.000000 -20.537246 0.000000 0.000000 -6.917769 0.291382 2.291170 -36.797596 -1.156636 14.188522 -25.563420 0.000000 0.000000 -29.221072 0.000000 0.000000 0.441624 -0.014543 2.538997 -4.166127 11.718753 -17.224470 -17.212738 36.341707 -33.577201 -28.484416 27.154077 -22.296661 -26.865503 -26.928930 2.789416 10.706414 -3.739421 10.232228 5.302334 0.000000 0.000000 -12.212834 0.000000 0.000000 -7.969741 -5.107087 -8.050663 3.697184 -0.705574 10.646466 10.530272 0.000000 0.000000 -9.352826 0.000000 0.000000 6.271931 -1.933901 -4.817211 -0.642835 -5.786170 7.326182 7.255899 0.000000 0.000000 -4.417395 0.000000 0.000000 -1.013052 -2.505694 -6.799366 1.257378 -1.398187 5.724579 15.875326 0.000000 0.000000 -6.089766 0.000000 0.000000 -3.109834 -2.403556 -3.139792 24.188760 40.540973 106.486219 26.454535 0.000000 0.000000 28.694941 0.000000 0.000000 -4.610124 -2.491975 -2.359596 0.000000 0.000000 0.000000 0.000000 0.000000 0.000000 0.000000 0.000000 0.000000 0.000000 0.000000 0.000000 0.000000 0.000000 0.000000 0.000000 0.000000 0.000000 0.000000 0.000000 0.000000 0.000000 0.000000 0.000000 
0.000000 89.700000 0.000000 0.000000 0.000000 0.000000 -0.365510 16.707727 2.724622 -3.357908 0.211406 -5.086719 -2.834007 -0.064736 0.807949 5.024944 -9.680958 -0.001192 -3.929222 -5.787693 -0.124343 0.000000 0.000000 0.000000 -16.450049 -2.761130 -3.642455 -51.572895 -1.294535 16.303242 -6.591255 -21.586499 29.358448 -14.138385 20.359226 -19.563460 -46.966161 17.447862 -13.491510 -19.050811 0.000000 0.000000 -13.965926 0.000000 0.000000 0.022390 -0.001199 4.934506 -30.511972 14.850859 -15.000000 -17.473438 0.000000 0.000000 -27.001544 0.000000 0.000000 2.447046 -0.079831 2.056764 -26.291055 -3.444582 120.000000 -17.809316 0.000000 0.000000 15.000000 0.000000 0.000000 4.260386 -0.094452 1.375350 -39.987683 11.843942 8.702851 -34.052759 0.000000 0.000000 -19.373413 0.000000 0.000000 -6.917769 0.291382 2.291170 -37.585683 -2.351516 14.737478 -25.455640 0.000000 0.000000 -28.618995 0.000000 0.000000 0.441624 -0.014543 2.538997 -4.318147 11.779190 -17.302591 -17.527053 36.543619 -34.042018 -28.288631 26.405716 -22.316706 -29.851550 -31.641887 4.401830 11.494993 -4.164653 6.902547 4.539229 0.000000 0.000000 -10.555131 0.000000 0.000000 -7.969741 -5.107087 -8.050663 6.215190 -1.095418 7.060672 8.201109 0.000000 0.000000 -7.306256 0.000000 0.000000 6.271931 -1.933901 -4.817211 5.825423 -5.346802 10.395497 9.542227 0.000000 0.000000 -2.011768 0.000000 0.000000 -1.013052 -2.505694 -6.799366 0.000665 -1.995607 6.238872 13.934001 0.000000 0.000000 -5.614342 0.000000 0.000000 -3.109834 -2.403556 -3.139792 20.757479 40.774609 108.837266 28.045338 0.000000 0.000000 29.571665 0.000000 0.000000 -4.610124 -2.491975 -2.359596 0.000000 0.000000 0.000000 0.000000 0.000000 0.000000 0.000000 0.000000 0.000000 0.000000 0.000000 0.000000 0.000000 0.000000 0.000000 0.000000 0.000000 0.000000 0.000000 0.000000 0.000000 0.000000 0.000000 0.000000 
0.000000 89.700000 0.000000 0.000000 0.000000 0.000000 -0.364058 16.484431 2.733865 -3.255728 0.084957 -5.184333 -2.778606 -0.032388 0.869656 5.135480 -9.428226 0.018917 -3.939051 -5.794027 0.028489 0.000000 0.000000 0.000000 -16.345587 -2.786639 -3.681004 -51.895840 -1.211187 15.946430 -6.499301 -21.270907 29.191744 -15.496189 21.504038 -20.837512 -46.756069 16.686898 -12.985392 -17.671826 0.000000 0.000000 -12.763465 0.000000 0.000000 0.022390 -0.001199 4.934506 -28.871510 14.351023 -15.000000 -17.041208 0.000000 0.000000 -25.771249 0.000000 0.000000 2.447046 -0.079831 2.056764 -25.832641 -4.577860 120.000000 -17.202879 0.000000 0.000000 15.000000 0.000000 0.000000 4.260386 -0.094452 1.375350 -39.493804 10.646915 11.233383 -33.512627 0.000000 0.000000 -18.139496 0.000000 0.000000 -6.917769 0.291382 2.291170 -36.569971 -3.039111 14.935756 -25.625632 0.000000 0.000000 -27.912826 0.000000 0.000000 0.441624 -0.014543 2.538997 -4.505573 11.836560 -17.583793 -17.239859 37.423481 -33.642701 -31.533299 32.174251 -21.117526 -27.724387 -32.664190 5.558276 17.184508 -4.272237 2.993074 3.732873 0.000000 0.000000 -8.970512 0.000000 0.000000 -7.969741 -5.107087 -8.050663 8.432662 -0.911135 3.145910 5.789255 0.000000 0.000000 -5.142744 0.000000 0.000000 6.271931 -1.933901 -4.817211 -0.109383 -4.890519 12.846692 11.820622 0.000000 0.000000 0.356277 0.000000 0.000000 -1.013052 -2.505694 -6.799366 4.668160 -1.921435 7.176616 12.530495 0.000000 0.000000 -5.637534 0.000000 0.000000 -3.109834 -2.403556 -3.139792 16.888889 42.248166 108.726631 28.843067 0.000000 0.000000 28.096425 0.000000 0.000000 -4.610124 -2.491975 -2.359596 0.000000 0.000000 0.000000 0.000000 0.000000 0.000000 0.000000 0.000000 0.000000 0.000000 0.000000 0.000000 0.000000 0.000000 0.000000 0.000000 0.000000 0.000000 0.000000 0.000000 0.000000 0.000000 0.000000 0.000000 
0.000000 89.700000 0.000000 0.000000 0.000000 0.000000 -0.350592 16.059213 2.679519 -3.050097 -0.156230 -5.224131 -2.704064 -0.012566 0.931456 5.319774 -9.016215 0.032854 -3.910764 -5.672705 0.348048 0.000000 0.000000 0.000000 -16.223823 -2.808150 -3.698524 -52.315990 -1.035433 15.451162 -6.349406 -20.814238 28.889865 -17.021548 22.508613 -21.757984 -45.600458 16.225715 -12.916447 -16.362442 0.000000 0.000000 -12.004448 0.000000 0.000000 0.022390 -0.001199 4.934506 -27.726313 13.864587 -15.000000 -16.615444 0.000000 0.000000 -24.946123 0.000000 0.000000 2.447046 -0.079831 2.056764 -25.352602 -5.854720 120.000000 -17.002878 0.000000 0.000000 15.000000 0.000000 0.000000 4.260386 -0.094452 1.375350 -37.974100 10.015208 12.987770 -32.915179 0.000000 0.000000 -17.023215 0.000000 0.000000 -6.917769 0.291382 2.291170 -33.537881 -3.080780 14.988349 -26.012459 0.000000 0.000000 -27.179150 0.000000 0.000000 0.441624 -0.014543 2.538997 -4.706391 11.885508 -17.983778 -16.539387 38.623312 -32.591606 -37.460366 41.717148 -20.751623 -21.858520 -29.880012 5.539038 11.545197 -4.012846 -0.273148 3.131164 0.000000 0.000000 -8.424322 0.000000 0.000000 -7.969741 -5.107087 -8.050663 4.729624 -0.355457 0.119983 3.904349 0.000000 0.000000 -4.272549 0.000000 0.000000 6.271931 -1.933901 -4.817211 -8.390701 -4.665753 14.164324 13.049965 0.000000 0.000000 1.009322 0.000000 0.000000 -1.013052 -2.505694 -6.799366 1.369177 -0.926818 8.039835 12.096156 0.000000 0.000000 -6.556580 0.000000 0.000000 -3.109834 -2.403556 -3.139792 13.545769 43.402814 108.627743 29.269553 0.000000 0.000000 25.007473 0.000000 0.000000 -4.610124 -2.491975 -2.359596 0.000000 0.000000 0.000000 0.000000 0.000000 0.000000 0.000000 0.000000 0.000000 0.000000 0.000000 0.000000 0.000000 0.000000 0.000000 0.000000 0.000000 0.000000 0.000000 0.000000 0.000000 0.000000 0.000000 0.000000 
0.000000 89.700000 0.000000 0.000000 0.000000 0.000000 -0.334801 15.597184 2.589036 -2.824383 -0.427481 -5.187940 -2.633355 -0.010454 0.975092 5.536413 -8.555451 0.029512 -3.863858 -5.419609 0.757594 0.000000 0.000000 0.000000 -16.115653 -2.837132 -3.717551 -52.733705 -0.844049 14.939880 -6.162686 -20.354647 28.500776 -18.280766 23.278599 -22.367373 -44.239599 16.246249 -13.250961 -15.426725 0.000000 0.000000 -11.705765 0.000000 0.000000 0.022390 -0.001199 4.934506 -26.329368 13.715573 -15.000000 -16.339596 0.000000 0.000000 -24.707447 0.000000 0.000000 2.447046 -0.079831 2.056764 -24.821791 -7.019583 120.000000 -17.157294 0.000000 0.000000 15.000000 0.000000 0.000000 4.260386 -0.094452 1.375350 -36.967387 10.011206 13.909929 -32.434204 0.000000 0.000000 -16.149452 0.000000 0.000000 -6.917769 0.291382 2.291170 -31.624095 -2.593250 14.998484 -26.442893 0.000000 0.000000 -26.610664 0.000000 0.000000 0.441624 -0.014543 2.538997 -4.888367 11.924891 -18.384217 -15.680651 39.685443 -31.235491 -46.559323 52.636641 -23.949921 -15.548029 -23.391289 4.017587 5.558023 -3.910801 -1.816402 3.523868 0.000000 0.000000 -9.054408 0.000000 0.000000 -7.969741 -5.107087 -8.050663 -0.694096 0.030867 -0.824670 3.619080 0.000000 0.000000 -5.082788 0.000000 0.000000 6.271931 -1.933901 -4.817211 -14.778452 -4.737241 14.673193 13.163640 0.000000 0.000000 -0.648662 0.000000 0.000000 -1.013052 -2.505694 -6.799366 -2.228281 0.550813 8.509360 13.511085 0.000000 0.000000 -7.980751 0.000000 0.000000 -3.109834 -2.403556 -3.139792 12.215680 43.480915 110.329169 29.739698 0.000000 0.000000 22.079197 0.000000 0.000000 -4.610124 -2.491975 -2.359596 0.000000 0.000000 0.000000 0.000000 0.000000 0.000000 0.000000 0.000000 0.000000 0.000000 0.000000 0.000000 0.000000 0.000000 0.000000 0.000000 0.000000 0.000000 0.000000 0.000000 0.000000 0.000000 0.000000 0.000000 
0.000000 89.700000 0.000000 0.000000 0.000000 0.000000 -0.316149 15.241264 2.487643 -2.651021 -0.645552 -5.069000 -2.584974 -0.022594 0.985629 5.741968 -8.153809 -0.004695 -3.827840 -5.125310 1.140757 0.000000 0.000000 0.000000 -16.043603 -2.867889 -3.761391 -53.070982 -0.708330 14.529977 -5.966329 -20.005358 28.102621 -18.937439 23.783398 -22.782700 -44.972214 16.671945 -13.604972 -14.945813 0.000000 0.000000 -11.601830 0.000000 0.000000 0.022390 -0.001199 4.934506 -25.651237 14.034881 -15.000000 -16.139758 0.000000 0.000000 -24.923351 0.000000 0.000000 2.447046 -0.079831 2.056764 -24.153120 -7.968160 120.000000 -17.436043 0.000000 0.000000 15.000000 0.000000 0.000000 4.260386 -0.094452 1.375350 -38.078191 10.338776 14.309507 -32.156066 0.000000 0.000000 -15.457736 0.000000 0.000000 -6.917769 0.291382 2.291170 -31.673578 -1.942262 14.999866 -26.697464 0.000000 0.000000 -26.284051 0.000000 0.000000 0.441624 -0.014543 2.538997 -5.017786 11.933524 -18.693939 -14.880843 40.309785 -29.942944 -58.987543 62.222789 -32.396845 -11.593490 -13.974514 1.150980 12.371987 -4.486725 -1.168039 5.662222 0.000000 0.000000 -9.738033 0.000000 0.000000 -7.969741 -5.107087 -8.050663 4.474832 -0.139430 0.952296 6.089766 0.000000 0.000000 -6.212922 0.000000 0.000000 6.271931 -1.933901 -4.817211 -13.268414 -4.953957 14.741971 13.095767 0.000000 0.000000 -3.098500 0.000000 0.000000 -1.013052 -2.505694 -6.799366 5.960351 1.754268 8.767350 17.136503 0.000000 0.000000 -8.783053 0.000000 0.000000 -3.109834 -2.403556 -3.139792 13.650795 43.428782 113.300387 30.381913 0.000000 0.000000 21.297167 0.000000 0.000000 -4.610124 -2.491975 -2.359596 0.000000 0.000000 0.000000 0.000000 0.000000 0.000000 0.000000 0.000000 0.000000 0.000000 0.000000 0.000000 0.000000 0.000000 0.000000 0.000000 0.000000 0.000000 0.000000 0.000000 0.000000 0.000000 0.000000 0.000000 
0.000000 89.700000 0.000000 0.000000 0.000000 0.000000 -0.290627 15.069842 2.395228 -2.566718 -0.758521 -4.899434 -2.562669 -0.037319 0.972068 5.885034 -7.901929 -0.083349 -3.823793 -4.932014 1.362211 0.000000 0.000000 0.000000 -16.016672 -2.881117 -3.844862 -53.284067 -0.667574 14.303928 -5.799269 -19.832126 27.817685 -18.928393 24.009141 -23.139509 -46.290854 17.181000 -13.579109 -14.833802 0.000000 0.000000 -11.401032 0.000000 0.000000 0.022390 -0.001199 4.934506 -26.026909 14.641108 -15.000000 -15.852488 0.000000 0.000000 -25.245636 0.000000 0.000000 2.447046 -0.079831 2.056764 -23.368289 -8.689262 120.000000 -17.555128 0.000000 0.000000 15.000000 0.000000 0.000000 4.260386 -0.094452 1.375350 -39.644883 10.569903 14.533204 -32.089161 0.000000 0.000000 -14.855402 0.000000 0.000000 -6.917769 0.291382 2.291170 -32.684356 -1.519134 14.999993 -26.657036 0.000000 0.000000 -26.128594 0.000000 0.000000 0.441624 -0.014543 2.538997 -5.062984 11.878237 -18.868074 -14.259890 40.441466 -29.011036 -72.405308 67.766302 -43.959438 -10.244465 -4.083953 -2.689808 27.801809 -5.742034 0.686472 9.423635 0.000000 0.000000 -9.056897 0.000000 0.000000 -7.969741 -5.107087 -8.050663 18.035887 -0.817530 4.584061 11.208632 0.000000 0.000000 -5.921270 0.000000 0.000000 6.271931 -1.933901 -4.817211 -3.303623 -5.046882 14.362390 13.976318 0.000000 0.000000 -4.122082 0.000000 0.000000 -1.013052 -2.505694 -6.799366 18.343394 2.116255 9.120187 22.255119 0.000000 0.000000 -7.809558 0.000000 0.000000 -3.109834 -2.403556 -3.139792 17.265960 44.318525 115.903880 30.729535 0.000000 0.000000 23.149793 0.000000 0.000000 -4.610124 -2.491975 -2.359596 0.000000 0.000000 0.000000 0.000000 0.000000 0.000000 0.000000 0.000000 0.000000 0.000000 0.000000 0.000000 0.000000 0.000000 0.000000 0.000000 0.000000 0.000000 0.000000 0.000000 0.000000 0.000000 0.000000 0.000000 
0.000000 89.700000 0.000000 0.000000 0.000000 0.000000 -0.262990 15.095551 2.332678 -2.575083 -0.750268 -4.750283 -2.557843 -0.043276 0.965217 5.915617 -7.858235 -0.212150 -3.856323 -4.939384 1.326222 0.000000 0.000000 0.000000 -16.035222 -2.859513 -3.963377 -53.352791 -0.723846 14.297830 -5.704278 -19.861849 27.776895 -18.479773 23.991030 -23.557580 -46.634142 17.478367 -13.049304 -14.987717 0.000000 0.000000 -11.052935 0.000000 0.000000 0.022390 -0.001199 4.934506 -27.431734 15.224753 -15.000000 -15.458102 0.000000 0.000000 -25.421875 0.000000 0.000000 2.447046 -0.079831 2.056764 -22.624286 -9.179833 120.000000 -17.368500 0.000000 0.000000 15.000000 0.000000 0.000000 4.260386 -0.094452 1.375350 -40.113623 10.467981 14.724581 -32.210152 0.000000 0.000000 -14.396264 0.000000 0.000000 -6.917769 0.291382 2.291170 -33.811339 -1.509865 15.000000 -26.414645 0.000000 0.000000 -26.066943 0.000000 0.000000 0.441624 -0.014543 2.538997 -5.002249 11.747149 -18.893748 -13.877551 40.181718 -28.632807 -72.880487 67.710043 -44.614159 -9.528842 2.413945 -7.148295 29.565143 -7.320412 1.573071 13.697287 0.000000 0.000000 -6.636010 0.000000 0.000000 -7.969741 -5.107087 -8.050663 21.106758 -1.691643 7.733749 17.171853 0.000000 0.000000 -3.834377 0.000000 0.000000 6.271931 -1.933901 -4.817211 5.458693 -4.858485 13.140562 16.221261 0.000000 0.000000 -2.762916 0.000000 0.000000 -1.013052 -2.505694 -6.799366 13.209702 1.285547 9.468936 27.522557 0.000000 0.000000 -4.778451 0.000000 0.000000 -3.109834 -2.403556 -3.139792 21.602589 45.602553 117.083698 30.276564 0.000000 0.000000 26.160338 0.000000 0.000000 -4.610124 -2.491975 -2.359596 0.000000 0.000000 0.000000 0.000000 0.000000 0.000000 0.000000 0.000000 0.000000 0.000000 0.000000 0.000000 0.000000 0.000000 0.000000 0.000000 0.000000 0.000000 0.000000 0.000000 0.000000 0.000000 0.000000 0.000000 
0.000000 89.700000 0.000000 0.000000 0.000000 0.000000 -0.248170 15.282740 2.324382 -2.665617 -0.628328 -4.693965 -2.562158 -0.036622 0.988664 5.815679 -8.032355 -0.376561 -3.918933 -5.144601 1.030352 0.000000 0.000000 0.000000 -16.096733 -2.801410 -4.090216 -53.268553 -0.854961 14.506868 -5.711761 -20.093149 28.045953 -17.949079 23.863407 -24.133918 -46.664856 17.511969 -12.145607 -15.299195 0.000000 0.000000 -10.691801 0.000000 0.000000 0.022390 -0.001199 4.934506 -28.968831 15.617561 -15.000000 -15.116838 0.000000 0.000000 -25.440793 0.000000 0.000000 2.447046 -0.079831 2.056764 -22.065764 -9.456716 120.000000 -16.973898 0.000000 0.000000 15.000000 0.000000 0.000000 4.260386 -0.094452 1.375350 -39.872886 10.077304 14.872609 -32.438288 0.000000 0.000000 -14.194282 0.000000 0.000000 -6.917769 0.291382 2.291170 -34.648141 -1.867784 15.000000 -26.177979 0.000000 0.000000 -26.031875 0.000000 0.000000 0.441624 -0.014543 2.538997 -4.838584 11.576344 -18.775356 -13.798039 39.656314 -28.895495 -65.531954 64.798447 -38.618487 -7.984220 2.498308 -11.795523 33.741110 -8.884589 0.120157 17.120094 0.000000 0.000000 -3.493025 0.000000 0.000000 -7.969741 -5.107087 -8.050663 20.991693 -2.502297 8.360357 21.796850 0.000000 0.000000 -1.153562 0.000000 0.000000 6.271931 -1.933901 -4.817211 6.854549 -4.538136 10.658046 19.160834 0.000000 0.000000 0.138190 0.000000 0.000000 -1.013052 -2.505694 -6.799366 14.554190 -0.765173 9.509011 31.634086 0.000000 0.000000 -0.723137 0.000000 0.000000 -3.109834 -2.403556 -3.139792 24.960922 45.596266 116.718883 29.384387 0.000000 0.000000 28.337268 0.000000 0.000000 -4.610124 -2.491975 -2.359596 0.000000 0.000000 0.000000 0.000000 0.000000 0.000000 0.000000 0.000000 0.000000 0.000000 0.000000 0.000000 0.000000 0.000000 0.000000 0.000000 0.000000 0.000000 0.000000 0.000000 0.000000 0.000000 0.000000 0.000000 
0.000000 89.700000 0.000000 0.000000 0.000000 0.000000 -0.258790 15.565122 2.389340 -2.823087 -0.417974 -4.757325 -2.574082 -0.019135 1.036302 5.617291 -8.373048 -0.544429 -4.004026 -5.460529 0.570173 0.000000 0.000000 0.000000 -16.192921 -2.726717 -4.187699 -53.044671 -1.027716 14.881745 -5.824723 -20.489005 28.570046 -17.621521 23.800913 -24.940229 -46.391515 17.413625 -11.005583 -15.605912 0.000000 0.000000 -10.397512 0.000000 0.000000 0.022390 -0.001199 4.934506 -29.031162 15.859266 -15.000000 -14.974990 0.000000 0.000000 -25.384026 0.000000 0.000000 2.447046 -0.079831 2.056764 -21.698152 -9.602796 120.000000 -16.605955 0.000000 0.000000 15.000000 0.000000 0.000000 4.260386 -0.094452 1.375350 -39.427946 9.562988 14.955472 -32.628994 0.000000 0.000000 -14.236188 0.000000 0.000000 -6.917769 0.291382 2.291170 -34.248490 -2.440514 15.000000 -26.052003 0.000000 0.000000 -25.892179 0.000000 0.000000 0.441624 -0.014543 2.538997 -4.606150 11.437970 -18.536209 -14.060325 38.961621 -29.743226 -51.125131 56.500602 -27.582981 -6.914034 -3.864094 -15.953567 38.100164 -10.091234 -2.934604 18.430986 0.000000 0.000000 -1.381560 0.000000 0.000000 -7.969741 -5.107087 -8.050663 27.141591 -3.114197 6.401528 23.513971 0.000000 0.000000 0.348764 0.000000 0.000000 6.271931 -1.933901 -4.817211 14.818313 -4.372293 7.257862 21.117998 0.000000 0.000000 2.644626 0.000000 0.000000 -1.013052 -2.505694 -6.799366 18.823976 -3.394544 9.254544 33.335024 0.000000 0.000000 2.410635 0.000000 0.000000 -3.109834 -2.403556 -3.139792 26.046128 43.537786 115.418462 28.918542 0.000000 0.000000 28.740062 0.000000 0.000000 -4.610124 -2.491975 -2.359596 0.000000 0.000000 0.000000 0.000000 0.000000 0.000000 0.000000 0.000000 0.000000 0.000000 0.000000 0.000000 0.000000 0.000000 0.000000 0.000000 0.000000 0.000000 0.000000 0.000000 0.000000 0.000000 0.000000 0.000000 
0.000000 89.700000 0.000000 0.000000 0.000000 0.000000 -0.294810 15.855937 2.521923 -3.016941 -0.167679 -4.905756 -2.593091 0.006840 1.083683 5.388531 -8.772414 -0.688664 -4.103298 -5.783485 0.091647 0.000000 0.000000 0.000000 -16.299921 -2.667205 -4.228383 -52.742692 -1.200776 15.318387 -6.010370 -20.960463 29.187567 -17.616070 23.901640 -26.003512 -46.037840 17.309301 -9.562616 -15.727276 0.000000 0.000000 -10.101376 0.000000 0.000000 0.022390 -0.001199 4.934506 -28.588028 16.074837 -15.000000 -14.998080 0.000000 0.000000 -25.260815 0.000000 0.000000 2.447046 -0.079831 2.056764 -21.408925 -9.734478 120.000000 -16.420436 0.000000 0.000000 15.000000 0.000000 0.000000 4.260386 -0.094452 1.375350 -39.089332 9.027519 14.988423 -32.648114 0.000000 0.000000 -14.377954 0.000000 0.000000 -6.917769 0.291382 2.291170 -34.033115 -3.098188 15.000000 -25.964746 0.000000 0.000000 -25.508081 0.000000 0.000000 0.441624 -0.014543 2.538997 -4.359980 11.390943 -18.232558 -14.573677 38.212007 -30.925172 -39.553878 43.568759 -22.553195 -9.177347 -13.862492 -18.833465 46.186078 -10.475572 -5.726960 16.598650 0.000000 0.000000 -1.713624 0.000000 0.000000 -7.969741 -5.107087 -8.050663 41.638823 -3.376195 3.659057 21.572289 0.000000 0.000000 -0.511458 0.000000 0.000000 6.271931 -1.933901 -4.817211 34.648831 -4.408044 4.527031 20.348570 0.000000 0.000000 2.989500 0.000000 0.000000 -1.013052 -2.505694 -6.799366 24.841172 -5.508865 8.977882 31.588282 0.000000 0.000000 2.937207 0.000000 0.000000 -3.109834 -2.403556 -3.139792 24.932048 40.533226 114.321276 28.982501 0.000000 0.000000 27.799305 0.000000 0.000000 -4.610124 -2.491975 -2.359596 0.000000 0.000000 0.000000 0.000000 0.000000 0.000000 0.000000 0.000000 0.000000 0.000000 0.000000 0.000000 0.000000 0.000000 0.000000 0.000000 0.000000 0.000000 0.000000 0.000000 0.000000 0.000000 0.000000 0.000000 
0.000000 89.700000 0.000000 0.000000 0.000000 0.000000 -0.346556 16.052010 2.678660 -3.191991 0.052662 -5.074612 -2.611390 0.038056 1.119327 5.202433 -9.099322 -0.803521 -4.198196 -6.047149 -0.276794 0.000000 0.000000 0.000000 -16.377987 -2.640665 -4.211184 -52.473724 -1.324643 15.676986 -6.206625 -21.372459 29.710333 -17.905843 24.141861 -27.273913 -46.052205 17.204531 -7.554847 -15.533100 0.000000 0.000000 -9.668879 0.000000 0.000000 0.022390 -0.001199 4.934506 -28.471116 16.334033 -15.000000 -14.994328 0.000000 0.000000 -25.000780 0.000000 0.000000 2.447046 -0.079831 2.056764 -21.070071 -9.925569 120.000000 -16.384341 0.000000 0.000000 15.000000 0.000000 0.000000 4.260386 -0.094452 1.375350 -38.816962 8.447588 14.997799 -32.419766 0.000000 0.000000 -14.473630 0.000000 0.000000 -6.917769 0.291382 2.291170 -33.415954 -3.782294 15.000000 -25.773513 0.000000 0.000000 -24.821300 0.000000 0.000000 0.441624 -0.014543 2.538997 -4.158110 11.438081 -17.958584 -15.095143 37.608631 -32.035123 -33.969292 34.469939 -22.569203 -15.491372 -23.780686 -19.974016 26.680194 -9.780394 -7.052243 11.898351 0.000000 0.000000 -4.501768 0.000000 0.000000 -7.969741 -5.107087 -8.050663 19.380841 -3.122304 1.859078 16.532987 0.000000 0.000000 -3.478230 0.000000 0.000000 6.271931 -1.933901 -4.817211 14.848869 -4.432647 4.282826 16.851541 0.000000 0.000000 0.990230 0.000000 0.000000 -1.013052 -2.505694 -6.799366 10.916080 -6.373840 8.747184 26.694274 0.000000 0.000000 0.758938 0.000000 0.000000 -3.109834 -2.403556 -3.139792 23.181638 38.206187 114.381826 28.824617 0.000000 0.000000 26.426968 0.000000 0.000000 -4.610124 -2.491975 -2.359596 0.000000 0.000000 0.000000 0.000000 0.000000 0.000000 0.000000 0.000000 0.000000 0.000000 0.000000 0.000000 0.000000 0.000000 0.000000 0.000000 0.000000 0.000000 0.000000 0.000000 0.000000 0.000000 0.000000 0.000000 
0.000000 89.700000 0.000000 0.000000 0.000000 0.000000 -0.401134 16.051179 2.794117 -3.282866 0.172876 -5.215417 -2.614074 0.067829 1.156566 5.109373 -9.248161 -0.894447 -4.257827 -6.225014 -0.465791 0.000000 0.000000 0.000000 -16.390824 -2.634109 -4.157598 -52.352544 -1.352091 15.836724 -6.348494 -21.589718 30.010985 -18.359333 24.429302 -28.605832 -46.309015 17.003432 -4.778387 -14.992074 0.000000 0.000000 -9.003036 0.000000 0.000000 0.022390 -0.001199 4.934506 -28.944411 16.590689 -15.000000 -14.770877 0.000000 0.000000 -24.506365 0.000000 0.000000 2.447046 -0.079831 2.056764 -20.621118 -10.195635 120.000000 -16.354602 0.000000 0.000000 15.000000 0.000000 0.000000 4.260386 -0.094452 1.375350 -38.483849 7.740285 14.999703 -31.927790 0.000000 0.000000 -14.447582 0.000000 0.000000 -6.917769 0.291382 2.291170 -32.045193 -4.468247 15.000000 -25.388309 0.000000 0.000000 -23.841217 0.000000 0.000000 0.441624 -0.014543 2.538997 -4.044367 11.531072 -17.817510 -15.349445 37.405948 -32.668137 -32.177504 30.327249 -23.725329 -22.753057 -30.823864 -19.519945 12.757816 -8.352667 -7.191501 6.417583 0.000000 0.000000 -8.229915 0.000000 0.000000 -7.969741 -5.107087 -8.050663 4.985762 -2.376691 0.727735 10.056275 0.000000 0.000000 -6.948347 0.000000 0.000000 6.271931 -1.933901 -4.817211 4.900839 -4.301395 6.712947 12.715765 0.000000 0.000000 -1.676350 0.000000 0.000000 -1.013052 -2.505694 -6.799366 0.608127 -6.056407 8.405196 20.763675 0.000000 0.000000 -2.503943 0.000000 0.000000 -3.109834 -2.403556 -3.139792 22.336366 37.165637 115.529803 28.093859 0.000000 0.000000 25.051604 0.000000 0.000000 -4.610124 -2.491975 -2.359596 0.000000 0.000000 0.000000 0.000000 0.000000 0.000000 0.000000 0.000000 0.000000 0.000000 0.000000 0.000000 0.000000 0.000000 0.000000 0.000000 0.000000 0.000000 0.000000 0.000000 0.000000 0.000000 0.000000 0.000000 
0.000000 89.700000 0.000000 0.000000 0.000000 0.000000 -0.442814 15.797931 2.821516 -3.247701 0.151683 -5.309770 -2.589318 0.087442 1.212526 5.124165 -9.172490 -0.960126 -4.254695 -6.297928 -0.460317 0.000000 0.000000 0.000000 -16.330251 -2.619524 -4.093245 -52.435253 -1.259403 15.748913 -6.397257 -21.539797 30.054822 -18.784507 24.680229 -29.777062 -46.068234 16.631420 -1.485375 -14.208368 0.000000 0.000000 -8.134456 0.000000 0.000000 0.022390 -0.001199 4.934506 -28.738647 16.730991 -15.000000 -14.290772 0.000000 0.000000 -23.734281 0.000000 0.000000 2.447046 -0.079831 2.056764 -20.100338 -10.543408 120.000000 -16.236918 0.000000 0.000000 15.000000 0.000000 0.000000 4.260386 -0.094452 1.375350 -38.248796 6.905560 14.999973 -31.240601 0.000000 0.000000 -14.301504 0.000000 0.000000 -6.917769 0.291382 2.291170 -31.803715 -5.097773 15.000000 -24.839167 0.000000 0.000000 -22.657266 0.000000 0.000000 0.441624 -0.014543 2.538997 -4.035426 11.613188 -17.867837 -15.175162 37.751635 -32.585395 -32.711136 30.900603 -23.727731 -26.674156 -33.775624 -18.018212 10.354462 -6.807536 -7.425175 2.236936 0.000000 0.000000 -11.241020 0.000000 0.000000 -7.969741 -5.107087 -8.050663 3.407762 -1.388671 -1.340812 3.557296 0.000000 0.000000 -9.399866 0.000000 0.000000 6.271931 -1.933901 -4.817211 1.868247 -4.169313 10.144974 9.904883 0.000000 0.000000 -3.313345 0.000000 0.000000 -1.013052 -2.505694 -6.799366 -1.847175 -4.948117 7.923271 16.130473 0.000000 0.000000 -5.195829 0.000000 0.000000 -3.109834 -2.403556 -3.139792 22.459651 37.116237 116.872260 27.483404 0.000000 0.000000 23.581240 0.000000 0.000000 -4.610124 -2.491975 -2.359596 0.000000 0.000000 0.000000 0.000000 0.000000 0.000000 0.000000 0.000000 0.000000 0.000000 0.000000 0.000000 0.000000 0.000000 0.000000 0.000000 0.000000 0.000000 0.000000 0.000000 0.000000 0.000000 0.000000 0.000000 
0.000000 89.700000 0.000000 0.000000 0.000000 0.000000 -0.454728 15.325888 2.761902 -3.095674 -0.003959 -5.349696 -2.539821 0.089669 1.282584 5.229897 -8.895015 -0.995964 -4.186894 -6.237492 -0.278587 0.000000 0.000000 0.000000 -16.222490 -2.583464 -4.034790 -52.689257 -1.062482 15.454663 -6.351219 -21.249754 29.875032 -18.998194 24.851915 -30.549870 -45.724305 16.141609 1.398250 -13.407867 0.000000 0.000000 -7.269742 0.000000 0.000000 0.022390 -0.001199 4.934506 -28.905144 16.674363 -15.000000 -13.720755 0.000000 0.000000 -22.801457 0.000000 0.000000 2.447046 -0.079831 2.056764 -19.620462 -10.933918 120.000000 -16.053761 0.000000 0.000000 15.000000 0.000000 0.000000 4.260386 -0.094452 1.375350 -38.057255 6.108580 14.999999 -30.526891 0.000000 0.000000 -14.077146 0.000000 0.000000 -6.917769 0.291382 2.291170 -31.856611 -5.565349 15.000000 -24.283521 0.000000 0.000000 -21.505776 0.000000 0.000000 0.441624 -0.014543 2.538997 -4.116756 11.654396 -18.088938 -14.587945 38.543089 -31.792017 -36.196991 37.618604 -22.154777 -25.557881 -32.562765 -15.955907 13.408325 -5.459232 -8.492530 -0.021848 0.000000 0.000000 -12.935127 0.000000 0.000000 -7.969741 -5.107087 -8.050663 3.892608 -0.490970 -4.627692 -1.933475 0.000000 0.000000 -10.465929 0.000000 0.000000 6.271931 -1.933901 -4.817211 -6.183025 -4.454038 12.795945 8.679739 0.000000 0.000000 -3.898559 0.000000 0.000000 -1.013052 -2.505694 -6.799366 0.488890 -3.162649 7.531082 13.951951 0.000000 0.000000 -6.928500 0.000000 0.000000 -3.109834 -2.403556 -3.139792 22.652339 37.611821 117.662774 27.947799 0.000000 0.000000 22.261847 0.000000 0.000000 -4.610124 -2.491975 -2.359596 0.000000 0.000000 0.000000 0.000000 0.000000 0.000000 0.000000 0.000000 0.000000 0.000000 0.000000 0.000000 0.000000 0.000000 0.000000 0.000000 0.000000 0.000000 0.000000 0.000000 0.000000 0.000000 0.000000 0.000000 
0.000000 89.700000 0.000000 0.000000 0.000000 0.000000 -0.427552 14.747276 2.656498 -2.884157 -0.239273 -5.321665 -2.484845 0.072174 1.337527 5.390690 -8.496406 -1.008378 -4.083363 -6.035254 0.033325 0.000000 0.000000 0.000000 -16.109605 -2.533967 -3.989652 -53.016717 -0.812548 15.059677 -6.238531 -20.831535 29.535532 -18.887974 24.916914 -30.754663 -46.055810 15.698650 2.643287 -12.843637 0.000000 0.000000 -6.696750 0.000000 0.000000 0.022390 -0.001199 4.934506 -29.418412 16.431995 -15.000000 -13.317129 0.000000 0.000000 -21.986842 0.000000 0.000000 2.447046 -0.079831 2.056764 -19.314696 -11.246661 120.000000 -15.888550 0.000000 0.000000 15.000000 0.000000 0.000000 4.260386 -0.094452 1.375350 -38.628131 5.613710 15.000000 -29.994341 0.000000 0.000000 -13.776343 0.000000 0.000000 -6.917769 0.291382 2.291170 -32.549751 -5.756555 15.000000 -23.918511 0.000000 0.000000 -20.710209 0.000000 0.000000 0.441624 -0.014543 2.538997 -4.249209 11.653847 -18.394122 -13.753668 39.461083 -30.516648 -41.991529 46.764412 -22.256322 -21.303796 -27.467715 -13.518308 9.366341 -4.393966 -9.504535 -0.390452 0.000000 0.000000 -13.471978 0.000000 0.000000 -7.969741 -5.107087 -8.050663 0.373769 -0.006214 -7.181219 -4.943594 0.000000 0.000000 -10.430828 0.000000 0.000000 6.271931 -1.933901 -4.817211 -13.436475 -5.548679 14.074156 8.408564 0.000000 0.000000 -4.310753 0.000000 0.000000 -1.013052 -2.505694 -6.799366 -0.947100 -0.649988 7.653634 14.603415 0.000000 0.000000 -7.910104 0.000000 0.000000 -3.109834 -2.403556 -3.139792 22.783797 38.340346 117.774788 29.666656 0.000000 0.000000 22.490491 0.000000 0.000000 -4.610124 -2.491975 -2.359596 0.000000 0.000000 0.000000 0.000000 0.000000 0.000000 0.000000 0.000000 0.000000 0.000000 0.000000 0.000000 0.000000 0.000000 0.000000 0.000000 0.000000 0.000000 0.000000 0.000000 0.000000 0.000000 0.000000 0.000000 
0.000000 89.700000 0.000000 0.000000 0.000000 0.000000 -0.365622 14.192863 2.554264 -2.685699 -0.474966 -5.216462 -2.448524 0.040853 1.344614 5.562081 -8.084981 -1.015818 -3.983821 -5.741766 0.391837 0.000000 0.000000 0.000000 -16.025640 -2.483590 -3.960102 -53.310489 -0.573494 14.684016 -6.101689 -20.425909 29.113886 -18.427436 24.819666 -30.363767 -45.360290 15.481248 1.590716 -12.690058 0.000000 0.000000 -6.598878 0.000000 0.000000 0.022390 -0.001199 4.934506 -28.467810 16.104963 -15.000000 -13.241289 0.000000 0.000000 -21.582987 0.000000 0.000000 2.447046 -0.079831 2.056764 -19.297189 -11.285596 120.000000 -15.809694 0.000000 0.000000 15.000000 0.000000 0.000000 4.260386 -0.094452 1.375350 -38.294297 5.635580 15.000000 -29.796117 0.000000 0.000000 -13.378435 0.000000 0.000000 -6.917769 0.291382 2.291170 -32.451675 -5.588224 15.000000 -23.841911 0.000000 0.000000 -20.510114 0.000000 0.000000 0.441624 -0.014543 2.538997 -4.382320 11.621219 -18.677055 -12.897362 40.162651 -29.112525 -50.712665 56.415848 -26.225433 -17.341672 -19.004050 -10.746202 6.475417 -3.819417 -8.853360 1.292634 0.000000 0.000000 -13.067269 0.000000 0.000000 -7.969741 -5.107087 -8.050663 -1.607110 -0.136087 -6.778656 -4.099111 0.000000 0.000000 -9.425598 0.000000 0.000000 6.271931 -1.933901 -4.817211 -15.721071 -7.381977 14.306781 8.800157 0.000000 0.000000 -4.671862 0.000000 0.000000 -1.013052 -2.505694 -6.799366 -1.600387 2.279223 8.681161 18.225188 0.000000 0.000000 -7.899001 0.000000 0.000000 -3.109834 -2.403556 -3.139792 23.739387 39.153263 117.499832 31.750054 0.000000 0.000000 25.800076 0.000000 0.000000 -4.610124 -2.491975 -2.359596 0.000000 0.000000 0.000000 0.000000 0.000000 0.000000 0.000000 0.000000 0.000000 0.000000 0.000000 0.000000 0.000000 0.000000 0.000000 0.000000 0.000000 0.000000 0.000000 0.000000 0.000000 0.000000 0.000000 0.000000 
0.000000 89.700000 0.000000 0.000000 0.000000 0.000000 -0.284511 13.760291 2.484801 -2.552060 -0.642499 -5.052245 -2.442556 0.008125 1.296363 5.696239 -7.761476 -1.041063 -3.915653 -5.461328 0.677333 0.000000 0.000000 0.000000 -15.988100 -2.435427 -3.945647 -53.498773 -0.397803 14.420676 -5.981874 -20.144271 28.707974 -17.684660 24.490586 -29.522414 -45.972297 15.585886 -1.270190 -13.014180 0.000000 0.000000 -6.967006 0.000000 0.000000 0.022390 -0.001199 4.934506 -28.789175 15.827987 -15.000000 -13.489552 0.000000 0.000000 -21.717516 0.000000 0.000000 2.447046 -0.079831 2.056764 -19.613798 -10.919597 120.000000 -15.834359 0.000000 0.000000 15.000000 0.000000 0.000000 4.260386 -0.094452 1.375350 -38.887540 6.201904 15.000000 -29.990777 0.000000 0.000000 -12.973169 0.000000 0.000000 -6.917769 0.291382 2.291170 -33.193219 -5.058897 15.000000 -24.006575 0.000000 0.000000 -20.937243 0.000000 0.000000 0.441624 -0.014543 2.538997 -4.466968 11.558915 -18.857090 -12.201691 40.457364 -27.932309 -60.492613 63.657720 -33.276759 -15.827940 -8.742231 -7.831758 15.242329 -3.938583 -6.060675 4.709179 0.000000 0.000000 -11.975450 0.000000 0.000000 -7.969741 -5.107087 -8.050663 5.526052 -0.781760 -3.155557 0.272271 0.000000 0.000000 -7.605953 0.000000 0.000000 6.271931 -1.933901 -4.817211 -7.029062 -9.234726 14.024847 9.906324 0.000000 0.000000 -4.347935 0.000000 0.000000 -1.013052 -2.505694 -6.799366 5.890534 4.774788 10.480662 24.107418 0.000000 0.000000 -6.446538 0.000000 0.000000 -3.109834 -2.403556 -3.139792 25.634835 39.928780 117.173579 32.829918 0.000000 0.000000 31.523427 0.000000 0.000000 -4.610124 -2.491975 -2.359596 0.000000 0.000000 0.000000 0.000000 0.000000 0.000000 0.000000 0.000000 0.000000 0.000000 0.000000 0.000000 0.000000 0.000000 0.000000 0.000000 0.000000 0.000000 0.000000 0.000000 0.000000 0.000000 0.000000 0.000000 
0.000000 89.700000 0.000000 0.000000 0.000000 0.000000 -0.206360 13.507098 2.455065 -2.502331 -0.706007 -4.883544 -2.461029 -0.015518 1.222478 5.748264 -7.596506 -1.102741 -3.890764 -5.302755 0.771535 0.000000 0.000000 0.000000 -16.001513 -2.384042 -3.943524 -53.552336 -0.315653 14.324949 -5.911764 -20.047160 28.440277 -16.856119 23.937299 -28.516877 -46.662723 15.966331 -4.646958 -13.763933 0.000000 0.000000 -7.641248 0.000000 0.000000 0.022390 -0.001199 4.934506 -29.340663 15.681482 -15.000000 -13.950989 0.000000 0.000000 -22.276665 0.000000 0.000000 2.447046 -0.079831 2.056764 -20.172137 -10.243165 120.000000 -15.923734 0.000000 0.000000 15.000000 0.000000 0.000000 4.260386 -0.094452 1.375350 -39.305502 7.106282 15.000000 -30.527114 0.000000 0.000000 -12.750744 0.000000 0.000000 -6.917769 0.291382 2.291170 -34.114549 -4.297933 15.000000 -24.296568 0.000000 0.000000 -21.772928 0.000000 0.000000 0.441624 -0.014543 2.538997 -4.463394 11.461059 -18.896823 -11.775859 40.336646 -27.250880 -68.222277 67.444969 -39.965909 -16.536045 0.175125 -5.197654 28.294909 -4.497362 -2.535057 8.199658 0.000000 0.000000 -10.790714 0.000000 0.000000 -7.969741 -5.107087 -8.050663 18.286540 -1.508755 1.614919 5.586397 0.000000 0.000000 -5.747219 0.000000 0.000000 6.271931 -1.933901 -4.817211 8.585552 -10.222427 13.689993 11.316476 0.000000 0.000000 -3.161862 0.000000 0.000000 -1.013052 -2.505694 -6.799366 16.694108 5.938788 12.268289 29.969307 0.000000 0.000000 -3.850022 0.000000 0.000000 -3.109834 -2.403556 -3.139792 27.042836 40.317414 116.770199 32.229684 0.000000 0.000000 36.905921 0.000000 0.000000 -4.610124 -2.491975 -2.359596 0.000000 0.000000 0.000000 0.000000 0.000000 0.000000 0.000000 0.000000 0.000000 0.000000 0.000000 0.000000 0.000000 0.000000 0.000000 0.000000 0.000000 0.000000 0.000000 0.000000 0.000000 0.000000 0.000000 0.000000 
0.000000 89.700000 0.000000 0.000000 0.000000 0.000000 -0.155868 13.462928 2.465809 -2.536390 -0.658549 -4.778631 -2.492100 -0.027102 1.168329 5.689559 -7.623670 -1.205231 -3.913667 -5.320941 0.617458 0.000000 0.000000 0.000000 -16.063060 -2.324610 -3.947282 -53.464717 -0.336231 14.423601 -5.914249 -20.159420 28.420382 -16.219911 23.305277 -27.685817 -46.033992 16.443872 -7.294410 -14.707555 0.000000 0.000000 -8.365550 0.000000 0.000000 0.022390 -0.001199 4.934506 -28.897562 15.660467 -15.000000 -14.458785 0.000000 0.000000 -22.978502 0.000000 0.000000 2.447046 -0.079831 2.056764 -20.757409 -9.534738 120.000000 -16.001867 0.000000 0.000000 15.000000 0.000000 0.000000 4.260386 -0.094452 1.375350 -38.616262 7.999817 15.000000 -31.212276 0.000000 0.000000 -12.788591 0.000000 0.000000 -6.917769 0.291382 2.291170 -34.217600 -3.549853 15.000000 -24.594235 0.000000 0.000000 -22.619236 0.000000 0.000000 0.441624 -0.014543 2.538997 -4.348649 11.333446 -18.789660 -11.693459 39.880268 -27.241188 -67.188179 67.084919 -39.277011 -18.072278 4.236075 -3.281173 38.637096 -4.768842 -0.552455 9.512223 0.000000 0.000000 -10.289812 0.000000 0.000000 -7.969741 -5.107087 -8.050663 26.273584 -1.809607 4.768282 8.633755 0.000000 0.000000 -5.005353 0.000000 0.000000 6.271931 -1.933901 -4.817211 13.739981 -10.034015 13.632762 11.982255 0.000000 0.000000 -1.797306 0.000000 0.000000 -1.013052 -2.505694 -6.799366 22.454138 5.624733 13.188199 32.797976 0.000000 0.000000 -1.343160 0.000000 0.000000 -3.109834 -2.403556 -3.139792 26.776825 39.918462 115.874368 30.559726 0.000000 0.000000 39.867404 0.000000 0.000000 -4.610124 -2.491975 -2.359596 0.000000 0.000000 0.000000 0.000000 0.000000 0.000000 0.000000 0.000000 0.000000 0.000000 0.000000 0.000000 0.000000 0.000000 0.000000 0.000000 0.000000 0.000000 0.000000 0.000000 0.000000 0.000000 0.000000 0.000000 
0.000000 89.700000 0.000000 0.000000 0.000000 0.000000 -0.151547 13.622570 2.524784 -2.649591 -0.509870 -4.777510 -2.529158 -0.027635 1.157921 5.522183 -7.834870 -1.336611 -3.983929 -5.484973 0.256577 0.000000 0.000000 0.000000 -16.168131 -2.263441 -3.944348 -53.238310 -0.448904 14.712109 -5.996983 -20.483690 28.674664 -15.971744 22.819283 -27.309354 -45.100719 16.799255 -8.542697 -15.478002 0.000000 0.000000 -8.852280 0.000000 0.000000 0.022390 -0.001199 4.934506 -28.352159 15.719659 -15.000000 -14.828048 0.000000 0.000000 -23.530082 0.000000 0.000000 2.447046 -0.079831 2.056764 -21.166116 -9.037826 120.000000 -15.995594 0.000000 0.000000 15.000000 0.000000 0.000000 4.260386 -0.094452 1.375350 -37.774047 8.550708 15.000000 -31.762807 0.000000 0.000000 -12.965268 0.000000 0.000000 -6.917769 0.291382 2.291170 -33.665833 -3.087358 15.000000 -24.784815 0.000000 0.000000 -23.113899 0.000000 0.000000 0.441624 -0.014543 2.538997 -4.126499 11.213861 -18.542230 -11.996340 39.159430 -27.937544 -57.840397 61.863196 -31.975828 -19.854273 1.765132 -2.249610 28.708143 -4.272909 -1.248114 7.796189 0.000000 0.000000 -10.808954 0.000000 0.000000 -7.969741 -5.107087 -8.050663 17.736236 -1.530471 5.150473 8.181853 0.000000 0.000000 -5.824025 0.000000 0.000000 6.271931 -1.933901 -4.817211 6.335550 -9.077663 13.921336 11.261650 0.000000 0.000000 -0.987588 0.000000 0.000000 -1.013052 -2.505694 -6.799366 14.697453 4.539336 12.858793 31.095560 0.000000 0.000000 -0.113255 0.000000 0.000000 -3.109834 -2.403556 -3.139792 25.379140 38.934789 114.403257 28.887943 0.000000 0.000000 40.117240 0.000000 0.000000 -4.610124 -2.491975 -2.359596 0.000000 0.000000 0.000000 0.000000 0.000000 0.000000 0.000000 0.000000 0.000000 0.000000 0.000000 0.000000 0.000000 0.000000 0.000000 0.000000 0.000000 0.000000 0.000000 0.000000 0.000000 0.000000 0.000000 0.000000 
0.000000 89.700000 0.000000 0.000000 0.000000 0.000000 -0.194265 13.925693 2.636099 -2.827085 -0.286774 -4.866399 -2.568762 -0.017751 1.180524 5.284163 -8.170001 -1.476578 -4.094593 -5.699877 -0.188346 0.000000 0.000000 0.000000 -16.308766 -2.220774 -3.918706 -52.900103 -0.620018 15.132968 -6.143348 -20.981542 29.109930 -16.114783 22.661504 -27.521157 -44.466355 16.885582 -8.271026 -15.790839 0.000000 0.000000 -8.902855 0.000000 0.000000 0.022390 -0.001199 4.934506 -27.946301 15.812353 -15.000000 -14.930778 0.000000 0.000000 -23.750023 0.000000 0.000000 2.447046 -0.079831 2.056764 -21.316835 -8.836132 120.000000 -15.871056 0.000000 0.000000 15.000000 0.000000 0.000000 4.260386 -0.094452 1.375350 -37.194379 8.565100 14.999999 -31.971329 0.000000 0.000000 -13.139066 0.000000 0.000000 -6.917769 0.291382 2.291170 -32.865460 -3.101761 15.000000 -24.767975 0.000000 0.000000 -23.133666 0.000000 0.000000 0.441624 -0.014543 2.538997 -3.835155 11.159282 -18.181373 -12.623445 38.242415 -29.173958 -47.188951 52.078284 -25.647549 -22.698558 -5.998033 -1.910091 23.259763 -3.436675 -3.390206 4.487173 0.000000 0.000000 -11.903494 0.000000 0.000000 -7.969741 -5.107087 -8.050663 9.551942 -1.090607 3.898162 5.783083 0.000000 0.000000 -7.447742 0.000000 0.000000 6.271931 -1.933901 -4.817211 -5.848818 -8.024663 14.358183 9.748604 0.000000 0.000000 -0.911286 0.000000 0.000000 -1.013052 -2.505694 -6.799366 11.375675 3.315462 11.417863 26.201912 0.000000 0.000000 -0.297070 0.000000 0.000000 -3.109834 -2.403556 -3.139792 24.224790 38.235832 113.128587 27.691680 0.000000 0.000000 38.106060 0.000000 0.000000 -4.610124 -2.491975 -2.359596 0.000000 0.000000 0.000000 0.000000 0.000000 0.000000 0.000000 0.000000 0.000000 0.000000 0.000000 0.000000 0.000000 0.000000 0.000000 0.000000 0.000000 0.000000 0.000000 0.000000 0.000000 0.000000 0.000000 0.000000 
0.000000 89.700000 0.000000 0.000000 0.000000 0.000000 -0.264231 14.255956 2.777868 -3.027580 -0.041217 -4.991804 -2.603208 -0.000070 1.212046 5.041200 -8.519110 -1.603120 -4.229830 -5.871155 -0.575739 0.000000 0.000000 0.000000 -16.463074 -2.216690 -3.861622 -52.527052 -0.795396 15.571869 -6.310308 -21.543548 29.556900 -16.513730 22.880477 -28.273765 -44.316830 16.687221 -6.708799 -15.634598 0.000000 0.000000 -8.532181 0.000000 0.000000 0.022390 -0.001199 4.934506 -28.161687 15.883949 -15.000000 -14.769677 0.000000 0.000000 -23.616238 0.000000 0.000000 2.447046 -0.079831 2.056764 -21.245900 -8.917894 120.000000 -15.647887 0.000000 0.000000 15.000000 0.000000 0.000000 4.260386 -0.094452 1.375350 -36.801215 8.042680 14.999991 -31.848991 0.000000 0.000000 -13.331370 0.000000 0.000000 -6.917769 0.291382 2.291170 -32.106314 -3.625936 15.000000 -24.533319 0.000000 0.000000 -22.826395 0.000000 0.000000 0.441624 -0.014543 2.538997 -3.542921 11.203198 -17.779509 -13.366710 37.289017 -30.581965 -38.465487 39.405189 -24.161470 -27.277069 -15.846586 -1.867355 21.256505 -3.155141 -4.400154 1.908970 0.000000 0.000000 -12.737410 0.000000 0.000000 -7.969741 -5.107087 -8.050663 7.450997 -1.082840 2.893965 3.908291 0.000000 0.000000 -8.763205 0.000000 0.000000 6.271931 -1.933901 -4.817211 -8.713994 -7.292964 14.708466 8.578337 0.000000 0.000000 -1.514165 0.000000 0.000000 -1.013052 -2.505694 -6.799366 8.271091 1.904300 9.352352 20.917133 0.000000 0.000000 -1.172675 0.000000 0.000000 -3.109834 -2.403556 -3.139792 24.011206 38.397246 112.913170 26.937351 0.000000 0.000000 34.558136 0.000000 0.000000 -4.610124 -2.491975 -2.359596 0.000000 0.000000 0.000000 0.000000 0.000000 0.000000 0.000000 0.000000 0.000000 0.000000 0.000000 0.000000 0.000000 0.000000 0.000000 0.000000 0.000000 0.000000 0.000000 0.000000 0.000000 0.000000 0.000000 0.000000 
0.000000 89.700000 0.000000 0.000000 0.000000 0.000000 -0.331346 14.475213 2.902184 -3.185100 0.155565 -5.100271 -2.620362 0.017819 1.241843 4.864495 -8.758439 -1.695648 -4.362082 -5.963048 -0.809340 0.000000 0.000000 0.000000 -16.592468 -2.250997 -3.780517 -52.234234 -0.916191 15.899773 -6.443855 -22.002857 29.867657 -17.018510 23.368386 -29.360411 -44.761818 16.306908 -4.381184 -15.261079 0.000000 0.000000 -7.975871 0.000000 0.000000 0.022390 -0.001199 4.934506 -29.027563 15.864043 -15.000000 -14.486439 0.000000 0.000000 -23.242788 0.000000 0.000000 2.447046 -0.079831 2.056764 -21.035557 -9.262030 120.000000 -15.394810 0.000000 0.000000 15.000000 0.000000 0.000000 4.260386 -0.094452 1.375350 -36.991643 7.178980 14.999898 -31.621690 0.000000 0.000000 -13.680550 0.000000 0.000000 -6.917769 0.291382 2.291170 -31.956355 -4.510168 15.000000 -24.239298 0.000000 0.000000 -22.479969 0.000000 0.000000 0.441624 -0.014543 2.538997 -3.324449 11.327874 -17.454754 -13.948519 36.590969 -31.714039 -34.209193 30.953295 -25.660382 -32.243853 -24.622898 -1.776820 17.363856 -3.720158 -2.958963 1.194438 0.000000 0.000000 -12.737887 0.000000 0.000000 -7.969741 -5.107087 -8.050663 5.782545 -1.557388 2.927565 3.634418 0.000000 0.000000 -9.191212 0.000000 0.000000 6.271931 -1.933901 -4.817211 -2.588997 -6.801828 14.873489 8.260379 0.000000 0.000000 -2.681417 0.000000 0.000000 -1.013052 -2.505694 -6.799366 3.955431 0.169511 7.308307 17.025277 0.000000 0.000000 -2.051662 0.000000 0.000000 -3.109834 -2.403556 -3.139792 24.512610 39.174756 113.539808 26.593745 0.000000 0.000000 30.664223 0.000000 0.000000 -4.610124 -2.491975 -2.359596 0.000000 0.000000 0.000000 0.000000 0.000000 0.000000 0.000000 0.000000 0.000000 0.000000 0.000000 0.000000 0.000000 0.000000 0.000000 0.000000 0.000000 0.000000 0.000000 0.000000 0.000000 0.000000 0.000000 0.000000 
0.000000 89.700000 0.000000 0.000000 0.000000 0.000000 -0.372338 14.478660 2.961253 -3.236880 0.238636 -5.166089 -2.611302 0.027059 1.274857 4.804237 -8.803862 -1.734777 -4.456571 -5.996740 -0.856621 0.000000 0.000000 0.000000 -16.657779 -2.302041 -3.694589 -52.120699 -0.941093 16.031532 -6.506164 -22.205559 29.986903 -17.518640 23.900715 -30.478154 -45.312269 15.911179 -2.086040 -15.002432 0.000000 0.000000 -7.536299 0.000000 0.000000 0.022390 -0.001199 4.934506 -29.588502 15.708980 -15.000000 -14.282326 0.000000 0.000000 -22.804429 0.000000 0.000000 2.447046 -0.079831 2.056764 -20.749635 -9.816709 120.000000 -15.201076 0.000000 0.000000 15.000000 0.000000 0.000000 4.260386 -0.094452 1.375350 -37.384290 6.305690 14.999246 -31.569027 0.000000 0.000000 -14.230392 0.000000 0.000000 -6.917769 0.291382 2.291170 -32.211959 -5.449798 15.000000 -24.149502 0.000000 0.000000 -22.321789 0.000000 0.000000 0.441624 -0.014543 2.538997 -3.228543 11.479962 -17.321220 -14.161589 36.451308 -32.227093 -32.628418 28.447927 -25.883751 -34.633027 -30.621551 -1.513056 9.699539 -4.585644 -0.341415 1.727134 0.000000 0.000000 -11.849289 0.000000 0.000000 -7.969741 -5.107087 -8.050663 4.569719 -1.963858 3.312453 4.143488 0.000000 0.000000 -8.684008 0.000000 0.000000 6.271931 -1.933901 -4.817211 5.979018 -6.191444 14.820169 8.480173 0.000000 0.000000 -3.963789 0.000000 0.000000 -1.013052 -2.505694 -6.799366 -2.693333 -1.486639 5.828548 14.601839 0.000000 0.000000 -2.691351 0.000000 0.000000 -3.109834 -2.403556 -3.139792 25.126949 40.154844 113.929170 26.638988 0.000000 0.000000 27.633598 0.000000 0.000000 -4.610124 -2.491975 -2.359596 0.000000 0.000000 0.000000 0.000000 0.000000 0.000000 0.000000 0.000000 0.000000 0.000000 0.000000 0.000000 0.000000 0.000000 0.000000 0.000000 0.000000 0.000000 0.000000 0.000000 0.000000 0.000000 0.000000 0.000000 
0.000000 89.700000 0.000000 0.000000 0.000000 0.000000 -0.381070 14.239551 2.932036 -3.156516 0.177885 -5.187315 -2.576296 0.024053 1.315366 4.872017 -8.640740 -1.703802 -4.487133 -5.991176 -0.719875 0.000000 0.000000 0.000000 -16.640609 -2.347931 -3.620320 -52.219911 -0.860853 15.950885 -6.490104 -22.087011 29.938446 -17.908031 24.225083 -31.312367 -45.312564 15.667367 -0.669876 -15.072819 0.000000 0.000000 -7.405791 0.000000 0.000000 0.022390 -0.001199 4.934506 -29.221074 15.464938 -15.000000 -14.306069 0.000000 0.000000 -22.475248 0.000000 0.000000 2.447046 -0.079831 2.056764 -20.429529 -10.439710 120.000000 -15.135814 0.000000 0.000000 15.000000 0.000000 0.000000 4.260386 -0.094452 1.375350 -37.556244 5.759712 14.996032 -31.826100 0.000000 0.000000 -14.816836 0.000000 0.000000 -6.917769 0.291382 2.291170 -32.554229 -6.087513 15.000000 -24.432809 0.000000 0.000000 -22.392289 0.000000 0.000000 0.441624 -0.014543 2.538997 -3.261247 11.611865 -17.422045 -13.951784 36.983104 -31.997572 -33.759680 30.255255 -25.515715 -32.380576 -33.477205 -1.174312 9.149777 -5.046553 1.151882 2.328362 0.000000 0.000000 -10.422879 0.000000 0.000000 -7.969741 -5.107087 -8.050663 3.750996 -1.815842 2.874995 3.997964 0.000000 0.000000 -7.517507 0.000000 0.000000 6.271931 -1.933901 -4.817211 2.193408 -5.330396 14.398600 8.649538 0.000000 0.000000 -4.945220 0.000000 0.000000 -1.013052 -2.505694 -6.799366 -2.944765 -2.387831 5.032692 13.165878 0.000000 0.000000 -3.261809 0.000000 0.000000 -3.109834 -2.403556 -3.139792 25.116041 41.266109 113.586321 27.001287 0.000000 0.000000 25.925410 0.000000 0.000000 -4.610124 -2.491975 -2.359596 0.000000 0.000000 0.000000 0.000000 0.000000 0.000000 0.000000 0.000000 0.000000 0.000000 0.000000 0.000000 0.000000 0.000000 0.000000 0.000000 0.000000 0.000000 0.000000 0.000000 0.000000 0.000000 0.000000 0.000000 
0.000000 89.700000 0.000000 0.000000 0.000000 0.000000 -0.365556 13.816615 2.824040 -2.967860 -0.008448 -5.167112 -2.526178 0.011834 1.355881 5.040306 -8.316642 -1.598744 -4.451958 -5.924856 -0.407326 0.000000 0.000000 0.000000 -16.550163 -2.383554 -3.561436 -52.490414 -0.699478 15.696637 -6.413747 -21.699279 29.762624 -18.061466 24.171570 -31.622752 -45.061980 15.690085 -0.670065 -15.505990 0.000000 0.000000 -7.642502 0.000000 0.000000 0.022390 -0.001199 4.934506 -28.504809 15.252928 -15.000000 -14.597168 0.000000 0.000000 -22.399055 0.000000 0.000000 2.447046 -0.079831 2.056764 -20.147827 -10.922876 120.000000 -15.231181 0.000000 0.000000 15.000000 0.000000 0.000000 4.260386 -0.094452 1.375350 -37.475937 5.700621 14.984763 -32.333146 0.000000 0.000000 -15.218839 0.000000 0.000000 -6.917769 0.291382 2.291170 -32.575131 -6.174921 15.000000 -25.041891 0.000000 0.000000 -22.621289 0.000000 0.000000 0.441624 -0.014543 2.538997 -3.392912 11.710788 -17.703468 -13.414053 38.016030 -31.125555 -37.406527 36.699422 -24.382239 -26.234600 -33.188324 -0.941570 11.167106 -4.779679 0.638084 2.514705 0.000000 0.000000 -9.154121 0.000000 0.000000 -7.969741 -5.107087 -8.050663 2.052261 -1.130688 1.293708 2.697783 0.000000 0.000000 -6.402948 0.000000 0.000000 6.271931 -1.933901 -4.817211 -7.359006 -4.535861 13.301749 8.346990 0.000000 0.000000 -5.942393 0.000000 0.000000 -1.013052 -2.505694 -6.799366 -0.736384 -2.063897 4.585583 12.706772 0.000000 0.000000 -4.233711 0.000000 0.000000 -3.109834 -2.403556 -3.139792 23.678072 42.430355 113.282944 27.726157 0.000000 0.000000 25.121510 0.000000 0.000000 -4.610124 -2.491975 -2.359596 0.000000 0.000000 0.000000 0.000000 0.000000 0.000000 0.000000 0.000000 0.000000 0.000000 0.000000 0.000000 0.000000 0.000000 0.000000 0.000000 0.000000 0.000000 0.000000 0.000000 0.000000 0.000000 0.000000 0.000000 
0.000000 89.700000 0.000000 0.000000 0.000000 0.000000 -0.339254 13.319132 2.671979 -2.729748 -0.262202 -5.102625 -2.480615 -0.003892 1.377155 5.260479 -7.913715 -1.436083 -4.374251 -5.767474 0.058874 0.000000 0.000000 0.000000 -16.414391 -2.414612 -3.512419 -52.842097 -0.504108 15.341379 -6.308712 -21.177777 29.483640 -17.890275 23.714806 -31.309300 -44.651003 16.001204 -2.093212 -16.246763 0.000000 0.000000 -8.253013 0.000000 0.000000 0.022390 -0.001199 4.934506 -28.154772 15.151178 -15.000000 -15.111096 0.000000 0.000000 -22.631774 0.000000 0.000000 2.447046 -0.079831 2.056764 -20.027005 -11.111774 120.000000 -15.489959 0.000000 0.000000 15.000000 0.000000 0.000000 4.260386 -0.094452 1.375350 -36.857948 5.922104 14.956671 -32.971770 0.000000 0.000000 -15.402779 0.000000 0.000000 -6.917769 0.291382 2.291170 -31.566255 -5.688782 15.000000 -25.808958 0.000000 0.000000 -23.016108 0.000000 0.000000 0.441624 -0.014543 2.538997 -3.575829 11.793560 -18.052818 -12.729494 39.200696 -29.865525 -42.762116 45.878302 -23.746440 -19.156835 -29.532472 -0.877927 5.714272 -3.965513 -0.828185 2.596622 0.000000 0.000000 -8.890796 0.000000 0.000000 -7.969741 -5.107087 -8.050663 -1.141905 -0.281890 -0.503557 1.095946 0.000000 0.000000 -6.256272 0.000000 0.000000 6.271931 -1.933901 -4.817211 -10.930000 -4.286027 11.405509 7.518929 0.000000 0.000000 -7.546212 0.000000 0.000000 -1.013052 -2.505694 -6.799366 -4.202113 -0.426461 4.306336 13.687828 0.000000 0.000000 -6.035281 0.000000 0.000000 -3.109834 -2.403556 -3.139792 20.641264 43.274294 113.996431 28.885348 0.000000 0.000000 24.628237 0.000000 0.000000 -4.610124 -2.491975 -2.359596 0.000000 0.000000 0.000000 0.000000 0.000000 0.000000 0.000000 0.000000 0.000000 0.000000 0.000000 0.000000 0.000000 0.000000 0.000000 0.000000 0.000000 0.000000 0.000000 0.000000 0.000000 0.000000 0.000000 0.000000 
0.000000 89.700000 0.000000 0.000000 0.000000 0.000000 -0.314641 12.854188 2.515504 -2.503722 -0.510917 -4.987095 -2.459350 -0.017819 1.357195 5.486297 -7.517366 -1.247221 -4.285988 -5.531404 0.612784 0.000000 0.000000 0.000000 -16.268828 -2.442662 -3.469802 -53.177207 -0.326033 14.974435 -6.206683 -20.674513 29.125311 -17.411913 22.939743 -30.437745 -44.907564 16.532912 -4.474984 -17.273066 0.000000 0.000000 -9.213801 0.000000 0.000000 0.022390 -0.001199 4.934506 -28.379173 15.119640 -15.000000 -15.787244 0.000000 0.000000 -23.106622 0.000000 0.000000 2.447046 -0.079831 2.056764 -20.158059 -11.001238 120.000000 -15.890008 0.000000 0.000000 15.000000 0.000000 0.000000 4.260386 -0.094452 1.375350 -37.036855 5.775363 14.908342 -33.711715 0.000000 0.000000 -15.563209 0.000000 0.000000 -6.917769 0.291382 2.291170 -32.028757 -4.801650 15.000000 -26.624519 0.000000 0.000000 -23.699926 0.000000 0.000000 0.441624 -0.014543 2.538997 -3.758340 11.877926 -18.363502 -12.070862 40.209886 -28.523516 -51.116647 55.299303 -27.142375 -14.006435 -22.478923 -0.807565 3.657884 -3.167374 -1.383453 3.219441 0.000000 0.000000 -9.916333 0.000000 0.000000 -7.969741 -5.107087 -8.050663 -2.522324 0.312564 -0.963161 0.792211 0.000000 0.000000 -7.301263 0.000000 0.000000 6.271931 -1.933901 -4.817211 -13.390818 -4.824930 9.327289 6.651674 0.000000 0.000000 -9.571332 0.000000 0.000000 -1.013052 -2.505694 -6.799366 -5.241674 2.183535 4.616807 16.495215 0.000000 0.000000 -8.458237 0.000000 0.000000 -3.109834 -2.403556 -3.139792 17.316461 43.482783 115.633969 30.213094 0.000000 0.000000 24.395530 0.000000 0.000000 -4.610124 -2.491975 -2.359596 0.000000 0.000000 0.000000 0.000000 0.000000 0.000000 0.000000 0.000000 0.000000 0.000000 0.000000 0.000000 0.000000 0.000000 0.000000 0.000000 0.000000 0.000000 0.000000 0.000000 0.000000 0.000000 0.000000 0.000000 
0.000000 89.700000 0.000000 0.000000 0.000000 0.000000 -0.299716 12.495956 2.379286 -2.329995 -0.695983 -4.823918 -2.468794 -0.025009 1.290498 5.681836 -7.193683 -1.069830 -4.212376 -5.283444 1.136246 0.000000 0.000000 0.000000 -16.149464 -2.461882 -3.437997 -53.424241 -0.201861 14.679663 -6.127604 -20.302953 28.742542 -16.749998 21.979455 -29.215742 -45.402526 17.193820 -7.154170 -18.590013 0.000000 0.000000 -10.433282 0.000000 0.000000 0.022390 -0.001199 4.934506 -28.469871 15.085253 -15.000000 -16.586838 0.000000 0.000000 -23.728789 0.000000 0.000000 2.447046 -0.079831 2.056764 -20.510778 -10.705712 120.000000 -16.385013 0.000000 0.000000 15.000000 0.000000 0.000000 4.260386 -0.094452 1.375350 -37.677877 4.427766 14.855940 -34.586601 0.000000 0.000000 -15.933456 0.000000 0.000000 -6.917769 0.291382 2.291170 -32.882820 -3.738178 15.000000 -27.465778 0.000000 0.000000 -24.741281 0.000000 0.000000 0.441624 -0.014543 2.538997 -3.891037 11.958518 -18.572607 -11.532529 40.866892 -27.367600 -61.196271 62.856973 -33.995957 -11.683511 -13.203290 -0.389106 12.864001 -2.857239 0.269384 4.819386 0.000000 0.000000 -11.496612 0.000000 0.000000 -7.969741 -5.107087 -8.050663 4.003097 0.456621 1.030275 2.999445 0.000000 0.000000 -8.735739 0.000000 0.000000 6.271931 -1.933901 -4.817211 -10.363706 -5.976368 8.278783 6.536887 0.000000 0.000000 -11.141489 0.000000 0.000000 -1.013052 -2.505694 -6.799366 1.887362 4.991408 5.859251 20.729312 0.000000 0.000000 -10.547276 0.000000 0.000000 -3.109834 -2.403556 -3.139792 15.812304 43.164750 117.285688 31.002096 0.000000 0.000000 24.709871 0.000000 0.000000 -4.610124 -2.491975 -2.359596 0.000000 0.000000 0.000000 0.000000 0.000000 0.000000 0.000000 0.000000 0.000000 0.000000 0.000000 0.000000 0.000000 0.000000 0.000000 0.000000 0.000000 0.000000 0.000000 0.000000 0.000000 0.000000 0.000000 0.000000 
0.000000 89.700000 0.000000 0.000000 0.000000 0.000000 -0.297017 12.288958 2.273089 -2.223335 -0.787571 -4.643152 -2.498204 -0.021915 1.203060 5.814129 -6.984994 -0.943121 -4.173218 -5.120855 1.494719 0.000000 0.000000 0.000000 -16.085282 -2.465061 -3.424195 -53.548731 -0.148062 14.515488 -6.081150 -20.122128 28.437286 -16.063689 21.006638 -27.930878 -44.754692 17.933886 -9.581270 -20.108234 0.000000 0.000000 -11.752768 0.000000 0.000000 0.022390 -0.001199 4.934506 -27.810229 15.070854 -15.000000 -17.464561 0.000000 0.000000 -24.503827 0.000000 0.000000 2.447046 -0.079831 2.056764 -20.959904 -10.351980 120.000000 -16.916489 0.000000 0.000000 15.000000 0.000000 0.000000 4.260386 -0.094452 1.375350 -37.385900 1.533248 14.832387 -35.555291 0.000000 0.000000 -16.587169 0.000000 0.000000 -6.917769 0.291382 2.291170 -33.121080 -2.666531 15.000000 -28.281328 0.000000 0.000000 -26.006327 0.000000 0.000000 0.441624 -0.014543 2.538997 -3.927581 12.006908 -18.657865 -11.137856 41.144369 -26.594764 -71.202732 68.284647 -42.207638 -11.145052 -4.519552 0.650653 27.459093 -2.916825 3.611161 6.850397 0.000000 0.000000 -12.633529 0.000000 0.000000 -7.969741 -5.107087 -8.050663 16.185726 0.360116 4.980173 7.179812 0.000000 0.000000 -9.720179 0.000000 0.000000 6.271931 -1.933901 -4.817211 -0.788736 -7.267039 8.759962 7.325008 0.000000 0.000000 -11.611551 0.000000 0.000000 -1.013052 -2.505694 -6.799366 15.568685 6.997584 7.417366 24.746777 0.000000 0.000000 -11.442518 0.000000 0.000000 -3.109834 -2.403556 -3.139792 16.972133 42.750799 118.281454 30.511800 0.000000 0.000000 25.513409 0.000000 0.000000 -4.610124 -2.491975 -2.359596 0.000000 0.000000 0.000000 0.000000 0.000000 0.000000 0.000000 0.000000 0.000000 0.000000 0.000000 0.000000 0.000000 0.000000 0.000000 0.000000 0.000000 0.000000 0.000000 0.000000 0.000000 0.000000 0.000000 0.000000 
0.000000 89.700000 0.000000 0.000000 0.000000 0.000000 -0.306772 12.258663 2.207266 -2.182877 -0.780526 -4.499412 -2.530686 -0.008610 1.139560 5.852725 -6.917482 -0.896507 -4.189799 -5.130020 1.598693 0.000000 0.000000 0.000000 -16.090864 -2.447627 -3.429533 -53.541427 -0.168587 14.512890 -6.078381 -20.150263 28.334008 -15.457945 20.227758 -26.876090 -43.975414 18.732966 -11.457069 -21.622025 0.000000 0.000000 -12.977584 0.000000 0.000000 0.022390 -0.001199 4.934506 -27.072821 15.184593 -15.000000 -18.339774 0.000000 0.000000 -25.492312 0.000000 0.000000 2.447046 -0.079831 2.056764 -21.384813 -10.014954 120.000000 -17.423418 0.000000 0.000000 15.000000 0.000000 0.000000 4.260386 -0.094452 1.375350 -36.870834 -2.221992 14.855940 -36.471766 0.000000 0.000000 -17.396832 0.000000 0.000000 -6.917769 0.291382 2.291170 -33.363994 -1.703717 15.000000 -28.956193 0.000000 0.000000 -27.222583 0.000000 0.000000 0.441624 -0.014543 2.538997 -3.829829 11.996940 -18.618589 -10.900775 41.092845 -26.339033 -71.849357 68.736292 -42.791338 -11.049431 0.252239 2.302241 25.808196 -2.814484 6.325285 7.822801 0.000000 0.000000 -13.063945 0.000000 0.000000 -7.969741 -5.107087 -8.050663 16.169397 0.467893 8.799829 11.052130 0.000000 0.000000 -10.217824 0.000000 0.000000 6.271931 -1.933901 -4.817211 3.303442 -8.379481 9.711877 8.008316 0.000000 0.000000 -10.919118 0.000000 0.000000 -1.013052 -2.505694 -6.799366 16.019616 7.522667 8.117548 26.376692 0.000000 0.000000 -11.167136 0.000000 0.000000 -3.109834 -2.403556 -3.139792 19.479757 42.604516 118.480657 28.705346 0.000000 0.000000 26.517869 0.000000 0.000000 -4.610124 -2.491975 -2.359596 0.000000 0.000000 0.000000 0.000000 0.000000 0.000000 0.000000 0.000000 0.000000 0.000000 0.000000 0.000000 0.000000 0.000000 0.000000 0.000000 0.000000 0.000000 0.000000 0.000000 0.000000 0.000000 0.000000 0.000000 
0.000000 89.700000 0.000000 0.000000 0.000000 0.000000 -0.330979 12.408929 2.200957 -2.205435 -0.681063 -4.444215 -2.556267 0.012849 1.128612 5.783090 -7.001173 -0.933770 -4.276965 -5.338325 1.448136 0.000000 0.000000 0.000000 -16.165640 -2.411430 -3.443863 -53.401193 -0.262549 14.681338 -6.136662 -20.381254 28.514837 -14.946056 19.814219 -26.285598 -43.690245 19.531625 -12.644328 -22.944107 0.000000 0.000000 -13.903880 0.000000 0.000000 0.022390 -0.001199 4.934506 -26.412257 15.486711 -15.000000 -19.117676 0.000000 0.000000 -26.616869 0.000000 0.000000 2.447046 -0.079831 2.056764 -21.704831 -9.737921 120.000000 -17.829952 0.000000 0.000000 15.000000 0.000000 0.000000 4.260386 -0.094452 1.375350 -36.668719 -5.496070 14.908342 -37.210378 0.000000 0.000000 -18.139932 0.000000 0.000000 -6.917769 0.291382 2.291170 -33.240995 -0.977747 15.000000 -29.412522 0.000000 0.000000 -28.176196 0.000000 0.000000 0.441624 -0.014543 2.538997 -3.583467 11.936580 -18.460444 -10.865364 40.768908 -26.667075 -65.641773 66.167521 -37.599089 -11.316243 -0.678915 4.230646 20.200502 -2.280600 6.130711 6.635827 0.000000 0.000000 -13.229764 0.000000 0.000000 -7.969741 -5.107087 -8.050663 12.420782 0.981555 10.348193 12.377089 0.000000 0.000000 -10.600363 0.000000 0.000000 6.271931 -1.933901 -4.817211 0.313130 -9.344769 9.707907 7.477948 0.000000 0.000000 -9.269949 0.000000 0.000000 -1.013052 -2.505694 -6.799366 14.751736 6.680902 7.467510 24.584066 0.000000 0.000000 -10.374015 0.000000 0.000000 -3.109834 -2.403556 -3.139792 21.153537 42.716554 117.823130 26.587760 0.000000 0.000000 27.739796 0.000000 0.000000 -4.610124 -2.491975 -2.359596 0.000000 0.000000 0.000000 0.000000 0.000000 0.000000 0.000000 0.000000 0.000000 0.000000 0.000000 0.000000 0.000000 0.000000 0.000000 0.000000 0.000000 0.000000 0.000000 0.000000 0.000000 0.000000 0.000000 0.000000 
0.000000 89.700000 0.000000 0.000000 0.000000 0.000000 -0.372518 12.710645 2.269914 -2.289073 -0.502844 -4.491746 -2.574878 0.042174 1.161863 5.619930 -7.214452 -1.030562 -4.427837 -5.688799 1.130311 0.000000 0.000000 0.000000 -16.297014 -2.369664 -3.447501 -53.135804 -0.422338 14.999409 -6.269129 -20.784598 28.958539 -14.516928 19.829143 -26.289068 -43.730482 20.203830 -13.057046 -23.968419 0.000000 0.000000 -14.366189 0.000000 0.000000 0.022390 -0.001199 4.934506 -26.686473 15.926055 -15.000000 -19.719394 0.000000 0.000000 -27.600179 0.000000 0.000000 2.447046 -0.079831 2.056764 -21.848649 -9.557838 120.000000 -18.046631 0.000000 0.000000 15.000000 0.000000 0.000000 4.260386 -0.094452 1.375350 -36.625956 -7.270111 14.956664 -37.737167 0.000000 0.000000 -18.637048 0.000000 0.000000 -6.917769 0.291382 2.291170 -33.216652 -0.643005 15.000000 -29.664379 0.000000 0.000000 -28.817870 0.000000 0.000000 0.441624 -0.014543 2.538997 -3.214964 11.872127 -18.193953 -11.066555 40.212923 -27.531205 -54.988693 58.755473 -29.647648 -13.064840 -6.526426 5.900571 17.623838 -1.670273 2.713999 3.654098 0.000000 0.000000 -13.522961 0.000000 0.000000 -7.969741 -5.107087 -8.050663 10.446366 1.563228 8.766669 10.453572 0.000000 0.000000 -10.956086 0.000000 0.000000 6.271931 -1.933901 -4.817211 -7.886593 -10.066503 8.726441 5.958152 0.000000 0.000000 -6.926119 0.000000 0.000000 -1.013052 -2.505694 -6.799366 8.506255 5.079434 6.117882 20.319677 0.000000 0.000000 -9.512920 0.000000 0.000000 -3.109834 -2.403556 -3.139792 20.974763 42.839634 116.193780 25.400055 0.000000 0.000000 29.183320 0.000000 0.000000 -4.610124 -2.491975 -2.359596 0.000000 0.000000 0.000000 0.000000 0.000000 0.000000 0.000000 0.000000 0.000000 0.000000 0.000000 0.000000 0.000000 0.000000 0.000000 0.000000 0.000000 0.000000 0.000000 0.000000 0.000000 0.000000 0.000000 0.000000 
0.000000 89.700000 0.000000 0.000000 0.000000 0.000000 -0.430201 13.091638 2.402091 -2.420276 -0.277192 -4.605035 -2.590490 0.079494 1.206435 5.408557 -7.492173 -1.147482 -4.612958 -6.065939 0.775614 0.000000 0.000000 0.000000 -16.459707 -2.343058 -3.422635 -52.784350 -0.623550 15.396850 -6.465531 -21.288682 29.534195 -14.241332 20.218938 -26.880790 -43.786597 20.607287 -12.680433 -24.559066 0.000000 0.000000 -14.300949 0.000000 0.000000 0.022390 -0.001199 4.934506 -27.613711 16.416747 -15.000000 -20.078015 0.000000 0.000000 -28.141935 0.000000 0.000000 2.447046 -0.079831 2.056764 -21.765069 -9.482397 120.000000 -18.032903 0.000000 0.000000 15.000000 0.000000 0.000000 4.260386 -0.094452 1.375350 -36.431354 -7.213302 14.984680 -38.008322 0.000000 0.000000 -18.824492 0.000000 0.000000 -6.917769 0.291382 2.291170 -32.962599 -0.805618 15.000000 -29.726079 0.000000 0.000000 -29.161809 0.000000 0.000000 0.441624 -0.014543 2.538997 -2.792655 11.852051 -17.852362 -11.444292 39.495987 -28.716853 -45.273338 47.822360 -25.212174 -17.236071 -14.652003 6.772728 11.498941 -1.672444 -1.986117 0.357976 0.000000 0.000000 -13.866596 0.000000 0.000000 -7.969741 -5.107087 -8.050663 7.485170 1.588473 4.795244 6.235055 0.000000 0.000000 -11.079416 0.000000 0.000000 6.271931 -1.933901 -4.817211 -13.117250 -10.060535 8.093813 4.812118 0.000000 0.000000 -4.309315 0.000000 0.000000 -1.013052 -2.505694 -6.799366 0.691897 3.094219 5.166281 15.723401 0.000000 0.000000 -8.512220 0.000000 0.000000 -3.109834 -2.403556 -3.139792 19.972066 42.677867 113.954777 25.447839 0.000000 0.000000 30.302953 0.000000 0.000000 -4.610124 -2.491975 -2.359596 0.000000 0.000000 0.000000 0.000000 0.000000 0.000000 0.000000 0.000000 0.000000 0.000000 0.000000 0.000000 0.000000 0.000000 0.000000 0.000000 0.000000 0.000000 0.000000 0.000000 0.000000 0.000000 0.000000 0.000000 
0.000000 89.700000 0.000000 0.000000 0.000000 0.000000 -0.495911 13.443123 2.548810 -2.559603 -0.059130 -4.719627 -2.603990 0.119465 1.235464 5.210869 -7.741593 -1.247970 -4.793603 -6.365029 0.497617 0.000000 0.000000 0.000000 -16.616052 -2.344182 -3.367655 -52.431166 -0.820037 15.762337 -6.682194 -21.773990 30.061569 -14.245350 20.848506 -27.906315 -44.121553 20.639669 -11.622052 -24.493713 0.000000 0.000000 -13.764573 0.000000 0.000000 0.022390 -0.001199 4.934506 -28.205113 16.897335 -15.000000 -20.112387 0.000000 0.000000 -28.109761 0.000000 0.000000 2.447046 -0.079831 2.056764 -21.472311 -9.478395 120.000000 -17.849249 0.000000 0.000000 15.000000 0.000000 0.000000 4.260386 -0.094452 1.375350 -36.333334 -5.363682 14.995350 -37.881265 0.000000 0.000000 -18.740804 0.000000 0.000000 -6.917769 0.291382 2.291170 -32.511465 -1.429801 14.999999 -29.521902 0.000000 0.000000 -29.144072 0.000000 0.000000 0.441624 -0.014543 2.538997 -2.403855 11.886378 -17.510107 -11.821342 38.784576 -29.869770 -39.428013 38.168412 -25.357989 -23.238952 -22.241760 6.498403 12.759416 -2.611865 -5.455173 -1.900984 0.000000 0.000000 -13.998577 0.000000 0.000000 -7.969741 -5.107087 -8.050663 4.272336 0.791538 0.278358 1.572890 0.000000 0.000000 -10.891170 0.000000 0.000000 6.271931 -1.933901 -4.817211 -11.012262 -9.078403 8.574996 4.831229 0.000000 0.000000 -2.058632 0.000000 0.000000 -1.013052 -2.505694 -6.799366 1.115804 0.818375 5.230201 12.539448 0.000000 0.000000 -7.253359 0.000000 0.000000 -3.109834 -2.403556 -3.139792 19.893915 41.863452 112.197209 26.080895 0.000000 0.000000 30.435352 0.000000 0.000000 -4.610124 -2.491975 -2.359596 0.000000 0.000000 0.000000 0.000000 0.000000 0.000000 0.000000 0.000000 0.000000 0.000000 0.000000 0.000000 0.000000 0.000000 0.000000 0.000000 0.000000 0.000000 0.000000 0.000000 0.000000 0.000000 0.000000 0.000000 
0.000000 89.700000 0.000000 0.000000 0.000000 0.000000 -0.556079 13.654237 2.650538 -2.649227 0.087447 -4.788316 -2.610798 0.150895 1.247763 5.081513 -7.880566 -1.312886 -4.932297 -6.552974 0.353817 0.000000 0.000000 0.000000 -16.727055 -2.366489 -3.298559 -52.181571 -0.957306 15.985490 -6.855581 -22.104406 30.396318 -14.533331 21.533920 -29.081706 -45.053570 20.281871 -10.134104 -23.655162 0.000000 0.000000 -12.911018 0.000000 0.000000 0.022390 -0.001199 4.934506 -28.880087 17.286238 -15.000000 -19.748597 0.000000 0.000000 -27.567063 0.000000 0.000000 2.447046 -0.079831 2.056764 -21.065488 -9.504772 120.000000 -17.610803 0.000000 0.000000 15.000000 0.000000 0.000000 4.260386 -0.094452 1.375350 -36.387543 -2.068772 14.995003 -37.244103 0.000000 0.000000 -18.473784 0.000000 0.000000 -6.917769 0.291382 2.291170 -31.156864 -2.319626 14.999977 -28.974643 0.000000 0.000000 -28.694675 0.000000 0.000000 0.441624 -0.014543 2.538997 -2.119481 11.946050 -17.266110 -11.988660 38.323470 -30.624282 -36.731206 32.695721 -26.675629 -28.696621 -27.648733 5.072380 14.247256 -4.020860 -6.875780 -2.859327 0.000000 0.000000 -13.904253 0.000000 0.000000 -7.969741 -5.107087 -8.050663 3.762787 -0.357889 -3.253327 -2.114593 0.000000 0.000000 -10.626087 0.000000 0.000000 6.271931 -1.933901 -4.817211 -4.560667 -7.564216 9.111191 5.225522 0.000000 0.000000 -0.757701 0.000000 0.000000 -1.013052 -2.505694 -6.799366 3.532714 -1.417724 6.136425 11.086497 0.000000 0.000000 -6.071903 0.000000 0.000000 -3.109834 -2.403556 -3.139792 21.084023 40.327215 111.857518 26.630171 0.000000 0.000000 29.524352 0.000000 0.000000 -4.610124 -2.491975 -2.359596 0.000000 0.000000 0.000000 0.000000 0.000000 0.000000 0.000000 0.000000 0.000000 0.000000 0.000000 0.000000 0.000000 0.000000 0.000000 0.000000 0.000000 0.000000 0.000000 0.000000 0.000000 0.000000 0.000000 0.000000 
0.000000 89.700000 0.000000 0.000000 0.000000 0.000000 -0.595877 13.657427 2.673503 -2.643012 0.116543 -4.803251 -2.604414 0.164946 1.261781 5.049472 -7.868398 -1.341614 -4.998277 -6.657325 0.353095 0.000000 0.000000 0.000000 -16.769779 -2.393487 -3.235142 -52.112549 -0.996806 16.000426 -6.930549 -22.184604 30.475850 -14.890481 22.075742 -30.058657 -45.258232 19.659728 -8.648020 -22.279913 0.000000 0.000000 -11.984994 0.000000 0.000000 0.022390 -0.001199 4.934506 -29.192044 17.476100 -15.000000 -19.031303 0.000000 0.000000 -26.734750 0.000000 0.000000 2.447046 -0.079831 2.056764 -20.677053 -9.528236 120.000000 -17.407784 0.000000 0.000000 15.000000 0.000000 0.000000 4.260386 -0.094452 1.375350 -36.428418 1.759354 14.979137 -36.234203 0.000000 0.000000 -18.121912 0.000000 0.000000 -6.917769 0.291382 2.291170 -30.297829 -3.193852 14.999742 -28.181716 0.000000 0.000000 -27.945670 0.000000 0.000000 0.441624 -0.014543 2.538997 -1.971279 11.997808 -17.192346 -11.816019 38.309928 -30.744029 -36.241372 31.519679 -27.223404 -30.749407 -30.530910 2.890578 11.749895 -4.974872 -7.483569 -3.197780 0.000000 0.000000 -13.835694 0.000000 0.000000 -7.969741 -5.107087 -8.050663 3.299259 -1.032770 -5.761745 -4.797829 0.000000 0.000000 -10.632645 0.000000 0.000000 6.271931 -1.933901 -4.817211 -0.664903 -6.215977 8.012710 4.609900 0.000000 0.000000 -0.644031 0.000000 0.000000 -1.013052 -2.505694 -6.799366 1.029856 -2.923053 7.330843 10.607553 0.000000 0.000000 -5.642717 0.000000 0.000000 -3.109834 -2.403556 -3.139792 22.155597 38.745587 112.752680 26.980789 0.000000 0.000000 27.960728 0.000000 0.000000 -4.610124 -2.491975 -2.359596 0.000000 0.000000 0.000000 0.000000 0.000000 0.000000 0.000000 0.000000 0.000000 0.000000 0.000000 0.000000 0.000000 0.000000 0.000000 0.000000 0.000000 0.000000 0.000000 0.000000 0.000000 0.000000 0.000000 0.000000 
0.000000 89.700000 0.000000 0.000000 0.000000 0.000000 -0.603730 13.451479 2.622150 -2.534102 0.018601 -4.778691 -2.581533 0.161860 1.295194 5.114590 -7.712276 -1.340246 -4.976991 -6.696397 0.491054 0.000000 0.000000 0.000000 -16.747038 -2.417180 -3.188407 -52.237504 -0.930726 15.802858 -6.880893 -22.000999 30.305556 -15.023900 22.319601 -30.524473 -44.857932 19.043361 -7.719241 -20.914452 0.000000 0.000000 -11.302037 0.000000 0.000000 0.022390 -0.001199 4.934506 -28.807649 17.427281 -15.000000 -18.198281 0.000000 0.000000 -25.953603 0.000000 0.000000 2.447046 -0.079831 2.056764 -20.426688 -9.500131 120.000000 -17.280115 0.000000 0.000000 15.000000 0.000000 0.000000 4.260386 -0.094452 1.375350 -36.454132 4.890990 14.918544 -35.241006 0.000000 0.000000 -17.786707 0.000000 0.000000 -6.917769 0.291382 2.291170 -30.501795 -3.798502 14.998013 -27.434317 0.000000 0.000000 -27.256306 0.000000 0.000000 0.441624 -0.014543 2.538997 -1.955538 12.033611 -17.294421 -11.303350 38.761058 -30.189710 -38.197664 34.458458 -27.073965 -28.058399 -31.025941 0.659484 13.059152 -4.826401 -8.465391 -3.448658 0.000000 0.000000 -13.964570 0.000000 0.000000 -7.969741 -5.107087 -8.050663 3.025242 -0.771758 -7.784459 -6.940127 0.000000 0.000000 -11.046652 0.000000 0.000000 6.271931 -1.933901 -4.817211 -5.155233 -5.483332 5.157625 2.724416 0.000000 0.000000 -1.746645 0.000000 0.000000 -1.013052 -2.505694 -6.799366 1.157094 -3.039963 8.308716 10.550018 0.000000 0.000000 -6.410967 0.000000 0.000000 -3.109834 -2.403556 -3.139792 21.632224 38.012458 114.065701 27.342076 0.000000 0.000000 25.855952 0.000000 0.000000 -4.610124 -2.491975 -2.359596 0.000000 0.000000 0.000000 0.000000 0.000000 0.000000 0.000000 0.000000 0.000000 0.000000 0.000000 0.000000 0.000000 0.000000 0.000000 0.000000 0.000000 0.000000 0.000000 0.000000 0.000000 0.000000 0.000000 0.000000 
0.000000 89.700000 0.000000 0.000000 0.000000 0.000000 -0.574601 13.092905 2.527625 -2.357783 -0.176455 -4.725022 -2.545927 0.149072 1.347825 5.255177 -7.453963 -1.312034 -4.878486 -6.646047 0.768010 0.000000 0.000000 0.000000 -16.681989 -2.441611 -3.159608 -52.504912 -0.781332 15.444558 -6.717733 -21.621382 29.925581 -14.779760 22.199815 -30.299339 -44.420870 18.703722 -7.785198 -20.080780 0.000000 0.000000 -11.154083 0.000000 0.000000 0.022390 -0.001199 4.934506 -28.712956 17.208091 -15.000000 -17.569833 0.000000 0.000000 -25.549800 0.000000 0.000000 2.447046 -0.079831 2.056764 -20.384307 -9.363967 120.000000 -17.239858 0.000000 0.000000 15.000000 0.000000 0.000000 4.260386 -0.094452 1.375350 -36.509274 6.496241 14.743537 -34.659834 0.000000 0.000000 -17.588041 0.000000 0.000000 -6.917769 0.291382 2.291170 -31.243385 -3.971062 14.989036 -27.027276 0.000000 0.000000 -26.990807 0.000000 0.000000 0.441624 -0.014543 2.538997 -2.049121 12.070323 -17.517125 -10.563814 39.500560 -29.109545 -42.180170 41.358251 -26.351808 -21.787746 -28.963652 -0.841277 8.714652 -3.663760 -9.193319 -3.179822 0.000000 0.000000 -14.138147 0.000000 0.000000 -7.969741 -5.107087 -8.050663 -1.080507 0.239129 -8.736735 -7.916640 0.000000 0.000000 -11.572178 0.000000 0.000000 6.271931 -1.933901 -4.817211 -12.564017 -5.449592 2.580538 1.031618 0.000000 0.000000 -3.977258 0.000000 0.000000 -1.013052 -2.505694 -6.799366 -2.329146 -1.572076 8.714426 11.379736 0.000000 0.000000 -8.106212 0.000000 0.000000 -3.109834 -2.403556 -3.139792 19.538815 38.376850 115.402486 27.790430 0.000000 0.000000 23.045505 0.000000 0.000000 -4.610124 -2.491975 -2.359596 0.000000 0.000000 0.000000 0.000000 0.000000 0.000000 0.000000 0.000000 0.000000 0.000000 0.000000 0.000000 0.000000 0.000000 0.000000 0.000000 0.000000 0.000000 0.000000 0.000000 0.000000 0.000000 0.000000 0.000000 
0.000000 89.700000 0.000000 0.000000 0.000000 0.000000 -0.513448 12.669123 2.428878 -2.169816 -0.409993 -4.644802 -2.509767 0.135624 1.398491 5.438064 -7.152383 -1.260347 -4.732306 -6.485970 1.169273 0.000000 0.000000 0.000000 -16.603515 -2.468770 -3.145272 -52.823771 -0.591023 15.016917 -6.489426 -21.161413 29.398619 -14.198063 21.726509 -29.390389 -44.823351 18.740170 -8.893995 -19.995340 0.000000 0.000000 -11.677017 0.000000 0.000000 0.022390 -0.001199 4.934506 -28.978206 16.919373 -15.000000 -17.352209 0.000000 0.000000 -25.662738 0.000000 0.000000 2.447046 -0.079831 2.056764 -20.564854 -9.106252 120.000000 -17.297061 0.000000 0.000000 15.000000 0.000000 0.000000 4.260386 -0.094452 1.375350 -37.164079 6.450113 14.358557 -34.656245 0.000000 0.000000 -17.665215 0.000000 0.000000 -6.917769 0.291382 2.291170 -32.065628 -3.643267 14.955295 -27.055172 0.000000 0.000000 -27.289521 0.000000 0.000000 0.441624 -0.014543 2.538997 -2.216370 12.128566 -17.779977 -9.765294 40.274835 -27.780702 -49.003070 50.263532 -27.535590 -14.664091 -23.925425 -1.065562 3.207401 -2.200166 -8.069860 -1.448380 0.000000 0.000000 -14.021799 0.000000 0.000000 -7.969741 -5.107087 -8.050663 -5.361608 1.461861 -7.195200 -6.264247 0.000000 0.000000 -11.558651 0.000000 0.000000 6.271931 -1.933901 -4.817211 -18.041175 -5.863100 2.569980 1.486577 0.000000 0.000000 -6.740756 0.000000 0.000000 -1.013052 -2.505694 -6.799366 -4.619975 1.004722 8.557781 14.037611 0.000000 0.000000 -9.779321 0.000000 0.000000 -3.109834 -2.403556 -3.139792 17.508564 39.437016 116.766461 28.139643 0.000000 0.000000 20.130840 0.000000 0.000000 -4.610124 -2.491975 -2.359596 0.000000 0.000000 0.000000 0.000000 0.000000 0.000000 0.000000 0.000000 0.000000 0.000000 0.000000 0.000000 0.000000 0.000000 0.000000 0.000000 0.000000 0.000000 0.000000 0.000000 0.000000 0.000000 0.000000 0.000000 
0.000000 89.700000 0.000000 0.000000 0.000000 0.000000 -0.435309 12.269678 2.355003 -2.017919 -0.617292 -4.547211 -2.487825 0.128269 1.422782 5.625995 -6.874334 -1.197883 -4.573899 -6.256371 1.631434 0.000000 0.000000 0.000000 -16.535401 -2.488319 -3.140926 -53.100727 -0.406577 14.625776 -6.264149 -20.740222 28.818591 -13.425479 20.970555 -27.985220 -45.405742 19.056995 -10.638111 -20.563828 0.000000 0.000000 -12.773914 0.000000 0.000000 0.022390 -0.001199 4.934506 -29.202865 16.625151 -15.000000 -17.560345 0.000000 0.000000 -26.226454 0.000000 0.000000 2.447046 -0.079831 2.056764 -20.943338 -8.789718 120.000000 -17.463303 0.000000 0.000000 15.000000 0.000000 0.000000 4.260386 -0.094452 1.375350 -38.098518 5.094129 13.746433 -35.139801 0.000000 0.000000 -18.124057 0.000000 0.000000 -6.917769 0.291382 2.291170 -33.567216 -2.844521 14.862895 -27.396089 0.000000 0.000000 -28.027446 0.000000 0.000000 0.441624 -0.014543 2.538997 -2.407336 12.210255 -18.011131 -9.067164 40.887401 -26.525994 -58.808223 58.791145 -33.052433 -9.056196 -16.242281 0.065358 8.683371 -1.166706 -4.562258 2.013509 0.000000 0.000000 -13.415846 0.000000 0.000000 -7.969741 -5.107087 -8.050663 -0.981037 2.453580 -2.685655 -1.443667 0.000000 0.000000 -10.471480 0.000000 0.000000 6.271931 -1.933901 -4.817211 -15.969330 -6.337552 5.259473 4.589379 0.000000 0.000000 -8.931677 0.000000 0.000000 -1.013052 -2.505694 -6.799366 1.389555 3.644881 8.282254 18.584795 0.000000 0.000000 -10.412794 0.000000 0.000000 -3.109834 -2.403556 -3.139792 17.367837 40.599014 117.978292 28.197708 0.000000 0.000000 18.908202 0.000000 0.000000 -4.610124 -2.491975 -2.359596 0.000000 0.000000 0.000000 0.000000 0.000000 0.000000 0.000000 0.000000 0.000000 0.000000 0.000000 0.000000 0.000000 0.000000 0.000000 0.000000 0.000000 0.000000 0.000000 0.000000 0.000000 0.000000 0.000000 0.000000 
0.000000 89.700000 0.000000 0.000000 0.000000 0.000000 -0.355999 11.967650 2.318931 -1.925145 -0.751603 -4.458251 -2.487280 0.129168 1.418648 5.783587 -6.688485 -1.147036 -4.438534 -6.054312 2.040402 0.000000 0.000000 0.000000 -16.494707 -2.483665 -3.142400 -53.271420 -0.262971 14.363358 -6.098535 -20.446616 28.314817 -12.638952 20.078027 -26.395059 -45.216183 19.493254 -12.394753 -21.539186 0.000000 0.000000 -14.153489 0.000000 0.000000 0.022390 -0.001199 4.934506 -29.037609 16.359541 -15.000000 -18.081622 0.000000 0.000000 -27.080687 0.000000 0.000000 2.447046 -0.079831 2.056764 -21.456398 -8.529876 120.000000 -17.743806 0.000000 0.000000 15.000000 0.000000 0.000000 4.260386 -0.094452 1.375350 -38.185687 2.897361 13.119716 -35.897126 0.000000 0.000000 -18.934566 0.000000 0.000000 -6.917769 0.291382 2.291170 -34.818686 -1.717237 14.680595 -27.879815 0.000000 0.000000 -28.934986 0.000000 0.000000 0.441624 -0.014543 2.538997 -2.561495 12.288946 -18.164413 -8.587607 41.250277 -25.635330 -70.297151 65.905280 -41.987295 -5.968360 -7.896088 2.152999 24.311396 -0.769845 0.002931 6.140981 0.000000 0.000000 -12.475981 0.000000 0.000000 -7.969741 -5.107087 -8.050663 11.118625 3.065788 3.409146 5.119909 0.000000 0.000000 -8.491882 0.000000 0.000000 6.271931 -1.933901 -4.817211 -7.613892 -6.622299 8.713792 8.878095 0.000000 0.000000 -9.754884 0.000000 0.000000 -1.013052 -2.505694 -6.799366 16.224772 5.177533 8.227326 23.509747 0.000000 0.000000 -9.706409 0.000000 0.000000 -3.109834 -2.403556 -3.139792 19.325120 41.362372 118.721199 28.080990 0.000000 0.000000 20.806461 0.000000 0.000000 -4.610124 -2.491975 -2.359596 0.000000 0.000000 0.000000 0.000000 0.000000 0.000000 0.000000 0.000000 0.000000 0.000000 0.000000 0.000000 0.000000 0.000000 0.000000 0.000000 0.000000 0.000000 0.000000 0.000000 0.000000 0.000000 0.000000 0.000000 
0.000000 89.700000 0.000000 0.000000 0.000000 0.000000 -0.281241 11.807056 2.327070 -1.892586 -0.792762 -4.411903 -2.505868 0.136237 1.407465 5.884012 -6.653323 -1.127027 -4.359396 -5.978939 2.281570 0.000000 0.000000 0.000000 -16.493731 -2.443272 -3.144494 -53.308598 -0.176237 14.290028 -6.018666 -20.328162 28.021645 -12.002556 19.254457 -24.970893 -44.800539 19.945392 -13.705955 -22.649494 0.000000 0.000000 -15.453304 0.000000 0.000000 0.022390 -0.001199 4.934506 -29.133800 16.153165 -15.000000 -18.764585 0.000000 0.000000 -28.036786 0.000000 0.000000 2.447046 -0.079831 2.056764 -21.996031 -8.419720 120.000000 -18.120545 0.000000 0.000000 15.000000 0.000000 0.000000 4.260386 -0.094452 1.375350 -38.047856 0.205774 12.869532 -36.722173 0.000000 0.000000 -19.854164 0.000000 0.000000 -6.917769 0.291382 2.291170 -35.102354 -0.505173 14.431787 -28.433090 0.000000 0.000000 -29.742938 0.000000 0.000000 0.441624 -0.014543 2.538997 -2.621580 12.323473 -18.217682 -8.398390 41.349860 -25.306675 -74.006955 67.505605 -45.299194 -5.552855 -1.904585 4.578136 28.348398 -0.803136 3.391013 9.065233 0.000000 0.000000 -11.712801 0.000000 0.000000 -7.969741 -5.107087 -8.050663 16.282462 3.273054 8.800212 10.864359 0.000000 0.000000 -6.641654 0.000000 0.000000 6.271931 -1.933901 -4.817211 0.706440 -6.725789 11.214741 12.236973 0.000000 0.000000 -9.287439 0.000000 0.000000 -1.013052 -2.505694 -6.799366 18.746090 4.956838 8.256072 26.634442 0.000000 0.000000 -8.313726 0.000000 0.000000 -3.109834 -2.403556 -3.139792 21.771507 41.585898 118.859518 28.130537 0.000000 0.000000 25.200984 0.000000 0.000000 -4.610124 -2.491975 -2.359596 0.000000 0.000000 0.000000 0.000000 0.000000 0.000000 0.000000 0.000000 0.000000 0.000000 0.000000 0.000000 0.000000 0.000000 0.000000 0.000000 0.000000 0.000000 0.000000 0.000000 0.000000 0.000000 0.000000 0.000000 
0.000000 89.700000 0.000000 0.000000 0.000000 0.000000 -0.208660 11.790764 2.389754 -1.913926 -0.739081 -4.428354 -2.539588 0.146630 1.406493 5.913637 -6.797988 -1.140050 -4.355519 -6.071241 2.307905 0.000000 0.000000 0.000000 -16.541710 -2.365950 -3.136585 -53.206007 -0.147679 14.427352 -6.026915 -20.398715 28.016005 -11.619083 18.691548 -24.015378 -44.198454 20.378428 -14.458954 -23.650740 0.000000 0.000000 -16.367441 0.000000 0.000000 0.022390 -0.001199 4.934506 -28.702798 16.045371 -15.000000 -19.459589 0.000000 0.000000 -28.881661 0.000000 0.000000 2.447046 -0.079831 2.056764 -22.432116 -8.452058 120.000000 -18.524328 0.000000 0.000000 15.000000 0.000000 0.000000 4.260386 -0.094452 1.375350 -37.571870 -2.678523 13.195626 -37.460270 0.000000 0.000000 -20.514042 0.000000 0.000000 -6.917769 0.291382 2.291170 -35.387894 0.502525 14.225444 -29.040613 0.000000 0.000000 -30.275257 0.000000 0.000000 0.441624 -0.014543 2.538997 -2.549800 12.290047 -18.157750 -8.511038 41.186541 -25.595269 -70.482982 66.057847 -42.541242 -7.856537 -0.428887 6.866878 27.783838 -1.082500 3.977117 9.423598 0.000000 0.000000 -11.645703 0.000000 0.000000 -7.969741 -5.107087 -8.050663 18.019635 2.931360 11.923630 13.856844 0.000000 0.000000 -6.045503 0.000000 0.000000 6.271931 -1.933901 -4.817211 6.088470 -6.902393 12.580131 13.364644 0.000000 0.000000 -8.069925 0.000000 0.000000 -1.013052 -2.505694 -6.799366 13.207765 3.292440 8.116636 26.824998 0.000000 0.000000 -7.166630 0.000000 0.000000 -3.109834 -2.403556 -3.139792 23.140976 41.547318 118.402335 28.444932 0.000000 0.000000 29.990119 0.000000 0.000000 -4.610124 -2.491975 -2.359596 0.000000 0.000000 0.000000 0.000000 0.000000 0.000000 0.000000 0.000000 0.000000 0.000000 0.000000 0.000000 0.000000 0.000000 0.000000 0.000000 0.000000 0.000000 0.000000 0.000000 0.000000 0.000000 0.000000 0.000000 
0.000000 89.700000 0.000000 0.000000 0.000000 0.000000 -0.137965 11.879013 2.512910 -1.985150 -0.600818 -4.495974 -2.586715 0.158930 1.408509 5.870694 -7.101190 -1.169882 -4.417697 -6.286211 2.167942 0.000000 0.000000 0.000000 -16.645032 -2.262474 -3.100556 -52.963338 -0.171366 14.753692 -6.116952 -20.644547 28.269428 -11.505439 18.488649 -23.709805 -44.517187 20.772723 -14.773490 -24.371386 0.000000 0.000000 -16.743509 0.000000 0.000000 0.022390 -0.001199 4.934506 -28.640104 16.081205 -15.000000 -20.032476 0.000000 0.000000 -29.428605 0.000000 0.000000 2.447046 -0.079831 2.056764 -22.654456 -8.523642 120.000000 -18.835192 0.000000 0.000000 15.000000 0.000000 0.000000 4.260386 -0.094452 1.375350 -37.520267 -5.246236 13.861262 -38.012087 0.000000 0.000000 -20.669489 0.000000 0.000000 -6.917769 0.291382 2.291170 -35.194843 1.065801 14.188017 -29.634935 0.000000 0.000000 -30.501745 0.000000 0.000000 0.441624 -0.014543 2.538997 -2.338477 12.202640 -17.970240 -8.839152 40.747054 -26.370366 -59.991955 59.474957 -34.899552 -12.738286 -3.400039 8.903439 24.266818 -1.573941 1.736198 7.372315 0.000000 0.000000 -12.284093 0.000000 0.000000 -7.969741 -5.107087 -8.050663 13.294776 1.865996 12.516857 13.753091 0.000000 0.000000 -6.868422 0.000000 0.000000 6.271931 -1.933901 -4.817211 0.110473 -7.437370 13.424199 12.379618 0.000000 0.000000 -6.477866 0.000000 0.000000 -1.013052 -2.505694 -6.799366 6.591991 1.139727 7.785928 24.748499 0.000000 0.000000 -6.535042 0.000000 0.000000 -3.109834 -2.403556 -3.139792 23.487629 41.494965 117.423693 28.608789 0.000000 0.000000 33.225547 0.000000 0.000000 -4.610124 -2.491975 -2.359596 0.000000 0.000000 0.000000 0.000000 0.000000 0.000000 0.000000 0.000000 0.000000 0.000000 0.000000 0.000000 0.000000 0.000000 0.000000 0.000000 0.000000 0.000000 0.000000 0.000000 0.000000 0.000000 0.000000 0.000000 
0.000000 89.700000 0.000000 0.000000 0.000000 0.000000 -0.074843 12.004773 2.675116 -2.098331 -0.405926 -4.569179 -2.643621 0.171535 1.392293 5.763212 -7.483852 -1.189884 -4.510279 -6.516487 1.971215 0.000000 0.000000 0.000000 -16.801838 -2.153959 -3.019829 -52.595560 -0.236666 15.206358 -6.275720 -21.016352 28.655349 -11.623433 18.624768 -24.073396 -45.073129 21.086829 -14.800220 -24.757597 0.000000 0.000000 -16.633374 0.000000 0.000000 0.022390 -0.001199 4.934506 -28.662069 16.279556 -15.000000 -20.386716 0.000000 0.000000 -29.605761 0.000000 0.000000 2.447046 -0.079831 2.056764 -22.601144 -8.534199 120.000000 -18.947221 0.000000 0.000000 15.000000 0.000000 0.000000 4.260386 -0.094452 1.375350 -37.717595 -7.025255 14.464129 -38.345710 0.000000 0.000000 -20.383253 0.000000 0.000000 -6.917769 0.291382 2.291170 -34.881058 1.070930 14.342414 -30.099130 0.000000 0.000000 -30.529020 0.000000 0.000000 0.441624 -0.014543 2.538997 -2.010839 12.097704 -17.651798 -9.176867 40.037337 -27.321142 -49.616856 49.220369 -29.837458 -19.380654 -8.618034 10.851085 20.651143 -2.280828 -1.485914 4.486322 0.000000 0.000000 -13.037074 0.000000 0.000000 -7.969741 -5.107087 -8.050663 7.927792 0.168166 11.220072 11.553399 0.000000 0.000000 -8.166833 0.000000 0.000000 6.271931 -1.933901 -4.817211 -5.981448 -8.361499 14.100766 10.459412 0.000000 0.000000 -4.743189 0.000000 0.000000 -1.013052 -2.505694 -6.799366 3.709371 -0.685759 7.332522 22.104202 0.000000 0.000000 -5.933241 0.000000 0.000000 -3.109834 -2.403556 -3.139792 23.935318 41.257030 116.235544 28.066681 0.000000 0.000000 33.985948 0.000000 0.000000 -4.610124 -2.491975 -2.359596 0.000000 0.000000 0.000000 0.000000 0.000000 0.000000 0.000000 0.000000 0.000000 0.000000 0.000000 0.000000 0.000000 0.000000 0.000000 0.000000 0.000000 0.000000 0.000000 0.000000 0.000000 0.000000 0.000000 0.000000 
0.000000 89.700000 0.000000 0.000000 0.000000 0.000000 -0.028430 12.097434 2.822699 -2.228843 -0.203504 -4.591624 -2.701325 0.180407 1.349587 5.611660 -7.834371 -1.173966 -4.587824 -6.656342 1.820287 0.000000 0.000000 0.000000 -16.995897 -2.060327 -2.895677 -52.148635 -0.327157 15.704583 -6.477599 -21.427330 29.013472 -11.914522 18.981777 -24.966791 -45.100179 21.267725 -14.619966 -24.854033 0.000000 0.000000 -16.249201 0.000000 0.000000 0.022390 -0.001199 4.934506 -28.574841 16.599344 -15.000000 -20.484491 0.000000 0.000000 -29.474814 0.000000 0.000000 2.447046 -0.079831 2.056764 -22.278854 -8.465240 120.000000 -18.843732 0.000000 0.000000 15.000000 0.000000 0.000000 4.260386 -0.094452 1.375350 -37.463656 -7.986470 14.812041 -38.485393 0.000000 0.000000 -19.938972 0.000000 0.000000 -6.917769 0.291382 2.291170 -34.063104 0.555582 14.586911 -30.352625 0.000000 0.000000 -30.495206 0.000000 0.000000 0.441624 -0.014543 2.538997 -1.604568 12.000232 -17.229995 -9.246313 39.140730 -28.052649 -42.896879 40.987585 -28.583609 -26.198791 -13.026382 12.884888 18.789717 -3.088485 -2.897628 2.610126 0.000000 0.000000 -13.241284 0.000000 0.000000 -7.969741 -5.107087 -8.050663 6.074077 -1.650619 9.321152 8.949072 0.000000 0.000000 -8.896878 0.000000 0.000000 6.271931 -1.933901 -4.817211 -6.665185 -9.349905 14.587928 8.791104 0.000000 0.000000 -3.296506 0.000000 0.000000 -1.013052 -2.505694 -6.799366 4.954608 -1.829699 6.698691 20.234317 0.000000 0.000000 -4.926823 0.000000 0.000000 -3.109834 -2.403556 -3.139792 25.010622 40.511579 115.330106 26.799256 0.000000 0.000000 32.553828 0.000000 0.000000 -4.610124 -2.491975 -2.359596 0.000000 0.000000 0.000000 0.000000 0.000000 0.000000 0.000000 0.000000 0.000000 0.000000 0.000000 0.000000 0.000000 0.000000 0.000000 0.000000 0.000000 0.000000 0.000000 0.000000 0.000000 0.000000 0.000000 0.000000 
0.000000 89.700000 0.000000 0.000000 0.000000 0.000000 -0.006929 12.101737 2.900579 -2.338230 -0.047676 -4.533653 -2.747363 0.180389 1.299590 5.446123 -8.055046 -1.112653 -4.612360 -6.659551 1.762175 0.000000 0.000000 0.000000 -17.204281 -1.983703 -2.752338 -51.685351 -0.424423 16.184320 -6.689200 -21.782719 29.229792 -12.297939 19.392367 -26.138578 -45.100409 21.294281 -14.267999 -24.766458 0.000000 0.000000 -15.822432 0.000000 0.000000 0.022390 -0.001199 4.934506 -28.813413 16.941617 -15.000000 -20.375408 0.000000 0.000000 -29.161004 0.000000 0.000000 2.447046 -0.079831 2.056764 -21.789618 -8.352776 120.000000 -18.609783 0.000000 0.000000 15.000000 0.000000 0.000000 4.260386 -0.094452 1.375350 -37.118621 -8.445422 14.951129 -38.497923 0.000000 0.000000 -19.584815 0.000000 0.000000 -6.917769 0.291382 2.291170 -32.930793 -0.291290 14.798283 -30.410780 0.000000 0.000000 -30.459164 0.000000 0.000000 0.441624 -0.014543 2.538997 -1.139088 11.908393 -16.755103 -8.788178 38.219742 -28.221639 -39.294984 35.655684 -29.310654 -31.358789 -14.479757 14.958479 19.763644 -3.584634 -0.887826 2.657603 0.000000 0.000000 -12.654637 0.000000 0.000000 -7.969741 -5.107087 -8.050663 9.305221 -2.762615 8.416508 7.640517 0.000000 0.000000 -8.711012 0.000000 0.000000 6.271931 -1.933901 -4.817211 0.229327 -9.813187 14.821329 7.884924 0.000000 0.000000 -2.555184 0.000000 0.000000 -1.013052 -2.505694 -6.799366 8.808425 -2.070500 5.719935 19.334756 0.000000 0.000000 -3.685967 0.000000 0.000000 -3.109834 -2.403556 -3.139792 25.818517 39.466181 114.785395 25.408923 0.000000 0.000000 30.056061 0.000000 0.000000 -4.610124 -2.491975 -2.359596 0.000000 0.000000 0.000000 0.000000 0.000000 0.000000 0.000000 0.000000 0.000000 0.000000 0.000000 0.000000 0.000000 0.000000 0.000000 0.000000 0.000000 0.000000 0.000000 0.000000 0.000000 0.000000 0.000000 0.000000 
0.000000 89.700000 0.000000 0.000000 0.000000 0.000000 -0.012976 11.986018 2.885260 -2.396065 0.028581 -4.405901 -2.770390 0.169381 1.277096 5.291770 -8.090449 -1.023297 -4.562028 -6.540949 1.790962 0.000000 0.000000 0.000000 -17.416326 -1.904291 -2.621865 -51.247517 -0.518058 16.614125 -6.883033 -22.024500 29.270684 -12.674892 19.700348 -27.298014 -45.081663 21.200066 -13.794926 -24.662893 0.000000 0.000000 -15.474425 0.000000 0.000000 0.022390 -0.001199 4.934506 -29.280593 17.190720 -15.000000 -20.206925 0.000000 0.000000 -28.774213 0.000000 0.000000 2.447046 -0.079831 2.056764 -21.316890 -8.222937 120.000000 -18.374573 0.000000 0.000000 15.000000 0.000000 0.000000 4.260386 -0.094452 1.375350 -36.909364 -8.706621 14.990715 -38.503317 0.000000 0.000000 -19.385164 0.000000 0.000000 -6.917769 0.291382 2.291170 -32.524860 -1.178676 14.923511 -30.371803 0.000000 0.000000 -30.404590 0.000000 0.000000 0.441624 -0.014543 2.538997 -0.589879 11.807856 -16.259935 -7.616303 37.437303 -27.609130 -37.958252 33.099239 -30.843002 -33.775572 -12.825926 16.745002 16.806336 -3.240847 3.604447 4.428283 0.000000 0.000000 -11.335816 0.000000 0.000000 -7.969741 -5.107087 -8.050663 10.540348 -2.504387 9.285013 8.560545 0.000000 0.000000 -7.650818 0.000000 0.000000 6.271931 -1.933901 -4.817211 6.549220 -9.203334 14.770234 7.864216 0.000000 0.000000 -2.181937 0.000000 0.000000 -1.013052 -2.505694 -6.799366 7.119552 -1.195600 4.375365 18.964995 0.000000 0.000000 -2.574897 0.000000 0.000000 -3.109834 -2.403556 -3.139792 24.905853 38.964936 113.953969 24.594343 0.000000 0.000000 27.757177 0.000000 0.000000 -4.610124 -2.491975 -2.359596 0.000000 0.000000 0.000000 0.000000 0.000000 0.000000 0.000000 0.000000 0.000000 0.000000 0.000000 0.000000 0.000000 0.000000 0.000000 0.000000 0.000000 0.000000 0.000000 0.000000 0.000000 0.000000 0.000000 0.000000 
0.000000 89.700000 0.000000 0.000000 0.000000 0.000000 -0.044392 11.742049 2.783203 -2.394934 0.024747 -4.236610 -2.763081 0.150812 1.308683 5.155035 -7.920207 -0.942767 -4.432932 -6.332049 1.883748 0.000000 0.000000 0.000000 -17.643563 -1.795239 -2.521945 -50.835176 -0.611564 16.984185 -7.045656 -22.152157 29.153737 -12.952366 19.809240 -28.189986 -44.446654 21.039813 -13.267529 -24.764999 0.000000 0.000000 -15.192147 0.000000 0.000000 0.022390 -0.001199 4.934506 -28.874797 17.258171 -15.000000 -20.151025 0.000000 0.000000 -28.361390 0.000000 0.000000 2.447046 -0.079831 2.056764 -21.042442 -8.092387 120.000000 -18.225623 0.000000 0.000000 15.000000 0.000000 0.000000 4.260386 -0.094452 1.375350 -36.247941 -8.916902 14.998745 -38.653444 0.000000 0.000000 -19.275516 0.000000 0.000000 -6.917769 0.291382 2.291170 -31.919924 -1.838656 14.977598 -30.335288 0.000000 0.000000 -30.320102 0.000000 0.000000 0.441624 -0.014543 2.538997 0.111889 11.695396 -15.725963 -5.614729 36.869957 -26.103509 -36.998192 32.583997 -31.429151 -33.841170 -9.508236 17.743000 12.177810 -1.999867 8.102362 7.739147 0.000000 0.000000 -9.013048 0.000000 0.000000 -7.969741 -5.107087 -8.050663 7.216529 -0.930338 11.128290 11.844112 0.000000 0.000000 -5.306831 0.000000 0.000000 6.271931 -1.933901 -4.817211 4.331725 -7.398962 14.267015 9.238579 0.000000 0.000000 -0.809505 0.000000 0.000000 -1.013052 -2.505694 -6.799366 4.805367 0.615309 2.987169 19.507301 0.000000 0.000000 -1.208960 0.000000 0.000000 -3.109834 -2.403556 -3.139792 22.006648 39.652253 112.271328 24.695691 0.000000 0.000000 26.504872 0.000000 0.000000 -4.610124 -2.491975 -2.359596 0.000000 0.000000 0.000000 0.000000 0.000000 0.000000 0.000000 0.000000 0.000000 0.000000 0.000000 0.000000 0.000000 0.000000 0.000000 0.000000 0.000000 0.000000 0.000000 0.000000 0.000000 0.000000 0.000000 0.000000 
0.000000 89.700000 0.000000 0.000000 0.000000 0.000000 -0.101335 11.383433 2.608054 -2.340600 -0.037477 -4.045760 -2.721425 0.132376 1.397781 5.023283 -7.538186 -0.910028 -4.237264 -6.055521 2.030553 0.000000 0.000000 0.000000 -17.911958 -1.642455 -2.444611 -50.418187 -0.719668 17.292728 -7.181900 -22.206827 28.900394 -13.057373 19.695242 -28.653219 -44.059716 20.834219 -12.723634 -25.251899 0.000000 0.000000 -14.898931 0.000000 0.000000 0.022390 -0.001199 4.934506 -28.595705 17.094909 -15.000000 -20.280615 0.000000 0.000000 -27.902781 0.000000 0.000000 2.447046 -0.079831 2.056764 -21.067532 -7.976224 120.000000 -18.157353 0.000000 0.000000 15.000000 0.000000 0.000000 4.260386 -0.094452 1.375350 -35.936945 -9.118523 14.999849 -39.036539 0.000000 0.000000 -19.191443 0.000000 0.000000 -6.917769 0.291382 2.291170 -31.828939 -2.143723 14.994989 -30.309751 0.000000 0.000000 -30.233442 0.000000 0.000000 0.441624 -0.014543 2.538997 1.063006 11.587736 -15.085643 -2.718293 36.483019 -23.654212 -35.986283 32.879504 -31.385816 -32.797635 -6.423133 17.455224 12.912057 -0.459030 10.769819 13.693601 0.000000 0.000000 -4.680270 0.000000 0.000000 -7.969741 -5.107087 -8.050663 5.448521 1.320392 12.477654 17.952483 0.000000 0.000000 -0.496981 0.000000 0.000000 6.271931 -1.933901 -4.817211 -1.680358 -4.698376 12.938560 13.366686 0.000000 0.000000 3.202844 0.000000 0.000000 -1.013052 -2.505694 -6.799366 5.412924 2.688526 2.027181 22.903370 0.000000 0.000000 1.886175 0.000000 0.000000 -3.109834 -2.403556 -3.139792 18.675865 41.267705 110.339726 25.541118 0.000000 0.000000 26.403296 0.000000 0.000000 -4.610124 -2.491975 -2.359596 0.000000 0.000000 0.000000 0.000000 0.000000 0.000000 0.000000 0.000000 0.000000 0.000000 0.000000 0.000000 0.000000 0.000000 0.000000 0.000000 0.000000 0.000000 0.000000 0.000000 0.000000 0.000000 0.000000 0.000000 
0.000000 89.700000 0.000000 0.000000 0.000000 0.000000 -0.191788 10.947105 2.369644 -2.234630 -0.129276 -3.841522 -2.644249 0.122445 1.524092 4.877373 -6.947239 -0.950821 -3.997757 -5.744839 2.238982 0.000000 0.000000 0.000000 -18.244924 -1.453277 -2.362236 -49.961698 -0.863705 17.546569 -7.317778 -22.237897 28.516906 -12.950204 19.392885 -28.652209 -43.264818 20.566657 -12.193791 -26.096089 0.000000 0.000000 -14.572125 0.000000 0.000000 0.022390 -0.001199 4.934506 -27.965273 16.702727 -15.000000 -20.512279 0.000000 0.000000 -27.392485 0.000000 0.000000 2.447046 -0.079831 2.056764 -21.392770 -7.835051 120.000000 -18.096791 0.000000 0.000000 15.000000 0.000000 0.000000 4.260386 -0.094452 1.375350 -35.390219 -9.310209 14.999584 -39.575611 0.000000 0.000000 -19.137317 0.000000 0.000000 -6.917769 0.291382 2.291170 -31.914152 -2.117985 14.999161 -30.207565 0.000000 0.000000 -30.190082 0.000000 0.000000 0.441624 -0.014543 2.538997 2.363627 11.508780 -14.255291 1.084747 36.157769 -20.259691 -34.411050 34.156869 -30.013265 -31.121728 -5.138757 15.548384 18.348302 0.647023 11.455364 23.871796 0.000000 0.000000 2.637233 0.000000 0.000000 -7.969741 -5.107087 -8.050663 7.620645 3.658218 12.586851 27.814068 0.000000 0.000000 7.786252 0.000000 0.000000 6.271931 -1.933901 -4.817211 -4.433016 -1.501526 10.555313 21.682328 0.000000 0.000000 10.514438 0.000000 0.000000 -1.013052 -2.505694 -6.799366 7.853305 4.319609 1.688933 31.036764 0.000000 0.000000 8.081004 0.000000 0.000000 -3.109834 -2.403556 -3.139792 16.879549 42.913318 109.658026 26.557990 0.000000 0.000000 26.649648 0.000000 0.000000 -4.610124 -2.491975 -2.359596 0.000000 0.000000 0.000000 0.000000 0.000000 0.000000 0.000000 0.000000 0.000000 0.000000 0.000000 0.000000 0.000000 0.000000 0.000000 0.000000 0.000000 0.000000 0.000000 0.000000 0.000000 0.000000 0.000000 0.000000 
0.000000 89.700000 0.000000 0.000000 0.000000 0.000000 -0.327295 10.488670 2.083261 -2.074697 -0.220995 -3.629513 -2.535190 0.126089 1.655190 4.703960 -6.174425 -1.071049 -3.742134 -5.464195 2.515640 0.000000 0.000000 0.000000 -18.647270 -1.250320 -2.246376 -49.450108 -1.067534 17.765115 -7.487748 -22.276759 28.003973 -12.638812 18.972331 -28.278635 -41.401821 20.242059 -11.769947 -27.028284 0.000000 0.000000 -14.308020 0.000000 0.000000 0.022390 -0.001199 4.934506 -26.733679 16.164199 -15.000000 -20.681360 0.000000 0.000000 -26.928118 0.000000 0.000000 2.447046 -0.079831 2.056764 -21.932762 -7.581382 120.000000 -17.990012 0.000000 0.000000 15.000000 0.000000 0.000000 4.260386 -0.094452 1.375350 -34.385148 -9.452800 14.996943 -40.052654 0.000000 0.000000 -19.159628 0.000000 0.000000 -6.917769 0.291382 2.291170 -32.861528 -1.867070 14.999898 -29.958422 0.000000 0.000000 -30.227648 0.000000 0.000000 0.441624 -0.014543 2.538997 4.078965 11.467565 -13.176092 5.727337 35.725802 -15.999798 -30.805218 36.240409 -25.944671 -27.817820 -6.510907 11.948063 26.287163 0.905699 11.196899 37.275188 0.000000 0.000000 12.133737 0.000000 0.000000 -7.969741 -5.107087 -8.050663 14.331888 5.655779 11.839227 40.545283 0.000000 0.000000 18.524662 0.000000 0.000000 6.271931 -1.933901 -4.817211 1.142193 1.615210 7.709992 33.414402 0.000000 0.000000 19.828831 0.000000 0.000000 -1.013052 -2.505694 -6.799366 11.751109 5.087516 1.682689 42.664884 0.000000 0.000000 16.659429 0.000000 0.000000 -3.109834 -2.403556 -3.139792 17.162324 43.669536 111.087693 27.119574 0.000000 0.000000 25.761175 0.000000 0.000000 -4.610124 -2.491975 -2.359596 0.000000 0.000000 0.000000 0.000000 0.000000 0.000000 0.000000 0.000000 0.000000 0.000000 0.000000 0.000000 0.000000 0.000000 0.000000 0.000000 0.000000 0.000000 0.000000 0.000000 0.000000 0.000000 0.000000 0.000000 
0.000000 89.700000 0.000000 0.000000 0.000000 0.000000 -0.508917 10.063883 1.784619 -1.866938 -0.285964 -3.415974 -2.401456 0.141727 1.764745 4.493617 -5.282753 -1.259337 -3.499166 -5.285501 2.842652 0.000000 0.000000 0.000000 -19.098415 -1.056032 -2.086134 -48.904877 -1.350563 17.973757 -7.705582 -22.330456 27.369076 -12.195013 18.518422 -27.720388 -41.222125 19.900344 -11.540662 -27.719488 0.000000 0.000000 -14.213919 0.000000 0.000000 0.022390 -0.001199 4.934506 -26.777563 15.614749 -15.000000 -20.674485 0.000000 0.000000 -26.624421 0.000000 0.000000 2.447046 -0.079831 2.056764 -22.540727 -7.212362 120.000000 -17.866721 0.000000 0.000000 15.000000 0.000000 0.000000 4.260386 -0.094452 1.375350 -34.776790 -9.448356 14.983799 -40.266835 0.000000 0.000000 -19.259537 0.000000 0.000000 -6.917769 0.291382 2.291170 -34.656646 -1.518230 14.999992 -29.602446 0.000000 0.000000 -30.329455 0.000000 0.000000 0.441624 -0.014543 2.538997 6.202984 11.441530 -11.839421 11.057909 34.993566 -11.055653 -24.936846 37.716423 -19.776437 -21.552889 -10.313207 6.877170 31.836487 0.200502 11.160738 48.799602 0.000000 0.000000 20.578567 0.000000 0.000000 -7.969741 -5.107087 -8.050663 22.328603 6.651235 11.234247 51.725693 0.000000 0.000000 28.039145 0.000000 0.000000 6.271931 -1.933901 -4.817211 14.133885 3.592506 5.918221 44.190486 0.000000 0.000000 28.031377 0.000000 0.000000 -1.013052 -2.505694 -6.799366 15.513106 4.743876 1.404426 52.532056 0.000000 0.000000 24.412804 0.000000 0.000000 -3.109834 -2.403556 -3.139792 18.461476 42.907862 113.948370 26.871594 0.000000 0.000000 22.324715 0.000000 0.000000 -4.610124 -2.491975 -2.359596 0.000000 0.000000 0.000000 0.000000 0.000000 0.000000 0.000000 0.000000 0.000000 0.000000 0.000000 0.000000 0.000000 0.000000 0.000000 0.000000 0.000000 0.000000 0.000000 0.000000 0.000000 0.000000 0.000000 0.000000 
0.000000 89.700000 0.000000 0.000000 0.000000 0.000000 -0.720427 9.708102 1.532275 -1.624881 -0.311969 -3.203800 -2.246484 0.159186 1.844045 4.230575 -4.353798 -1.497130 -3.288781 -5.242462 3.174856 0.000000 0.000000 0.000000 -19.560880 -0.877319 -1.890122 -48.385640 -1.719709 18.190143 -7.947709 -22.391945 26.627433 -11.751192 18.101561 -27.202558 -40.974391 19.548487 -11.441391 -27.951908 0.000000 0.000000 -14.231920 0.000000 0.000000 0.022390 -0.001199 4.934506 -26.789020 15.154705 -15.000000 -20.466344 0.000000 0.000000 -26.418651 0.000000 0.000000 2.447046 -0.079831 2.056764 -23.050312 -6.865190 120.000000 -17.799258 0.000000 0.000000 15.000000 0.000000 0.000000 4.260386 -0.094452 1.375350 -34.887340 -9.089930 14.937176 -40.135229 0.000000 0.000000 -19.342425 0.000000 0.000000 -6.917769 0.291382 2.291170 -35.098787 -1.195740 15.000000 -29.206156 0.000000 0.000000 -30.371550 0.000000 0.000000 0.441624 -0.014543 2.538997 8.662526 11.366780 -10.283284 16.887233 33.753083 -5.665993 -18.042887 36.888042 -13.025018 -12.305384 -15.216819 0.855198 30.595793 -1.407985 11.815567 52.579984 0.000000 0.000000 24.444788 0.000000 0.000000 -7.969741 -5.107087 -8.050663 23.269327 5.895784 11.503415 56.001067 0.000000 0.000000 32.345037 0.000000 0.000000 6.271931 -1.933901 -4.817211 18.493293 3.363151 6.406772 48.626134 0.000000 0.000000 32.065779 0.000000 0.000000 -1.013052 -2.505694 -6.799366 16.547571 3.150538 0.313598 54.950897 0.000000 0.000000 27.970928 0.000000 0.000000 -3.109834 -2.403556 -3.139792 19.464944 40.428456 116.772613 25.823710 0.000000 0.000000 15.929053 0.000000 0.000000 -4.610124 -2.491975 -2.359596 0.000000 0.000000 0.000000 0.000000 0.000000 0.000000 0.000000 0.000000 0.000000 0.000000 0.000000 0.000000 0.000000 0.000000 0.000000 0.000000 0.000000 0.000000 0.000000 0.000000 0.000000 0.000000 0.000000 0.000000 
0.000000 89.700000 0.000000 0.000000 0.000000 0.000000 -0.941337 9.427210 1.392958 -1.354996 -0.312216 -2.996619 -2.065016 0.160673 1.898584 3.894174 -3.450404 -1.770349 -3.107621 -5.312574 3.462146 0.000000 0.000000 0.000000 -19.998034 -0.699242 -1.671675 -47.967845 -2.165266 18.414325 -8.167315 -22.451739 25.799147 -11.438501 17.750065 -26.916670 -40.305162 19.131790 -11.284591 -27.603277 0.000000 0.000000 -14.153231 0.000000 0.000000 0.022390 -0.001199 4.934506 -26.680563 14.816576 -15.000000 -20.043761 0.000000 0.000000 -26.076689 0.000000 0.000000 2.447046 -0.079831 2.056764 -23.328909 -6.672509 120.000000 -17.796119 0.000000 0.000000 15.000000 0.000000 0.000000 4.260386 -0.094452 1.375350 -34.348297 -8.001548 14.819114 -39.625158 0.000000 0.000000 -19.265690 0.000000 0.000000 -6.917769 0.291382 2.291170 -34.593893 -1.009213 15.000000 -28.717114 0.000000 0.000000 -30.150484 0.000000 0.000000 0.441624 -0.014543 2.538997 11.355336 11.136787 -8.577941 23.022833 31.782377 -0.086620 -11.496506 33.959339 -6.560551 -1.826850 -19.516004 -5.375508 26.160858 -3.660952 12.794146 47.120331 0.000000 0.000000 22.873488 0.000000 0.000000 -7.969741 -5.107087 -8.050663 19.886524 3.306464 12.531322 51.826920 0.000000 0.000000 30.464014 0.000000 0.000000 6.271931 -1.933901 -4.817211 16.076237 0.915657 8.808609 44.929088 0.000000 0.000000 31.208089 0.000000 0.000000 -1.013052 -2.505694 -6.799366 16.362440 0.420632 -1.772747 48.549734 0.000000 0.000000 26.583117 0.000000 0.000000 -3.109834 -2.403556 -3.139792 19.802020 36.499492 118.615342 24.291947 0.000000 0.000000 7.588087 0.000000 0.000000 -4.610124 -2.491975 -2.359596 0.000000 0.000000 0.000000 0.000000 0.000000 0.000000 0.000000 0.000000 0.000000 0.000000 0.000000 0.000000 0.000000 0.000000 0.000000 0.000000 0.000000 0.000000 0.000000 0.000000 0.000000 0.000000 0.000000 0.000000 
0.000000 89.700000 0.000000 0.000000 0.000000 0.000000 -1.158470 9.195068 1.418942 -1.056840 -0.318787 -2.814236 -1.849324 0.125531 1.940111 3.476312 -2.597456 -2.069156 -2.930611 -5.435673 3.672861 0.000000 0.000000 0.000000 -20.385082 -0.491952 -1.436773 -47.712363 -2.660293 18.627404 -8.319538 -22.498551 24.913285 -11.319669 17.467421 -26.964147 -40.257588 18.579570 -10.932622 -26.600992 0.000000 0.000000 -13.806657 0.000000 0.000000 0.022390 -0.001199 4.934506 -26.905110 14.588292 -15.000000 -19.362122 0.000000 0.000000 -25.415495 0.000000 0.000000 2.447046 -0.079831 2.056764 -23.314472 -6.637219 120.000000 -17.765999 0.000000 0.000000 15.000000 0.000000 0.000000 4.260386 -0.094452 1.375350 -34.197340 -5.770168 14.611069 -38.698261 0.000000 0.000000 -18.933321 0.000000 0.000000 -6.917769 0.291382 2.291170 -34.108390 -1.050839 15.000000 -27.999332 0.000000 0.000000 -29.525510 0.000000 0.000000 0.441624 -0.014543 2.538997 14.158693 10.629767 -6.831631 29.204561 28.896038 5.353968 -6.030745 31.106697 -0.388367 7.227354 -22.077269 -11.053969 21.451396 -6.149728 13.381554 36.169523 0.000000 0.000000 18.068977 0.000000 0.000000 -7.969741 -5.107087 -8.050663 15.578995 -0.308524 13.656195 42.531168 0.000000 0.000000 24.875610 0.000000 0.000000 6.271931 -1.933901 -4.817211 11.895431 -2.502087 11.589828 36.040712 0.000000 0.000000 27.252929 0.000000 0.000000 -1.013052 -2.505694 -6.799366 16.510085 -3.013353 -4.656696 36.878332 0.000000 0.000000 22.354384 0.000000 0.000000 -3.109834 -2.403556 -3.139792 20.022817 31.722755 119.461115 22.778426 0.000000 0.000000 -0.781309 0.000000 0.000000 -4.610124 -2.491975 -2.359596 0.000000 0.000000 0.000000 0.000000 0.000000 0.000000 0.000000 0.000000 0.000000 0.000000 0.000000 0.000000 0.000000 0.000000 0.000000 0.000000 0.000000 0.000000 0.000000 0.000000 0.000000 0.000000 0.000000 0.000000 
0.000000 89.700000 0.000000 0.000000 0.000000 0.000000 -1.356412 8.954174 1.625426 -0.741673 -0.360543 -2.694768 -1.602262 0.038684 1.983740 2.996306 -1.798430 -2.374697 -2.734264 -5.539401 3.797872 0.000000 0.000000 0.000000 -20.708715 -0.229469 -1.188185 -47.647782 -3.163485 18.799989 -8.373920 -22.515398 24.011578 -11.376358 17.268283 -27.336189 -40.037036 17.864190 -10.392847 -24.977501 0.000000 0.000000 -13.181849 0.000000 0.000000 0.022390 -0.001199 4.934506 -26.947898 14.432458 -15.000000 -18.391199 0.000000 0.000000 -24.455884 0.000000 0.000000 2.447046 -0.079831 2.056764 -23.037837 -6.681415 120.000000 -17.603483 0.000000 0.000000 15.000000 0.000000 0.000000 4.260386 -0.094452 1.375350 -33.897589 -2.403081 14.375145 -37.387988 0.000000 0.000000 -18.360453 0.000000 0.000000 -6.917769 0.291382 2.291170 -33.059137 -1.367847 14.999995 -26.996928 0.000000 0.000000 -28.555032 0.000000 0.000000 0.441624 -0.014543 2.538997 16.897260 9.775232 -5.199266 35.038870 25.092338 10.211867 -0.973767 28.458285 6.119654 12.863171 -22.795784 -15.696204 19.278566 -8.470051 13.084973 25.070032 0.000000 0.000000 13.111169 0.000000 0.000000 -7.969741 -5.107087 -8.050663 13.350217 -3.828781 14.381761 33.021457 0.000000 0.000000 19.029091 0.000000 0.000000 6.271931 -1.933901 -4.817211 11.045453 -5.314079 13.556087 26.598826 0.000000 0.000000 22.667490 0.000000 0.000000 -1.013052 -2.505694 -6.799366 18.977272 -6.464368 -7.872696 24.952991 0.000000 0.000000 18.219462 0.000000 0.000000 -3.109834 -2.403556 -3.139792 20.778130 26.881870 119.737256 21.751272 0.000000 0.000000 -7.446246 0.000000 0.000000 -4.610124 -2.491975 -2.359596 0.000000 0.000000 0.000000 0.000000 0.000000 0.000000 0.000000 0.000000 0.000000 0.000000 0.000000 0.000000 0.000000 0.000000 0.000000 0.000000 0.000000 0.000000 0.000000 0.000000 0.000000 0.000000 0.000000 0.000000 
0.000000 89.700000 0.000000 0.000000 0.000000 0.000000 -1.506060 8.632662 1.976790 -0.438125 -0.447427 -2.666415 -1.342943 -0.100610 2.044043 2.495095 -1.064861 -2.652880 -2.517177 -5.558470 3.844667 0.000000 0.000000 0.000000 -20.966354 0.087839 -0.935711 -47.766412 -3.630478 18.911012 -8.321553 -22.489447 23.140092 -11.536634 17.167233 -27.933224 -40.185619 17.043916 -9.797526 -22.911727 0.000000 0.000000 -12.386720 0.000000 0.000000 0.022390 -0.001199 4.934506 -27.317412 14.316467 -15.000000 -17.165419 0.000000 0.000000 -23.373303 0.000000 0.000000 2.447046 -0.079831 2.056764 -22.625084 -6.736558 120.000000 -17.296852 0.000000 0.000000 15.000000 0.000000 0.000000 4.260386 -0.094452 1.375350 -33.476942 1.336037 14.249329 -35.848256 0.000000 0.000000 -17.648423 0.000000 0.000000 -6.917769 0.291382 2.291170 -31.905447 -1.905393 14.999909 -25.784882 0.000000 0.000000 -27.444538 0.000000 0.000000 0.441624 -0.014543 2.538997 19.348888 8.615163 -3.841246 40.100631 20.672510 14.075053 1.388756 26.314974 9.909240 15.145619 -22.416802 -19.295362 21.803918 -10.284387 11.964619 17.054822 0.000000 0.000000 9.777483 0.000000 0.000000 -7.969741 -5.107087 -8.050663 15.702854 -6.404804 14.655565 26.331474 0.000000 0.000000 14.917048 0.000000 0.000000 6.271931 -1.933901 -4.817211 18.328577 -6.588154 14.500584 19.661215 0.000000 0.000000 18.966542 0.000000 0.000000 -1.013052 -2.505694 -6.799366 24.286421 -9.134797 -10.813255 15.883748 0.000000 0.000000 15.947994 0.000000 0.000000 -3.109834 -2.403556 -3.139792 22.086704 22.825897 119.784841 21.352006 0.000000 0.000000 -11.682689 0.000000 0.000000 -4.610124 -2.491975 -2.359596 0.000000 0.000000 0.000000 0.000000 0.000000 0.000000 0.000000 0.000000 0.000000 0.000000 0.000000 0.000000 0.000000 0.000000 0.000000 0.000000 0.000000 0.000000 0.000000 0.000000 0.000000 0.000000 0.000000 0.000000 
0.000000 89.700000 0.000000 0.000000 0.000000 0.000000 -1.574663 8.178396 2.394401 -0.174213 -0.573323 -2.718302 -1.098276 -0.276876 2.127437 2.016704 -0.424293 -2.867904 -2.298065 -5.451465 3.837422 0.000000 0.000000 0.000000 -21.168042 0.421208 -0.697447 -48.025488 -4.031574 18.966428 -8.191902 -22.434208 22.342771 -11.717584 17.156205 -28.605935 -40.550240 16.266619 -9.342893 -20.672956 0.000000 0.000000 -11.558125 0.000000 0.000000 0.022390 -0.001199 4.934506 -27.801245 14.248446 -15.000000 -15.794413 0.000000 0.000000 -22.388194 0.000000 0.000000 2.447046 -0.079831 2.056764 -22.253158 -6.762101 120.000000 -16.948447 0.000000 0.000000 15.000000 0.000000 0.000000 4.260386 -0.094452 1.375350 -33.605198 4.378524 14.312527 -34.274754 0.000000 0.000000 -16.911824 0.000000 0.000000 -6.917769 0.291382 2.291170 -32.162335 -2.502108 14.998964 -24.495098 0.000000 0.000000 -26.366568 0.000000 0.000000 0.441624 -0.014543 2.538997 21.322670 7.297735 -2.845727 44.117272 16.157791 16.783020 2.336396 25.381350 12.082099 16.041130 -21.920886 -22.237291 22.639707 -11.284156 10.715195 12.345101 0.000000 0.000000 7.996873 0.000000 0.000000 -7.969741 -5.107087 -8.050663 16.423641 -7.603190 14.678478 22.775470 0.000000 0.000000 12.577700 0.000000 0.000000 6.271931 -1.933901 -4.817211 23.373413 -6.287804 14.699672 15.746057 0.000000 0.000000 16.530610 0.000000 0.000000 -1.013052 -2.505694 -6.799366 25.930094 -10.417128 -12.971380 10.070457 0.000000 0.000000 15.490328 0.000000 0.000000 -3.109834 -2.403556 -3.139792 23.269907 20.168977 119.713028 21.262059 0.000000 0.000000 -13.819708 0.000000 0.000000 -4.610124 -2.491975 -2.359596 0.000000 0.000000 0.000000 0.000000 0.000000 0.000000 0.000000 0.000000 0.000000 0.000000 0.000000 0.000000 0.000000 0.000000 0.000000 0.000000 0.000000 0.000000 0.000000 0.000000 0.000000 0.000000 0.000000 0.000000 
0.000000 89.700000 0.000000 0.000000 0.000000 0.000000 -1.547768 7.585070 2.787122 0.038923 -0.726553 -2.807951 -0.889784 -0.466381 2.229263 1.598802 0.100285 -3.002625 -2.098871 -5.211860 3.815926 0.000000 0.000000 0.000000 -21.332197 0.702085 -0.492595 -48.355694 -4.362285 18.998417 -8.061380 -22.395819 21.668564 -11.854242 17.223792 -29.193630 -40.467466 15.725075 -9.226829 -18.562439 0.000000 0.000000 -10.853239 0.000000 0.000000 0.022390 -0.001199 4.934506 -27.657261 14.275837 -15.000000 -14.466101 0.000000 0.000000 -21.739188 0.000000 0.000000 2.447046 -0.079831 2.056764 -22.091167 -6.732271 120.000000 -16.721156 0.000000 0.000000 15.000000 0.000000 0.000000 4.260386 -0.094452 1.375350 -33.969342 6.258194 14.450172 -32.842102 0.000000 0.000000 -16.274273 0.000000 0.000000 -6.917769 0.291382 2.291170 -33.676729 -2.961375 14.992021 -23.290604 0.000000 0.000000 -25.430951 0.000000 0.000000 0.441624 -0.014543 2.538997 22.734551 6.009548 -2.195304 47.031926 12.062301 18.467942 2.456054 25.524398 12.815530 17.486389 -21.843586 -24.956484 20.943767 -11.280768 10.281918 9.585557 0.000000 0.000000 6.749965 0.000000 0.000000 -7.969741 -5.107087 -8.050663 13.728662 -7.385248 14.663638 21.181139 0.000000 0.000000 11.118765 0.000000 0.000000 6.271931 -1.933901 -4.817211 19.690020 -4.923537 14.222326 13.684437 0.000000 0.000000 15.226886 0.000000 0.000000 -1.013052 -2.505694 -6.799366 25.134567 -10.240748 -14.211377 6.459938 0.000000 0.000000 15.666040 0.000000 0.000000 -3.109834 -2.403556 -3.139792 23.627094 18.886553 119.529020 20.968525 0.000000 0.000000 -14.666465 0.000000 0.000000 -4.610124 -2.491975 -2.359596 0.000000 0.000000 0.000000 0.000000 0.000000 0.000000 0.000000 0.000000 0.000000 0.000000 0.000000 0.000000 0.000000 0.000000 0.000000 0.000000 0.000000 0.000000 0.000000 0.000000 0.000000 0.000000 0.000000 0.000000 
0.000000 89.700000 0.000000 0.000000 0.000000 0.000000 -1.439369 6.891670 3.087680 0.206889 -0.896225 -2.893979 -0.727312 -0.648526 2.337791 1.271967 0.510700 -3.067154 -1.930826 -4.868723 3.820876 0.000000 0.000000 0.000000 -21.474306 0.859517 -0.334182 -48.684357 -4.639588 19.042114 -8.023491 -22.425101 21.166971 -11.902844 17.356056 -29.548480 -40.845690 15.586134 -9.577365 -16.923063 0.000000 0.000000 -10.476996 0.000000 0.000000 0.022390 -0.001199 4.934506 -27.815298 14.436880 -15.000000 -13.430231 0.000000 0.000000 -21.662086 0.000000 0.000000 2.447046 -0.079831 2.056764 -22.261929 -6.637546 120.000000 -16.772496 0.000000 0.000000 15.000000 0.000000 0.000000 4.260386 -0.094452 1.375350 -34.774189 7.367978 14.364230 -31.732953 0.000000 0.000000 -15.904594 0.000000 0.000000 -6.917769 0.291382 2.291170 -34.513724 -3.109087 14.955847 -22.390325 0.000000 0.000000 -24.802789 0.000000 0.000000 0.441624 -0.014543 2.538997 23.616109 4.904528 -1.805468 48.947927 8.717647 19.418696 2.282791 25.919361 12.431715 19.782344 -22.042811 -27.592495 18.017512 -10.462975 11.048950 7.623073 0.000000 0.000000 5.285004 0.000000 0.000000 -7.969741 -5.107087 -8.050663 9.481296 -6.166537 14.715715 20.397714 0.000000 0.000000 9.877238 0.000000 0.000000 6.271931 -1.933901 -4.817211 10.732831 -3.100549 12.673330 11.803272 0.000000 0.000000 14.843832 0.000000 0.000000 -1.013052 -2.505694 -6.799366 21.859993 -9.135526 -14.759529 4.064816 0.000000 0.000000 15.465175 0.000000 0.000000 -3.109834 -2.403556 -3.139792 23.206219 18.320963 119.306255 20.233803 0.000000 0.000000 -14.926729 0.000000 0.000000 -4.610124 -2.491975 -2.359596 0.000000 0.000000 0.000000 0.000000 0.000000 0.000000 0.000000 0.000000 0.000000 0.000000 0.000000 0.000000 0.000000 0.000000 0.000000 0.000000 0.000000 0.000000 0.000000 0.000000 0.000000 0.000000 0.000000 0.000000 
0.000000 89.700000 0.000000 0.000000 0.000000 0.000000 -1.280498 6.157822 3.273648 0.343654 -1.074533 -2.957730 -0.610596 -0.812715 2.440019 1.053045 0.829065 -3.091327 -1.791823 -4.474460 3.873270 0.000000 0.000000 0.000000 -21.597496 0.852866 -0.224903 -48.964921 -4.889873 19.112141 -8.134033 -22.536074 20.860126 -11.848043 17.497338 -29.552750 -42.424902 15.919364 -10.387517 -16.116698 0.000000 0.000000 -10.643549 0.000000 0.000000 0.022390 -0.001199 4.934506 -28.506658 14.696121 -15.000000 -12.910848 0.000000 0.000000 -22.274030 0.000000 0.000000 2.447046 -0.079831 2.056764 -22.799067 -6.503039 120.000000 -17.184737 0.000000 0.000000 15.000000 0.000000 0.000000 4.260386 -0.094452 1.375350 -36.319916 8.404556 13.651654 -31.141037 0.000000 0.000000 -15.992820 0.000000 0.000000 -6.917769 0.291382 2.291170 -35.316279 -2.791198 14.818263 -22.010047 0.000000 0.000000 -24.714817 0.000000 0.000000 0.441624 -0.014543 2.538997 24.072049 4.063744 -1.584374 50.060740 6.225059 19.927743 2.263459 26.757981 12.049421 21.974656 -22.104267 -29.908478 15.679022 -9.429522 12.490300 6.152201 0.000000 0.000000 3.596161 0.000000 0.000000 -7.969741 -5.107087 -8.050663 7.807814 -4.730292 14.819569 19.950681 0.000000 0.000000 8.764464 0.000000 0.000000 6.271931 -1.933901 -4.817211 6.314904 -1.299626 9.556192 8.840505 0.000000 0.000000 15.133068 0.000000 0.000000 -1.013052 -2.505694 -6.799366 20.026281 -7.890174 -14.943691 2.507422 0.000000 0.000000 14.810270 0.000000 0.000000 -3.109834 -2.403556 -3.139792 22.762980 17.748642 119.204869 19.259167 0.000000 0.000000 -14.987815 0.000000 0.000000 -4.610124 -2.491975 -2.359596 0.000000 0.000000 0.000000 0.000000 0.000000 0.000000 0.000000 0.000000 0.000000 0.000000 0.000000 0.000000 0.000000 0.000000 0.000000 0.000000 0.000000 0.000000 0.000000 0.000000 0.000000 0.000000 0.000000 0.000000 
0.000000 89.700000 0.000000 0.000000 0.000000 0.000000 -1.099111 5.434965 3.363055 0.463324 -1.256987 -3.000984 -0.533662 -0.958198 2.526071 0.935406 1.079832 -3.107667 -1.672721 -4.081937 3.965803 0.000000 0.000000 0.000000 -21.692859 0.689865 -0.156708 -49.188768 -5.135735 19.199846 -8.380584 -22.692253 20.725248 -11.713290 17.568116 -29.142325 -42.915170 16.662666 -11.508760 -16.373658 0.000000 0.000000 -11.472175 0.000000 0.000000 0.022390 -0.001199 4.934506 -28.545748 14.937413 -15.000000 -12.985275 0.000000 0.000000 -23.486799 0.000000 0.000000 2.447046 -0.079831 2.056764 -23.618290 -6.396599 120.000000 -17.898433 0.000000 0.000000 15.000000 0.000000 0.000000 4.260386 -0.094452 1.375350 -36.892270 9.784526 11.920917 -31.174565 0.000000 0.000000 -16.666791 0.000000 0.000000 -6.917769 0.291382 2.291170 -35.161942 -1.894521 14.430828 -22.231819 0.000000 0.000000 -25.337713 0.000000 0.000000 0.441624 -0.014543 2.538997 24.230267 3.490084 -1.466229 50.606634 4.501021 20.211039 2.428806 27.751107 11.750157 23.245538 -21.899201 -31.497965 15.364257 -8.770647 13.788464 5.268891 0.000000 0.000000 2.078800 0.000000 0.000000 -7.969741 -5.107087 -8.050663 8.902116 -3.802115 14.914735 19.805288 0.000000 0.000000 7.897072 0.000000 0.000000 6.271931 -1.933901 -4.817211 7.589403 0.117406 5.165506 4.749377 0.000000 0.000000 15.720058 0.000000 0.000000 -1.013052 -2.505694 -6.799366 20.919866 -7.045964 -14.990105 1.695365 0.000000 0.000000 14.202287 0.000000 0.000000 -3.109834 -2.403556 -3.139792 22.938156 16.956754 119.318925 18.438138 0.000000 0.000000 -14.998522 0.000000 0.000000 -4.610124 -2.491975 -2.359596 0.000000 0.000000 0.000000 0.000000 0.000000 0.000000 0.000000 0.000000 0.000000 0.000000 0.000000 0.000000 0.000000 0.000000 0.000000 0.000000 0.000000 0.000000 0.000000 0.000000 0.000000 0.000000 0.000000 0.000000 
0.000000 89.700000 0.000000 0.000000 0.000000 0.000000 -0.912048 4.754946 3.393122 0.574955 -1.440274 -3.031871 -0.488692 -1.088969 2.591432 0.891137 1.280331 -3.135751 -1.565406 -3.724741 4.071861 0.000000 0.000000 0.000000 -21.749888 0.417879 -0.115080 -49.369576 -5.386142 19.288151 -8.699956 -22.834936 20.712414 -11.540581 17.552102 -28.336563 -42.296937 17.636071 -12.701855 -17.609773 0.000000 0.000000 -12.879134 0.000000 0.000000 0.022390 -0.001199 4.934506 -27.978783 15.042372 -15.000000 -13.545449 0.000000 0.000000 -25.060966 0.000000 0.000000 2.447046 -0.079831 2.056764 -24.561652 -6.397656 120.000000 -18.718542 0.000000 0.000000 15.000000 0.000000 0.000000 4.260386 -0.094452 1.375350 -36.844883 11.468044 9.059210 -31.748301 0.000000 0.000000 -17.883406 0.000000 0.000000 -6.917769 0.291382 2.291170 -34.718424 -0.478053 13.619077 -22.941608 0.000000 0.000000 -26.628238 0.000000 0.000000 0.441624 -0.014543 2.538997 24.209027 3.132922 -1.413458 50.810495 3.367440 20.397053 2.683460 28.627140 11.516157 23.523247 -21.670678 -32.082225 17.383042 -8.646481 14.554996 4.927683 0.000000 0.000000 1.081249 0.000000 0.000000 -7.969741 -5.107087 -8.050663 11.830197 -3.647827 14.970017 19.904668 0.000000 0.000000 7.270385 0.000000 0.000000 6.271931 -1.933901 -4.817211 10.782135 0.857044 1.063836 0.943485 0.000000 0.000000 16.151961 0.000000 0.000000 -1.013052 -2.505694 -6.799366 22.996091 -6.659815 -14.998386 1.428096 0.000000 0.000000 13.969838 0.000000 0.000000 -3.109834 -2.403556 -3.139792 23.687696 16.279470 119.566998 18.067475 0.000000 0.000000 -14.999877 0.000000 0.000000 -4.610124 -2.491975 -2.359596 0.000000 0.000000 0.000000 0.000000 0.000000 0.000000 0.000000 0.000000 0.000000 0.000000 0.000000 0.000000 0.000000 0.000000 0.000000 0.000000 0.000000 0.000000 0.000000 0.000000 0.000000 0.000000 0.000000 0.000000 
0.000000 89.700000 0.000000 0.000000 0.000000 0.000000 -0.731203 4.136499 3.398165 0.681136 -1.619192 -3.054324 -0.468002 -1.208184 2.637402 0.886205 1.441830 -3.178807 -1.466603 -3.413346 4.162047 0.000000 0.000000 0.000000 -21.767529 0.097183 -0.084927 -49.519602 -5.634258 19.366578 -9.020824 -22.923261 20.775868 -11.336874 17.520257 -27.254467 -40.801642 18.592231 -13.719921 -19.388610 0.000000 0.000000 -14.565144 0.000000 0.000000 0.022390 -0.001199 4.934506 -27.354964 14.980880 -15.000000 -14.373658 0.000000 0.000000 -26.717231 0.000000 0.000000 2.447046 -0.079831 2.056764 -25.492896 -6.534065 120.000000 -19.428891 0.000000 0.000000 15.000000 0.000000 0.000000 4.260386 -0.094452 1.375350 -36.245830 13.104749 5.477891 -32.570771 0.000000 0.000000 -19.379655 0.000000 0.000000 -6.917769 0.291382 2.291170 -34.370502 1.111714 12.356656 -23.876194 0.000000 0.000000 -28.241448 0.000000 0.000000 0.441624 -0.014543 2.538997 24.101806 2.925711 -1.404961 50.841532 2.637984 20.547773 3.048438 29.378413 11.521523 23.120070 -21.694803 -31.684962 19.489133 -8.809278 14.875942 4.881739 0.000000 0.000000 0.721607 0.000000 0.000000 -7.969741 -5.107087 -8.050663 13.507921 -4.066081 14.992193 20.044531 0.000000 0.000000 6.803209 0.000000 0.000000 6.271931 -1.933901 -4.817211 12.635201 0.767019 -0.958809 -0.865457 0.000000 0.000000 16.103964 0.000000 0.000000 -1.013052 -2.505694 -6.799366 24.179176 -6.488976 -14.995903 1.375122 0.000000 0.000000 14.014919 0.000000 0.000000 -3.109834 -2.403556 -3.139792 24.515691 16.150522 119.795343 18.224098 0.000000 0.000000 -14.999994 0.000000 0.000000 -4.610124 -2.491975 -2.359596 0.000000 0.000000 0.000000 0.000000 0.000000 0.000000 0.000000 0.000000 0.000000 0.000000 0.000000 0.000000 0.000000 0.000000 0.000000 0.000000 0.000000 0.000000 0.000000 0.000000 0.000000 0.000000 0.000000 0.000000 
0.000000 89.700000 0.000000 0.000000 0.000000 0.000000 -0.568516 3.591895 3.396303 0.779386 -1.785996 -3.066849 -0.464153 -1.315954 2.669965 0.894845 1.572357 -3.232897 -1.377624 -3.145300 4.217004 0.000000 0.000000 0.000000 -21.755335 -0.223297 -0.053593 -49.640821 -5.863115 19.435664 -9.296601 -22.950375 20.887319 -11.028050 17.528707 -26.093309 -39.686216 19.329042 -14.412759 -21.110011 0.000000 0.000000 -16.182653 0.000000 0.000000 0.022390 -0.001199 4.934506 -26.952692 14.848822 -15.000000 -15.245641 0.000000 0.000000 -28.245901 0.000000 0.000000 2.447046 -0.079831 2.056764 -26.364126 -6.742165 120.000000 -19.923680 0.000000 0.000000 15.000000 0.000000 0.000000 4.260386 -0.094452 1.375350 -35.528329 14.350429 1.919773 -33.268494 0.000000 0.000000 -20.816733 0.000000 0.000000 -6.917769 0.291382 2.291170 -34.177695 2.371657 10.917912 -24.721468 0.000000 0.000000 -29.672710 0.000000 0.000000 0.441624 -0.014543 2.538997 23.971753 2.813626 -1.424992 50.801190 2.166995 20.683998 3.402303 30.131885 11.762395 22.326927 -22.022445 -30.613915 17.898187 -8.926591 14.973973 4.888374 0.000000 0.000000 0.855511 0.000000 0.000000 -7.969741 -5.107087 -8.050663 11.094202 -4.656595 14.998515 20.042966 0.000000 0.000000 6.462718 0.000000 0.000000 6.271931 -1.933901 -4.817211 11.674915 0.017110 -0.503174 -0.314251 0.000000 0.000000 15.549824 0.000000 0.000000 -1.013052 -2.505694 -6.799366 22.948368 -6.323755 -14.970441 1.277449 0.000000 0.000000 14.079387 0.000000 0.000000 -3.109834 -2.403556 -3.139792 25.009271 16.622179 119.928034 18.738328 0.000000 0.000000 -15.000000 0.000000 0.000000 -4.610124 -2.491975 -2.359596 0.000000 0.000000 0.000000 0.000000 0.000000 0.000000 0.000000 0.000000 0.000000 0.000000 0.000000 0.000000 0.000000 0.000000 0.000000 0.000000 0.000000 0.000000 0.000000 0.000000 0.000000 0.000000 0.000000 0.000000 
0.000000 89.700000 0.000000 0.000000 0.000000 0.000000 -0.433760 3.126903 3.388386 0.865442 -1.933082 -3.066258 -0.469867 -1.410333 2.695759 0.904641 1.678401 -3.295710 -1.302708 -2.918444 4.233191 0.000000 0.000000 0.000000 -21.726094 -0.515817 -0.011644 -49.730920 -6.054352 19.502450 -9.514159 -22.933458 21.030241 -10.494344 17.504906 -25.067056 -39.360683 19.820228 -14.783279 -22.305575 0.000000 0.000000 -17.543983 0.000000 0.000000 0.022390 -0.001199 4.934506 -26.884287 14.831964 -15.000000 -15.975332 0.000000 0.000000 -29.567292 0.000000 0.000000 2.447046 -0.079831 2.056764 -27.196628 -6.908643 120.000000 -20.236501 0.000000 0.000000 15.000000 0.000000 0.000000 4.260386 -0.094452 1.375350 -35.401345 15.137162 -1.063042 -33.580339 0.000000 0.000000 -22.012535 0.000000 0.000000 -6.917769 0.291382 2.291170 -34.112266 2.973924 9.772077 -25.215392 0.000000 0.000000 -30.602836 0.000000 0.000000 0.441624 -0.014543 2.538997 23.853518 2.761819 -1.457748 50.739508 1.860537 20.805309 3.647320 30.987880 11.986787 21.385041 -22.508125 -29.311209 16.516016 -8.846053 14.995962 4.839640 0.000000 0.000000 1.188720 0.000000 0.000000 -7.969741 -5.107087 -8.050663 8.357295 -5.084485 14.999800 19.883722 0.000000 0.000000 6.259323 0.000000 0.000000 6.271931 -1.933901 -4.817211 10.178788 -0.896492 1.293749 1.471194 0.000000 0.000000 14.761302 0.000000 0.000000 -1.013052 -2.505694 -6.799366 21.179652 -6.150402 -14.844583 1.071294 0.000000 0.000000 14.062159 0.000000 0.000000 -3.109834 -2.403556 -3.139792 25.097595 17.271796 119.981261 19.267611 0.000000 0.000000 -15.000000 0.000000 0.000000 -4.610124 -2.491975 -2.359596 0.000000 0.000000 0.000000 0.000000 0.000000 0.000000 0.000000 0.000000 0.000000 0.000000 0.000000 0.000000 0.000000 0.000000 0.000000 0.000000 0.000000 0.000000 0.000000 0.000000 0.000000 0.000000 0.000000 0.000000 
0.000000 89.700000 0.000000 0.000000 0.000000 0.000000 -0.332402 2.740408 3.367624 0.936972 -2.055693 -3.051186 -0.479160 -1.488913 2.717313 0.913924 1.766873 -3.366875 -1.246336 -2.735745 4.221406 0.000000 0.000000 0.000000 -21.689024 -0.770612 0.045868 -49.790663 -6.195551 19.573590 -9.683738 -22.897753 21.191321 -9.689934 17.267592 -24.330845 -39.430008 20.214634 -14.936966 -22.826379 0.000000 0.000000 -18.632504 0.000000 0.000000 0.022390 -0.001199 4.934506 -27.004077 15.100846 -15.000000 -16.434353 0.000000 0.000000 -30.674857 0.000000 0.000000 2.447046 -0.079831 2.056764 -27.989298 -6.962356 120.000000 -20.471409 0.000000 0.000000 15.000000 0.000000 0.000000 4.260386 -0.094452 1.375350 -35.932703 15.661178 -3.339423 -33.473195 0.000000 0.000000 -22.976815 0.000000 0.000000 -6.917769 0.291382 2.291170 -35.073512 2.961910 9.276277 -25.239509 0.000000 0.000000 -31.068346 0.000000 0.000000 0.441624 -0.014543 2.538997 23.761727 2.750671 -1.487358 50.676209 1.666513 20.903914 3.712640 31.709253 12.092438 20.554825 -22.961574 -28.175740 15.808346 -8.636744 14.999551 4.744052 0.000000 0.000000 1.497909 0.000000 0.000000 -7.969741 -5.107087 -8.050663 7.640427 -5.214313 14.999982 19.679056 0.000000 0.000000 6.199105 0.000000 0.000000 6.271931 -1.933901 -4.817211 9.788763 -1.464677 2.875378 2.987883 0.000000 0.000000 14.127972 0.000000 0.000000 -1.013052 -2.505694 -6.799366 20.470302 -6.080988 -14.403137 0.828385 0.000000 0.000000 14.072898 0.000000 0.000000 -3.109834 -2.403556 -3.139792 24.971599 17.578594 119.996437 19.507434 0.000000 0.000000 -15.000000 0.000000 0.000000 -4.610124 -2.491975 -2.359596 0.000000 0.000000 0.000000 0.000000 0.000000 0.000000 0.000000 0.000000 0.000000 0.000000 0.000000 0.000000 0.000000 0.000000 0.000000 0.000000 0.000000 0.000000 0.000000 0.000000 0.000000 0.000000 0.000000 0.000000 
0.000000 89.700000 0.000000 0.000000 0.000000 0.000000 -0.266656 2.425867 3.331383 0.994783 -2.151901 -3.024262 -0.488775 -1.550045 2.732937 0.925207 1.846141 -3.444927 -1.209832 -2.598496 4.198363 0.000000 0.000000 0.000000 -21.647914 -0.986729 0.117877 -49.826514 -6.284582 19.651037 -9.821040 -22.866064 21.356391 -8.722400 16.673042 -23.929444 -40.707091 20.666913 -14.985846 -22.829389 0.000000 0.000000 -19.465924 0.000000 0.000000 0.022390 -0.001199 4.934506 -28.141081 15.694343 -15.000000 -16.598732 0.000000 0.000000 -31.551315 0.000000 0.000000 2.447046 -0.079831 2.056764 -28.664212 -6.932074 120.000000 -20.736768 0.000000 0.000000 15.000000 0.000000 0.000000 4.260386 -0.094452 1.375350 -37.912345 16.137290 -4.983999 -33.102786 0.000000 0.000000 -23.753166 0.000000 0.000000 -6.917769 0.291382 2.291170 -37.222004 2.631359 9.483434 -24.857302 0.000000 0.000000 -31.269876 0.000000 0.000000 0.441624 -0.014543 2.538997 23.699706 2.767840 -1.501629 50.616176 1.557528 20.973397 3.670446 32.174130 12.065213 20.042349 -23.270404 -27.440336 16.234207 -8.451530 14.999966 4.641256 0.000000 0.000000 1.731057 0.000000 0.000000 -7.969741 -5.107087 -8.050663 8.602569 -5.100384 14.999999 19.536360 0.000000 0.000000 6.262783 0.000000 0.000000 6.271931 -1.933901 -4.817211 10.371596 -1.496778 3.316825 3.364200 0.000000 0.000000 13.892800 0.000000 0.000000 -1.013052 -2.505694 -6.799366 21.034111 -6.193839 -13.302707 0.627710 0.000000 0.000000 14.253586 0.000000 0.000000 -3.109834 -2.403556 -3.139792 24.851141 17.373407 119.999519 19.381162 0.000000 0.000000 -15.000000 0.000000 0.000000 -4.610124 -2.491975 -2.359596 0.000000 0.000000 0.000000 0.000000 0.000000 0.000000 0.000000 0.000000 0.000000 0.000000 0.000000 0.000000 0.000000 0.000000 0.000000 0.000000 0.000000 0.000000 0.000000 0.000000 0.000000 0.000000 0.000000 0.000000 
0.000000 89.700000 0.000000 0.000000 0.000000 0.000000 -0.235802 2.173368 3.285642 1.040285 -2.221298 -2.992132 -0.498073 -1.593895 2.741099 0.939190 1.923808 -3.526040 -1.189984 -2.498351 4.175933 0.000000 0.000000 0.000000 -21.603022 -1.164106 0.197162 -49.849553 -6.330167 19.732002 -9.933036 -22.852475 21.510443 -7.792831 15.749701 -23.794813 -41.890022 21.154692 -14.997607 -22.583591 0.000000 0.000000 -20.017445 0.000000 0.000000 0.022390 -0.001199 4.934506 -29.481905 16.466940 -15.000000 -16.548224 0.000000 0.000000 -32.156160 0.000000 0.000000 2.447046 -0.079831 2.056764 -29.135839 -6.942478 120.000000 -21.108006 0.000000 0.000000 15.000000 0.000000 0.000000 4.260386 -0.094452 1.375350 -39.272611 16.585566 -6.032341 -32.655535 0.000000 0.000000 -24.304154 0.000000 0.000000 -6.917769 0.291382 2.291170 -38.271745 2.260967 10.193066 -24.232545 0.000000 0.000000 -31.268597 0.000000 0.000000 0.441624 -0.014543 2.538997 23.663814 2.802766 -1.496417 50.561363 1.515499 21.012806 3.648364 32.493848 12.017920 19.873708 -23.429211 -27.143579 17.207814 -8.380951 14.999998 4.552995 0.000000 0.000000 1.928393 0.000000 0.000000 -7.969741 -5.107087 -8.050663 9.980313 -4.885848 15.000000 19.485246 0.000000 0.000000 6.409129 0.000000 0.000000 6.271931 -1.933901 -4.817211 11.175426 -1.150124 2.961489 2.961881 0.000000 0.000000 14.037161 0.000000 0.000000 -1.013052 -2.505694 -6.799366 21.742525 -6.455483 -11.409552 0.501116 0.000000 0.000000 14.608577 0.000000 0.000000 -3.109834 -2.403556 -3.139792 24.811562 16.896187 119.999956 19.038008 0.000000 0.000000 -15.000000 0.000000 0.000000 -4.610124 -2.491975 -2.359596 0.000000 0.000000 0.000000 0.000000 0.000000 0.000000 0.000000 0.000000 0.000000 0.000000 0.000000 0.000000 0.000000 0.000000 0.000000 0.000000 0.000000 0.000000 0.000000 0.000000 0.000000 0.000000 0.000000 0.000000 
0.000000 89.700000 0.000000 0.000000 0.000000 0.000000 -0.234953 1.972217 3.240938 1.072806 -2.264786 -2.962687 -0.507603 -1.622577 2.743232 0.953326 2.003491 -3.604853 -1.181032 -2.420359 4.155909 0.000000 0.000000 0.000000 -21.554194 -1.301417 0.272747 -49.871621 -6.347913 19.810798 -10.015841 -22.859521 21.640667 -7.060684 14.708594 -23.791476 -41.071822 21.471074 -14.999706 -22.244175 0.000000 0.000000 -20.246461 0.000000 0.000000 0.022390 -0.001199 4.934506 -29.198023 17.148455 -15.000000 -16.387067 0.000000 0.000000 -32.447669 0.000000 0.000000 2.447046 -0.079831 2.056764 -29.412814 -7.146734 120.000000 -21.587787 0.000000 0.000000 15.000000 0.000000 0.000000 4.260386 -0.094452 1.375350 -38.724065 16.836732 -6.487478 -32.202911 0.000000 0.000000 -24.545835 0.000000 0.000000 -6.917769 0.291382 2.291170 -37.776864 1.947238 11.107517 -23.501677 0.000000 0.000000 -30.905560 0.000000 0.000000 0.441624 -0.014543 2.538997 23.645534 2.844739 -1.476238 50.517330 1.523325 21.026364 3.655144 32.696533 11.920932 19.906473 -23.483525 -27.185634 18.276042 -8.419723 15.000000 4.486826 0.000000 0.000000 2.126265 0.000000 0.000000 -7.969741 -5.107087 -8.050663 11.118667 -4.693353 15.000000 19.495764 0.000000 0.000000 6.599848 0.000000 0.000000 6.271931 -1.933901 -4.817211 11.330070 -0.705110 3.083305 3.052702 0.000000 0.000000 14.392015 0.000000 0.000000 -1.013052 -2.505694 -6.799366 22.570022 -6.763170 -9.356865 0.455607 0.000000 0.000000 15.006232 0.000000 0.000000 -3.109834 -2.403556 -3.139792 24.797496 16.496982 119.999998 18.703226 0.000000 0.000000 -15.000000 0.000000 0.000000 -4.610124 -2.491975 -2.359596 0.000000 0.000000 0.000000 0.000000 0.000000 0.000000 0.000000 0.000000 0.000000 0.000000 0.000000 0.000000 0.000000 0.000000 0.000000 0.000000 0.000000 0.000000 0.000000 0.000000 0.000000 0.000000 0.000000 0.000000 
0.000000 89.700000 0.000000 0.000000 0.000000 0.000000 -0.256723 1.813218 3.205912 1.090754 -2.285263 -2.940789 -0.518175 -1.638755 2.741692 0.964707 2.083537 -3.676505 -1.177253 -2.354431 4.133424 0.000000 0.000000 0.000000 -21.503036 -1.399139 0.334140 -49.900599 -6.353795 19.879494 -10.062393 -22.879739 21.740038 -6.580471 13.827826 -23.783534 -40.116042 21.412366 -14.999975 -21.835731 0.000000 0.000000 -20.174206 0.000000 0.000000 0.022390 -0.001199 4.934506 -29.178603 17.497587 -15.000000 -16.206592 0.000000 0.000000 -32.420366 0.000000 0.000000 2.447046 -0.079831 2.056764 -29.573690 -7.622762 120.000000 -22.094967 0.000000 0.000000 15.000000 0.000000 0.000000 4.260386 -0.094452 1.375350 -37.654101 16.727943 -6.456721 -31.732670 0.000000 0.000000 -24.466508 0.000000 0.000000 -6.917769 0.291382 2.291170 -37.171708 1.655650 11.904284 -22.778643 0.000000 0.000000 -30.048022 0.000000 0.000000 0.441624 -0.014543 2.538997 23.634455 2.883053 -1.449239 50.491280 1.563520 21.020982 3.603769 32.682710 11.790893 19.989377 -23.483437 -27.418349 19.047296 -8.514759 15.000000 4.444054 0.000000 0.000000 2.332715 0.000000 0.000000 -7.969741 -5.107087 -8.050663 11.991978 -4.569335 15.000000 19.520833 0.000000 0.000000 6.807290 0.000000 0.000000 6.271931 -1.933901 -4.817211 11.771465 -0.347061 4.684346 4.640256 0.000000 0.000000 14.780278 0.000000 0.000000 -1.013052 -2.505694 -6.799366 23.371653 -7.024737 -8.434562 0.489050 0.000000 0.000000 15.311910 0.000000 0.000000 -3.109834 -2.403556 -3.139792 24.746940 16.357973 120.000000 18.528069 0.000000 0.000000 -15.000000 0.000000 0.000000 -4.610124 -2.491975 -2.359596 0.000000 0.000000 0.000000 0.000000 0.000000 0.000000 0.000000 0.000000 0.000000 0.000000 0.000000 0.000000 0.000000 0.000000 0.000000 0.000000 0.000000 0.000000 0.000000 0.000000 0.000000 0.000000 0.000000 0.000000 
0.000000 89.700000 0.000000 0.000000 0.000000 0.000000 -0.296767 1.689061 3.182989 1.095075 -2.287708 -2.924459 -0.531049 -1.644049 2.735924 0.973170 2.157717 -3.738082 -1.174053 -2.301673 4.102828 0.000000 0.000000 0.000000 -21.452880 -1.463076 0.374498 -49.938519 -6.358973 19.928476 -10.069533 -22.899917 21.809083 -6.334212 13.303749 -23.687014 -39.319831 20.975598 -14.999999 -21.408028 0.000000 0.000000 -19.941107 0.000000 0.000000 0.022390 -0.001199 4.934506 -29.441634 17.448879 -15.000000 -16.103820 0.000000 0.000000 -32.173311 0.000000 0.000000 2.447046 -0.079831 2.056764 -29.666436 -8.309053 120.000000 -22.525006 0.000000 0.000000 15.000000 0.000000 0.000000 4.260386 -0.094452 1.375350 -35.991297 16.295626 -6.194300 -31.295806 0.000000 0.000000 -24.208877 0.000000 0.000000 -6.917769 0.291382 2.291170 -35.855898 1.373754 12.276453 -22.228804 0.000000 0.000000 -28.863235 0.000000 0.000000 0.441624 -0.014543 2.538997 23.621750 2.907984 -1.420358 50.486286 1.620816 21.004608 3.556942 32.624794 11.672636 20.084632 -23.480386 -27.716715 19.475011 -8.622822 15.000000 4.419612 0.000000 0.000000 2.538266 0.000000 0.000000 -7.969741 -5.107087 -8.050663 12.314771 -4.503871 15.000000 19.529300 0.000000 0.000000 6.990581 0.000000 0.000000 6.271931 -1.933901 -4.817211 11.520903 -0.120577 7.633626 7.602458 0.000000 0.000000 15.077897 0.000000 0.000000 -1.013052 -2.505694 -6.799366 23.580835 -7.215212 -9.360834 0.566185 0.000000 0.000000 15.507043 0.000000 0.000000 -3.109834 -2.403556 -3.139792 24.660897 16.425515 120.000000 18.520131 0.000000 0.000000 -15.000000 0.000000 0.000000 -4.610124 -2.491975 -2.359596 0.000000 0.000000 0.000000 0.000000 0.000000 0.000000 0.000000 0.000000 0.000000 0.000000 0.000000 0.000000 0.000000 0.000000 0.000000 0.000000 0.000000 0.000000 0.000000 0.000000 0.000000 0.000000 0.000000 0.000000 
0.000000 89.700000 0.000000 0.000000 0.000000 0.000000 -0.356967 1.593250 3.167595 1.090514 -2.278093 -2.904721 -0.548131 -1.638968 2.721753 0.981301 2.218273 -3.788634 -1.168473 -2.268991 4.059850 0.000000 0.000000 0.000000 -21.406940 -1.503993 0.391217 -49.983714 -6.368285 19.949825 -10.039081 -22.906540 21.855056 -6.265129 13.177381 -23.483662 -38.547154 20.356830 -15.000000 -21.074108 0.000000 0.000000 -19.764343 0.000000 0.000000 0.022390 -0.001199 4.934506 -29.016549 17.130388 -15.000000 -16.147631 0.000000 0.000000 -31.908770 0.000000 0.000000 2.447046 -0.079831 2.056764 -29.696656 -9.037500 120.000000 -22.837513 0.000000 0.000000 15.000000 0.000000 0.000000 4.260386 -0.094452 1.375350 -34.328904 15.764663 -5.989050 -31.022759 0.000000 0.000000 -24.006743 0.000000 0.000000 -6.917769 0.291382 2.291170 -33.967580 1.158813 12.086042 -22.000499 0.000000 0.000000 -27.718966 0.000000 0.000000 0.441624 -0.014543 2.538997 23.602368 2.912739 -1.388784 50.499421 1.685241 20.985468 3.528907 32.557269 11.643249 20.229729 -23.510228 -28.008332 19.458781 -8.745165 15.000000 4.412392 0.000000 0.000000 2.731673 0.000000 0.000000 -7.969741 -5.107087 -8.050663 12.243035 -4.489271 15.000000 19.523912 0.000000 0.000000 7.093910 0.000000 0.000000 6.271931 -1.933901 -4.817211 10.957063 -0.006412 10.838594 10.857941 0.000000 0.000000 15.241800 0.000000 0.000000 -1.013052 -2.505694 -6.799366 23.402914 -7.393425 -11.439104 0.615608 0.000000 0.000000 15.687046 0.000000 0.000000 -3.109834 -2.403556 -3.139792 24.578984 16.494650 120.000000 18.574909 0.000000 0.000000 -15.000000 0.000000 0.000000 -4.610124 -2.491975 -2.359596 0.000000 0.000000 0.000000 0.000000 0.000000 0.000000 0.000000 0.000000 0.000000 0.000000 0.000000 0.000000 0.000000 0.000000 0.000000 0.000000 0.000000 0.000000 0.000000 0.000000 0.000000 0.000000 0.000000 0.000000 
0.000000 89.700000 0.000000 0.000000 0.000000 0.000000 -0.440168 1.518725 3.152477 1.082954 -2.261783 -2.872499 -0.570756 -1.624565 2.695595 0.991682 2.261343 -3.829219 -1.159681 -2.259022 4.002791 0.000000 0.000000 0.000000 -21.366304 -1.533304 0.386303 -50.033825 -6.381926 19.942847 -9.977314 -22.892559 21.888138 -6.293231 13.362599 -23.199955 -38.269738 19.762663 -15.000000 -20.899768 0.000000 0.000000 -19.789573 0.000000 0.000000 0.022390 -0.001199 4.934506 -28.934781 16.729616 -15.000000 -16.328104 0.000000 0.000000 -31.791201 0.000000 0.000000 2.447046 -0.079831 2.056764 -29.681583 -9.659713 120.000000 -23.076767 0.000000 0.000000 15.000000 0.000000 0.000000 4.260386 -0.094452 1.375350 -33.611735 15.347570 -6.001661 -30.991952 0.000000 0.000000 -24.010838 0.000000 0.000000 -6.917769 0.291382 2.291170 -32.897444 1.059821 11.451160 -22.097061 0.000000 0.000000 -26.840922 0.000000 0.000000 0.441624 -0.014543 2.538997 23.575455 2.896394 -1.351633 50.524641 1.752398 20.969772 3.543348 32.612950 11.702394 20.443616 -23.573285 -28.269558 19.536589 -8.909689 15.000000 4.429082 0.000000 0.000000 2.908386 0.000000 0.000000 -7.969741 -5.107087 -8.050663 12.420542 -4.534238 15.000000 19.526427 0.000000 0.000000 7.085440 0.000000 0.000000 6.271931 -1.933901 -4.817211 10.905863 0.020972 13.306334 13.418050 0.000000 0.000000 15.304584 0.000000 0.000000 -1.013052 -2.505694 -6.799366 23.519278 -7.644815 -13.458124 0.583693 0.000000 0.000000 15.951050 0.000000 0.000000 -3.109834 -2.403556 -3.139792 24.529476 16.380752 120.000000 18.580148 0.000000 0.000000 -15.000000 0.000000 0.000000 -4.610124 -2.491975 -2.359596 0.000000 0.000000 0.000000 0.000000 0.000000 0.000000 0.000000 0.000000 0.000000 0.000000 0.000000 0.000000 0.000000 0.000000 0.000000 0.000000 0.000000 0.000000 0.000000 0.000000 0.000000 0.000000 0.000000 0.000000 
0.000000 89.700000 0.000000 0.000000 0.000000 0.000000 -0.540280 1.456153 3.134660 1.075586 -2.242668 -2.828523 -0.597595 -1.604311 2.660102 1.004379 2.291790 -3.863656 -1.148774 -2.264441 3.935697 0.000000 0.000000 0.000000 -21.329251 -1.558750 0.367889 -50.086590 -6.398024 19.917598 -9.896829 -22.863064 21.916541 -6.352429 13.712492 -22.876773 -38.747636 19.249783 -15.000000 -20.840713 0.000000 0.000000 -19.984957 0.000000 0.000000 0.022390 -0.001199 4.934506 -29.285481 16.342710 -15.000000 -16.580350 0.000000 0.000000 -31.817816 0.000000 0.000000 2.447046 -0.079831 2.056764 -29.651156 -10.164208 120.000000 -23.300194 0.000000 0.000000 15.000000 0.000000 0.000000 4.260386 -0.094452 1.375350 -33.171300 15.071839 -6.192703 -31.137964 0.000000 0.000000 -24.185863 0.000000 0.000000 -6.917769 0.291382 2.291170 -32.185077 1.050295 10.607372 -22.382584 0.000000 0.000000 -26.175591 0.000000 0.000000 0.441624 -0.014543 2.538997 23.543686 2.866246 -1.309433 50.555691 1.820736 20.958424 3.542470 32.790046 11.917286 20.701702 -23.650808 -28.508376 19.923727 -9.117275 15.000000 4.466943 0.000000 0.000000 3.072628 0.000000 0.000000 -7.969741 -5.107087 -8.050663 13.089285 -4.626541 15.000000 19.544492 0.000000 0.000000 6.994359 0.000000 0.000000 6.271931 -1.933901 -4.817211 11.605407 -0.003701 15.000000 15.232884 0.000000 0.000000 15.323383 0.000000 0.000000 -1.013052 -2.505694 -6.799366 24.152503 -7.981293 -15.000000 0.483301 0.000000 0.000000 16.302357 0.000000 0.000000 -3.109834 -2.403556 -3.139792 24.507535 16.082645 120.000000 18.512829 0.000000 0.000000 -15.000000 0.000000 0.000000 -4.610124 -2.491975 -2.359596 0.000000 0.000000 0.000000 0.000000 0.000000 0.000000 0.000000 0.000000 0.000000 0.000000 0.000000 0.000000 0.000000 0.000000 0.000000 0.000000 0.000000 0.000000 0.000000 0.000000 0.000000 0.000000 0.000000 0.000000 
